decision_file,relative_path,request_id,arm,label_valid,label_reasons,run_artifact,run_artifact_resolved,run_artifact_exists,raw_valid_label,recomputed_valid,recomputed_failed_checks,label_vs_recomputed
C:\Users\parla\OneDrive\Documents\AI HUB\ComfyUI June Install\ComfyUI\custom_nodes\comfyui-modal\.slim\worktrees\resource-local-carryover-sep14\artifacts\dual_transport_carryover_20260916\new20\sham\attempt_001.decision.json,artifacts/dual_transport_carryover_20260916/new20/sham/attempt_001.decision.json,golden-p1-0-50c2f8922166,sham,True,[],C:\Users\parla\OneDrive\Documents\AI HUB\ComfyUI June Install\ComfyUI\custom_nodes\comfyui-modal\.slim\worktrees\resource-local-carryover-sep14\artifacts\phase_p1_parallel_golden_v1\cohort_2026-09-16_23-16-30_259797\attempt_0.json,C:\Users\parla\OneDrive\Documents\AI HUB\ComfyUI June Install\ComfyUI\custom_nodes\comfyui-modal\.slim\worktrees\resource-local-carryover-sep14\artifacts\phase_p1_parallel_golden_v1\cohort_2026-09-16_23-16-30_259797\attempt_0.json,True,True,True,[],match
C:\Users\parla\OneDrive\Documents\AI HUB\ComfyUI June Install\ComfyUI\custom_nodes\comfyui-modal\.slim\worktrees\resource-local-carryover-sep14\artifacts\dual_transport_carryover_20260916\new20\sham\attempt_002.decision.json,artifacts/dual_transport_carryover_20260916/new20/sham/attempt_002.decision.json,golden-p1-0-1ef32fc4f4cb,sham,True,[],C:\Users\parla\OneDrive\Documents\AI HUB\ComfyUI June Install\ComfyUI\custom_nodes\comfyui-modal\.slim\worktrees\resource-local-carryover-sep14\artifacts\phase_p1_parallel_golden_v1\cohort_2026-09-16_23-17-19_46a0b6\attempt_0.json,C:\Users\parla\OneDrive\Documents\AI HUB\ComfyUI June Install\ComfyUI\custom_nodes\comfyui-modal\.slim\worktrees\resource-local-carryover-sep14\artifacts\phase_p1_parallel_golden_v1\cohort_2026-09-16_23-17-19_46a0b6\attempt_0.json,True,True,True,[],match
C:\Users\parla\OneDrive\Documents\AI HUB\ComfyUI June Install\ComfyUI\custom_nodes\comfyui-modal\.slim\worktrees\resource-local-carryover-sep14\artifacts\dual_transport_carryover_20260916\new20\sham\attempt_003.decision.json,artifacts/dual_transport_carryover_20260916/new20/sham/attempt_003.decision.json,golden-p1-0-2af1b6579b10,sham,True,[],C:\Users\parla\OneDrive\Documents\AI HUB\ComfyUI June Install\ComfyUI\custom_nodes\comfyui-modal\.slim\worktrees\resource-local-carryover-sep14\artifacts\phase_p1_parallel_golden_v1\cohort_2026-09-16_23-18-07_0c2858\attempt_0.json,C:\Users\parla\OneDrive\Documents\AI HUB\ComfyUI June Install\ComfyUI\custom_nodes\comfyui-modal\.slim\worktrees\resource-local-carryover-sep14\artifacts\phase_p1_parallel_golden_v1\cohort_2026-09-16_23-18-07_0c2858\attempt_0.json,True,True,True,[],match
C:\Users\parla\OneDrive\Documents\AI HUB\ComfyUI June Install\ComfyUI\custom_nodes\comfyui-modal\.slim\worktrees\resource-local-carryover-sep14\artifacts\dual_transport_carryover_20260916\new20\sham\attempt_004.decision.json,artifacts/dual_transport_carryover_20260916/new20/sham/attempt_004.decision.json,golden-p1-0-c65fa1dd507f,sham,True,[],C:\Users\parla\OneDrive\Documents\AI HUB\ComfyUI June Install\ComfyUI\custom_nodes\comfyui-modal\.slim\worktrees\resource-local-carryover-sep14\artifacts\phase_p1_parallel_golden_v1\cohort_2026-09-16_23-18-55_b0f984\attempt_0.json,C:\Users\parla\OneDrive\Documents\AI HUB\ComfyUI June Install\ComfyUI\custom_nodes\comfyui-modal\.slim\worktrees\resource-local-carryover-sep14\artifacts\phase_p1_parallel_golden_v1\cohort_2026-09-16_23-18-55_b0f984\attempt_0.json,True,True,True,[],match
C:\Users\parla\OneDrive\Documents\AI HUB\ComfyUI June Install\ComfyUI\custom_nodes\comfyui-modal\.slim\worktrees\resource-local-carryover-sep14\artifacts\dual_transport_carryover_20260916\new20\sham\attempt_005.decision.json,artifacts/dual_transport_carryover_20260916/new20/sham/attempt_005.decision.json,golden-p1-0-dcdb533a6c45,sham,True,[],C:\Users\parla\OneDrive\Documents\AI HUB\ComfyUI June Install\ComfyUI\custom_nodes\comfyui-modal\.slim\worktrees\resource-local-carryover-sep14\artifacts\phase_p1_parallel_golden_v1\cohort_2026-09-16_23-19-46_475257\attempt_0.json,C:\Users\parla\OneDrive\Documents\AI HUB\ComfyUI June Install\ComfyUI\custom_nodes\comfyui-modal\.slim\worktrees\resource-local-carryover-sep14\artifacts\phase_p1_parallel_golden_v1\cohort_2026-09-16_23-19-46_475257\attempt_0.json,True,True,True,[],match
C:\Users\parla\OneDrive\Documents\AI HUB\ComfyUI June Install\ComfyUI\custom_nodes\comfyui-modal\.slim\worktrees\resource-local-carryover-sep14\artifacts\dual_transport_carryover_20260916\new20\sham\attempt_006.decision.json,artifacts/dual_transport_carryover_20260916/new20/sham/attempt_006.decision.json,golden-p1-0-2143dadd54c0,sham,True,[],C:\Users\parla\OneDrive\Documents\AI HUB\ComfyUI June Install\ComfyUI\custom_nodes\comfyui-modal\.slim\worktrees\resource-local-carryover-sep14\artifacts\phase_p1_parallel_golden_v1\cohort_2026-09-16_23-20-32_b97ac4\attempt_0.json,C:\Users\parla\OneDrive\Documents\AI HUB\ComfyUI June Install\ComfyUI\custom_nodes\comfyui-modal\.slim\worktrees\resource-local-carryover-sep14\artifacts\phase_p1_parallel_golden_v1\cohort_2026-09-16_23-20-32_b97ac4\attempt_0.json,True,True,True,[],match
C:\Users\parla\OneDrive\Documents\AI HUB\ComfyUI June Install\ComfyUI\custom_nodes\comfyui-modal\.slim\worktrees\resource-local-carryover-sep14\artifacts\dual_transport_carryover_20260916\new20\sham\attempt_007.decision.json,artifacts/dual_transport_carryover_20260916/new20/sham/attempt_007.decision.json,golden-p1-0-ae39c1188c47,sham,True,[],C:\Users\parla\OneDrive\Documents\AI HUB\ComfyUI June Install\ComfyUI\custom_nodes\comfyui-modal\.slim\worktrees\resource-local-carryover-sep14\artifacts\phase_p1_parallel_golden_v1\cohort_2026-09-16_23-21-49_4c2778\attempt_0.json,C:\Users\parla\OneDrive\Documents\AI HUB\ComfyUI June Install\ComfyUI\custom_nodes\comfyui-modal\.slim\worktrees\resource-local-carryover-sep14\artifacts\phase_p1_parallel_golden_v1\cohort_2026-09-16_23-21-49_4c2778\attempt_0.json,True,True,True,[],match
C:\Users\parla\OneDrive\Documents\AI HUB\ComfyUI June Install\ComfyUI\custom_nodes\comfyui-modal\.slim\worktrees\resource-local-carryover-sep14\artifacts\dual_transport_carryover_20260916\new20\sham\attempt_008.decision.json,artifacts/dual_transport_carryover_20260916/new20/sham/attempt_008.decision.json,golden-p1-0-601c2c13910d,sham,True,[],C:\Users\parla\OneDrive\Documents\AI HUB\ComfyUI June Install\ComfyUI\custom_nodes\comfyui-modal\.slim\worktrees\resource-local-carryover-sep14\artifacts\phase_p1_parallel_golden_v1\cohort_2026-09-16_23-22-38_ac478c\attempt_0.json,C:\Users\parla\OneDrive\Documents\AI HUB\ComfyUI June Install\ComfyUI\custom_nodes\comfyui-modal\.slim\worktrees\resource-local-carryover-sep14\artifacts\phase_p1_parallel_golden_v1\cohort_2026-09-16_23-22-38_ac478c\attempt_0.json,True,True,True,[],match
C:\Users\parla\OneDrive\Documents\AI HUB\ComfyUI June Install\ComfyUI\custom_nodes\comfyui-modal\.slim\worktrees\resource-local-carryover-sep14\artifacts\dual_transport_carryover_20260916\new20\sham\attempt_009.decision.json,artifacts/dual_transport_carryover_20260916/new20/sham/attempt_009.decision.json,golden-p1-0-053b292b0476,sham,True,[],C:\Users\parla\OneDrive\Documents\AI HUB\ComfyUI June Install\ComfyUI\custom_nodes\comfyui-modal\.slim\worktrees\resource-local-carryover-sep14\artifacts\phase_p1_parallel_golden_v1\cohort_2026-09-16_23-23-25_d811c0\attempt_0.json,C:\Users\parla\OneDrive\Documents\AI HUB\ComfyUI June Install\ComfyUI\custom_nodes\comfyui-modal\.slim\worktrees\resource-local-carryover-sep14\artifacts\phase_p1_parallel_golden_v1\cohort_2026-09-16_23-23-25_d811c0\attempt_0.json,True,True,True,[],match
C:\Users\parla\OneDrive\Documents\AI HUB\ComfyUI June Install\ComfyUI\custom_nodes\comfyui-modal\.slim\worktrees\resource-local-carryover-sep14\artifacts\dual_transport_carryover_20260916\new20\sham\attempt_010.decision.json,artifacts/dual_transport_carryover_20260916/new20/sham/attempt_010.decision.json,golden-p1-0-82472cd98951,sham,True,[],C:\Users\parla\OneDrive\Documents\AI HUB\ComfyUI June Install\ComfyUI\custom_nodes\comfyui-modal\.slim\worktrees\resource-local-carryover-sep14\artifacts\phase_p1_parallel_golden_v1\cohort_2026-09-16_23-24-22_0bbd53\attempt_0.json,C:\Users\parla\OneDrive\Documents\AI HUB\ComfyUI June Install\ComfyUI\custom_nodes\comfyui-modal\.slim\worktrees\resource-local-carryover-sep14\artifacts\phase_p1_parallel_golden_v1\cohort_2026-09-16_23-24-22_0bbd53\attempt_0.json,True,True,True,[],match
C:\Users\parla\OneDrive\Documents\AI HUB\ComfyUI June Install\ComfyUI\custom_nodes\comfyui-modal\.slim\worktrees\resource-local-carryover-sep14\artifacts\dual_transport_carryover_20260916\new20\sham\attempt_011.decision.json,artifacts/dual_transport_carryover_20260916/new20/sham/attempt_011.decision.json,golden-p1-0-48240aac9c05,sham,True,[],C:\Users\parla\OneDrive\Documents\AI HUB\ComfyUI June Install\ComfyUI\custom_nodes\comfyui-modal\.slim\worktrees\resource-local-carryover-sep14\artifacts\phase_p1_parallel_golden_v1\cohort_2026-09-16_23-25-09_9074ea\attempt_0.json,C:\Users\parla\OneDrive\Documents\AI HUB\ComfyUI June Install\ComfyUI\custom_nodes\comfyui-modal\.slim\worktrees\resource-local-carryover-sep14\artifacts\phase_p1_parallel_golden_v1\cohort_2026-09-16_23-25-09_9074ea\attempt_0.json,True,True,True,[],match
C:\Users\parla\OneDrive\Documents\AI HUB\ComfyUI June Install\ComfyUI\custom_nodes\comfyui-modal\.slim\worktrees\resource-local-carryover-sep14\artifacts\dual_transport_carryover_20260916\new20\sham\attempt_012.decision.json,artifacts/dual_transport_carryover_20260916/new20/sham/attempt_012.decision.json,golden-p1-0-716326690293,sham,True,[],C:\Users\parla\OneDrive\Documents\AI HUB\ComfyUI June Install\ComfyUI\custom_nodes\comfyui-modal\.slim\worktrees\resource-local-carryover-sep14\artifacts\phase_p1_parallel_golden_v1\cohort_2026-09-16_23-25-55_448017\attempt_0.json,C:\Users\parla\OneDrive\Documents\AI HUB\ComfyUI June Install\ComfyUI\custom_nodes\comfyui-modal\.slim\worktrees\resource-local-carryover-sep14\artifacts\phase_p1_parallel_golden_v1\cohort_2026-09-16_23-25-55_448017\attempt_0.json,True,True,True,[],match
C:\Users\parla\OneDrive\Documents\AI HUB\ComfyUI June Install\ComfyUI\custom_nodes\comfyui-modal\.slim\worktrees\resource-local-carryover-sep14\artifacts\dual_transport_carryover_20260916\new20\sham\attempt_013.decision.json,artifacts/dual_transport_carryover_20260916/new20/sham/attempt_013.decision.json,golden-p1-0-daa5bf313c61,sham,True,[],C:\Users\parla\OneDrive\Documents\AI HUB\ComfyUI June Install\ComfyUI\custom_nodes\comfyui-modal\.slim\worktrees\resource-local-carryover-sep14\artifacts\phase_p1_parallel_golden_v1\cohort_2026-09-16_23-26-41_98fd6e\attempt_0.json,C:\Users\parla\OneDrive\Documents\AI HUB\ComfyUI June Install\ComfyUI\custom_nodes\comfyui-modal\.slim\worktrees\resource-local-carryover-sep14\artifacts\phase_p1_parallel_golden_v1\cohort_2026-09-16_23-26-41_98fd6e\attempt_0.json,True,True,True,[],match
C:\Users\parla\OneDrive\Documents\AI HUB\ComfyUI June Install\ComfyUI\custom_nodes\comfyui-modal\.slim\worktrees\resource-local-carryover-sep14\artifacts\dual_transport_carryover_20260916\new20\sham\attempt_014.decision.json,artifacts/dual_transport_carryover_20260916/new20/sham/attempt_014.decision.json,golden-p1-0-2eeba36e26ca,sham,True,[],C:\Users\parla\OneDrive\Documents\AI HUB\ComfyUI June Install\ComfyUI\custom_nodes\comfyui-modal\.slim\worktrees\resource-local-carryover-sep14\artifacts\phase_p1_parallel_golden_v1\cohort_2026-09-16_23-27-26_2b43f7\attempt_0.json,C:\Users\parla\OneDrive\Documents\AI HUB\ComfyUI June Install\ComfyUI\custom_nodes\comfyui-modal\.slim\worktrees\resource-local-carryover-sep14\artifacts\phase_p1_parallel_golden_v1\cohort_2026-09-16_23-27-26_2b43f7\attempt_0.json,True,True,True,[],match
C:\Users\parla\OneDrive\Documents\AI HUB\ComfyUI June Install\ComfyUI\custom_nodes\comfyui-modal\.slim\worktrees\resource-local-carryover-sep14\artifacts\dual_transport_carryover_20260916\new20\sham\attempt_015.decision.json,artifacts/dual_transport_carryover_20260916/new20/sham/attempt_015.decision.json,golden-p1-0-44439fe87d78,sham,True,[],C:\Users\parla\OneDrive\Documents\AI HUB\ComfyUI June Install\ComfyUI\custom_nodes\comfyui-modal\.slim\worktrees\resource-local-carryover-sep14\artifacts\phase_p1_parallel_golden_v1\cohort_2026-09-16_23-28-11_63a400\attempt_0.json,C:\Users\parla\OneDrive\Documents\AI HUB\ComfyUI June Install\ComfyUI\custom_nodes\comfyui-modal\.slim\worktrees\resource-local-carryover-sep14\artifacts\phase_p1_parallel_golden_v1\cohort_2026-09-16_23-28-11_63a400\attempt_0.json,True,True,True,[],match
C:\Users\parla\OneDrive\Documents\AI HUB\ComfyUI June Install\ComfyUI\custom_nodes\comfyui-modal\.slim\worktrees\resource-local-carryover-sep14\artifacts\dual_transport_carryover_20260916\new20\sham\attempt_016.decision.json,artifacts/dual_transport_carryover_20260916/new20/sham/attempt_016.decision.json,golden-p1-0-da67cc9d8d0b,sham,True,[],C:\Users\parla\OneDrive\Documents\AI HUB\ComfyUI June Install\ComfyUI\custom_nodes\comfyui-modal\.slim\worktrees\resource-local-carryover-sep14\artifacts\phase_p1_parallel_golden_v1\cohort_2026-09-16_23-28-58_127a42\attempt_0.json,C:\Users\parla\OneDrive\Documents\AI HUB\ComfyUI June Install\ComfyUI\custom_nodes\comfyui-modal\.slim\worktrees\resource-local-carryover-sep14\artifacts\phase_p1_parallel_golden_v1\cohort_2026-09-16_23-28-58_127a42\attempt_0.json,True,True,True,[],match
C:\Users\parla\OneDrive\Documents\AI HUB\ComfyUI June Install\ComfyUI\custom_nodes\comfyui-modal\.slim\worktrees\resource-local-carryover-sep14\artifacts\dual_transport_carryover_20260916\new20\sham\attempt_017.decision.json,artifacts/dual_transport_carryover_20260916/new20/sham/attempt_017.decision.json,golden-p1-0-8192e1970042,sham,True,[],C:\Users\parla\OneDrive\Documents\AI HUB\ComfyUI June Install\ComfyUI\custom_nodes\comfyui-modal\.slim\worktrees\resource-local-carryover-sep14\artifacts\phase_p1_parallel_golden_v1\cohort_2026-09-16_23-30-19_29c9ae\attempt_0.json,C:\Users\parla\OneDrive\Documents\AI HUB\ComfyUI June Install\ComfyUI\custom_nodes\comfyui-modal\.slim\worktrees\resource-local-carryover-sep14\artifacts\phase_p1_parallel_golden_v1\cohort_2026-09-16_23-30-19_29c9ae\attempt_0.json,True,True,True,[],match
C:\Users\parla\OneDrive\Documents\AI HUB\ComfyUI June Install\ComfyUI\custom_nodes\comfyui-modal\.slim\worktrees\resource-local-carryover-sep14\artifacts\dual_transport_carryover_20260916\new20\sham\attempt_018.decision.json,artifacts/dual_transport_carryover_20260916/new20/sham/attempt_018.decision.json,golden-p1-0-42f17541d477,sham,True,[],C:\Users\parla\OneDrive\Documents\AI HUB\ComfyUI June Install\ComfyUI\custom_nodes\comfyui-modal\.slim\worktrees\resource-local-carryover-sep14\artifacts\phase_p1_parallel_golden_v1\cohort_2026-09-16_23-31-08_ff7c7e\attempt_0.json,C:\Users\parla\OneDrive\Documents\AI HUB\ComfyUI June Install\ComfyUI\custom_nodes\comfyui-modal\.slim\worktrees\resource-local-carryover-sep14\artifacts\phase_p1_parallel_golden_v1\cohort_2026-09-16_23-31-08_ff7c7e\attempt_0.json,True,True,True,[],match
C:\Users\parla\OneDrive\Documents\AI HUB\ComfyUI June Install\ComfyUI\custom_nodes\comfyui-modal\.slim\worktrees\resource-local-carryover-sep14\artifacts\dual_transport_carryover_20260916\new20\sham\attempt_019.decision.json,artifacts/dual_transport_carryover_20260916/new20/sham/attempt_019.decision.json,golden-p1-0-55de4bb7d00d,sham,True,[],C:\Users\parla\OneDrive\Documents\AI HUB\ComfyUI June Install\ComfyUI\custom_nodes\comfyui-modal\.slim\worktrees\resource-local-carryover-sep14\artifacts\phase_p1_parallel_golden_v1\cohort_2026-09-16_23-31-56_b99d2a\attempt_0.json,C:\Users\parla\OneDrive\Documents\AI HUB\ComfyUI June Install\ComfyUI\custom_nodes\comfyui-modal\.slim\worktrees\resource-local-carryover-sep14\artifacts\phase_p1_parallel_golden_v1\cohort_2026-09-16_23-31-56_b99d2a\attempt_0.json,True,True,True,[],match
C:\Users\parla\OneDrive\Documents\AI HUB\ComfyUI June Install\ComfyUI\custom_nodes\comfyui-modal\.slim\worktrees\resource-local-carryover-sep14\artifacts\dual_transport_carryover_20260916\new20\sham\attempt_020.decision.json,artifacts/dual_transport_carryover_20260916/new20/sham/attempt_020.decision.json,golden-p1-0-937a1515d926,sham,True,[],C:\Users\parla\OneDrive\Documents\AI HUB\ComfyUI June Install\ComfyUI\custom_nodes\comfyui-modal\.slim\worktrees\resource-local-carryover-sep14\artifacts\phase_p1_parallel_golden_v1\cohort_2026-09-16_23-32-43_49b34d\attempt_0.json,C:\Users\parla\OneDrive\Documents\AI HUB\ComfyUI June Install\ComfyUI\custom_nodes\comfyui-modal\.slim\worktrees\resource-local-carryover-sep14\artifacts\phase_p1_parallel_golden_v1\cohort_2026-09-16_23-32-43_49b34d\attempt_0.json,True,True,True,[],match
C:\Users\parla\OneDrive\Documents\AI HUB\ComfyUI June Install\ComfyUI\custom_nodes\comfyui-modal\.slim\worktrees\resource-local-carryover-sep14\artifacts\dual_transport_carryover_20260916\new20\sham\attempt_021.decision.json,artifacts/dual_transport_carryover_20260916/new20/sham/attempt_021.decision.json,golden-p1-0-36ae7d4406d0,sham,True,[],C:\Users\parla\OneDrive\Documents\AI HUB\ComfyUI June Install\ComfyUI\custom_nodes\comfyui-modal\.slim\worktrees\resource-local-carryover-sep14\artifacts\phase_p1_parallel_golden_v1\cohort_2026-09-16_23-33-48_e57733\attempt_0.json,C:\Users\parla\OneDrive\Documents\AI HUB\ComfyUI June Install\ComfyUI\custom_nodes\comfyui-modal\.slim\worktrees\resource-local-carryover-sep14\artifacts\phase_p1_parallel_golden_v1\cohort_2026-09-16_23-33-48_e57733\attempt_0.json,True,True,True,[],match
C:\Users\parla\OneDrive\Documents\AI HUB\ComfyUI June Install\ComfyUI\custom_nodes\comfyui-modal\.slim\worktrees\resource-local-carryover-sep14\artifacts\dual_transport_carryover_20260916\new20\sham\attempt_022.decision.json,artifacts/dual_transport_carryover_20260916/new20/sham/attempt_022.decision.json,golden-p1-0-d52ea2cbe79a,sham,True,[],C:\Users\parla\OneDrive\Documents\AI HUB\ComfyUI June Install\ComfyUI\custom_nodes\comfyui-modal\.slim\worktrees\resource-local-carryover-sep14\artifacts\phase_p1_parallel_golden_v1\cohort_2026-09-16_23-34-35_886658\attempt_0.json,C:\Users\parla\OneDrive\Documents\AI HUB\ComfyUI June Install\ComfyUI\custom_nodes\comfyui-modal\.slim\worktrees\resource-local-carryover-sep14\artifacts\phase_p1_parallel_golden_v1\cohort_2026-09-16_23-34-35_886658\attempt_0.json,True,True,True,[],match
C:\Users\parla\OneDrive\Documents\AI HUB\ComfyUI June Install\ComfyUI\custom_nodes\comfyui-modal\.slim\worktrees\resource-local-carryover-sep14\artifacts\dual_transport_carryover_20260916\new20\sham\attempt_023.decision.json,artifacts/dual_transport_carryover_20260916/new20/sham/attempt_023.decision.json,golden-p1-0-094316185d23,sham,True,[],C:\Users\parla\OneDrive\Documents\AI HUB\ComfyUI June Install\ComfyUI\custom_nodes\comfyui-modal\.slim\worktrees\resource-local-carryover-sep14\artifacts\phase_p1_parallel_golden_v1\cohort_2026-09-16_23-35-27_20fb9f\attempt_0.json,C:\Users\parla\OneDrive\Documents\AI HUB\ComfyUI June Install\ComfyUI\custom_nodes\comfyui-modal\.slim\worktrees\resource-local-carryover-sep14\artifacts\phase_p1_parallel_golden_v1\cohort_2026-09-16_23-35-27_20fb9f\attempt_0.json,True,True,True,[],match
C:\Users\parla\OneDrive\Documents\AI HUB\ComfyUI June Install\ComfyUI\custom_nodes\comfyui-modal\.slim\worktrees\resource-local-carryover-sep14\artifacts\dual_transport_carryover_20260916\new20\sham\attempt_024.decision.json,artifacts/dual_transport_carryover_20260916/new20/sham/attempt_024.decision.json,golden-p1-0-5afaa232fa50,sham,True,[],C:\Users\parla\OneDrive\Documents\AI HUB\ComfyUI June Install\ComfyUI\custom_nodes\comfyui-modal\.slim\worktrees\resource-local-carryover-sep14\artifacts\phase_p1_parallel_golden_v1\cohort_2026-09-16_23-36-17_b5c8e5\attempt_0.json,C:\Users\parla\OneDrive\Documents\AI HUB\ComfyUI June Install\ComfyUI\custom_nodes\comfyui-modal\.slim\worktrees\resource-local-carryover-sep14\artifacts\phase_p1_parallel_golden_v1\cohort_2026-09-16_23-36-17_b5c8e5\attempt_0.json,True,True,True,[],match
C:\Users\parla\OneDrive\Documents\AI HUB\ComfyUI June Install\ComfyUI\custom_nodes\comfyui-modal\.slim\worktrees\resource-local-carryover-sep14\artifacts\dual_transport_carryover_20260916\new20\sham\attempt_025.decision.json,artifacts/dual_transport_carryover_20260916/new20/sham/attempt_025.decision.json,golden-p1-0-057743d5e38b,sham,True,[],C:\Users\parla\OneDrive\Documents\AI HUB\ComfyUI June Install\ComfyUI\custom_nodes\comfyui-modal\.slim\worktrees\resource-local-carryover-sep14\artifacts\phase_p1_parallel_golden_v1\cohort_2026-09-16_23-37-05_9d8375\attempt_0.json,C:\Users\parla\OneDrive\Documents\AI HUB\ComfyUI June Install\ComfyUI\custom_nodes\comfyui-modal\.slim\worktrees\resource-local-carryover-sep14\artifacts\phase_p1_parallel_golden_v1\cohort_2026-09-16_23-37-05_9d8375\attempt_0.json,True,True,True,[],match
C:\Users\parla\OneDrive\Documents\AI HUB\ComfyUI June Install\ComfyUI\custom_nodes\comfyui-modal\.slim\worktrees\resource-local-carryover-sep14\artifacts\dual_transport_carryover_20260916\new20\sham\attempt_026.decision.json,artifacts/dual_transport_carryover_20260916/new20/sham/attempt_026.decision.json,golden-p1-0-0b56ab29f792,sham,True,[],C:\Users\parla\OneDrive\Documents\AI HUB\ComfyUI June Install\ComfyUI\custom_nodes\comfyui-modal\.slim\worktrees\resource-local-carryover-sep14\artifacts\phase_p1_parallel_golden_v1\cohort_2026-09-16_23-38-23_09d216\attempt_0.json,C:\Users\parla\OneDrive\Documents\AI HUB\ComfyUI June Install\ComfyUI\custom_nodes\comfyui-modal\.slim\worktrees\resource-local-carryover-sep14\artifacts\phase_p1_parallel_golden_v1\cohort_2026-09-16_23-38-23_09d216\attempt_0.json,True,True,True,[],match
C:\Users\parla\OneDrive\Documents\AI HUB\ComfyUI June Install\ComfyUI\custom_nodes\comfyui-modal\.slim\worktrees\resource-local-carryover-sep14\artifacts\dual_transport_carryover_20260916\new20\sham\attempt_027.decision.json,artifacts/dual_transport_carryover_20260916/new20/sham/attempt_027.decision.json,golden-p1-0-2374faf758b9,sham,True,[],C:\Users\parla\OneDrive\Documents\AI HUB\ComfyUI June Install\ComfyUI\custom_nodes\comfyui-modal\.slim\worktrees\resource-local-carryover-sep14\artifacts\phase_p1_parallel_golden_v1\cohort_2026-09-16_23-40-38_3a8f48\attempt_0.json,C:\Users\parla\OneDrive\Documents\AI HUB\ComfyUI June Install\ComfyUI\custom_nodes\comfyui-modal\.slim\worktrees\resource-local-carryover-sep14\artifacts\phase_p1_parallel_golden_v1\cohort_2026-09-16_23-40-38_3a8f48\attempt_0.json,True,True,True,[],match
C:\Users\parla\OneDrive\Documents\AI HUB\ComfyUI June Install\ComfyUI\custom_nodes\comfyui-modal\.slim\worktrees\resource-local-carryover-sep14\artifacts\dual_transport_carryover_20260916\new20\sham\attempt_028.decision.json,artifacts/dual_transport_carryover_20260916/new20/sham/attempt_028.decision.json,golden-p1-0-d15a1e39801b,sham,True,[],C:\Users\parla\OneDrive\Documents\AI HUB\ComfyUI June Install\ComfyUI\custom_nodes\comfyui-modal\.slim\worktrees\resource-local-carryover-sep14\artifacts\phase_p1_parallel_golden_v1\cohort_2026-09-16_23-41-40_b41ece\attempt_0.json,C:\Users\parla\OneDrive\Documents\AI HUB\ComfyUI June Install\ComfyUI\custom_nodes\comfyui-modal\.slim\worktrees\resource-local-carryover-sep14\artifacts\phase_p1_parallel_golden_v1\cohort_2026-09-16_23-41-40_b41ece\attempt_0.json,True,True,True,[],match
C:\Users\parla\OneDrive\Documents\AI HUB\ComfyUI June Install\ComfyUI\custom_nodes\comfyui-modal\.slim\worktrees\resource-local-carryover-sep14\artifacts\dual_transport_carryover_20260916\new20\sham\attempt_029.decision.json,artifacts/dual_transport_carryover_20260916/new20/sham/attempt_029.decision.json,golden-p1-0-0167b0745ad1,sham,True,[],C:\Users\parla\OneDrive\Documents\AI HUB\ComfyUI June Install\ComfyUI\custom_nodes\comfyui-modal\.slim\worktrees\resource-local-carryover-sep14\artifacts\phase_p1_parallel_golden_v1\cohort_2026-09-16_23-45-13_d52ce4\attempt_0.json,C:\Users\parla\OneDrive\Documents\AI HUB\ComfyUI June Install\ComfyUI\custom_nodes\comfyui-modal\.slim\worktrees\resource-local-carryover-sep14\artifacts\phase_p1_parallel_golden_v1\cohort_2026-09-16_23-45-13_d52ce4\attempt_0.json,True,True,True,[],match
C:\Users\parla\OneDrive\Documents\AI HUB\ComfyUI June Install\ComfyUI\custom_nodes\comfyui-modal\.slim\worktrees\resource-local-carryover-sep14\artifacts\dual_transport_carryover_20260916\new20\sham\attempt_030.decision.json,artifacts/dual_transport_carryover_20260916/new20/sham/attempt_030.decision.json,golden-p1-0-a131424e6113,sham,True,[],C:\Users\parla\OneDrive\Documents\AI HUB\ComfyUI June Install\ComfyUI\custom_nodes\comfyui-modal\.slim\worktrees\resource-local-carryover-sep14\artifacts\phase_p1_parallel_golden_v1\cohort_2026-09-16_23-46-39_cc6a75\attempt_0.json,C:\Users\parla\OneDrive\Documents\AI HUB\ComfyUI June Install\ComfyUI\custom_nodes\comfyui-modal\.slim\worktrees\resource-local-carryover-sep14\artifacts\phase_p1_parallel_golden_v1\cohort_2026-09-16_23-46-39_cc6a75\attempt_0.json,True,True,True,[],match
C:\Users\parla\OneDrive\Documents\AI HUB\ComfyUI June Install\ComfyUI\custom_nodes\comfyui-modal\.slim\worktrees\resource-local-carryover-sep14\artifacts\dual_transport_carryover_20260916\new20\split\attempt_001.decision.json,artifacts/dual_transport_carryover_20260916/new20/split/attempt_001.decision.json,golden-p1-0-92ee88eb928e,split,True,[],C:\Users\parla\OneDrive\Documents\AI HUB\ComfyUI June Install\ComfyUI\custom_nodes\comfyui-modal\.slim\worktrees\resource-local-carryover-sep14\artifacts\phase_p1_parallel_golden_v1\cohort_2026-09-16_23-16-29_1bbfd1\attempt_0.json,C:\Users\parla\OneDrive\Documents\AI HUB\ComfyUI June Install\ComfyUI\custom_nodes\comfyui-modal\.slim\worktrees\resource-local-carryover-sep14\artifacts\phase_p1_parallel_golden_v1\cohort_2026-09-16_23-16-29_1bbfd1\attempt_0.json,True,True,True,[],match
C:\Users\parla\OneDrive\Documents\AI HUB\ComfyUI June Install\ComfyUI\custom_nodes\comfyui-modal\.slim\worktrees\resource-local-carryover-sep14\artifacts\dual_transport_carryover_20260916\new20\split\attempt_002.decision.json,artifacts/dual_transport_carryover_20260916/new20/split/attempt_002.decision.json,golden-p1-0-38daa20127f0,split,True,[],C:\Users\parla\OneDrive\Documents\AI HUB\ComfyUI June Install\ComfyUI\custom_nodes\comfyui-modal\.slim\worktrees\resource-local-carryover-sep14\artifacts\phase_p1_parallel_golden_v1\cohort_2026-09-16_23-17-19_6912ba\attempt_0.json,C:\Users\parla\OneDrive\Documents\AI HUB\ComfyUI June Install\ComfyUI\custom_nodes\comfyui-modal\.slim\worktrees\resource-local-carryover-sep14\artifacts\phase_p1_parallel_golden_v1\cohort_2026-09-16_23-17-19_6912ba\attempt_0.json,True,True,True,[],match
C:\Users\parla\OneDrive\Documents\AI HUB\ComfyUI June Install\ComfyUI\custom_nodes\comfyui-modal\.slim\worktrees\resource-local-carryover-sep14\artifacts\dual_transport_carryover_20260916\new20\split\attempt_003.decision.json,artifacts/dual_transport_carryover_20260916/new20/split/attempt_003.decision.json,golden-p1-0-5847f34ad00d,split,True,[],C:\Users\parla\OneDrive\Documents\AI HUB\ComfyUI June Install\ComfyUI\custom_nodes\comfyui-modal\.slim\worktrees\resource-local-carryover-sep14\artifacts\phase_p1_parallel_golden_v1\cohort_2026-09-16_23-18-05_eb9fe2\attempt_0.json,C:\Users\parla\OneDrive\Documents\AI HUB\ComfyUI June Install\ComfyUI\custom_nodes\comfyui-modal\.slim\worktrees\resource-local-carryover-sep14\artifacts\phase_p1_parallel_golden_v1\cohort_2026-09-16_23-18-05_eb9fe2\attempt_0.json,True,True,True,[],match
C:\Users\parla\OneDrive\Documents\AI HUB\ComfyUI June Install\ComfyUI\custom_nodes\comfyui-modal\.slim\worktrees\resource-local-carryover-sep14\artifacts\dual_transport_carryover_20260916\new20\split\attempt_004.decision.json,artifacts/dual_transport_carryover_20260916/new20/split/attempt_004.decision.json,golden-p1-0-992e5f8837b7,split,True,[],C:\Users\parla\OneDrive\Documents\AI HUB\ComfyUI June Install\ComfyUI\custom_nodes\comfyui-modal\.slim\worktrees\resource-local-carryover-sep14\artifacts\phase_p1_parallel_golden_v1\cohort_2026-09-16_23-18-54_b101c8\attempt_0.json,C:\Users\parla\OneDrive\Documents\AI HUB\ComfyUI June Install\ComfyUI\custom_nodes\comfyui-modal\.slim\worktrees\resource-local-carryover-sep14\artifacts\phase_p1_parallel_golden_v1\cohort_2026-09-16_23-18-54_b101c8\attempt_0.json,True,True,True,[],match
C:\Users\parla\OneDrive\Documents\AI HUB\ComfyUI June Install\ComfyUI\custom_nodes\comfyui-modal\.slim\worktrees\resource-local-carryover-sep14\artifacts\dual_transport_carryover_20260916\new20\split\attempt_005.decision.json,artifacts/dual_transport_carryover_20260916/new20/split/attempt_005.decision.json,golden-p1-0-19dc038244e2,split,True,[],C:\Users\parla\OneDrive\Documents\AI HUB\ComfyUI June Install\ComfyUI\custom_nodes\comfyui-modal\.slim\worktrees\resource-local-carryover-sep14\artifacts\phase_p1_parallel_golden_v1\cohort_2026-09-16_23-19-46_15529c\attempt_0.json,C:\Users\parla\OneDrive\Documents\AI HUB\ComfyUI June Install\ComfyUI\custom_nodes\comfyui-modal\.slim\worktrees\resource-local-carryover-sep14\artifacts\phase_p1_parallel_golden_v1\cohort_2026-09-16_23-19-46_15529c\attempt_0.json,True,True,True,[],match
C:\Users\parla\OneDrive\Documents\AI HUB\ComfyUI June Install\ComfyUI\custom_nodes\comfyui-modal\.slim\worktrees\resource-local-carryover-sep14\artifacts\dual_transport_carryover_20260916\new20\split\attempt_006.decision.json,artifacts/dual_transport_carryover_20260916/new20/split/attempt_006.decision.json,golden-p1-0-1e1dbd49c07b,split,True,[],C:\Users\parla\OneDrive\Documents\AI HUB\ComfyUI June Install\ComfyUI\custom_nodes\comfyui-modal\.slim\worktrees\resource-local-carryover-sep14\artifacts\phase_p1_parallel_golden_v1\cohort_2026-09-16_23-20-37_0b88a6\attempt_0.json,C:\Users\parla\OneDrive\Documents\AI HUB\ComfyUI June Install\ComfyUI\custom_nodes\comfyui-modal\.slim\worktrees\resource-local-carryover-sep14\artifacts\phase_p1_parallel_golden_v1\cohort_2026-09-16_23-20-37_0b88a6\attempt_0.json,True,True,True,[],match
C:\Users\parla\OneDrive\Documents\AI HUB\ComfyUI June Install\ComfyUI\custom_nodes\comfyui-modal\.slim\worktrees\resource-local-carryover-sep14\artifacts\dual_transport_carryover_20260916\new20\split\attempt_007.decision.json,artifacts/dual_transport_carryover_20260916/new20/split/attempt_007.decision.json,golden-p1-0-a56ff2430f82,split,True,[],C:\Users\parla\OneDrive\Documents\AI HUB\ComfyUI June Install\ComfyUI\custom_nodes\comfyui-modal\.slim\worktrees\resource-local-carryover-sep14\artifacts\phase_p1_parallel_golden_v1\cohort_2026-09-16_23-21-55_d636a5\attempt_0.json,C:\Users\parla\OneDrive\Documents\AI HUB\ComfyUI June Install\ComfyUI\custom_nodes\comfyui-modal\.slim\worktrees\resource-local-carryover-sep14\artifacts\phase_p1_parallel_golden_v1\cohort_2026-09-16_23-21-55_d636a5\attempt_0.json,True,True,True,[],match
C:\Users\parla\OneDrive\Documents\AI HUB\ComfyUI June Install\ComfyUI\custom_nodes\comfyui-modal\.slim\worktrees\resource-local-carryover-sep14\artifacts\dual_transport_carryover_20260916\new20\split\attempt_008.decision.json,artifacts/dual_transport_carryover_20260916/new20/split/attempt_008.decision.json,golden-p1-0-820634ee0c50,split,True,[],C:\Users\parla\OneDrive\Documents\AI HUB\ComfyUI June Install\ComfyUI\custom_nodes\comfyui-modal\.slim\worktrees\resource-local-carryover-sep14\artifacts\phase_p1_parallel_golden_v1\cohort_2026-09-16_23-22-45_90057c\attempt_0.json,C:\Users\parla\OneDrive\Documents\AI HUB\ComfyUI June Install\ComfyUI\custom_nodes\comfyui-modal\.slim\worktrees\resource-local-carryover-sep14\artifacts\phase_p1_parallel_golden_v1\cohort_2026-09-16_23-22-45_90057c\attempt_0.json,True,True,True,[],match
C:\Users\parla\OneDrive\Documents\AI HUB\ComfyUI June Install\ComfyUI\custom_nodes\comfyui-modal\.slim\worktrees\resource-local-carryover-sep14\artifacts\dual_transport_carryover_20260916\new20\split\attempt_009.decision.json,artifacts/dual_transport_carryover_20260916/new20/split/attempt_009.decision.json,golden-p1-0-6b48551a89bf,split,True,[],C:\Users\parla\OneDrive\Documents\AI HUB\ComfyUI June Install\ComfyUI\custom_nodes\comfyui-modal\.slim\worktrees\resource-local-carryover-sep14\artifacts\phase_p1_parallel_golden_v1\cohort_2026-09-16_23-23-32_f31f8b\attempt_0.json,C:\Users\parla\OneDrive\Documents\AI HUB\ComfyUI June Install\ComfyUI\custom_nodes\comfyui-modal\.slim\worktrees\resource-local-carryover-sep14\artifacts\phase_p1_parallel_golden_v1\cohort_2026-09-16_23-23-32_f31f8b\attempt_0.json,True,True,True,[],match
C:\Users\parla\OneDrive\Documents\AI HUB\ComfyUI June Install\ComfyUI\custom_nodes\comfyui-modal\.slim\worktrees\resource-local-carryover-sep14\artifacts\dual_transport_carryover_20260916\new20\split\attempt_010.decision.json,artifacts/dual_transport_carryover_20260916/new20/split/attempt_010.decision.json,golden-p1-0-c55c57780a51,split,True,[],C:\Users\parla\OneDrive\Documents\AI HUB\ComfyUI June Install\ComfyUI\custom_nodes\comfyui-modal\.slim\worktrees\resource-local-carryover-sep14\artifacts\phase_p1_parallel_golden_v1\cohort_2026-09-16_23-24-22_dd8cab\attempt_0.json,C:\Users\parla\OneDrive\Documents\AI HUB\ComfyUI June Install\ComfyUI\custom_nodes\comfyui-modal\.slim\worktrees\resource-local-carryover-sep14\artifacts\phase_p1_parallel_golden_v1\cohort_2026-09-16_23-24-22_dd8cab\attempt_0.json,True,True,True,[],match
C:\Users\parla\OneDrive\Documents\AI HUB\ComfyUI June Install\ComfyUI\custom_nodes\comfyui-modal\.slim\worktrees\resource-local-carryover-sep14\artifacts\dual_transport_carryover_20260916\new20\split\attempt_011.decision.json,artifacts/dual_transport_carryover_20260916/new20/split/attempt_011.decision.json,golden-p1-0-a8a983bb3c06,split,True,[],C:\Users\parla\OneDrive\Documents\AI HUB\ComfyUI June Install\ComfyUI\custom_nodes\comfyui-modal\.slim\worktrees\resource-local-carryover-sep14\artifacts\phase_p1_parallel_golden_v1\cohort_2026-09-16_23-25-12_c82823\attempt_0.json,C:\Users\parla\OneDrive\Documents\AI HUB\ComfyUI June Install\ComfyUI\custom_nodes\comfyui-modal\.slim\worktrees\resource-local-carryover-sep14\artifacts\phase_p1_parallel_golden_v1\cohort_2026-09-16_23-25-12_c82823\attempt_0.json,True,True,True,[],match
C:\Users\parla\OneDrive\Documents\AI HUB\ComfyUI June Install\ComfyUI\custom_nodes\comfyui-modal\.slim\worktrees\resource-local-carryover-sep14\artifacts\dual_transport_carryover_20260916\new20\split\attempt_012.decision.json,artifacts/dual_transport_carryover_20260916/new20/split/attempt_012.decision.json,golden-p1-0-296923abcf59,split,True,[],C:\Users\parla\OneDrive\Documents\AI HUB\ComfyUI June Install\ComfyUI\custom_nodes\comfyui-modal\.slim\worktrees\resource-local-carryover-sep14\artifacts\phase_p1_parallel_golden_v1\cohort_2026-09-16_23-26-04_05c614\attempt_0.json,C:\Users\parla\OneDrive\Documents\AI HUB\ComfyUI June Install\ComfyUI\custom_nodes\comfyui-modal\.slim\worktrees\resource-local-carryover-sep14\artifacts\phase_p1_parallel_golden_v1\cohort_2026-09-16_23-26-04_05c614\attempt_0.json,True,True,True,[],match
C:\Users\parla\OneDrive\Documents\AI HUB\ComfyUI June Install\ComfyUI\custom_nodes\comfyui-modal\.slim\worktrees\resource-local-carryover-sep14\artifacts\dual_transport_carryover_20260916\new20\split\attempt_013.decision.json,artifacts/dual_transport_carryover_20260916/new20/split/attempt_013.decision.json,golden-p1-0-723ef1b9aba2,split,True,[],C:\Users\parla\OneDrive\Documents\AI HUB\ComfyUI June Install\ComfyUI\custom_nodes\comfyui-modal\.slim\worktrees\resource-local-carryover-sep14\artifacts\phase_p1_parallel_golden_v1\cohort_2026-09-16_23-26-54_3331b2\attempt_0.json,C:\Users\parla\OneDrive\Documents\AI HUB\ComfyUI June Install\ComfyUI\custom_nodes\comfyui-modal\.slim\worktrees\resource-local-carryover-sep14\artifacts\phase_p1_parallel_golden_v1\cohort_2026-09-16_23-26-54_3331b2\attempt_0.json,True,True,True,[],match
C:\Users\parla\OneDrive\Documents\AI HUB\ComfyUI June Install\ComfyUI\custom_nodes\comfyui-modal\.slim\worktrees\resource-local-carryover-sep14\artifacts\dual_transport_carryover_20260916\new20\split\attempt_014.decision.json,artifacts/dual_transport_carryover_20260916/new20/split/attempt_014.decision.json,golden-p1-0-815ebd6fa268,split,True,[],C:\Users\parla\OneDrive\Documents\AI HUB\ComfyUI June Install\ComfyUI\custom_nodes\comfyui-modal\.slim\worktrees\resource-local-carryover-sep14\artifacts\phase_p1_parallel_golden_v1\cohort_2026-09-16_23-27-44_d26843\attempt_0.json,C:\Users\parla\OneDrive\Documents\AI HUB\ComfyUI June Install\ComfyUI\custom_nodes\comfyui-modal\.slim\worktrees\resource-local-carryover-sep14\artifacts\phase_p1_parallel_golden_v1\cohort_2026-09-16_23-27-44_d26843\attempt_0.json,True,True,True,[],match
C:\Users\parla\OneDrive\Documents\AI HUB\ComfyUI June Install\ComfyUI\custom_nodes\comfyui-modal\.slim\worktrees\resource-local-carryover-sep14\artifacts\dual_transport_carryover_20260916\new20\split\attempt_015.decision.json,artifacts/dual_transport_carryover_20260916/new20/split/attempt_015.decision.json,golden-p1-0-61ebd33e8658,split,True,[],C:\Users\parla\OneDrive\Documents\AI HUB\ComfyUI June Install\ComfyUI\custom_nodes\comfyui-modal\.slim\worktrees\resource-local-carryover-sep14\artifacts\phase_p1_parallel_golden_v1\cohort_2026-09-16_23-28-30_381195\attempt_0.json,C:\Users\parla\OneDrive\Documents\AI HUB\ComfyUI June Install\ComfyUI\custom_nodes\comfyui-modal\.slim\worktrees\resource-local-carryover-sep14\artifacts\phase_p1_parallel_golden_v1\cohort_2026-09-16_23-28-30_381195\attempt_0.json,True,True,True,[],match
C:\Users\parla\OneDrive\Documents\AI HUB\ComfyUI June Install\ComfyUI\custom_nodes\comfyui-modal\.slim\worktrees\resource-local-carryover-sep14\artifacts\dual_transport_carryover_20260916\new20\split\attempt_016.decision.json,artifacts/dual_transport_carryover_20260916/new20/split/attempt_016.decision.json,golden-p1-0-b27b71fd9862,split,True,[],C:\Users\parla\OneDrive\Documents\AI HUB\ComfyUI June Install\ComfyUI\custom_nodes\comfyui-modal\.slim\worktrees\resource-local-carryover-sep14\artifacts\phase_p1_parallel_golden_v1\cohort_2026-09-16_23-29-18_a66d9d\attempt_0.json,C:\Users\parla\OneDrive\Documents\AI HUB\ComfyUI June Install\ComfyUI\custom_nodes\comfyui-modal\.slim\worktrees\resource-local-carryover-sep14\artifacts\phase_p1_parallel_golden_v1\cohort_2026-09-16_23-29-18_a66d9d\attempt_0.json,True,True,True,[],match
C:\Users\parla\OneDrive\Documents\AI HUB\ComfyUI June Install\ComfyUI\custom_nodes\comfyui-modal\.slim\worktrees\resource-local-carryover-sep14\artifacts\dual_transport_carryover_20260916\new20\split\attempt_017.decision.json,artifacts/dual_transport_carryover_20260916/new20/split/attempt_017.decision.json,golden-p1-0-4564becda83e,split,True,[],C:\Users\parla\OneDrive\Documents\AI HUB\ComfyUI June Install\ComfyUI\custom_nodes\comfyui-modal\.slim\worktrees\resource-local-carryover-sep14\artifacts\phase_p1_parallel_golden_v1\cohort_2026-09-16_23-30-15_837f04\attempt_0.json,C:\Users\parla\OneDrive\Documents\AI HUB\ComfyUI June Install\ComfyUI\custom_nodes\comfyui-modal\.slim\worktrees\resource-local-carryover-sep14\artifacts\phase_p1_parallel_golden_v1\cohort_2026-09-16_23-30-15_837f04\attempt_0.json,True,True,True,[],match
C:\Users\parla\OneDrive\Documents\AI HUB\ComfyUI June Install\ComfyUI\custom_nodes\comfyui-modal\.slim\worktrees\resource-local-carryover-sep14\artifacts\dual_transport_carryover_20260916\new20\split\attempt_018.decision.json,artifacts/dual_transport_carryover_20260916/new20/split/attempt_018.decision.json,golden-p1-0-6855fe838f22,split,True,[],C:\Users\parla\OneDrive\Documents\AI HUB\ComfyUI June Install\ComfyUI\custom_nodes\comfyui-modal\.slim\worktrees\resource-local-carryover-sep14\artifacts\phase_p1_parallel_golden_v1\cohort_2026-09-16_23-31-05_3d9ea7\attempt_0.json,C:\Users\parla\OneDrive\Documents\AI HUB\ComfyUI June Install\ComfyUI\custom_nodes\comfyui-modal\.slim\worktrees\resource-local-carryover-sep14\artifacts\phase_p1_parallel_golden_v1\cohort_2026-09-16_23-31-05_3d9ea7\attempt_0.json,True,True,True,[],match
C:\Users\parla\OneDrive\Documents\AI HUB\ComfyUI June Install\ComfyUI\custom_nodes\comfyui-modal\.slim\worktrees\resource-local-carryover-sep14\artifacts\dual_transport_carryover_20260916\new20\split\attempt_019.decision.json,artifacts/dual_transport_carryover_20260916/new20/split/attempt_019.decision.json,golden-p1-0-13cc58571476,split,True,[],C:\Users\parla\OneDrive\Documents\AI HUB\ComfyUI June Install\ComfyUI\custom_nodes\comfyui-modal\.slim\worktrees\resource-local-carryover-sep14\artifacts\phase_p1_parallel_golden_v1\cohort_2026-09-16_23-31-58_ee5cd3\attempt_0.json,C:\Users\parla\OneDrive\Documents\AI HUB\ComfyUI June Install\ComfyUI\custom_nodes\comfyui-modal\.slim\worktrees\resource-local-carryover-sep14\artifacts\phase_p1_parallel_golden_v1\cohort_2026-09-16_23-31-58_ee5cd3\attempt_0.json,True,True,True,[],match
C:\Users\parla\OneDrive\Documents\AI HUB\ComfyUI June Install\ComfyUI\custom_nodes\comfyui-modal\.slim\worktrees\resource-local-carryover-sep14\artifacts\dual_transport_carryover_20260916\new20\split\attempt_020.decision.json,artifacts/dual_transport_carryover_20260916/new20/split/attempt_020.decision.json,golden-p1-0-521732d73d73,split,True,[],C:\Users\parla\OneDrive\Documents\AI HUB\ComfyUI June Install\ComfyUI\custom_nodes\comfyui-modal\.slim\worktrees\resource-local-carryover-sep14\artifacts\phase_p1_parallel_golden_v1\cohort_2026-09-16_23-32-49_9a93d1\attempt_0.json,C:\Users\parla\OneDrive\Documents\AI HUB\ComfyUI June Install\ComfyUI\custom_nodes\comfyui-modal\.slim\worktrees\resource-local-carryover-sep14\artifacts\phase_p1_parallel_golden_v1\cohort_2026-09-16_23-32-49_9a93d1\attempt_0.json,True,True,True,[],match
C:\Users\parla\OneDrive\Documents\AI HUB\ComfyUI June Install\ComfyUI\custom_nodes\comfyui-modal\.slim\worktrees\resource-local-carryover-sep14\artifacts\dual_transport_carryover_20260916\new20\split\attempt_021.decision.json,artifacts/dual_transport_carryover_20260916/new20/split/attempt_021.decision.json,golden-p1-0-b42ae3093492,split,True,[],C:\Users\parla\OneDrive\Documents\AI HUB\ComfyUI June Install\ComfyUI\custom_nodes\comfyui-modal\.slim\worktrees\resource-local-carryover-sep14\artifacts\phase_p1_parallel_golden_v1\cohort_2026-09-16_23-33-46_02cb48\attempt_0.json,C:\Users\parla\OneDrive\Documents\AI HUB\ComfyUI June Install\ComfyUI\custom_nodes\comfyui-modal\.slim\worktrees\resource-local-carryover-sep14\artifacts\phase_p1_parallel_golden_v1\cohort_2026-09-16_23-33-46_02cb48\attempt_0.json,True,True,True,[],match
C:\Users\parla\OneDrive\Documents\AI HUB\ComfyUI June Install\ComfyUI\custom_nodes\comfyui-modal\.slim\worktrees\resource-local-carryover-sep14\artifacts\dual_transport_carryover_20260916\new20\split\attempt_022.decision.json,artifacts/dual_transport_carryover_20260916/new20/split/attempt_022.decision.json,golden-p1-0-948229b05e77,split,True,[],C:\Users\parla\OneDrive\Documents\AI HUB\ComfyUI June Install\ComfyUI\custom_nodes\comfyui-modal\.slim\worktrees\resource-local-carryover-sep14\artifacts\phase_p1_parallel_golden_v1\cohort_2026-09-16_23-34-33_bad6f5\attempt_0.json,C:\Users\parla\OneDrive\Documents\AI HUB\ComfyUI June Install\ComfyUI\custom_nodes\comfyui-modal\.slim\worktrees\resource-local-carryover-sep14\artifacts\phase_p1_parallel_golden_v1\cohort_2026-09-16_23-34-33_bad6f5\attempt_0.json,True,True,True,[],match
C:\Users\parla\OneDrive\Documents\AI HUB\ComfyUI June Install\ComfyUI\custom_nodes\comfyui-modal\.slim\worktrees\resource-local-carryover-sep14\artifacts\dual_transport_carryover_20260916\new20\split\attempt_023.decision.json,artifacts/dual_transport_carryover_20260916/new20/split/attempt_023.decision.json,golden-p1-0-1742b7c9b560,split,True,[],C:\Users\parla\OneDrive\Documents\AI HUB\ComfyUI June Install\ComfyUI\custom_nodes\comfyui-modal\.slim\worktrees\resource-local-carryover-sep14\artifacts\phase_p1_parallel_golden_v1\cohort_2026-09-16_23-35-19_709b19\attempt_0.json,C:\Users\parla\OneDrive\Documents\AI HUB\ComfyUI June Install\ComfyUI\custom_nodes\comfyui-modal\.slim\worktrees\resource-local-carryover-sep14\artifacts\phase_p1_parallel_golden_v1\cohort_2026-09-16_23-35-19_709b19\attempt_0.json,True,True,True,[],match
C:\Users\parla\OneDrive\Documents\AI HUB\ComfyUI June Install\ComfyUI\custom_nodes\comfyui-modal\.slim\worktrees\resource-local-carryover-sep14\artifacts\dual_transport_carryover_20260916\new20\split\attempt_024.decision.json,artifacts/dual_transport_carryover_20260916/new20/split/attempt_024.decision.json,golden-p1-0-adbed01eb5ec,split,True,[],C:\Users\parla\OneDrive\Documents\AI HUB\ComfyUI June Install\ComfyUI\custom_nodes\comfyui-modal\.slim\worktrees\resource-local-carryover-sep14\artifacts\phase_p1_parallel_golden_v1\cohort_2026-09-16_23-36-11_986570\attempt_0.json,C:\Users\parla\OneDrive\Documents\AI HUB\ComfyUI June Install\ComfyUI\custom_nodes\comfyui-modal\.slim\worktrees\resource-local-carryover-sep14\artifacts\phase_p1_parallel_golden_v1\cohort_2026-09-16_23-36-11_986570\attempt_0.json,True,True,True,[],match
C:\Users\parla\OneDrive\Documents\AI HUB\ComfyUI June Install\ComfyUI\custom_nodes\comfyui-modal\.slim\worktrees\resource-local-carryover-sep14\artifacts\dual_transport_carryover_20260916\new20\split\attempt_025.decision.json,artifacts/dual_transport_carryover_20260916/new20/split/attempt_025.decision.json,golden-p1-0-819491c39d01,split,True,[],C:\Users\parla\OneDrive\Documents\AI HUB\ComfyUI June Install\ComfyUI\custom_nodes\comfyui-modal\.slim\worktrees\resource-local-carryover-sep14\artifacts\phase_p1_parallel_golden_v1\cohort_2026-09-16_23-36-56_e0a7e3\attempt_0.json,C:\Users\parla\OneDrive\Documents\AI HUB\ComfyUI June Install\ComfyUI\custom_nodes\comfyui-modal\.slim\worktrees\resource-local-carryover-sep14\artifacts\phase_p1_parallel_golden_v1\cohort_2026-09-16_23-36-56_e0a7e3\attempt_0.json,True,True,True,[],match
C:\Users\parla\OneDrive\Documents\AI HUB\ComfyUI June Install\ComfyUI\custom_nodes\comfyui-modal\.slim\worktrees\resource-local-carryover-sep14\artifacts\dual_transport_carryover_20260916\new20\split\attempt_026.decision.json,artifacts/dual_transport_carryover_20260916/new20/split/attempt_026.decision.json,golden-p1-0-71b662facb86,split,True,[],C:\Users\parla\OneDrive\Documents\AI HUB\ComfyUI June Install\ComfyUI\custom_nodes\comfyui-modal\.slim\worktrees\resource-local-carryover-sep14\artifacts\phase_p1_parallel_golden_v1\cohort_2026-09-16_23-38-15_bcb8e3\attempt_0.json,C:\Users\parla\OneDrive\Documents\AI HUB\ComfyUI June Install\ComfyUI\custom_nodes\comfyui-modal\.slim\worktrees\resource-local-carryover-sep14\artifacts\phase_p1_parallel_golden_v1\cohort_2026-09-16_23-38-15_bcb8e3\attempt_0.json,True,True,True,[],match
C:\Users\parla\OneDrive\Documents\AI HUB\ComfyUI June Install\ComfyUI\custom_nodes\comfyui-modal\.slim\worktrees\resource-local-carryover-sep14\artifacts\dual_transport_carryover_20260916\new20\split\attempt_027.decision.json,artifacts/dual_transport_carryover_20260916/new20/split/attempt_027.decision.json,golden-p1-0-cedc092413a6,split,True,[],C:\Users\parla\OneDrive\Documents\AI HUB\ComfyUI June Install\ComfyUI\custom_nodes\comfyui-modal\.slim\worktrees\resource-local-carryover-sep14\artifacts\phase_p1_parallel_golden_v1\cohort_2026-09-16_23-39-09_d8ff2c\attempt_0.json,C:\Users\parla\OneDrive\Documents\AI HUB\ComfyUI June Install\ComfyUI\custom_nodes\comfyui-modal\.slim\worktrees\resource-local-carryover-sep14\artifacts\phase_p1_parallel_golden_v1\cohort_2026-09-16_23-39-09_d8ff2c\attempt_0.json,True,True,True,[],match
C:\Users\parla\OneDrive\Documents\AI HUB\ComfyUI June Install\ComfyUI\custom_nodes\comfyui-modal\.slim\worktrees\resource-local-carryover-sep14\artifacts\dual_transport_carryover_20260916\new20\split\attempt_028.decision.json,artifacts/dual_transport_carryover_20260916/new20/split/attempt_028.decision.json,golden-p1-0-1d519563ba2e,split,True,[],C:\Users\parla\OneDrive\Documents\AI HUB\ComfyUI June Install\ComfyUI\custom_nodes\comfyui-modal\.slim\worktrees\resource-local-carryover-sep14\artifacts\phase_p1_parallel_golden_v1\cohort_2026-09-16_23-39-59_eb0f93\attempt_0.json,C:\Users\parla\OneDrive\Documents\AI HUB\ComfyUI June Install\ComfyUI\custom_nodes\comfyui-modal\.slim\worktrees\resource-local-carryover-sep14\artifacts\phase_p1_parallel_golden_v1\cohort_2026-09-16_23-39-59_eb0f93\attempt_0.json,True,True,True,[],match
C:\Users\parla\OneDrive\Documents\AI HUB\ComfyUI June Install\ComfyUI\custom_nodes\comfyui-modal\.slim\worktrees\resource-local-carryover-sep14\artifacts\dual_transport_carryover_20260916\new20\split\attempt_029.decision.json,artifacts/dual_transport_carryover_20260916/new20/split/attempt_029.decision.json,golden-p1-0-1cf36f1ccb7b,split,True,[],C:\Users\parla\OneDrive\Documents\AI HUB\ComfyUI June Install\ComfyUI\custom_nodes\comfyui-modal\.slim\worktrees\resource-local-carryover-sep14\artifacts\phase_p1_parallel_golden_v1\cohort_2026-09-16_23-40-48_59e135\attempt_0.json,C:\Users\parla\OneDrive\Documents\AI HUB\ComfyUI June Install\ComfyUI\custom_nodes\comfyui-modal\.slim\worktrees\resource-local-carryover-sep14\artifacts\phase_p1_parallel_golden_v1\cohort_2026-09-16_23-40-48_59e135\attempt_0.json,True,True,True,[],match
C:\Users\parla\OneDrive\Documents\AI HUB\ComfyUI June Install\ComfyUI\custom_nodes\comfyui-modal\.slim\worktrees\resource-local-carryover-sep14\artifacts\dual_transport_carryover_20260916\new20\split\attempt_030.decision.json,artifacts/dual_transport_carryover_20260916/new20/split/attempt_030.decision.json,golden-p1-0-5c29e07fa082,split,True,[],C:\Users\parla\OneDrive\Documents\AI HUB\ComfyUI June Install\ComfyUI\custom_nodes\comfyui-modal\.slim\worktrees\resource-local-carryover-sep14\artifacts\phase_p1_parallel_golden_v1\cohort_2026-09-16_23-41-41_2d0e4d\attempt_0.json,C:\Users\parla\OneDrive\Documents\AI HUB\ComfyUI June Install\ComfyUI\custom_nodes\comfyui-modal\.slim\worktrees\resource-local-carryover-sep14\artifacts\phase_p1_parallel_golden_v1\cohort_2026-09-16_23-41-41_2d0e4d\attempt_0.json,True,True,True,[],match
C:\Users\parla\OneDrive\Documents\AI HUB\ComfyUI June Install\ComfyUI\custom_nodes\comfyui-modal\.slim\worktrees\resource-local-carryover-sep14\artifacts\dual_transport_carryover_20260916\new20\split\attempt_031.decision.json,artifacts/dual_transport_carryover_20260916/new20/split/attempt_031.decision.json,golden-p1-0-f795b3a3281f,split,True,[],C:\Users\parla\OneDrive\Documents\AI HUB\ComfyUI June Install\ComfyUI\custom_nodes\comfyui-modal\.slim\worktrees\resource-local-carryover-sep14\artifacts\phase_p1_parallel_golden_v1\cohort_2026-09-16_23-42-37_968cd9\attempt_0.json,C:\Users\parla\OneDrive\Documents\AI HUB\ComfyUI June Install\ComfyUI\custom_nodes\comfyui-modal\.slim\worktrees\resource-local-carryover-sep14\artifacts\phase_p1_parallel_golden_v1\cohort_2026-09-16_23-42-37_968cd9\attempt_0.json,True,True,True,[],match
C:\Users\parla\OneDrive\Documents\AI HUB\ComfyUI June Install\ComfyUI\custom_nodes\comfyui-modal\.slim\worktrees\resource-local-carryover-sep14\artifacts\dual_transport_carryover_20260916\new20\split\attempt_032.decision.json,artifacts/dual_transport_carryover_20260916/new20/split/attempt_032.decision.json,golden-p1-0-51fd5230eeee,split,True,[],C:\Users\parla\OneDrive\Documents\AI HUB\ComfyUI June Install\ComfyUI\custom_nodes\comfyui-modal\.slim\worktrees\resource-local-carryover-sep14\artifacts\phase_p1_parallel_golden_v1\cohort_2026-09-16_23-44-18_f68cd3\attempt_0.json,C:\Users\parla\OneDrive\Documents\AI HUB\ComfyUI June Install\ComfyUI\custom_nodes\comfyui-modal\.slim\worktrees\resource-local-carryover-sep14\artifacts\phase_p1_parallel_golden_v1\cohort_2026-09-16_23-44-18_f68cd3\attempt_0.json,True,True,True,[],match
C:\Users\parla\OneDrive\Documents\AI HUB\ComfyUI June Install\ComfyUI\custom_nodes\comfyui-modal\.slim\worktrees\resource-local-carryover-sep14\artifacts\dual_transport_carryover_20260916\new20\split\attempt_033.decision.json,artifacts/dual_transport_carryover_20260916/new20/split/attempt_033.decision.json,golden-p1-0-9638593aac2b,split,True,[],C:\Users\parla\OneDrive\Documents\AI HUB\ComfyUI June Install\ComfyUI\custom_nodes\comfyui-modal\.slim\worktrees\resource-local-carryover-sep14\artifacts\phase_p1_parallel_golden_v1\cohort_2026-09-16_23-45-12_869e58\attempt_0.json,C:\Users\parla\OneDrive\Documents\AI HUB\ComfyUI June Install\ComfyUI\custom_nodes\comfyui-modal\.slim\worktrees\resource-local-carryover-sep14\artifacts\phase_p1_parallel_golden_v1\cohort_2026-09-16_23-45-12_869e58\attempt_0.json,True,True,True,[],match
C:\Users\parla\OneDrive\Documents\AI HUB\ComfyUI June Install\ComfyUI\custom_nodes\comfyui-modal\.slim\worktrees\resource-local-carryover-sep14\artifacts\dual_transport_carryover_20260916\new20\split\attempt_034.decision.json,artifacts/dual_transport_carryover_20260916/new20/split/attempt_034.decision.json,golden-p1-0-3826114a6c00,split,True,[],C:\Users\parla\OneDrive\Documents\AI HUB\ComfyUI June Install\ComfyUI\custom_nodes\comfyui-modal\.slim\worktrees\resource-local-carryover-sep14\artifacts\phase_p1_parallel_golden_v1\cohort_2026-09-16_23-46-33_9cd9f2\attempt_0.json,C:\Users\parla\OneDrive\Documents\AI HUB\ComfyUI June Install\ComfyUI\custom_nodes\comfyui-modal\.slim\worktrees\resource-local-carryover-sep14\artifacts\phase_p1_parallel_golden_v1\cohort_2026-09-16_23-46-33_9cd9f2\attempt_0.json,True,True,True,[],match
C:\Users\parla\OneDrive\Documents\AI HUB\ComfyUI June Install\ComfyUI\custom_nodes\comfyui-modal\.slim\worktrees\resource-local-carryover-sep14\artifacts\dual_transport_carryover_20260916\new20\split\attempt_035.decision.json,artifacts/dual_transport_carryover_20260916/new20/split/attempt_035.decision.json,golden-p1-0-e0ddcc0aee55,split,True,[],C:\Users\parla\OneDrive\Documents\AI HUB\ComfyUI June Install\ComfyUI\custom_nodes\comfyui-modal\.slim\worktrees\resource-local-carryover-sep14\artifacts\phase_p1_parallel_golden_v1\cohort_2026-09-17_00-03-17_523b10\attempt_0.json,C:\Users\parla\OneDrive\Documents\AI HUB\ComfyUI June Install\ComfyUI\custom_nodes\comfyui-modal\.slim\worktrees\resource-local-carryover-sep14\artifacts\phase_p1_parallel_golden_v1\cohort_2026-09-17_00-03-17_523b10\attempt_0.json,True,True,True,[],match
C:\Users\parla\OneDrive\Documents\AI HUB\ComfyUI June Install\ComfyUI\custom_nodes\comfyui-modal\.slim\worktrees\resource-local-carryover-sep14\artifacts\dual_transport_carryover_20260916\new20\split\attempt_036.decision.json,artifacts/dual_transport_carryover_20260916/new20/split/attempt_036.decision.json,golden-p1-0-c55e34b7dff1,split,True,[],C:\Users\parla\OneDrive\Documents\AI HUB\ComfyUI June Install\ComfyUI\custom_nodes\comfyui-modal\.slim\worktrees\resource-local-carryover-sep14\artifacts\phase_p1_parallel_golden_v1\cohort_2026-09-17_00-04-20_59b784\attempt_0.json,C:\Users\parla\OneDrive\Documents\AI HUB\ComfyUI June Install\ComfyUI\custom_nodes\comfyui-modal\.slim\worktrees\resource-local-carryover-sep14\artifacts\phase_p1_parallel_golden_v1\cohort_2026-09-17_00-04-20_59b784\attempt_0.json,True,True,True,[],match
C:\Users\parla\OneDrive\Documents\AI HUB\ComfyUI June Install\ComfyUI\custom_nodes\comfyui-modal\.slim\worktrees\resource-local-carryover-sep14\artifacts\dual_transport_carryover_20260916\sham_followup_15_20260917\attempt_001.decision.json,artifacts/dual_transport_carryover_20260916/sham_followup_15_20260917/attempt_001.decision.json,golden-p1-0-bca55ee4d4f5,sham,True,[],C:\Users\parla\OneDrive\Documents\AI HUB\ComfyUI June Install\ComfyUI\custom_nodes\comfyui-modal\.slim\worktrees\resource-local-carryover-sep14\artifacts\phase_p1_parallel_golden_v1\cohort_2026-09-17_03-07-23_4f266f\attempt_0.json,C:\Users\parla\OneDrive\Documents\AI HUB\ComfyUI June Install\ComfyUI\custom_nodes\comfyui-modal\.slim\worktrees\resource-local-carryover-sep14\artifacts\phase_p1_parallel_golden_v1\cohort_2026-09-17_03-07-23_4f266f\attempt_0.json,True,True,True,[],match
C:\Users\parla\OneDrive\Documents\AI HUB\ComfyUI June Install\ComfyUI\custom_nodes\comfyui-modal\.slim\worktrees\resource-local-carryover-sep14\artifacts\dual_transport_carryover_20260916\sham_followup_15_20260917\attempt_002.decision.json,artifacts/dual_transport_carryover_20260916/sham_followup_15_20260917/attempt_002.decision.json,golden-p1-0-20ffd3348a64,sham,True,[],C:\Users\parla\OneDrive\Documents\AI HUB\ComfyUI June Install\ComfyUI\custom_nodes\comfyui-modal\.slim\worktrees\resource-local-carryover-sep14\artifacts\phase_p1_parallel_golden_v1\cohort_2026-09-17_03-11-05_ea996c\attempt_0.json,C:\Users\parla\OneDrive\Documents\AI HUB\ComfyUI June Install\ComfyUI\custom_nodes\comfyui-modal\.slim\worktrees\resource-local-carryover-sep14\artifacts\phase_p1_parallel_golden_v1\cohort_2026-09-17_03-11-05_ea996c\attempt_0.json,True,True,True,[],match
C:\Users\parla\OneDrive\Documents\AI HUB\ComfyUI June Install\ComfyUI\custom_nodes\comfyui-modal\.slim\worktrees\resource-local-carryover-sep14\artifacts\dual_transport_carryover_20260916\sham_followup_15_20260917\attempt_003.decision.json,artifacts/dual_transport_carryover_20260916/sham_followup_15_20260917/attempt_003.decision.json,golden-p1-0-fa5ee5036931,sham,True,[],C:\Users\parla\OneDrive\Documents\AI HUB\ComfyUI June Install\ComfyUI\custom_nodes\comfyui-modal\.slim\worktrees\resource-local-carryover-sep14\artifacts\phase_p1_parallel_golden_v1\cohort_2026-09-17_03-12-05_b4be6a\attempt_0.json,C:\Users\parla\OneDrive\Documents\AI HUB\ComfyUI June Install\ComfyUI\custom_nodes\comfyui-modal\.slim\worktrees\resource-local-carryover-sep14\artifacts\phase_p1_parallel_golden_v1\cohort_2026-09-17_03-12-05_b4be6a\attempt_0.json,True,True,True,[],match
C:\Users\parla\OneDrive\Documents\AI HUB\ComfyUI June Install\ComfyUI\custom_nodes\comfyui-modal\.slim\worktrees\resource-local-carryover-sep14\artifacts\dual_transport_carryover_20260916\sham_followup_15_20260917\attempt_004.decision.json,artifacts/dual_transport_carryover_20260916/sham_followup_15_20260917/attempt_004.decision.json,golden-p1-0-4ab2a4b26325,sham,True,[],C:\Users\parla\OneDrive\Documents\AI HUB\ComfyUI June Install\ComfyUI\custom_nodes\comfyui-modal\.slim\worktrees\resource-local-carryover-sep14\artifacts\phase_p1_parallel_golden_v1\cohort_2026-09-17_03-12-52_768ad7\attempt_0.json,C:\Users\parla\OneDrive\Documents\AI HUB\ComfyUI June Install\ComfyUI\custom_nodes\comfyui-modal\.slim\worktrees\resource-local-carryover-sep14\artifacts\phase_p1_parallel_golden_v1\cohort_2026-09-17_03-12-52_768ad7\attempt_0.json,True,True,True,[],match
C:\Users\parla\OneDrive\Documents\AI HUB\ComfyUI June Install\ComfyUI\custom_nodes\comfyui-modal\.slim\worktrees\resource-local-carryover-sep14\artifacts\dual_transport_carryover_20260916\sham_followup_15_20260917\attempt_005.decision.json,artifacts/dual_transport_carryover_20260916/sham_followup_15_20260917/attempt_005.decision.json,golden-p1-0-4a6d91e34623,sham,True,[],C:\Users\parla\OneDrive\Documents\AI HUB\ComfyUI June Install\ComfyUI\custom_nodes\comfyui-modal\.slim\worktrees\resource-local-carryover-sep14\artifacts\phase_p1_parallel_golden_v1\cohort_2026-09-17_03-13-39_f2776a\attempt_0.json,C:\Users\parla\OneDrive\Documents\AI HUB\ComfyUI June Install\ComfyUI\custom_nodes\comfyui-modal\.slim\worktrees\resource-local-carryover-sep14\artifacts\phase_p1_parallel_golden_v1\cohort_2026-09-17_03-13-39_f2776a\attempt_0.json,True,True,True,[],match
C:\Users\parla\OneDrive\Documents\AI HUB\ComfyUI June Install\ComfyUI\custom_nodes\comfyui-modal\.slim\worktrees\resource-local-carryover-sep14\artifacts\dual_transport_carryover_20260916\sham_followup_15_20260917\attempt_006.decision.json,artifacts/dual_transport_carryover_20260916/sham_followup_15_20260917/attempt_006.decision.json,golden-p1-0-31bfc8941f50,sham,True,[],C:\Users\parla\OneDrive\Documents\AI HUB\ComfyUI June Install\ComfyUI\custom_nodes\comfyui-modal\.slim\worktrees\resource-local-carryover-sep14\artifacts\phase_p1_parallel_golden_v1\cohort_2026-09-17_03-15-23_32a89d\attempt_0.json,C:\Users\parla\OneDrive\Documents\AI HUB\ComfyUI June Install\ComfyUI\custom_nodes\comfyui-modal\.slim\worktrees\resource-local-carryover-sep14\artifacts\phase_p1_parallel_golden_v1\cohort_2026-09-17_03-15-23_32a89d\attempt_0.json,True,True,True,[],match
C:\Users\parla\OneDrive\Documents\AI HUB\ComfyUI June Install\ComfyUI\custom_nodes\comfyui-modal\.slim\worktrees\resource-local-carryover-sep14\artifacts\dual_transport_carryover_20260916\sham_followup_15_20260917\attempt_007.decision.json,artifacts/dual_transport_carryover_20260916/sham_followup_15_20260917/attempt_007.decision.json,golden-p1-0-882148b2eca0,sham,True,[],C:\Users\parla\OneDrive\Documents\AI HUB\ComfyUI June Install\ComfyUI\custom_nodes\comfyui-modal\.slim\worktrees\resource-local-carryover-sep14\artifacts\phase_p1_parallel_golden_v1\cohort_2026-09-17_03-16-44_b8ca8c\attempt_0.json,C:\Users\parla\OneDrive\Documents\AI HUB\ComfyUI June Install\ComfyUI\custom_nodes\comfyui-modal\.slim\worktrees\resource-local-carryover-sep14\artifacts\phase_p1_parallel_golden_v1\cohort_2026-09-17_03-16-44_b8ca8c\attempt_0.json,True,True,True,[],match
C:\Users\parla\OneDrive\Documents\AI HUB\ComfyUI June Install\ComfyUI\custom_nodes\comfyui-modal\.slim\worktrees\resource-local-carryover-sep14\artifacts\dual_transport_carryover_20260916\sham_followup_15_20260917\attempt_008.decision.json,artifacts/dual_transport_carryover_20260916/sham_followup_15_20260917/attempt_008.decision.json,golden-p1-0-989a779e3893,sham,True,[],C:\Users\parla\OneDrive\Documents\AI HUB\ComfyUI June Install\ComfyUI\custom_nodes\comfyui-modal\.slim\worktrees\resource-local-carryover-sep14\artifacts\phase_p1_parallel_golden_v1\cohort_2026-09-17_03-17-37_308926\attempt_0.json,C:\Users\parla\OneDrive\Documents\AI HUB\ComfyUI June Install\ComfyUI\custom_nodes\comfyui-modal\.slim\worktrees\resource-local-carryover-sep14\artifacts\phase_p1_parallel_golden_v1\cohort_2026-09-17_03-17-37_308926\attempt_0.json,True,True,True,[],match
C:\Users\parla\OneDrive\Documents\AI HUB\ComfyUI June Install\ComfyUI\custom_nodes\comfyui-modal\.slim\worktrees\resource-local-carryover-sep14\artifacts\dual_transport_carryover_20260916\sham_followup_15_20260917\attempt_009.decision.json,artifacts/dual_transport_carryover_20260916/sham_followup_15_20260917/attempt_009.decision.json,golden-p1-0-907303a11d5c,sham,True,[],C:\Users\parla\OneDrive\Documents\AI HUB\ComfyUI June Install\ComfyUI\custom_nodes\comfyui-modal\.slim\worktrees\resource-local-carryover-sep14\artifacts\phase_p1_parallel_golden_v1\cohort_2026-09-17_03-20-58_014bda\attempt_0.json,C:\Users\parla\OneDrive\Documents\AI HUB\ComfyUI June Install\ComfyUI\custom_nodes\comfyui-modal\.slim\worktrees\resource-local-carryover-sep14\artifacts\phase_p1_parallel_golden_v1\cohort_2026-09-17_03-20-58_014bda\attempt_0.json,True,True,True,[],match
C:\Users\parla\OneDrive\Documents\AI HUB\ComfyUI June Install\ComfyUI\custom_nodes\comfyui-modal\.slim\worktrees\resource-local-carryover-sep14\artifacts\dual_transport_carryover_20260916\sham_followup_15_20260917\attempt_010.decision.json,artifacts/dual_transport_carryover_20260916/sham_followup_15_20260917/attempt_010.decision.json,golden-p1-0-b7fdd92f9e9e,sham,True,[],C:\Users\parla\OneDrive\Documents\AI HUB\ComfyUI June Install\ComfyUI\custom_nodes\comfyui-modal\.slim\worktrees\resource-local-carryover-sep14\artifacts\phase_p1_parallel_golden_v1\cohort_2026-09-17_03-21-47_7e4b3d\attempt_0.json,C:\Users\parla\OneDrive\Documents\AI HUB\ComfyUI June Install\ComfyUI\custom_nodes\comfyui-modal\.slim\worktrees\resource-local-carryover-sep14\artifacts\phase_p1_parallel_golden_v1\cohort_2026-09-17_03-21-47_7e4b3d\attempt_0.json,True,True,True,[],match
C:\Users\parla\OneDrive\Documents\AI HUB\ComfyUI June Install\ComfyUI\custom_nodes\comfyui-modal\.slim\worktrees\resource-local-carryover-sep14\artifacts\dual_transport_carryover_20260916\sham_followup_15_20260917\attempt_011.decision.json,artifacts/dual_transport_carryover_20260916/sham_followup_15_20260917/attempt_011.decision.json,golden-p1-0-49cd54fb17f9,sham,True,[],C:\Users\parla\OneDrive\Documents\AI HUB\ComfyUI June Install\ComfyUI\custom_nodes\comfyui-modal\.slim\worktrees\resource-local-carryover-sep14\artifacts\phase_p1_parallel_golden_v1\cohort_2026-09-17_03-24-20_2bc73e\attempt_0.json,C:\Users\parla\OneDrive\Documents\AI HUB\ComfyUI June Install\ComfyUI\custom_nodes\comfyui-modal\.slim\worktrees\resource-local-carryover-sep14\artifacts\phase_p1_parallel_golden_v1\cohort_2026-09-17_03-24-20_2bc73e\attempt_0.json,True,True,True,[],match
C:\Users\parla\OneDrive\Documents\AI HUB\ComfyUI June Install\ComfyUI\custom_nodes\comfyui-modal\.slim\worktrees\resource-local-carryover-sep14\artifacts\dual_transport_carryover_20260916\sham_followup_15_20260917\attempt_012.decision.json,artifacts/dual_transport_carryover_20260916/sham_followup_15_20260917/attempt_012.decision.json,golden-p1-0-5e93a6427ce9,sham,True,[],C:\Users\parla\OneDrive\Documents\AI HUB\ComfyUI June Install\ComfyUI\custom_nodes\comfyui-modal\.slim\worktrees\resource-local-carryover-sep14\artifacts\phase_p1_parallel_golden_v1\cohort_2026-09-17_03-26-27_4ff07a\attempt_0.json,C:\Users\parla\OneDrive\Documents\AI HUB\ComfyUI June Install\ComfyUI\custom_nodes\comfyui-modal\.slim\worktrees\resource-local-carryover-sep14\artifacts\phase_p1_parallel_golden_v1\cohort_2026-09-17_03-26-27_4ff07a\attempt_0.json,True,True,True,[],match
C:\Users\parla\OneDrive\Documents\AI HUB\ComfyUI June Install\ComfyUI\custom_nodes\comfyui-modal\.slim\worktrees\resource-local-carryover-sep14\artifacts\dual_transport_carryover_20260916\sham_followup_15_20260917\attempt_013.decision.json,artifacts/dual_transport_carryover_20260916/sham_followup_15_20260917/attempt_013.decision.json,golden-p1-0-713c16a9741b,sham,True,[],C:\Users\parla\OneDrive\Documents\AI HUB\ComfyUI June Install\ComfyUI\custom_nodes\comfyui-modal\.slim\worktrees\resource-local-carryover-sep14\artifacts\phase_p1_parallel_golden_v1\cohort_2026-09-17_03-27-33_7d3b35\attempt_0.json,C:\Users\parla\OneDrive\Documents\AI HUB\ComfyUI June Install\ComfyUI\custom_nodes\comfyui-modal\.slim\worktrees\resource-local-carryover-sep14\artifacts\phase_p1_parallel_golden_v1\cohort_2026-09-17_03-27-33_7d3b35\attempt_0.json,True,True,True,[],match
C:\Users\parla\OneDrive\Documents\AI HUB\ComfyUI June Install\ComfyUI\custom_nodes\comfyui-modal\.slim\worktrees\resource-local-carryover-sep14\artifacts\dual_transport_carryover_20260916\sham_followup_15_20260917\attempt_014.decision.json,artifacts/dual_transport_carryover_20260916/sham_followup_15_20260917/attempt_014.decision.json,golden-p1-0-b0fefeb2a4cb,sham,True,[],C:\Users\parla\OneDrive\Documents\AI HUB\ComfyUI June Install\ComfyUI\custom_nodes\comfyui-modal\.slim\worktrees\resource-local-carryover-sep14\artifacts\phase_p1_parallel_golden_v1\cohort_2026-09-17_03-28-34_763695\attempt_0.json,C:\Users\parla\OneDrive\Documents\AI HUB\ComfyUI June Install\ComfyUI\custom_nodes\comfyui-modal\.slim\worktrees\resource-local-carryover-sep14\artifacts\phase_p1_parallel_golden_v1\cohort_2026-09-17_03-28-34_763695\attempt_0.json,True,True,True,[],match
C:\Users\parla\OneDrive\Documents\AI HUB\ComfyUI June Install\ComfyUI\custom_nodes\comfyui-modal\.slim\worktrees\resource-local-carryover-sep14\artifacts\dual_transport_carryover_20260916\sham_followup_15_20260917\attempt_015.decision.json,artifacts/dual_transport_carryover_20260916/sham_followup_15_20260917/attempt_015.decision.json,golden-p1-0-c567cb9ddeb6,sham,True,[],C:\Users\parla\OneDrive\Documents\AI HUB\ComfyUI June Install\ComfyUI\custom_nodes\comfyui-modal\.slim\worktrees\resource-local-carryover-sep14\artifacts\phase_p1_parallel_golden_v1\cohort_2026-09-17_03-31-49_15c5ec\attempt_0.json,C:\Users\parla\OneDrive\Documents\AI HUB\ComfyUI June Install\ComfyUI\custom_nodes\comfyui-modal\.slim\worktrees\resource-local-carryover-sep14\artifacts\phase_p1_parallel_golden_v1\cohort_2026-09-17_03-31-49_15c5ec\attempt_0.json,True,True,True,[],match
C:\Users\parla\OneDrive\Documents\AI HUB\ComfyUI June Install\ComfyUI\custom_nodes\comfyui-modal\.slim\worktrees\resource-local-carryover-sep14\artifacts\dual_transport_carryover_20260916\split_followup_20_20260917\attempt_001.decision.json,artifacts/dual_transport_carryover_20260916/split_followup_20_20260917/attempt_001.decision.json,golden-p1-0-6a375dac8927,split,True,[],C:\Users\parla\OneDrive\Documents\AI HUB\ComfyUI June Install\ComfyUI\custom_nodes\comfyui-modal\.slim\worktrees\resource-local-carryover-sep14\artifacts\phase_p1_parallel_golden_v1\cohort_2026-09-17_02-18-07_42ac35\attempt_0.json,C:\Users\parla\OneDrive\Documents\AI HUB\ComfyUI June Install\ComfyUI\custom_nodes\comfyui-modal\.slim\worktrees\resource-local-carryover-sep14\artifacts\phase_p1_parallel_golden_v1\cohort_2026-09-17_02-18-07_42ac35\attempt_0.json,True,True,True,[],match
C:\Users\parla\OneDrive\Documents\AI HUB\ComfyUI June Install\ComfyUI\custom_nodes\comfyui-modal\.slim\worktrees\resource-local-carryover-sep14\artifacts\dual_transport_carryover_20260916\split_followup_20_20260917\attempt_002.decision.json,artifacts/dual_transport_carryover_20260916/split_followup_20_20260917/attempt_002.decision.json,golden-p1-0-79d116930c41,split,True,[],C:\Users\parla\OneDrive\Documents\AI HUB\ComfyUI June Install\ComfyUI\custom_nodes\comfyui-modal\.slim\worktrees\resource-local-carryover-sep14\artifacts\phase_p1_parallel_golden_v1\cohort_2026-09-17_02-19-04_7fa2bf\attempt_0.json,C:\Users\parla\OneDrive\Documents\AI HUB\ComfyUI June Install\ComfyUI\custom_nodes\comfyui-modal\.slim\worktrees\resource-local-carryover-sep14\artifacts\phase_p1_parallel_golden_v1\cohort_2026-09-17_02-19-04_7fa2bf\attempt_0.json,True,True,True,[],match
C:\Users\parla\OneDrive\Documents\AI HUB\ComfyUI June Install\ComfyUI\custom_nodes\comfyui-modal\.slim\worktrees\resource-local-carryover-sep14\artifacts\dual_transport_carryover_20260916\split_followup_20_20260917\attempt_003.decision.json,artifacts/dual_transport_carryover_20260916/split_followup_20_20260917/attempt_003.decision.json,golden-p1-0-cf4f240d3d6c,split,True,[],C:\Users\parla\OneDrive\Documents\AI HUB\ComfyUI June Install\ComfyUI\custom_nodes\comfyui-modal\.slim\worktrees\resource-local-carryover-sep14\artifacts\phase_p1_parallel_golden_v1\cohort_2026-09-17_02-22-59_842af9\attempt_0.json,C:\Users\parla\OneDrive\Documents\AI HUB\ComfyUI June Install\ComfyUI\custom_nodes\comfyui-modal\.slim\worktrees\resource-local-carryover-sep14\artifacts\phase_p1_parallel_golden_v1\cohort_2026-09-17_02-22-59_842af9\attempt_0.json,True,True,True,[],match
C:\Users\parla\OneDrive\Documents\AI HUB\ComfyUI June Install\ComfyUI\custom_nodes\comfyui-modal\.slim\worktrees\resource-local-carryover-sep14\artifacts\dual_transport_carryover_20260916\split_followup_20_20260917\attempt_004.decision.json,artifacts/dual_transport_carryover_20260916/split_followup_20_20260917/attempt_004.decision.json,golden-p1-0-ae58e06b7153,split,True,[],C:\Users\parla\OneDrive\Documents\AI HUB\ComfyUI June Install\ComfyUI\custom_nodes\comfyui-modal\.slim\worktrees\resource-local-carryover-sep14\artifacts\phase_p1_parallel_golden_v1\cohort_2026-09-17_02-23-57_472c20\attempt_0.json,C:\Users\parla\OneDrive\Documents\AI HUB\ComfyUI June Install\ComfyUI\custom_nodes\comfyui-modal\.slim\worktrees\resource-local-carryover-sep14\artifacts\phase_p1_parallel_golden_v1\cohort_2026-09-17_02-23-57_472c20\attempt_0.json,True,True,True,[],match
C:\Users\parla\OneDrive\Documents\AI HUB\ComfyUI June Install\ComfyUI\custom_nodes\comfyui-modal\.slim\worktrees\resource-local-carryover-sep14\artifacts\dual_transport_carryover_20260916\split_followup_20_20260917\attempt_005.decision.json,artifacts/dual_transport_carryover_20260916/split_followup_20_20260917/attempt_005.decision.json,golden-p1-0-d8df15190c1e,split,True,[],C:\Users\parla\OneDrive\Documents\AI HUB\ComfyUI June Install\ComfyUI\custom_nodes\comfyui-modal\.slim\worktrees\resource-local-carryover-sep14\artifacts\phase_p1_parallel_golden_v1\cohort_2026-09-17_02-24-49_9968f4\attempt_0.json,C:\Users\parla\OneDrive\Documents\AI HUB\ComfyUI June Install\ComfyUI\custom_nodes\comfyui-modal\.slim\worktrees\resource-local-carryover-sep14\artifacts\phase_p1_parallel_golden_v1\cohort_2026-09-17_02-24-49_9968f4\attempt_0.json,True,True,True,[],match
C:\Users\parla\OneDrive\Documents\AI HUB\ComfyUI June Install\ComfyUI\custom_nodes\comfyui-modal\.slim\worktrees\resource-local-carryover-sep14\artifacts\dual_transport_carryover_20260916\split_followup_20_20260917\attempt_006.decision.json,artifacts/dual_transport_carryover_20260916/split_followup_20_20260917/attempt_006.decision.json,golden-p1-0-f5508707fe42,split,True,[],C:\Users\parla\OneDrive\Documents\AI HUB\ComfyUI June Install\ComfyUI\custom_nodes\comfyui-modal\.slim\worktrees\resource-local-carryover-sep14\artifacts\phase_p1_parallel_golden_v1\cohort_2026-09-17_02-33-28_dd2fa3\attempt_0.json,C:\Users\parla\OneDrive\Documents\AI HUB\ComfyUI June Install\ComfyUI\custom_nodes\comfyui-modal\.slim\worktrees\resource-local-carryover-sep14\artifacts\phase_p1_parallel_golden_v1\cohort_2026-09-17_02-33-28_dd2fa3\attempt_0.json,True,True,True,[],match
C:\Users\parla\OneDrive\Documents\AI HUB\ComfyUI June Install\ComfyUI\custom_nodes\comfyui-modal\.slim\worktrees\resource-local-carryover-sep14\artifacts\dual_transport_carryover_20260916\split_followup_20_20260917\attempt_007.decision.json,artifacts/dual_transport_carryover_20260916/split_followup_20_20260917/attempt_007.decision.json,golden-p1-0-27fb0c70c6c7,split,True,[],C:\Users\parla\OneDrive\Documents\AI HUB\ComfyUI June Install\ComfyUI\custom_nodes\comfyui-modal\.slim\worktrees\resource-local-carryover-sep14\artifacts\phase_p1_parallel_golden_v1\cohort_2026-09-17_02-38-03_112e06\attempt_0.json,C:\Users\parla\OneDrive\Documents\AI HUB\ComfyUI June Install\ComfyUI\custom_nodes\comfyui-modal\.slim\worktrees\resource-local-carryover-sep14\artifacts\phase_p1_parallel_golden_v1\cohort_2026-09-17_02-38-03_112e06\attempt_0.json,True,True,True,[],match
C:\Users\parla\OneDrive\Documents\AI HUB\ComfyUI June Install\ComfyUI\custom_nodes\comfyui-modal\.slim\worktrees\resource-local-carryover-sep14\artifacts\dual_transport_carryover_20260916\split_followup_20_20260917\attempt_008.decision.json,artifacts/dual_transport_carryover_20260916/split_followup_20_20260917/attempt_008.decision.json,golden-p1-0-db19026e4982,split,True,[],C:\Users\parla\OneDrive\Documents\AI HUB\ComfyUI June Install\ComfyUI\custom_nodes\comfyui-modal\.slim\worktrees\resource-local-carryover-sep14\artifacts\phase_p1_parallel_golden_v1\cohort_2026-09-17_02-40-41_577a42\attempt_0.json,C:\Users\parla\OneDrive\Documents\AI HUB\ComfyUI June Install\ComfyUI\custom_nodes\comfyui-modal\.slim\worktrees\resource-local-carryover-sep14\artifacts\phase_p1_parallel_golden_v1\cohort_2026-09-17_02-40-41_577a42\attempt_0.json,True,True,True,[],match
C:\Users\parla\OneDrive\Documents\AI HUB\ComfyUI June Install\ComfyUI\custom_nodes\comfyui-modal\.slim\worktrees\resource-local-carryover-sep14\artifacts\dual_transport_carryover_20260916\split_followup_20_20260917\attempt_009.decision.json,artifacts/dual_transport_carryover_20260916/split_followup_20_20260917/attempt_009.decision.json,golden-p1-0-f18b437f0d56,split,True,[],C:\Users\parla\OneDrive\Documents\AI HUB\ComfyUI June Install\ComfyUI\custom_nodes\comfyui-modal\.slim\worktrees\resource-local-carryover-sep14\artifacts\phase_p1_parallel_golden_v1\cohort_2026-09-17_02-41-57_f0fcd3\attempt_0.json,C:\Users\parla\OneDrive\Documents\AI HUB\ComfyUI June Install\ComfyUI\custom_nodes\comfyui-modal\.slim\worktrees\resource-local-carryover-sep14\artifacts\phase_p1_parallel_golden_v1\cohort_2026-09-17_02-41-57_f0fcd3\attempt_0.json,True,True,True,[],match
C:\Users\parla\OneDrive\Documents\AI HUB\ComfyUI June Install\ComfyUI\custom_nodes\comfyui-modal\.slim\worktrees\resource-local-carryover-sep14\artifacts\dual_transport_carryover_20260916\split_followup_20_20260917\attempt_010.decision.json,artifacts/dual_transport_carryover_20260916/split_followup_20_20260917/attempt_010.decision.json,golden-p1-0-4c1077909e17,split,True,[],C:\Users\parla\OneDrive\Documents\AI HUB\ComfyUI June Install\ComfyUI\custom_nodes\comfyui-modal\.slim\worktrees\resource-local-carryover-sep14\artifacts\phase_p1_parallel_golden_v1\cohort_2026-09-17_02-43-24_4d5609\attempt_0.json,C:\Users\parla\OneDrive\Documents\AI HUB\ComfyUI June Install\ComfyUI\custom_nodes\comfyui-modal\.slim\worktrees\resource-local-carryover-sep14\artifacts\phase_p1_parallel_golden_v1\cohort_2026-09-17_02-43-24_4d5609\attempt_0.json,True,True,True,[],match
C:\Users\parla\OneDrive\Documents\AI HUB\ComfyUI June Install\ComfyUI\custom_nodes\comfyui-modal\.slim\worktrees\resource-local-carryover-sep14\artifacts\dual_transport_carryover_20260916\split_followup_20_20260917\attempt_011.decision.json,artifacts/dual_transport_carryover_20260916/split_followup_20_20260917/attempt_011.decision.json,golden-p1-0-925d7329000b,split,True,[],C:\Users\parla\OneDrive\Documents\AI HUB\ComfyUI June Install\ComfyUI\custom_nodes\comfyui-modal\.slim\worktrees\resource-local-carryover-sep14\artifacts\phase_p1_parallel_golden_v1\cohort_2026-09-17_02-44-11_e6d696\attempt_0.json,C:\Users\parla\OneDrive\Documents\AI HUB\ComfyUI June Install\ComfyUI\custom_nodes\comfyui-modal\.slim\worktrees\resource-local-carryover-sep14\artifacts\phase_p1_parallel_golden_v1\cohort_2026-09-17_02-44-11_e6d696\attempt_0.json,True,True,True,[],match
C:\Users\parla\OneDrive\Documents\AI HUB\ComfyUI June Install\ComfyUI\custom_nodes\comfyui-modal\.slim\worktrees\resource-local-carryover-sep14\artifacts\dual_transport_carryover_20260916\split_followup_20_20260917\attempt_012.decision.json,artifacts/dual_transport_carryover_20260916/split_followup_20_20260917/attempt_012.decision.json,golden-p1-0-b372d8d741ca,split,True,[],C:\Users\parla\OneDrive\Documents\AI HUB\ComfyUI June Install\ComfyUI\custom_nodes\comfyui-modal\.slim\worktrees\resource-local-carryover-sep14\artifacts\phase_p1_parallel_golden_v1\cohort_2026-09-17_02-44-59_a1184f\attempt_0.json,C:\Users\parla\OneDrive\Documents\AI HUB\ComfyUI June Install\ComfyUI\custom_nodes\comfyui-modal\.slim\worktrees\resource-local-carryover-sep14\artifacts\phase_p1_parallel_golden_v1\cohort_2026-09-17_02-44-59_a1184f\attempt_0.json,True,True,True,[],match
C:\Users\parla\OneDrive\Documents\AI HUB\ComfyUI June Install\ComfyUI\custom_nodes\comfyui-modal\.slim\worktrees\resource-local-carryover-sep14\artifacts\dual_transport_carryover_20260916\split_followup_20_20260917\attempt_013.decision.json,artifacts/dual_transport_carryover_20260916/split_followup_20_20260917/attempt_013.decision.json,golden-p1-0-c62b32c32ac0,split,True,[],C:\Users\parla\OneDrive\Documents\AI HUB\ComfyUI June Install\ComfyUI\custom_nodes\comfyui-modal\.slim\worktrees\resource-local-carryover-sep14\artifacts\phase_p1_parallel_golden_v1\cohort_2026-09-17_02-45-45_ab4810\attempt_0.json,C:\Users\parla\OneDrive\Documents\AI HUB\ComfyUI June Install\ComfyUI\custom_nodes\comfyui-modal\.slim\worktrees\resource-local-carryover-sep14\artifacts\phase_p1_parallel_golden_v1\cohort_2026-09-17_02-45-45_ab4810\attempt_0.json,True,True,True,[],match
C:\Users\parla\OneDrive\Documents\AI HUB\ComfyUI June Install\ComfyUI\custom_nodes\comfyui-modal\.slim\worktrees\resource-local-carryover-sep14\artifacts\dual_transport_carryover_20260916\split_followup_20_20260917\attempt_014.decision.json,artifacts/dual_transport_carryover_20260916/split_followup_20_20260917/attempt_014.decision.json,golden-p1-0-c276ea38dc2a,split,True,[],C:\Users\parla\OneDrive\Documents\AI HUB\ComfyUI June Install\ComfyUI\custom_nodes\comfyui-modal\.slim\worktrees\resource-local-carryover-sep14\artifacts\phase_p1_parallel_golden_v1\cohort_2026-09-17_02-46-33_14ec27\attempt_0.json,C:\Users\parla\OneDrive\Documents\AI HUB\ComfyUI June Install\ComfyUI\custom_nodes\comfyui-modal\.slim\worktrees\resource-local-carryover-sep14\artifacts\phase_p1_parallel_golden_v1\cohort_2026-09-17_02-46-33_14ec27\attempt_0.json,True,True,True,[],match
C:\Users\parla\OneDrive\Documents\AI HUB\ComfyUI June Install\ComfyUI\custom_nodes\comfyui-modal\.slim\worktrees\resource-local-carryover-sep14\artifacts\dual_transport_carryover_20260916\split_followup_20_20260917\attempt_015.decision.json,artifacts/dual_transport_carryover_20260916/split_followup_20_20260917/attempt_015.decision.json,golden-p1-0-fdb090816a7d,split,True,[],C:\Users\parla\OneDrive\Documents\AI HUB\ComfyUI June Install\ComfyUI\custom_nodes\comfyui-modal\.slim\worktrees\resource-local-carryover-sep14\artifacts\phase_p1_parallel_golden_v1\cohort_2026-09-17_02-47-26_8e2976\attempt_0.json,C:\Users\parla\OneDrive\Documents\AI HUB\ComfyUI June Install\ComfyUI\custom_nodes\comfyui-modal\.slim\worktrees\resource-local-carryover-sep14\artifacts\phase_p1_parallel_golden_v1\cohort_2026-09-17_02-47-26_8e2976\attempt_0.json,True,True,True,[],match
C:\Users\parla\OneDrive\Documents\AI HUB\ComfyUI June Install\ComfyUI\custom_nodes\comfyui-modal\.slim\worktrees\resource-local-carryover-sep14\artifacts\dual_transport_carryover_20260916\split_followup_20_20260917\attempt_016.decision.json,artifacts/dual_transport_carryover_20260916/split_followup_20_20260917/attempt_016.decision.json,golden-p1-0-0ccc2b0f86af,split,True,[],C:\Users\parla\OneDrive\Documents\AI HUB\ComfyUI June Install\ComfyUI\custom_nodes\comfyui-modal\.slim\worktrees\resource-local-carryover-sep14\artifacts\phase_p1_parallel_golden_v1\cohort_2026-09-17_02-48-15_edce0e\attempt_0.json,C:\Users\parla\OneDrive\Documents\AI HUB\ComfyUI June Install\ComfyUI\custom_nodes\comfyui-modal\.slim\worktrees\resource-local-carryover-sep14\artifacts\phase_p1_parallel_golden_v1\cohort_2026-09-17_02-48-15_edce0e\attempt_0.json,True,True,True,[],match
C:\Users\parla\OneDrive\Documents\AI HUB\ComfyUI June Install\ComfyUI\custom_nodes\comfyui-modal\.slim\worktrees\resource-local-carryover-sep14\artifacts\dual_transport_carryover_20260916\split_followup_20_20260917\attempt_017.decision.json,artifacts/dual_transport_carryover_20260916/split_followup_20_20260917/attempt_017.decision.json,golden-p1-0-9c18ee29b69b,split,True,[],C:\Users\parla\OneDrive\Documents\AI HUB\ComfyUI June Install\ComfyUI\custom_nodes\comfyui-modal\.slim\worktrees\resource-local-carryover-sep14\artifacts\phase_p1_parallel_golden_v1\cohort_2026-09-17_02-49-03_8b75f1\attempt_0.json,C:\Users\parla\OneDrive\Documents\AI HUB\ComfyUI June Install\ComfyUI\custom_nodes\comfyui-modal\.slim\worktrees\resource-local-carryover-sep14\artifacts\phase_p1_parallel_golden_v1\cohort_2026-09-17_02-49-03_8b75f1\attempt_0.json,True,True,True,[],match
C:\Users\parla\OneDrive\Documents\AI HUB\ComfyUI June Install\ComfyUI\custom_nodes\comfyui-modal\.slim\worktrees\resource-local-carryover-sep14\artifacts\dual_transport_carryover_20260916\split_followup_20_20260917\attempt_018.decision.json,artifacts/dual_transport_carryover_20260916/split_followup_20_20260917/attempt_018.decision.json,golden-p1-0-8cade6264875,split,True,[],C:\Users\parla\OneDrive\Documents\AI HUB\ComfyUI June Install\ComfyUI\custom_nodes\comfyui-modal\.slim\worktrees\resource-local-carryover-sep14\artifacts\phase_p1_parallel_golden_v1\cohort_2026-09-17_02-49-53_5cc324\attempt_0.json,C:\Users\parla\OneDrive\Documents\AI HUB\ComfyUI June Install\ComfyUI\custom_nodes\comfyui-modal\.slim\worktrees\resource-local-carryover-sep14\artifacts\phase_p1_parallel_golden_v1\cohort_2026-09-17_02-49-53_5cc324\attempt_0.json,True,True,True,[],match
C:\Users\parla\OneDrive\Documents\AI HUB\ComfyUI June Install\ComfyUI\custom_nodes\comfyui-modal\.slim\worktrees\resource-local-carryover-sep14\artifacts\dual_transport_carryover_20260916\split_followup_20_20260917\attempt_019.decision.json,artifacts/dual_transport_carryover_20260916/split_followup_20_20260917/attempt_019.decision.json,golden-p1-0-5f9470cfb95a,split,True,[],C:\Users\parla\OneDrive\Documents\AI HUB\ComfyUI June Install\ComfyUI\custom_nodes\comfyui-modal\.slim\worktrees\resource-local-carryover-sep14\artifacts\phase_p1_parallel_golden_v1\cohort_2026-09-17_02-51-37_e65cce\attempt_0.json,C:\Users\parla\OneDrive\Documents\AI HUB\ComfyUI June Install\ComfyUI\custom_nodes\comfyui-modal\.slim\worktrees\resource-local-carryover-sep14\artifacts\phase_p1_parallel_golden_v1\cohort_2026-09-17_02-51-37_e65cce\attempt_0.json,True,True,True,[],match
C:\Users\parla\OneDrive\Documents\AI HUB\ComfyUI June Install\ComfyUI\custom_nodes\comfyui-modal\.slim\worktrees\resource-local-carryover-sep14\artifacts\dual_transport_carryover_20260916\split_followup_20_20260917\attempt_020.decision.json,artifacts/dual_transport_carryover_20260916/split_followup_20_20260917/attempt_020.decision.json,golden-p1-0-5d6d28753d08,split,True,[],C:\Users\parla\OneDrive\Documents\AI HUB\ComfyUI June Install\ComfyUI\custom_nodes\comfyui-modal\.slim\worktrees\resource-local-carryover-sep14\artifacts\phase_p1_parallel_golden_v1\cohort_2026-09-17_02-52-58_8136cd\attempt_0.json,C:\Users\parla\OneDrive\Documents\AI HUB\ComfyUI June Install\ComfyUI\custom_nodes\comfyui-modal\.slim\worktrees\resource-local-carryover-sep14\artifacts\phase_p1_parallel_golden_v1\cohort_2026-09-17_02-52-58_8136cd\attempt_0.json,True,True,True,[],match
C:\Users\parla\OneDrive\Documents\AI HUB\ComfyUI June Install\ComfyUI\custom_nodes\comfyui-modal\.slim\worktrees\resource-local-carryover-sep14\artifacts\dual_transport_carryover_20260916\split_followup_20_round2_20260917\attempt_001.decision.json,artifacts/dual_transport_carryover_20260916/split_followup_20_round2_20260917/attempt_001.decision.json,golden-p1-0-9ea42fdf37d7,split,True,[],C:\Users\parla\OneDrive\Documents\AI HUB\ComfyUI June Install\ComfyUI\custom_nodes\comfyui-modal\.slim\worktrees\resource-local-carryover-sep14\artifacts\phase_p1_parallel_golden_v1\cohort_2026-09-17_03-07-23_2bd3e3\attempt_0.json,C:\Users\parla\OneDrive\Documents\AI HUB\ComfyUI June Install\ComfyUI\custom_nodes\comfyui-modal\.slim\worktrees\resource-local-carryover-sep14\artifacts\phase_p1_parallel_golden_v1\cohort_2026-09-17_03-07-23_2bd3e3\attempt_0.json,True,True,True,[],match
C:\Users\parla\OneDrive\Documents\AI HUB\ComfyUI June Install\ComfyUI\custom_nodes\comfyui-modal\.slim\worktrees\resource-local-carryover-sep14\artifacts\dual_transport_carryover_20260916\split_followup_20_round2_20260917\attempt_002.decision.json,artifacts/dual_transport_carryover_20260916/split_followup_20_round2_20260917/attempt_002.decision.json,golden-p1-0-d28e7a1afa46,split,True,[],C:\Users\parla\OneDrive\Documents\AI HUB\ComfyUI June Install\ComfyUI\custom_nodes\comfyui-modal\.slim\worktrees\resource-local-carryover-sep14\artifacts\phase_p1_parallel_golden_v1\cohort_2026-09-17_03-11-30_42dc5b\attempt_0.json,C:\Users\parla\OneDrive\Documents\AI HUB\ComfyUI June Install\ComfyUI\custom_nodes\comfyui-modal\.slim\worktrees\resource-local-carryover-sep14\artifacts\phase_p1_parallel_golden_v1\cohort_2026-09-17_03-11-30_42dc5b\attempt_0.json,True,True,True,[],match
C:\Users\parla\OneDrive\Documents\AI HUB\ComfyUI June Install\ComfyUI\custom_nodes\comfyui-modal\.slim\worktrees\resource-local-carryover-sep14\artifacts\dual_transport_carryover_20260916\split_followup_20_round2_20260917\attempt_003.decision.json,artifacts/dual_transport_carryover_20260916/split_followup_20_round2_20260917/attempt_003.decision.json,golden-p1-0-8a94295fb53e,split,True,[],C:\Users\parla\OneDrive\Documents\AI HUB\ComfyUI June Install\ComfyUI\custom_nodes\comfyui-modal\.slim\worktrees\resource-local-carryover-sep14\artifacts\phase_p1_parallel_golden_v1\cohort_2026-09-17_03-12-22_276a6b\attempt_0.json,C:\Users\parla\OneDrive\Documents\AI HUB\ComfyUI June Install\ComfyUI\custom_nodes\comfyui-modal\.slim\worktrees\resource-local-carryover-sep14\artifacts\phase_p1_parallel_golden_v1\cohort_2026-09-17_03-12-22_276a6b\attempt_0.json,True,True,True,[],match
C:\Users\parla\OneDrive\Documents\AI HUB\ComfyUI June Install\ComfyUI\custom_nodes\comfyui-modal\.slim\worktrees\resource-local-carryover-sep14\artifacts\dual_transport_carryover_20260916\split_followup_20_round2_20260917\attempt_004.decision.json,artifacts/dual_transport_carryover_20260916/split_followup_20_round2_20260917/attempt_004.decision.json,golden-p1-0-034908961bcd,split,True,[],C:\Users\parla\OneDrive\Documents\AI HUB\ComfyUI June Install\ComfyUI\custom_nodes\comfyui-modal\.slim\worktrees\resource-local-carryover-sep14\artifacts\phase_p1_parallel_golden_v1\cohort_2026-09-17_03-13-12_81c4e1\attempt_0.json,C:\Users\parla\OneDrive\Documents\AI HUB\ComfyUI June Install\ComfyUI\custom_nodes\comfyui-modal\.slim\worktrees\resource-local-carryover-sep14\artifacts\phase_p1_parallel_golden_v1\cohort_2026-09-17_03-13-12_81c4e1\attempt_0.json,True,True,True,[],match
C:\Users\parla\OneDrive\Documents\AI HUB\ComfyUI June Install\ComfyUI\custom_nodes\comfyui-modal\.slim\worktrees\resource-local-carryover-sep14\artifacts\dual_transport_carryover_20260916\split_followup_20_round2_20260917\attempt_005.decision.json,artifacts/dual_transport_carryover_20260916/split_followup_20_round2_20260917/attempt_005.decision.json,golden-p1-0-0c642e4dc5a7,split,True,[],C:\Users\parla\OneDrive\Documents\AI HUB\ComfyUI June Install\ComfyUI\custom_nodes\comfyui-modal\.slim\worktrees\resource-local-carryover-sep14\artifacts\phase_p1_parallel_golden_v1\cohort_2026-09-17_03-14-06_8c72bc\attempt_0.json,C:\Users\parla\OneDrive\Documents\AI HUB\ComfyUI June Install\ComfyUI\custom_nodes\comfyui-modal\.slim\worktrees\resource-local-carryover-sep14\artifacts\phase_p1_parallel_golden_v1\cohort_2026-09-17_03-14-06_8c72bc\attempt_0.json,True,True,True,[],match
C:\Users\parla\OneDrive\Documents\AI HUB\ComfyUI June Install\ComfyUI\custom_nodes\comfyui-modal\.slim\worktrees\resource-local-carryover-sep14\artifacts\dual_transport_carryover_20260916\split_followup_20_round2_20260917\attempt_006.decision.json,artifacts/dual_transport_carryover_20260916/split_followup_20_round2_20260917/attempt_006.decision.json,golden-p1-0-438132260083,split,True,[],C:\Users\parla\OneDrive\Documents\AI HUB\ComfyUI June Install\ComfyUI\custom_nodes\comfyui-modal\.slim\worktrees\resource-local-carryover-sep14\artifacts\phase_p1_parallel_golden_v1\cohort_2026-09-17_03-14-51_04866c\attempt_0.json,C:\Users\parla\OneDrive\Documents\AI HUB\ComfyUI June Install\ComfyUI\custom_nodes\comfyui-modal\.slim\worktrees\resource-local-carryover-sep14\artifacts\phase_p1_parallel_golden_v1\cohort_2026-09-17_03-14-51_04866c\attempt_0.json,True,True,True,[],match
C:\Users\parla\OneDrive\Documents\AI HUB\ComfyUI June Install\ComfyUI\custom_nodes\comfyui-modal\.slim\worktrees\resource-local-carryover-sep14\artifacts\dual_transport_carryover_20260916\split_followup_20_round2_20260917\attempt_007.decision.json,artifacts/dual_transport_carryover_20260916/split_followup_20_round2_20260917/attempt_007.decision.json,golden-p1-0-080ebc80f2a1,split,True,[],C:\Users\parla\OneDrive\Documents\AI HUB\ComfyUI June Install\ComfyUI\custom_nodes\comfyui-modal\.slim\worktrees\resource-local-carryover-sep14\artifacts\phase_p1_parallel_golden_v1\cohort_2026-09-17_03-15-47_0dcbef\attempt_0.json,C:\Users\parla\OneDrive\Documents\AI HUB\ComfyUI June Install\ComfyUI\custom_nodes\comfyui-modal\.slim\worktrees\resource-local-carryover-sep14\artifacts\phase_p1_parallel_golden_v1\cohort_2026-09-17_03-15-47_0dcbef\attempt_0.json,True,True,True,[],match
C:\Users\parla\OneDrive\Documents\AI HUB\ComfyUI June Install\ComfyUI\custom_nodes\comfyui-modal\.slim\worktrees\resource-local-carryover-sep14\artifacts\dual_transport_carryover_20260916\split_followup_20_round2_20260917\attempt_008.decision.json,artifacts/dual_transport_carryover_20260916/split_followup_20_round2_20260917/attempt_008.decision.json,golden-p1-0-7c30e10e3e03,split,True,[],C:\Users\parla\OneDrive\Documents\AI HUB\ComfyUI June Install\ComfyUI\custom_nodes\comfyui-modal\.slim\worktrees\resource-local-carryover-sep14\artifacts\phase_p1_parallel_golden_v1\cohort_2026-09-17_03-16-34_e6b0b2\attempt_0.json,C:\Users\parla\OneDrive\Documents\AI HUB\ComfyUI June Install\ComfyUI\custom_nodes\comfyui-modal\.slim\worktrees\resource-local-carryover-sep14\artifacts\phase_p1_parallel_golden_v1\cohort_2026-09-17_03-16-34_e6b0b2\attempt_0.json,True,True,True,[],match
C:\Users\parla\OneDrive\Documents\AI HUB\ComfyUI June Install\ComfyUI\custom_nodes\comfyui-modal\.slim\worktrees\resource-local-carryover-sep14\artifacts\dual_transport_carryover_20260916\split_followup_20_round2_20260917\attempt_009.decision.json,artifacts/dual_transport_carryover_20260916/split_followup_20_round2_20260917/attempt_009.decision.json,golden-p1-0-26c81b6fbbba,split,True,[],C:\Users\parla\OneDrive\Documents\AI HUB\ComfyUI June Install\ComfyUI\custom_nodes\comfyui-modal\.slim\worktrees\resource-local-carryover-sep14\artifacts\phase_p1_parallel_golden_v1\cohort_2026-09-17_03-17-24_a480cf\attempt_0.json,C:\Users\parla\OneDrive\Documents\AI HUB\ComfyUI June Install\ComfyUI\custom_nodes\comfyui-modal\.slim\worktrees\resource-local-carryover-sep14\artifacts\phase_p1_parallel_golden_v1\cohort_2026-09-17_03-17-24_a480cf\attempt_0.json,True,True,True,[],match
C:\Users\parla\OneDrive\Documents\AI HUB\ComfyUI June Install\ComfyUI\custom_nodes\comfyui-modal\.slim\worktrees\resource-local-carryover-sep14\artifacts\dual_transport_carryover_20260916\split_followup_20_round2_20260917\attempt_010.decision.json,artifacts/dual_transport_carryover_20260916/split_followup_20_round2_20260917/attempt_010.decision.json,golden-p1-0-57b4759a4ad6,split,True,[],C:\Users\parla\OneDrive\Documents\AI HUB\ComfyUI June Install\ComfyUI\custom_nodes\comfyui-modal\.slim\worktrees\resource-local-carryover-sep14\artifacts\phase_p1_parallel_golden_v1\cohort_2026-09-17_03-18-18_a861f6\attempt_0.json,C:\Users\parla\OneDrive\Documents\AI HUB\ComfyUI June Install\ComfyUI\custom_nodes\comfyui-modal\.slim\worktrees\resource-local-carryover-sep14\artifacts\phase_p1_parallel_golden_v1\cohort_2026-09-17_03-18-18_a861f6\attempt_0.json,True,True,True,[],match
C:\Users\parla\OneDrive\Documents\AI HUB\ComfyUI June Install\ComfyUI\custom_nodes\comfyui-modal\.slim\worktrees\resource-local-carryover-sep14\artifacts\dual_transport_carryover_20260916\split_followup_20_round2_20260917\attempt_011.decision.json,artifacts/dual_transport_carryover_20260916/split_followup_20_round2_20260917/attempt_011.decision.json,golden-p1-0-c54c61498d47,split,True,[],C:\Users\parla\OneDrive\Documents\AI HUB\ComfyUI June Install\ComfyUI\custom_nodes\comfyui-modal\.slim\worktrees\resource-local-carryover-sep14\artifacts\phase_p1_parallel_golden_v1\cohort_2026-09-17_03-19-33_a57879\attempt_0.json,C:\Users\parla\OneDrive\Documents\AI HUB\ComfyUI June Install\ComfyUI\custom_nodes\comfyui-modal\.slim\worktrees\resource-local-carryover-sep14\artifacts\phase_p1_parallel_golden_v1\cohort_2026-09-17_03-19-33_a57879\attempt_0.json,True,True,True,[],match
C:\Users\parla\OneDrive\Documents\AI HUB\ComfyUI June Install\ComfyUI\custom_nodes\comfyui-modal\.slim\worktrees\resource-local-carryover-sep14\artifacts\dual_transport_carryover_20260916\split_followup_20_round2_20260917\attempt_012.decision.json,artifacts/dual_transport_carryover_20260916/split_followup_20_round2_20260917/attempt_012.decision.json,golden-p1-0-b0d11b238ecb,split,True,[],C:\Users\parla\OneDrive\Documents\AI HUB\ComfyUI June Install\ComfyUI\custom_nodes\comfyui-modal\.slim\worktrees\resource-local-carryover-sep14\artifacts\phase_p1_parallel_golden_v1\cohort_2026-09-17_03-20-21_48bc26\attempt_0.json,C:\Users\parla\OneDrive\Documents\AI HUB\ComfyUI June Install\ComfyUI\custom_nodes\comfyui-modal\.slim\worktrees\resource-local-carryover-sep14\artifacts\phase_p1_parallel_golden_v1\cohort_2026-09-17_03-20-21_48bc26\attempt_0.json,True,True,True,[],match
C:\Users\parla\OneDrive\Documents\AI HUB\ComfyUI June Install\ComfyUI\custom_nodes\comfyui-modal\.slim\worktrees\resource-local-carryover-sep14\artifacts\dual_transport_carryover_20260916\split_followup_20_round2_20260917\attempt_013.decision.json,artifacts/dual_transport_carryover_20260916/split_followup_20_round2_20260917/attempt_013.decision.json,golden-p1-0-3eac9865036a,split,True,[],C:\Users\parla\OneDrive\Documents\AI HUB\ComfyUI June Install\ComfyUI\custom_nodes\comfyui-modal\.slim\worktrees\resource-local-carryover-sep14\artifacts\phase_p1_parallel_golden_v1\cohort_2026-09-17_03-21-09_04518f\attempt_0.json,C:\Users\parla\OneDrive\Documents\AI HUB\ComfyUI June Install\ComfyUI\custom_nodes\comfyui-modal\.slim\worktrees\resource-local-carryover-sep14\artifacts\phase_p1_parallel_golden_v1\cohort_2026-09-17_03-21-09_04518f\attempt_0.json,True,True,True,[],match
C:\Users\parla\OneDrive\Documents\AI HUB\ComfyUI June Install\ComfyUI\custom_nodes\comfyui-modal\.slim\worktrees\resource-local-carryover-sep14\artifacts\dual_transport_carryover_20260916\split_followup_20_round2_20260917\attempt_014.decision.json,artifacts/dual_transport_carryover_20260916/split_followup_20_round2_20260917/attempt_014.decision.json,golden-p1-0-086561d7f5f6,split,True,[],C:\Users\parla\OneDrive\Documents\AI HUB\ComfyUI June Install\ComfyUI\custom_nodes\comfyui-modal\.slim\worktrees\resource-local-carryover-sep14\artifacts\phase_p1_parallel_golden_v1\cohort_2026-09-17_03-22-34_978eb4\attempt_0.json,C:\Users\parla\OneDrive\Documents\AI HUB\ComfyUI June Install\ComfyUI\custom_nodes\comfyui-modal\.slim\worktrees\resource-local-carryover-sep14\artifacts\phase_p1_parallel_golden_v1\cohort_2026-09-17_03-22-34_978eb4\attempt_0.json,True,True,True,[],match
C:\Users\parla\OneDrive\Documents\AI HUB\ComfyUI June Install\ComfyUI\custom_nodes\comfyui-modal\.slim\worktrees\resource-local-carryover-sep14\artifacts\dual_transport_carryover_20260916\split_followup_20_round2_20260917\attempt_015.decision.json,artifacts/dual_transport_carryover_20260916/split_followup_20_round2_20260917/attempt_015.decision.json,golden-p1-0-292b8fcb144e,split,True,[],C:\Users\parla\OneDrive\Documents\AI HUB\ComfyUI June Install\ComfyUI\custom_nodes\comfyui-modal\.slim\worktrees\resource-local-carryover-sep14\artifacts\phase_p1_parallel_golden_v1\cohort_2026-09-17_03-23-47_a36fd9\attempt_0.json,C:\Users\parla\OneDrive\Documents\AI HUB\ComfyUI June Install\ComfyUI\custom_nodes\comfyui-modal\.slim\worktrees\resource-local-carryover-sep14\artifacts\phase_p1_parallel_golden_v1\cohort_2026-09-17_03-23-47_a36fd9\attempt_0.json,True,True,True,[],match
C:\Users\parla\OneDrive\Documents\AI HUB\ComfyUI June Install\ComfyUI\custom_nodes\comfyui-modal\.slim\worktrees\resource-local-carryover-sep14\artifacts\dual_transport_carryover_20260916\split_followup_20_round2_20260917\attempt_016.decision.json,artifacts/dual_transport_carryover_20260916/split_followup_20_round2_20260917/attempt_016.decision.json,golden-p1-0-8013bf52d6d3,split,True,[],C:\Users\parla\OneDrive\Documents\AI HUB\ComfyUI June Install\ComfyUI\custom_nodes\comfyui-modal\.slim\worktrees\resource-local-carryover-sep14\artifacts\phase_p1_parallel_golden_v1\cohort_2026-09-17_03-24-57_1dd61b\attempt_0.json,C:\Users\parla\OneDrive\Documents\AI HUB\ComfyUI June Install\ComfyUI\custom_nodes\comfyui-modal\.slim\worktrees\resource-local-carryover-sep14\artifacts\phase_p1_parallel_golden_v1\cohort_2026-09-17_03-24-57_1dd61b\attempt_0.json,True,True,True,[],match
C:\Users\parla\OneDrive\Documents\AI HUB\ComfyUI June Install\ComfyUI\custom_nodes\comfyui-modal\.slim\worktrees\resource-local-carryover-sep14\artifacts\dual_transport_carryover_20260916\split_followup_20_round2_20260917\attempt_017.decision.json,artifacts/dual_transport_carryover_20260916/split_followup_20_round2_20260917/attempt_017.decision.json,golden-p1-0-1f654c460ae1,split,True,[],C:\Users\parla\OneDrive\Documents\AI HUB\ComfyUI June Install\ComfyUI\custom_nodes\comfyui-modal\.slim\worktrees\resource-local-carryover-sep14\artifacts\phase_p1_parallel_golden_v1\cohort_2026-09-17_03-26-04_3e16a7\attempt_0.json,C:\Users\parla\OneDrive\Documents\AI HUB\ComfyUI June Install\ComfyUI\custom_nodes\comfyui-modal\.slim\worktrees\resource-local-carryover-sep14\artifacts\phase_p1_parallel_golden_v1\cohort_2026-09-17_03-26-04_3e16a7\attempt_0.json,True,True,True,[],match
C:\Users\parla\OneDrive\Documents\AI HUB\ComfyUI June Install\ComfyUI\custom_nodes\comfyui-modal\.slim\worktrees\resource-local-carryover-sep14\artifacts\dual_transport_carryover_20260916\split_followup_20_round2_20260917\attempt_018.decision.json,artifacts/dual_transport_carryover_20260916/split_followup_20_round2_20260917/attempt_018.decision.json,golden-p1-0-a0886fd5a439,split,True,[],C:\Users\parla\OneDrive\Documents\AI HUB\ComfyUI June Install\ComfyUI\custom_nodes\comfyui-modal\.slim\worktrees\resource-local-carryover-sep14\artifacts\phase_p1_parallel_golden_v1\cohort_2026-09-17_03-27-16_e53469\attempt_0.json,C:\Users\parla\OneDrive\Documents\AI HUB\ComfyUI June Install\ComfyUI\custom_nodes\comfyui-modal\.slim\worktrees\resource-local-carryover-sep14\artifacts\phase_p1_parallel_golden_v1\cohort_2026-09-17_03-27-16_e53469\attempt_0.json,True,True,True,[],match
C:\Users\parla\OneDrive\Documents\AI HUB\ComfyUI June Install\ComfyUI\custom_nodes\comfyui-modal\.slim\worktrees\resource-local-carryover-sep14\artifacts\dual_transport_carryover_20260916\split_followup_20_round2_20260917\attempt_019.decision.json,artifacts/dual_transport_carryover_20260916/split_followup_20_round2_20260917/attempt_019.decision.json,golden-p1-0-813f62916c5d,split,True,[],C:\Users\parla\OneDrive\Documents\AI HUB\ComfyUI June Install\ComfyUI\custom_nodes\comfyui-modal\.slim\worktrees\resource-local-carryover-sep14\artifacts\phase_p1_parallel_golden_v1\cohort_2026-09-17_03-30-09_46ccfb\attempt_0.json,C:\Users\parla\OneDrive\Documents\AI HUB\ComfyUI June Install\ComfyUI\custom_nodes\comfyui-modal\.slim\worktrees\resource-local-carryover-sep14\artifacts\phase_p1_parallel_golden_v1\cohort_2026-09-17_03-30-09_46ccfb\attempt_0.json,True,True,True,[],match
C:\Users\parla\OneDrive\Documents\AI HUB\ComfyUI June Install\ComfyUI\custom_nodes\comfyui-modal\.slim\worktrees\resource-local-carryover-sep14\artifacts\dual_transport_carryover_20260916\split_followup_20_round2_20260917\attempt_020.decision.json,artifacts/dual_transport_carryover_20260916/split_followup_20_round2_20260917/attempt_020.decision.json,golden-p1-0-4fa535221943,split,True,[],C:\Users\parla\OneDrive\Documents\AI HUB\ComfyUI June Install\ComfyUI\custom_nodes\comfyui-modal\.slim\worktrees\resource-local-carryover-sep14\artifacts\phase_p1_parallel_golden_v1\cohort_2026-09-17_03-31-14_fc48cd\attempt_0.json,C:\Users\parla\OneDrive\Documents\AI HUB\ComfyUI June Install\ComfyUI\custom_nodes\comfyui-modal\.slim\worktrees\resource-local-carryover-sep14\artifacts\phase_p1_parallel_golden_v1\cohort_2026-09-17_03-31-14_fc48cd\attempt_0.json,True,True,True,[],match
