bundle,ledger,arm,golden_arm,provider,region,provider_region,request_id,method,golden_mode,execution_arm,v2ctl_invocation_id,profile,raw_valid_label,computed_valid,true_cold,dnf,request_phase,error,deploy_deploy_fingerprint,deploy_deployment_identity,deploy_deployment_combined_hash,deploy_snapshot_target_fingerprint,deploy_config_identity,deploy_runtime_shape_fingerprint,deploy_deployed_at,container_modal_task_id,container_modal_container_id,container_container_id,container_container_session_id,container_restored_instance_id,container_restore_session_id,container_post_restore_nonce,container_boot_id,container_pid,container_process_id,container_modal_input_id,container_image_id,ts_dispatch_iso,ts_dispatch_unix_ms,ts_start_ts,ts_end_ts,ts_duration_ms,ts_gap_before,ts_manifest_started_utc,ts_manifest_completed_utc,ts_manifest_gap_seconds,ts_gaps_count,restore_restore_total_ms,restore_restore_count,restore_lifecycle_status,restore_models_symlink_ms,restore_reload_runtime_state_ms,restore_backend_startup_ms,restore_snapshot_restore_ms,restore_observe_generations_ms,restore_restore_to_parallel_method_entry_ms,restore_min_containers,restore_single_use_containers,restore_single_use_enabled,restore_generation_read_identity,output_sha_match,output_warning,observed_sha_count,observed_output_byte_count,route_clip_resource,route_other_resource,route_unet_resource,route_vae_resource,route_static_e27,route_c0_active,route_arena_data_ptrs_distinct,route_arena_overlap,route_stream_identities_distinct,route_event_identities_distinct,route_pool_identities_distinct,route_both_live_through_unet,route_other_resource_before_unet_verified,clip_present,clip_load_ms,clip_SOURCE_TOTAL_WALL_MS,clip_SOURCE_SYSCALL_UNION_BUSY_MS,clip_H2D_TOTAL_WALL_MS,clip_SOURCE_TO_GPU_READY_MS,clip_SOURCE_H2D_OVERLAP_MS,clip_POST_SOURCE_H2D_TAIL_MS,clip_read_count_observed,clip_max_preadv_ms,clip_p50_preadv_ms,clip_p90_preadv_ms,clip_p95_preadv_ms,clip_p99_preadv_ms,clip_count_ge_250_ms,clip_count_ge_500_ms,clip_count_ge_1000_ms,clip_source_read_count,clip_source_open_count,clip_source_bytes,clip_source_block_count,clip_h2d_submit_count,clip_h2d_completion_count,clip_h2d_min_submission_bytes,clip_h2d_max_submission_bytes,clip_h2d_mean_submission_bytes,clip_aggregated_submission_count,clip_non_aggregated_submission_count,clip_tail_submission_count,clip_aggregation_fallback_count,clip_GPU_COPY_ACTIVE_SUM_MS,clip_GPU_COPY_STREAM_SPAN_MS,clip_GPU_COPY_ACTIVE_UNION_MS,clip_GPU_COPY_IDLE_INSIDE_STREAM_SPAN_MS,clip_GPU_COPY_COUNT,clip_GPU_COPY_BYTES,clip_slot_count,clip_slot_bytes,clip_arena_bytes,clip_producer_count,clip_created_vs_reused,clip_event_object_count,clip_event_rerecord_count,clip_E27_SOURCE_MECHANISM_PROVEN,clip_count_short_read,clip_count_retry,clip_count_error,clip_first_ge_250_ms,clip_first_ge_500_ms,clip_first_ge_1000_ms,clip_first_ge_250_seq,clip_first_ge_500_seq,clip_first_ge_1000_seq,unet_present,unet_load_ms,unet_SOURCE_TOTAL_WALL_MS,unet_SOURCE_SYSCALL_UNION_BUSY_MS,unet_H2D_TOTAL_WALL_MS,unet_SOURCE_TO_GPU_READY_MS,unet_SOURCE_H2D_OVERLAP_MS,unet_POST_SOURCE_H2D_TAIL_MS,unet_read_count_observed,unet_max_preadv_ms,unet_p50_preadv_ms,unet_p90_preadv_ms,unet_p95_preadv_ms,unet_p99_preadv_ms,unet_count_ge_250_ms,unet_count_ge_500_ms,unet_count_ge_1000_ms,unet_source_read_count,unet_source_open_count,unet_source_bytes,unet_source_block_count,unet_h2d_submit_count,unet_h2d_completion_count,unet_h2d_min_submission_bytes,unet_h2d_max_submission_bytes,unet_h2d_mean_submission_bytes,unet_aggregated_submission_count,unet_non_aggregated_submission_count,unet_tail_submission_count,unet_aggregation_fallback_count,unet_GPU_COPY_ACTIVE_SUM_MS,unet_GPU_COPY_STREAM_SPAN_MS,unet_GPU_COPY_ACTIVE_UNION_MS,unet_GPU_COPY_IDLE_INSIDE_STREAM_SPAN_MS,unet_GPU_COPY_COUNT,unet_GPU_COPY_BYTES,unet_slot_count,unet_slot_bytes,unet_arena_bytes,unet_producer_count,unet_created_vs_reused,unet_event_object_count,unet_event_rerecord_count,unet_E27_SOURCE_MECHANISM_PROVEN,unet_count_short_read,unet_count_retry,unet_count_error,unet_first_ge_250_ms,unet_first_ge_500_ms,unet_first_ge_1000_ms,unet_first_ge_250_seq,unet_first_ge_500_seq,unet_first_ge_1000_seq,clip_forward_ms,sampler_total_wall_ms,HARD_SICK_CLIP,HARD_SICK_UNET,clip_trigger_class,unet_trigger_class,onset_pattern,sickness_class,stage_golden_restore_ms,stage_golden_restore_ok,stage_golden_request_setup_ms,stage_golden_request_setup_ok,stage_golden_clip_load_ms,stage_golden_clip_load_ok,stage_golden_clip_forward_ms,stage_golden_clip_forward_ok,stage_golden_unet_load_ms,stage_golden_unet_load_ok,stage_golden_sampler_prepare_ms,stage_golden_sampler_prepare_ok,stage_golden_vae_load_ms,stage_golden_vae_load_ok,stage_golden_sampling_ms,stage_golden_sampling_ok,stage_golden_sampler_tail_ms,stage_golden_sampler_tail_ok,stage_golden_vae_decode_ms,stage_golden_vae_decode_ok,stage_golden_output_ms,stage_golden_output_ok,stage_golden_teardown_ms,stage_golden_teardown_ok,events_request_id,events_image_sha256,events_byte_count,events_event_count,attempt_clip_read_count,clip_read_count,unet_read_count,severity_score,severity_rank
golden_p1_parallel_dual_sham_075b35a868db42c5_evidence_2026-09-16,evidence,sham,control,CLOUD_PROVIDER_GCP,us-east1,CLOUD_PROVIDER_GCP/us-east1,golden-p1-0-0167b0745ad1,run_golden_parallel_stream,parallel,static_e27,075b35a868db42c58a6ddd5d71d54244,golden_p1_parallel_dual_sham,True,True,True,False,experiment,,5c64046e46ce6d932f0ed2832fe7c76d17b419941bdc38a1e6e0f2625086f0a0,1812250232babd4f14360ab1c718b63d1c1081d7050884c7c0cd2eab8ed73a1d,1812250232babd4f14360ab1c718b63d1c1081d7050884c7c0cd2eab8ed73a1d,5e9fc5f5b3129f52fad8574af7742638418c711245b4504e433a8ee0c35314e4,5400dc1cad887f91adbb85bd650972e690bcdd1db7fd9433007a1c9a59ca7ccb,e1135bf400e915a346e4d0d0,2026-09-16T22:31:44+00:00,ta-01M2P9S9E8643YPRVMDC94S2KR,,,b295e9e82aea4dc4,593125c1d608432a9ff86727124a1f5a,e844ee6061c647e692dcadea95612c80,1bd48aa1a09b44368df6dfb8badf72a3,ef8244bc-ffd7-4006-8396-953b55e6ba23,2,2,in-01M2P9REJGG8W8J7PTDS9H64DV:1789602314832-0,im-Yrp2QuPKbto6qZ7JWKybDS,2026-09-16T23:45:13.329000+00:00,1789602313329,2026-09-16T23:45:13.329909+00:00,2026-09-16T23:46:17.063402+00:00,63733.95,,2026-09-16T23:45:12.978911+00:00,2026-09-16T23:46:17.764725+00:00,35.0,0,1332.751,1,ok,6.19,126.338,17688.87,861.98,1.27,74.434,0,True,True,,True,False,1,3086999,B,A,B,B,True,False,True,False,True,True,True,True,False,,6272.311626,5386.030533,5375.899141,5164.318843,5388.92991,1229.54888,2.899377,243,2627.663478,9.9446,223.77966120000002,455.8476356999995,674.6100147599972,23,6,1,243,4,8044936192,243,243,243,2031872,33554432,33106733.300411522,0,243,7,0,262.40646182000637,5164.26708984375,262.40646182000637,4901.860628023744,243,8044936192,8,33554432,268435456,4,CREATED,18,470,YES,0,0,0,260.09033,518.556658,2627.663478,,,,,4339.760444,3812.897065,3807.518358,3797.090311,3815.6805,1266.501767,2.783435,370,1701.824189,12.854077499999999,19.71148980000001,25.612695000000006,439.54907441,8,3,2,370,4,12309817472,370,370,370,4894304,33554432,33269776.951351352,0,370,7,0,638.0378749072552,3797.170166015625,638.0378749072552,3159.13229110837,370,12309817472,8,33554432,268435456,4,REUSED,18,1210,YES,0,0,0,307.909517,1701.824189,1701.824189,,,,1443.707503,5482.624,True,True,both,preadv_only,both->preadv_only,BOTH_SICK,5.298186,True,2.731354,True,6272.311626,True,1443.707503,True,4339.760444,True,437.686119,True,450.089438,True,5598.959355,True,0.011651,True,587.039475,True,167.382569,True,0.359546,True,golden-p1-0-0167b0745ad1,ab3c08a952521a2d20e2ca31a2deff3c72a45e9aacf95365e62a436cdac7104f,3086999,39,243,243,370,6.173517843653566,6
golden_p1_parallel_dual_sham_085e19c9e33c4755_evidence_2026-09-16,evidence,sham,control,CLOUD_PROVIDER_GCP,us-east1,CLOUD_PROVIDER_GCP/us-east1,golden-p1-0-55de4bb7d00d,run_golden_parallel_stream,parallel,static_e27,085e19c9e33c4755bf7c4596d29312a2,golden_p1_parallel_dual_sham,True,True,True,False,experiment,,5c64046e46ce6d932f0ed2832fe7c76d17b419941bdc38a1e6e0f2625086f0a0,1812250232babd4f14360ab1c718b63d1c1081d7050884c7c0cd2eab8ed73a1d,1812250232babd4f14360ab1c718b63d1c1081d7050884c7c0cd2eab8ed73a1d,5e9fc5f5b3129f52fad8574af7742638418c711245b4504e433a8ee0c35314e4,5400dc1cad887f91adbb85bd650972e690bcdd1db7fd9433007a1c9a59ca7ccb,e1135bf400e915a346e4d0d0,2026-09-16T22:31:44+00:00,ta-01M2P905CQ3V6DHKMKE42YPG7R,,,b295e9e82aea4dc4,0294b17c7c9044ff8e0fa0d51e339c4c,5ce0e0cb7c194e20a9d386d192114f20,844554e838b84fd598ed2b38378277fe,ef8244bc-ffd7-4006-8396-953b55e6ba23,2,2,in-01M2P9053BY7YYABGEAZA5A5Z7:1789601518701-0,im-Yrp2QuPKbto6qZ7JWKybDS,2026-09-16T23:31:57.188000+00:00,1789601517188,2026-09-16T23:31:57.188560+00:00,2026-09-16T23:32:21.488479+00:00,24300.548,,2026-09-16T23:31:56.855304+00:00,2026-09-16T23:32:22.225650+00:00,35.0,0,697.173,1,ok,6.19,118.739,17688.87,390.3,1.27,36.018,0,True,True,,True,False,1,3086999,A,B,A,A,True,False,True,False,True,True,True,True,False,,1641.859197,1214.523417,1212.262739,1205.815234,1217.283454,363.605474,2.760037,243,51.397944,18.772305,28.689745,30.014267099999998,36.94463043999996,0,0,0,243,4,8044936192,243,243,243,2031872,33554432,33106733.300411522,0,243,7,0,162.9312326386571,1205.7403564453125,162.9312326386571,1042.8091238066554,243,8044936192,8,33554432,268435456,4,CREATED,18,470,YES,0,0,0,,,,,,,,1927.683635,1728.847555,1726.219057,1720.262483,1731.092663,544.985223,2.245108,370,37.441656,17.2879795,26.551760000000005,29.351418000000002,32.53816359,0,0,0,370,4,12309817472,370,370,370,4894304,33554432,33269776.951351352,0,370,7,0,281.2179199755192,1720.3353271484375,281.2179199755192,1439.1174071729183,370,12309817472,8,33554432,268435456,4,REUSED,18,1210,YES,0,0,0,,,,,,,1253.279097,4627.033,False,False,none,none,none->none,NEITHER,4.443356,True,1.224629,True,1641.859197,True,1253.279097,True,1927.683635,True,183.437665,True,96.930722,True,4737.654327,True,0.0116,True,583.237335,True,158.450379,True,0.2882,True,golden-p1-0-55de4bb7d00d,ab3c08a952521a2d20e2ca31a2deff3c72a45e9aacf95365e62a436cdac7104f,3086999,39,243,243,370,4.261293085430236,93
golden_p1_parallel_dual_sham_0939ce2e58334d0c_evidence_2026-09-16,evidence,sham,control,CLOUD_PROVIDER_AWS,us-east-1,CLOUD_PROVIDER_AWS/us-east-1,golden-p1-0-8192e1970042,run_golden_parallel_stream,parallel,static_e27,0939ce2e58334d0cac14667ac7d80962,golden_p1_parallel_dual_sham,True,True,True,False,experiment,,5c64046e46ce6d932f0ed2832fe7c76d17b419941bdc38a1e6e0f2625086f0a0,1812250232babd4f14360ab1c718b63d1c1081d7050884c7c0cd2eab8ed73a1d,1812250232babd4f14360ab1c718b63d1c1081d7050884c7c0cd2eab8ed73a1d,5e9fc5f5b3129f52fad8574af7742638418c711245b4504e433a8ee0c35314e4,5400dc1cad887f91adbb85bd650972e690bcdd1db7fd9433007a1c9a59ca7ccb,e1135bf400e915a346e4d0d0,2026-09-16T22:31:44+00:00,ta-01M2P8X5QTHX4FCK8MS4K4Z8QR,,,60a30b0ec20c4270,dcd4d2d3bcd14be6b1db1559f81b5623,379f29447b2c48e5a6b434deb25a8480,08bf01c1db33448ba58682a91744f466,ec1cc253-7215-472e-b3ec-3c0814a25a0f,2,2,in-01M2P8X5GNM43NQQHZ1C5S1H16:1789601420824-0,im-Yrp2QuPKbto6qZ7JWKybDS,2026-09-16T23:30:19.314000+00:00,1789601419314,2026-09-16T23:30:19.314795+00:00,2026-09-16T23:30:46.431074+00:00,27116.16,,2026-09-16T23:30:19.005864+00:00,2026-09-16T23:30:47.143921+00:00,35.0,0,816.675,1,ok,6.99,0.0,18896.03,336.98,1.28,26.216,0,True,True,,True,False,1,3086999,A,B,A,A,True,False,True,False,True,True,True,True,False,,2050.787946,1429.594567,1428.190122,1393.42773,1432.338094,353.814536,2.743527,243,44.336799,19.419504,28.1948598,31.20953159999999,38.562100019999924,0,0,0,243,4,8044936192,243,243,243,2031872,33554432,33106733.300411522,0,243,7,0,224.0701143965125,1393.3687744140625,224.0701143965125,1169.29866001755,243,8044936192,8,33554432,268435456,4,CREATED,18,470,YES,0,0,0,,,,,,,,2657.126289,2358.850305,2354.929019,2335.62763,2359.63946,612.07422,0.789155,370,52.695201,23.0744,31.003520700000003,34.6047527,39.97420958000001,0,0,0,370,4,12309817472,370,370,370,4894304,33554432,33269776.951351352,0,370,7,0,298.9088312536478,2335.65869140625,298.9088312536478,2036.7498601526022,370,12309817472,8,33554432,268435456,4,REUSED,18,1210,YES,0,0,0,,,,,,,2256.386871,4974.304,False,False,none,none,none->none,NEITHER,5.520778,True,10.293787,True,2050.787946,True,2256.386871,True,2657.126289,True,345.613792,True,191.684175,True,5132.382464,True,0.010906,True,594.670163,True,218.554077,True,0.265395,True,golden-p1-0-8192e1970042,ab3c08a952521a2d20e2ca31a2deff3c72a45e9aacf95365e62a436cdac7104f,3086999,39,243,243,370,4.306716746414279,76
golden_p1_parallel_dual_sham_0d81c4ca1ed9481b_evidence_2026-09-17,evidence,sham,control,CLOUD_PROVIDER_GCP,us-east1,CLOUD_PROVIDER_GCP/us-east1,golden-p1-0-5e93a6427ce9,run_golden_parallel_stream,parallel,static_e27,0d81c4ca1ed9481b837c286eee9d9353,golden_p1_parallel_dual_sham,True,True,True,False,experiment,,5c64046e46ce6d932f0ed2832fe7c76d17b419941bdc38a1e6e0f2625086f0a0,1812250232babd4f14360ab1c718b63d1c1081d7050884c7c0cd2eab8ed73a1d,1812250232babd4f14360ab1c718b63d1c1081d7050884c7c0cd2eab8ed73a1d,5e9fc5f5b3129f52fad8574af7742638418c711245b4504e433a8ee0c35314e4,5400dc1cad887f91adbb85bd650972e690bcdd1db7fd9433007a1c9a59ca7ccb,e1135bf400e915a346e4d0d0,2026-09-16T22:31:44+00:00,ta-01M2PPDJCTZ2BVXRBMWQKW5Y2R,,,b295e9e82aea4dc4,6a47d8ca69a4459cb61e39c009e079e9,43422de249624c82b976dcad33a1da9e,d2bb7acd3646492b9f74140a5d390ff1,ef8244bc-ffd7-4006-8396-953b55e6ba23,2,2,in-01M2PPDJ2Z9G5ATXDQ1VJ1YQHH:1789615589472-0,im-Yrp2QuPKbto6qZ7JWKybDS,2026-09-17T03:26:27.463000+00:00,1789615587463,2026-09-17T03:26:27.463332+00:00,2026-09-17T03:26:57.561831+00:00,30098.216,,2026-09-17T03:26:27.029331+00:00,2026-09-17T03:26:58.655832+00:00,35.0,0,1192.967,1,ok,6.19,487.042,17688.87,833.39,1.27,211.563,0,True,True,,True,False,1,3086999,A,B,A,A,True,False,True,False,True,True,True,True,False,,1385.413269,922.025695,920.119057,913.775902,927.127781,376.4686,5.102086,243,44.922879,14.042071,18.0865192,21.032933599999996,37.490421259999984,0,0,0,243,4,8044936192,243,243,243,2031872,33554432,33106733.300411522,0,243,7,0,189.1655038818717,913.647705078125,189.1655038818717,724.4822011962533,243,8044936192,8,33554432,268435456,4,CREATED,18,470,YES,0,0,0,,,,,,,,1770.597864,1570.648595,1568.785224,1561.379621,1571.928342,582.126884,1.279747,370,35.038676,15.7531905,21.7969794,25.750461100000006,33.79658181,0,0,0,370,4,12309817472,370,370,370,4894304,33554432,33269776.951351352,0,370,7,0,298.1641919016838,1561.1900634765625,298.1641919016838,1263.0258715748787,370,12309817472,8,33554432,268435456,4,REUSED,18,1210,YES,0,0,0,,,,,,,1449.747906,4590.8,False,False,none,none,none->none,NEITHER,4.927774,True,1.988213,True,1385.413269,True,1449.747906,True,1770.597864,True,227.904158,True,98.086084,True,4702.78881,True,0.011832,True,534.081951,True,158.424899,True,0.304204,True,golden-p1-0-5e93a6427ce9,ab3c08a952521a2d20e2ca31a2deff3c72a45e9aacf95365e62a436cdac7104f,3086999,39,243,243,370,4.135790654733766,129
golden_p1_parallel_dual_sham_10ff582225db433a_evidence_2026-09-16,evidence,sham,control,CLOUD_PROVIDER_GCP,us-west1,CLOUD_PROVIDER_GCP/us-west1,golden-p1-0-094316185d23,run_golden_parallel_stream,parallel,static_e27,10ff582225db433a8b8af96d844c3ad7,golden_p1_parallel_dual_sham,True,True,True,False,experiment,,5c64046e46ce6d932f0ed2832fe7c76d17b419941bdc38a1e6e0f2625086f0a0,1812250232babd4f14360ab1c718b63d1c1081d7050884c7c0cd2eab8ed73a1d,1812250232babd4f14360ab1c718b63d1c1081d7050884c7c0cd2eab8ed73a1d,5e9fc5f5b3129f52fad8574af7742638418c711245b4504e433a8ee0c35314e4,5400dc1cad887f91adbb85bd650972e690bcdd1db7fd9433007a1c9a59ca7ccb,e1135bf400e915a346e4d0d0,2026-09-16T22:31:44+00:00,ta-01M2P96K6R5DHWD0BYY8AEAJTR,,,b295e9e82aea4dc4,dffb5df6b0274e28ae71514751484cae,e0be2e4e8ce14d088076b7c288b5f1ad,e772f5c8bdfb4b5aae4e874e1ab68d1f,ef8244bc-ffd7-4006-8396-953b55e6ba23,2,2,in-01M2P96K1JXQQM1GTYNW84SW85:1789601729587-0,im-Yrp2QuPKbto6qZ7JWKybDS,2026-09-16T23:35:28.027000+00:00,1789601728027,2026-09-16T23:35:28.027257+00:00,2026-09-16T23:35:55.397996+00:00,27370.343,,2026-09-16T23:35:27.715967+00:00,2026-09-16T23:35:56.111700+00:00,35.0,0,813.403,1,ok,6.19,192.839,17688.87,512.25,1.27,87.804,0,True,True,,True,False,1,3086999,A,B,A,A,True,False,True,False,True,True,True,True,False,,1678.56213,1226.916167,1224.614298,1216.460102,1229.319265,351.59076,2.403098,243,46.011086,19.23254,28.326153,29.965462099999996,34.13318983999999,0,0,0,243,4,8044936192,243,243,243,2031872,33554432,33106733.300411522,0,243,7,0,170.47683122754097,1216.390625,170.47683122754097,1045.913793772459,243,8044936192,8,33554432,268435456,4,CREATED,18,470,YES,0,0,0,,,,,,,,2003.866125,1797.976141,1796.520172,1788.014486,1799.66641,614.038948,1.690269,370,67.198475,18.194125999999997,26.56409,29.87985895,46.084908710000036,0,0,0,370,4,12309817472,370,370,370,4894304,33554432,33269776.951351352,0,370,7,0,292.1776003688574,1787.9305419921875,292.1776003688574,1495.7529416233301,370,12309817472,8,33554432,268435456,4,REUSED,18,1210,YES,0,0,0,,,,,,,1462.285838,4604.393,False,False,none,none,none->none,NEITHER,4.753667,True,1.03682,True,1678.56213,True,1462.285838,True,2003.866125,True,275.466708,True,119.427147,True,4774.666941,True,0.01138,True,561.563577,True,154.30075,True,0.30919,True,golden-p1-0-094316185d23,ab3c08a952521a2d20e2ca31a2deff3c72a45e9aacf95365e62a436cdac7104f,3086999,39,243,243,370,4.238059647711007,105
golden_p1_parallel_dual_sham_114ee850c2324fc4_evidence_2026-09-16,evidence,sham,control,CLOUD_PROVIDER_GCP,us-east1,CLOUD_PROVIDER_GCP/us-east1,golden-p1-0-126cf4cbe4a8,run_golden_parallel_stream,parallel,static_e27,114ee850c2324fc4b574a1000024ed10,golden_p1_parallel_dual_sham,True,True,True,False,experiment,,5c64046e46ce6d932f0ed2832fe7c76d17b419941bdc38a1e6e0f2625086f0a0,1812250232babd4f14360ab1c718b63d1c1081d7050884c7c0cd2eab8ed73a1d,1812250232babd4f14360ab1c718b63d1c1081d7050884c7c0cd2eab8ed73a1d,5e9fc5f5b3129f52fad8574af7742638418c711245b4504e433a8ee0c35314e4,5400dc1cad887f91adbb85bd650972e690bcdd1db7fd9433007a1c9a59ca7ccb,e1135bf400e915a346e4d0d0,2026-09-16T22:31:44+00:00,ta-01M2P6EM0H6J0PHA2NJE9MN12R,,,b295e9e82aea4dc4,a77181c252c64349840b4d25783d0627,54797584eafa4ef9b94412d5511136f4,879b73eb83684934a767867604534fb0,ef8244bc-ffd7-4006-8396-953b55e6ba23,2,2,in-01M2P6EKRB022KRFJ44P528KGJ:1789598846731-0,im-Yrp2QuPKbto6qZ7JWKybDS,2026-09-16T22:47:25.280000+00:00,1789598845280,2026-09-16T22:47:25.280025+00:00,2026-09-16T22:47:53.919374+00:00,28639.329,,2026-09-16T22:47:24.963542+00:00,2026-09-16T22:47:54.592280+00:00,35.0,0,889.852,1,ok,6.19,108.524,17688.87,585.45,1.27,42.76,0,True,True,,True,False,1,3086999,A,B,A,A,True,False,True,False,True,True,True,True,False,,4655.259872,4163.578221,4141.547612,3715.334995,4165.636051,2059.124538,2.05783,243,2483.782751,7.962829,29.640900000000055,138.8984420999989,395.8073666999997,5,2,2,243,4,8044936192,243,243,243,2031872,33554432,33106733.300411522,0,243,7,0,178.03907210752368,3715.246826171875,178.03907210752368,3537.2077540643513,243,8044936192,8,33554432,268435456,4,CREATED,18,470,YES,0,0,0,351.441774,2483.782751,2483.782751,,,,,1700.077282,1502.789127,1500.656137,1493.871108,1505.350847,544.353725,2.56172,370,37.422477,15.055319,20.65063,23.754490000000004,30.9060328,0,0,0,370,4,12309817472,370,370,370,4894304,33554432,33269776.951351352,0,370,7,0,275.2121919989586,1493.90576171875,275.2121919989586,1218.6935697197914,370,12309817472,8,33554432,268435456,4,REUSED,18,1210,YES,0,0,0,,,,,,,1416.678201,4606.156,True,False,preadv_only,none,preadv_only->none,CLIP_SICK_ONLY,5.451559,True,2.6013,True,4655.259872,True,1416.678201,True,1700.077282,True,167.916808,True,99.250692,True,4712.963848,True,0.00944,True,547.266653,True,158.393299,True,0.24629,True,golden-p1-0-126cf4cbe4a8,ab3c08a952521a2d20e2ca31a2deff3c72a45e9aacf95365e62a436cdac7104f,3086999,39,243,243,370,6.151344497863424,7
golden_p1_parallel_dual_sham_13adf5f4529b4d53_evidence_2026-09-16,evidence,sham,control,CLOUD_PROVIDER_GCP,us-east1,CLOUD_PROVIDER_GCP/us-east1,golden-p1-0-7fdd4ac76369,run_golden_parallel_stream,parallel,static_e27,13adf5f4529b4d53b77f039f5ba9bd24,golden_p1_parallel_dual_sham,True,True,True,False,experiment,,5c64046e46ce6d932f0ed2832fe7c76d17b419941bdc38a1e6e0f2625086f0a0,1812250232babd4f14360ab1c718b63d1c1081d7050884c7c0cd2eab8ed73a1d,1812250232babd4f14360ab1c718b63d1c1081d7050884c7c0cd2eab8ed73a1d,5e9fc5f5b3129f52fad8574af7742638418c711245b4504e433a8ee0c35314e4,5400dc1cad887f91adbb85bd650972e690bcdd1db7fd9433007a1c9a59ca7ccb,e1135bf400e915a346e4d0d0,2026-09-16T22:31:44+00:00,ta-01M2P78JRT01QMPJGPMEZ3PJ8R,,,b295e9e82aea4dc4,0d5ecf6c803341ddbbe060e510f7cd17,09079e4a69ae4265adf1f37be1b1efd3,f7d05f0d56424710b2b43a4831ba786f,ef8244bc-ffd7-4006-8396-953b55e6ba23,2,2,in-01M2P78JK2A03ZTNR6JT83Y0C2:1789599697506-0,im-Yrp2QuPKbto6qZ7JWKybDS,2026-09-16T23:01:36.074000+00:00,1789599696074,2026-09-16T23:01:36.074704+00:00,2026-09-16T23:02:08.112238+00:00,32037.291,,2026-09-16T23:01:35.744074+00:00,2026-09-16T23:02:08.826722+00:00,35.0,0,813.535,1,ok,6.19,150.25,17688.87,433.92,1.27,57.515,0,True,True,,True,False,1,3086999,A,B,A,A,True,False,True,False,True,True,True,True,False,,4780.138946,2706.655686,2700.605667,2697.15574,2708.423666,360.714538,1.76798,243,1268.867857,9.254287,14.012504200000004,16.340256899999993,865.2977687199992,4,4,2,243,4,8044936192,243,243,243,2031872,33554432,33106733.300411522,0,243,7,0,172.73875137418509,,172.73875137418509,0.0,243,8044936192,8,33554432,268435456,4,CREATED,18,470,YES,0,0,0,1268.867857,1268.867857,1268.867857,,,,,4863.297125,3269.120419,3264.101909,2769.81905,3271.234218,1742.716759,2.113799,370,2039.796815,8.362027999999999,14.733375,20.317012000000027,500.3622479,6,5,3,370,4,12309817472,370,370,370,4894304,33554432,33269776.951351352,0,370,7,0,252.26396796107292,2769.83251953125,252.26396796107292,2517.568551570177,370,12309817472,8,33554432,268435456,4,REUSED,18,1210,YES,0,0,0,500.147948,500.147948,2039.796815,,,,1343.8624,4553.917,True,True,preadv_only,preadv_only,preadv_only->preadv_only,BOTH_SICK,4.831948,True,1.1479,True,4780.138946,True,1343.8624,True,4863.297125,True,163.921851,True,794.739232,True,4662.003904,True,0.00948,True,523.975381,True,160.8195,True,0.29662,True,golden-p1-0-7fdd4ac76369,ab3c08a952521a2d20e2ca31a2deff3c72a45e9aacf95365e62a436cdac7104f,3086999,39,243,243,370,5.905609635118229,11
golden_p1_parallel_dual_sham_1694c6b03e534571_evidence_2026-09-17,evidence,sham,control,CLOUD_PROVIDER_UNSPECIFIED,us-central1,CLOUD_PROVIDER_UNSPECIFIED/us-central1,golden-p1-0-989a779e3893,run_golden_parallel_stream,parallel,static_e27,1694c6b03e534571bedce0b9fcbd4e6a,golden_p1_parallel_dual_sham,True,True,True,False,experiment,,5c64046e46ce6d932f0ed2832fe7c76d17b419941bdc38a1e6e0f2625086f0a0,1812250232babd4f14360ab1c718b63d1c1081d7050884c7c0cd2eab8ed73a1d,1812250232babd4f14360ab1c718b63d1c1081d7050884c7c0cd2eab8ed73a1d,5e9fc5f5b3129f52fad8574af7742638418c711245b4504e433a8ee0c35314e4,5400dc1cad887f91adbb85bd650972e690bcdd1db7fd9433007a1c9a59ca7ccb,e1135bf400e915a346e4d0d0,2026-09-16T22:31:44+00:00,ta-01M2PNXDBA33YDETEZQA6PXVER,,,a1213e8c53ff43fe,46a8446949fc4b6398be34b2a34ced60,3b4ddb1fbce04854af2c67c76220a039,b1fffd8cdfe94c199545b0cd3a9ad9cb,284c953c-210c-414b-986a-1ac35e1976e0,2,2,in-01M2PNXD52QH1R77VW1X1G53ZG:1789615060131-0,im-Yrp2QuPKbto6qZ7JWKybDS,2026-09-17T03:17:38.302000+00:00,1789615058302,2026-09-17T03:17:38.302319+00:00,2026-09-17T03:20:36.715066+00:00,178412.224,,2026-09-17T03:17:37.931143+00:00,2026-09-17T03:20:37.390058+00:00,35.0,0,2008.071,1,ok,16.07,434.2,109732.42,1271.54,4.59,172.986,0,True,True,,True,False,1,3086999,A,B,A,A,True,False,True,False,True,True,True,True,False,,4605.973146,3111.838896,3095.030767,2550.13693,3116.952591,892.238856,5.113695,243,685.393723,18.728072,23.272703600000003,32.64418419999997,474.3881927199979,5,3,0,243,4,8044936192,243,243,243,2031872,33554432,33106733.300411522,0,243,7,0,575.6495944261551,2550.81640625,575.6495944261551,1975.166811823845,243,8044936192,8,33554432,268435456,4,CREATED,18,470,YES,0,0,0,530.778625,530.778625,,,,,,6147.987711,5083.413859,5031.954449,5061.703501,5090.033683,1536.184008,6.619824,370,860.170494,21.3104875,32.9780166,39.84043300000001,720.4112915400003,7,6,0,370,4,12309817472,370,370,370,4894304,33554432,33269776.951351352,0,370,7,0,1115.8176268190145,5062.86767578125,1115.8176268190145,3947.0500489622355,370,12309817472,8,33554432,268435456,4,REUSED,18,1210,YES,0,0,0,683.619768,683.619768,,,,,6320.158891,6139.454,False,True,none,load_only,none->load_only,UNET_SICK_ONLY,8.074614,True,8.330651,True,4605.973146,True,6320.158891,True,6147.987711,True,1775.653939,True,539.655132,True,6308.282559,True,0.017777,True,1151.954818,True,222.240883,True,1.237593,True,golden-p1-0-989a779e3893,ab3c08a952521a2d20e2ca31a2deff3c72a45e9aacf95365e62a436cdac7104f,3086999,39,243,243,370,5.425263699379649,16
golden_p1_parallel_dual_sham_1d03dcce3c3c497d_evidence_2026-09-16,evidence,sham,control,CLOUD_PROVIDER_GCP,us-east1,CLOUD_PROVIDER_GCP/us-east1,golden-p1-0-5afaa232fa50,run_golden_parallel_stream,parallel,static_e27,1d03dcce3c3c497d88719e62018c2688,golden_p1_parallel_dual_sham,True,True,True,False,experiment,,5c64046e46ce6d932f0ed2832fe7c76d17b419941bdc38a1e6e0f2625086f0a0,1812250232babd4f14360ab1c718b63d1c1081d7050884c7c0cd2eab8ed73a1d,1812250232babd4f14360ab1c718b63d1c1081d7050884c7c0cd2eab8ed73a1d,5e9fc5f5b3129f52fad8574af7742638418c711245b4504e433a8ee0c35314e4,5400dc1cad887f91adbb85bd650972e690bcdd1db7fd9433007a1c9a59ca7ccb,e1135bf400e915a346e4d0d0,2026-09-16T22:31:44+00:00,ta-01M2P983H9ZE2XY22R3VM9D0HR,,,b295e9e82aea4dc4,580819a605fb44c49dd01f0a216bb91c,8dd2dd1dcf0c4456a09a8860ade35353,b689ae1cdfbc41c592687fea07a1e3a8,ef8244bc-ffd7-4006-8396-953b55e6ba23,2,2,in-01M2P983CX38ZQFKHQWGV1FWG0:1789601779102-0,im-Yrp2QuPKbto6qZ7JWKybDS,2026-09-16T23:36:17.568000+00:00,1789601777568,2026-09-16T23:36:17.568847+00:00,2026-09-16T23:36:44.099899+00:00,26531.096,,2026-09-16T23:36:17.263894+00:00,2026-09-16T23:36:44.831163+00:00,35.0,0,1268.299,1,ok,6.19,131.383,17688.87,378.03,1.27,49.699,0,True,True,,True,False,1,3086999,B,A,B,B,True,False,True,False,True,True,True,True,False,,2510.243794,1954.704565,1951.539916,1834.626362,1956.218825,433.773621,1.51426,243,808.051179,8.049887,47.59615740000007,110.93997819999983,421.34966543999985,7,2,0,243,4,8044936192,243,243,243,2031872,33554432,33106733.300411522,0,243,7,0,256.6794912144542,1834.5845947265625,256.6794912144542,1577.9051035121083,243,8044936192,8,33554432,268435456,4,CREATED,18,470,YES,0,0,0,405.658171,808.051179,,,,,,2861.53783,2436.129996,2429.148841,2283.227274,2438.840805,748.847728,2.710809,370,448.479962,9.805546,16.951725100000004,21.552259400000047,256.0311215,5,0,0,370,4,12309817472,370,370,370,4894304,33554432,33269776.951351352,0,370,7,0,436.3646400421858,2283.242431640625,436.3646400421858,1846.8777915984392,370,12309817472,8,33554432,268435456,4,REUSED,18,1210,YES,0,0,0,256.447709,,,,,,1338.05635,4589.872,False,False,none,none,none->none,NEITHER,4.624988,True,1.868749,True,2510.243794,True,1338.05635,True,2861.53783,True,240.072425,True,385.687113,True,4698.56127,True,0.00949,True,596.942053,True,162.504391,True,0.45302,True,golden-p1-0-5afaa232fa50,ab3c08a952521a2d20e2ca31a2deff3c72a45e9aacf95365e62a436cdac7104f,3086999,39,243,243,370,5.232471006101579,21
golden_p1_parallel_dual_sham_1d25a4e190474598_evidence_2026-09-16,evidence,sham,control,CLOUD_PROVIDER_GCP,us-east1,CLOUD_PROVIDER_GCP/us-east1,golden-p1-0-44439fe87d78,run_golden_parallel_stream,parallel,static_e27,1d25a4e1904745989c0530201837edbd,golden_p1_parallel_dual_sham,True,True,True,False,experiment,,5c64046e46ce6d932f0ed2832fe7c76d17b419941bdc38a1e6e0f2625086f0a0,1812250232babd4f14360ab1c718b63d1c1081d7050884c7c0cd2eab8ed73a1d,1812250232babd4f14360ab1c718b63d1c1081d7050884c7c0cd2eab8ed73a1d,5e9fc5f5b3129f52fad8574af7742638418c711245b4504e433a8ee0c35314e4,5400dc1cad887f91adbb85bd650972e690bcdd1db7fd9433007a1c9a59ca7ccb,e1135bf400e915a346e4d0d0,2026-09-16T22:31:44+00:00,ta-01M2P8S9H9AB36WW3MJRTVZCDR,,,b295e9e82aea4dc4,2d4299322e8747e3bff4e9441ea084f2,1a1dfb80c4fd413481aaae158b90dd8a,e038aadab1d34d3380a606ce8c5ed6e3,ef8244bc-ffd7-4006-8396-953b55e6ba23,2,2,in-01M2P8S9CX8FHRA2WG5BDACDY8:1789601293727-0,im-Yrp2QuPKbto6qZ7JWKybDS,2026-09-16T23:28:12.267000+00:00,1789601292267,2026-09-16T23:28:12.267823+00:00,2026-09-16T23:28:35.857762+00:00,23589.843,,2026-09-16T23:28:11.956259+00:00,2026-09-16T23:28:36.550804+00:00,35.0,0,680.499,1,ok,6.19,106.605,17688.87,348.83,1.27,40.768,0,True,True,,True,False,1,3086999,B,A,B,B,True,False,True,False,True,True,True,True,False,,1497.55817,1020.282956,1017.573137,1009.915225,1022.612844,341.010748,2.329888,243,43.148373,15.084857,22.18078640000001,26.63254799999999,35.29432399999999,0,0,0,243,4,8044936192,243,243,243,2031872,33554432,33106733.300411522,0,243,7,0,150.73676833882928,1009.779541015625,150.73676833882928,859.0427726767957,243,8044936192,8,33554432,268435456,4,CREATED,18,470,YES,0,0,0,,,,,,,,1973.273534,1766.38937,1763.394662,1757.852886,1768.413938,558.758265,2.024568,370,40.321006,17.845374,27.208378900000003,30.7720165,36.50735747000001,0,0,0,370,4,12309817472,370,370,370,4894304,33554432,33269776.951351352,0,370,7,0,240.66563153266907,1757.9061279296875,240.66563153266907,1517.2404963970184,370,12309817472,8,33554432,268435456,4,REUSED,18,1210,YES,0,0,0,,,,,,,1349.880765,4550.647,False,False,none,none,none->none,NEITHER,4.719576,True,1.208949,True,1497.55817,True,1349.880765,True,1973.273534,True,162.991861,True,91.455703,True,4665.08616,True,0.00924,True,527.437102,True,175.1621,True,0.28942,True,golden-p1-0-44439fe87d78,ab3c08a952521a2d20e2ca31a2deff3c72a45e9aacf95365e62a436cdac7104f,3086999,39,243,243,370,4.161206353573199,120
golden_p1_parallel_dual_sham_1f59761806f948b5_evidence_2026-09-17,evidence,sham,control,CLOUD_PROVIDER_GCP,us-east1,CLOUD_PROVIDER_GCP/us-east1,golden-p1-0-b0fefeb2a4cb,run_golden_parallel_stream,parallel,static_e27,1f59761806f948b59a6ba69bd9d0b23b,golden_p1_parallel_dual_sham,True,True,True,False,experiment,,5c64046e46ce6d932f0ed2832fe7c76d17b419941bdc38a1e6e0f2625086f0a0,1812250232babd4f14360ab1c718b63d1c1081d7050884c7c0cd2eab8ed73a1d,1812250232babd4f14360ab1c718b63d1c1081d7050884c7c0cd2eab8ed73a1d,5e9fc5f5b3129f52fad8574af7742638418c711245b4504e433a8ee0c35314e4,5400dc1cad887f91adbb85bd650972e690bcdd1db7fd9433007a1c9a59ca7ccb,e1135bf400e915a346e4d0d0,2026-09-16T22:31:44+00:00,ta-01M2PPNHV3X97R51FVTSX8BTDR,,,b295e9e82aea4dc4,d7794f54f4974b838e1e0eacb72fd800,a22af09930bb4e6ab4d2304d01c1a2d6,caa044943f3c4dae92bc8a5925b47788,ef8244bc-ffd7-4006-8396-953b55e6ba23,2,2,in-01M2PPHEKBX44631QC78X4PEQ7:1789615716972-0,im-Yrp2QuPKbto6qZ7JWKybDS,2026-09-17T03:28:35.044000+00:00,1789615715044,2026-09-17T03:28:35.044833+00:00,2026-09-17T03:31:15.971331+00:00,160926.352,,2026-09-17T03:28:34.637332+00:00,2026-09-17T03:31:17.052331+00:00,35.0,0,737.988,1,ok,6.19,100.012,17688.87,403.0,1.27,40.289,0,True,True,,True,False,1,3086999,A,B,A,A,True,False,True,False,True,True,True,True,False,,1616.746757,1151.85088,1150.66969,1138.246208,1153.717801,357.408854,1.866921,243,35.871317,18.804284,25.197074999999998,26.494836899999996,32.77092417999991,0,0,0,243,4,8044936192,243,243,243,2031872,33554432,33106733.300411522,0,243,7,0,186.97267125546932,1138.0794677734375,186.97267125546932,951.1067965179682,243,8044936192,8,33554432,268435456,4,CREATED,18,470,YES,0,0,0,,,,,,,,1924.583044,1727.973462,1726.643572,1717.170389,1729.876802,532.048438,1.90334,370,42.68692,18.035159,25.388502900000006,28.241513000000005,32.5088286,0,0,0,370,4,12309817472,370,370,370,4894304,33554432,33269776.951351352,0,370,7,0,265.9222719222307,1717.2808837890625,265.9222719222307,1451.3586118668318,370,12309817472,8,33554432,268435456,4,REUSED,18,1210,YES,0,0,0,,,,,,,1351.744716,4609.063,False,False,none,none,none->none,NEITHER,3.866691,True,1.20884,True,1616.746757,True,1351.744716,True,1924.583044,True,164.330856,True,85.663778,True,4717.10059,True,0.00933,True,526.148605,True,161.297013,True,0.30593,True,golden-p1-0-b0fefeb2a4cb,ab3c08a952521a2d20e2ca31a2deff3c72a45e9aacf95365e62a436cdac7104f,3086999,39,243,243,370,4.1489200259625845,125
golden_p1_parallel_dual_sham_1f661f6452f1446d_evidence_2026-09-16,evidence,sham,control,CLOUD_PROVIDER_GCP,us-central1,CLOUD_PROVIDER_GCP/us-central1,golden-p1-0-42f17541d477,run_golden_parallel_stream,parallel,static_e27,1f661f6452f1446d83dd9df11f2792b5,golden_p1_parallel_dual_sham,True,True,True,False,experiment,,5c64046e46ce6d932f0ed2832fe7c76d17b419941bdc38a1e6e0f2625086f0a0,1812250232babd4f14360ab1c718b63d1c1081d7050884c7c0cd2eab8ed73a1d,1812250232babd4f14360ab1c718b63d1c1081d7050884c7c0cd2eab8ed73a1d,5e9fc5f5b3129f52fad8574af7742638418c711245b4504e433a8ee0c35314e4,5400dc1cad887f91adbb85bd650972e690bcdd1db7fd9433007a1c9a59ca7ccb,e1135bf400e915a346e4d0d0,2026-09-16T22:31:44+00:00,ta-01M2P8YNSJQ921WE8R50DKB07R,,,b295e9e82aea4dc4,acf9d7bbcc7a4787a542a9f9bd37c7e2,7cce74c5e46647d992390f86ce4ba8d5,0b0822bb22d7482ea82e46024bfd56b3,ef8244bc-ffd7-4006-8396-953b55e6ba23,2,2,in-01M2P8YNG37DF3W3G2YC2KR2NG:1789601469957-0,im-Yrp2QuPKbto6qZ7JWKybDS,2026-09-16T23:31:08.417000+00:00,1789601468417,2026-09-16T23:31:08.417524+00:00,2026-09-16T23:31:34.559229+00:00,26141.908,,2026-09-16T23:31:08.109232+00:00,2026-09-16T23:31:35.333084+00:00,35.0,0,756.406,1,ok,6.19,127.079,17688.87,429.92,1.27,44.996,0,True,True,,True,False,1,3086999,B,A,B,B,True,False,True,False,True,True,True,True,False,,1217.293734,780.295409,779.278109,772.667383,782.874988,341.980173,2.579579,243,33.645534,11.428964,16.354958,17.3664201,19.934984619999998,0,0,0,243,4,8044936192,243,243,243,2031872,33554432,33106733.300411522,0,243,7,0,166.63801566511393,772.6701049804688,166.63801566511393,606.0320893153548,243,8044936192,8,33554432,268435456,4,CREATED,18,470,YES,0,0,0,,,,,,,,1826.86505,1616.672924,1614.548886,1617.914584,1627.198399,528.074817,10.525475,370,67.015651,14.8899235,28.679950000000005,32.018430450000004,41.887354099999996,0,0,0,370,4,12309817472,370,370,370,4894304,33554432,33269776.951351352,0,370,7,0,237.8193922638893,1617.9664306640625,237.8193922638893,1380.1470384001732,370,12309817472,8,33554432,268435456,4,REUSED,18,1210,YES,0,0,0,,,,,,,1236.737659,4559.393,False,False,none,none,none->none,NEITHER,4.043298,True,0.977749,True,1217.293734,True,1236.737659,True,1826.86505,True,160.730017,True,85.812082,True,4672.972369,True,0.01072,True,517.910662,True,159.683399,True,0.31323,True,golden-p1-0-42f17541d477,ab3c08a952521a2d20e2ca31a2deff3c72a45e9aacf95365e62a436cdac7104f,3086999,39,243,243,370,3.9945291628559003,140
golden_p1_parallel_dual_sham_252bc1b6bdd2440e_evidence_2026-09-16,evidence,sham,control,CLOUD_PROVIDER_GCP,us-east1,CLOUD_PROVIDER_GCP/us-east1,golden-p1-0-9ceed22e46e8,run_golden_parallel_stream,parallel,static_e27,252bc1b6bdd2440e98e28e84a1b35662,golden_p1_parallel_dual_sham,True,False,True,False,experiment,,07d7812fdb43e51216e66cd4e83ce26d4c522f94b953505bc962030ab336703e,bdb993e59a8dad12f616671937409a08cb529b9950294994dcd72a695a7378cc,bdb993e59a8dad12f616671937409a08cb529b9950294994dcd72a695a7378cc,f340e7cd93126b720ee3684de14e422f853d138c9d89c8d06d739606cbc91d43,5400dc1cad887f91adbb85bd650972e690bcdd1db7fd9433007a1c9a59ca7ccb,e1135bf400e915a346e4d0d0,2026-09-16T20:19:49+00:00,ta-01M2P3C8HVWN1QMT80BV0QMVBR,,,de0c372734ab4148,a1f8936baacf44569832d9dfa2b352eb,60512437652449d790919ddfd1e73c6d,a0247d91b6e84f0291201aa1bc560ad4,0c61f8bd-9e3b-411a-9955-f85a35df9bd6,2,2,in-01M2P36MMM0R19KC6G17VDZ9YJ:1789595439765-0,im-4zIC8JdTOMmrnwYPuwt4aS,2026-09-16T21:50:38.337000+00:00,1789595438337,2026-09-16T21:50:38.337146+00:00,2026-09-16T21:54:48.633646+00:00,250296.298,,2026-09-16T21:50:37.881645+00:00,2026-09-16T21:54:50.158145+00:00,35.0,0,1440.652,1,ok,4.77,317.196,17599.38,1057.27,1.38,38.212,0,True,True,,True,True,1,3086999,A,B,A,A,True,False,True,False,True,True,True,True,False,,1465.25263,984.264496,983.469747,973.553564,985.901896,356.60378,1.6374,243,32.032445,15.218892,20.8483098,25.125127999999975,30.100005999999993,0,0,0,243,4,8044936192,243,243,243,2031872,33554432,33106733.300411522,0,243,7,0,158.56793589890003,973.6219482421875,158.56793589890003,815.0540123432875,243,8044936192,8,33554432,268435456,4,CREATED,18,470,YES,0,0,0,,,,,,,,2087.305335,1881.976817,1881.151907,1873.424477,1884.594827,518.495484,2.61801,370,36.86054,19.987735,27.208767100000003,29.136443000000003,31.69076089,0,0,0,370,4,12309817472,370,370,370,4894304,33554432,33269776.951351352,0,370,7,0,236.06950387358665,1873.4600830078125,236.06950387358665,1637.3905791342258,370,12309817472,8,33554432,268435456,4,REUSED,18,1210,YES,0,0,0,,,,,,,1606.825527,4691.771,False,False,none,none,none->none,NEITHER,4.36064,True,1.08498,True,1465.25263,True,1606.825527,True,2087.305335,True,193.659498,True,107.042866,True,4803.681631,True,0.01034,True,656.983819,True,165.600287,True,0.28298,True,golden-p1-0-9ceed22e46e8,ab3c08a952521a2d20e2ca31a2deff3c72a45e9aacf95365e62a436cdac7104f,3086999,40,243,243,370,4.066974433836396,138
golden_p1_parallel_dual_sham_3b57441ccaae443c_evidence_2026-09-16,evidence,sham,control,CLOUD_PROVIDER_GCP,us-east1,CLOUD_PROVIDER_GCP/us-east1,golden-p1-0-d52ea2cbe79a,run_golden_parallel_stream,parallel,static_e27,3b57441ccaae443cbc2409efbba4bee4,golden_p1_parallel_dual_sham,True,True,True,False,experiment,,5c64046e46ce6d932f0ed2832fe7c76d17b419941bdc38a1e6e0f2625086f0a0,1812250232babd4f14360ab1c718b63d1c1081d7050884c7c0cd2eab8ed73a1d,1812250232babd4f14360ab1c718b63d1c1081d7050884c7c0cd2eab8ed73a1d,5e9fc5f5b3129f52fad8574af7742638418c711245b4504e433a8ee0c35314e4,5400dc1cad887f91adbb85bd650972e690bcdd1db7fd9433007a1c9a59ca7ccb,e1135bf400e915a346e4d0d0,2026-09-16T22:31:44+00:00,ta-01M2P95086AH56ZE5GSSHRNBPR,,,b295e9e82aea4dc4,2090e7cc99274a759b6a80050e6e4466,e2ce0edad0e846c999cab1f4cf19d1af,e5da9a06ba584a5288014390860a9559,ef8244bc-ffd7-4006-8396-953b55e6ba23,2,2,in-01M2P9500BG7SPYHQRXADRXW8S:1789601677324-0,im-Yrp2QuPKbto6qZ7JWKybDS,2026-09-16T23:34:35.806000+00:00,1789601675806,2026-09-16T23:34:35.806228+00:00,2026-09-16T23:35:06.029168+00:00,30223.589,,2026-09-16T23:34:35.491794+00:00,2026-09-16T23:35:06.734434+00:00,35.0,0,708.343,1,ok,6.19,130.94,17688.87,362.34,1.27,40.149,0,True,True,,True,False,1,3086999,B,A,B,B,True,False,True,False,True,True,True,True,False,,4933.81904,4486.262323,4483.493975,4346.528375,4488.119062,448.743562,1.856739,243,329.076516,52.471077,151.87942180000002,173.60562989999994,233.9544332799998,2,0,0,243,4,8044936192,243,243,243,2031872,33554432,33106733.300411522,0,243,7,0,172.38892774283886,4346.5146484375,172.38892774283886,4174.125720694661,243,8044936192,8,33554432,268435456,4,CREATED,18,470,YES,0,0,0,283.568552,,,,,,,4560.76759,4307.207877,4305.800649,4059.071101,4307.956137,666.269219,0.74826,370,249.173786,28.635963,103.059469,120.89132455,151.6071375,0,0,0,370,4,12309817472,370,370,370,4894304,33554432,33269776.951351352,0,370,7,0,261.80409598350525,4059.070068359375,261.80409598350525,3797.2659723758698,370,12309817472,8,33554432,268435456,4,REUSED,18,1210,YES,0,0,0,,,,,,,1275.854754,4567.681,False,False,none,none,none->none,NEITHER,4.562918,True,1.0611,True,4933.81904,True,1275.854754,True,4560.76759,True,167.2325,True,98.804859,True,4677.0841,True,0.00976,True,530.233557,True,157.684104,True,0.54434,True,golden-p1-0-d52ea2cbe79a,ab3c08a952521a2d20e2ca31a2deff3c72a45e9aacf95365e62a436cdac7104f,3086999,39,243,243,370,5.28796994580928,17
golden_p1_parallel_dual_sham_3bb510116db94957_evidence_2026-09-16,evidence,sham,control,CLOUD_PROVIDER_GCP,us-central1,CLOUD_PROVIDER_GCP/us-central1,golden-p1-0-716326690293,run_golden_parallel_stream,parallel,static_e27,3bb510116db94957bdc628b7e0c5d610,golden_p1_parallel_dual_sham,True,True,True,False,experiment,,5c64046e46ce6d932f0ed2832fe7c76d17b419941bdc38a1e6e0f2625086f0a0,1812250232babd4f14360ab1c718b63d1c1081d7050884c7c0cd2eab8ed73a1d,1812250232babd4f14360ab1c718b63d1c1081d7050884c7c0cd2eab8ed73a1d,5e9fc5f5b3129f52fad8574af7742638418c711245b4504e433a8ee0c35314e4,5400dc1cad887f91adbb85bd650972e690bcdd1db7fd9433007a1c9a59ca7ccb,e1135bf400e915a346e4d0d0,2026-09-16T22:31:44+00:00,ta-01M2P8N3W7AN2R7PN9S6XW588R,,,b295e9e82aea4dc4,07cc0ac79cc34b23898c36312cfedaaf,0beeba61f99b484dbbb57c38dfe16257,dd2149fbe56e4e19a588504cedf3bf5d,ef8244bc-ffd7-4006-8396-953b55e6ba23,2,2,in-01M2P8N3R7BWFYTPAN5KQHJ1MY:1789601156874-0,im-Yrp2QuPKbto6qZ7JWKybDS,2026-09-16T23:25:55.395000+00:00,1789601155395,2026-09-16T23:25:55.395229+00:00,2026-09-16T23:26:19.491035+00:00,24095.92,,2026-09-16T23:25:55.082003+00:00,2026-09-16T23:26:20.185501+00:00,35.0,0,738.185,1,ok,6.19,170.87,17688.87,411.31,1.27,50.285,0,True,True,,True,False,1,3086999,A,B,A,A,True,False,True,False,True,True,True,True,False,,1781.98265,1313.668689,1311.633319,1305.07206,1316.331308,376.535464,2.662619,243,51.006954,21.385748,27.094066800000004,28.809543999999995,32.30816603999996,0,0,0,243,4,8044936192,243,243,243,2031872,33554432,33106733.300411522,0,243,7,0,193.11340786516666,1305.0797119140625,193.11340786516666,1111.9663040488958,243,8044936192,8,33554432,268435456,4,CREATED,18,470,NO,0,0,0,,,,,,,,1965.772994,1768.79622,1767.54859,1755.229753,1769.50183,543.77114,0.70561,370,109.573366,17.223701,28.145419000000008,32.170456,51.19507379000002,0,0,0,370,4,12309817472,370,370,370,4894304,33554432,33269776.951351352,0,370,7,0,263.45833626389503,1755.2396240234375,263.45833626389503,1491.7812877595425,370,12309817472,8,33554432,268435456,4,REUSED,18,1210,YES,0,0,0,,,,,,,1403.974244,4573.732,False,False,none,none,none->none,NEITHER,4.704989,True,1.14019,True,1781.98265,True,1403.974244,True,1965.772994,True,177.369448,True,113.991803,True,4682.684723,True,0.0088,True,533.218059,True,159.447517,True,0.26711,True,golden-p1-0-716326690293,ab3c08a952521a2d20e2ca31a2deff3c72a45e9aacf95365e62a436cdac7104f,3086999,39,243,243,370,4.293740088601174,82
golden_p1_parallel_dual_sham_49c3dc19684c4fe0_evidence_2026-09-16,evidence,sham,control,CLOUD_PROVIDER_GCP,us-central1,CLOUD_PROVIDER_GCP/us-central1,golden-p1-0-2143dadd54c0,run_golden_parallel_stream,parallel,static_e27,49c3dc19684c4fe0b69a1c61e37d34e5,golden_p1_parallel_dual_sham,True,True,True,False,experiment,,5c64046e46ce6d932f0ed2832fe7c76d17b419941bdc38a1e6e0f2625086f0a0,1812250232babd4f14360ab1c718b63d1c1081d7050884c7c0cd2eab8ed73a1d,1812250232babd4f14360ab1c718b63d1c1081d7050884c7c0cd2eab8ed73a1d,5e9fc5f5b3129f52fad8574af7742638418c711245b4504e433a8ee0c35314e4,5400dc1cad887f91adbb85bd650972e690bcdd1db7fd9433007a1c9a59ca7ccb,e1135bf400e915a346e4d0d0,2026-09-16T22:31:44+00:00,ta-01M2P8C6AV9YPR39P1TX97GX9R,,,b295e9e82aea4dc4,3611007a47934545b2daf281aac8bd16,a6c1cf076faf46de9ec68e634e048d42,5a97c6772b4940818e1487655e109c6a,ef8244bc-ffd7-4006-8396-953b55e6ba23,2,2,in-01M2P8B8RGPB2XJQQ8Y6FNJ5ZM:1789600834320-0,im-Yrp2QuPKbto6qZ7JWKybDS,2026-09-16T23:20:32.840000+00:00,1789600832840,2026-09-16T23:20:32.840971+00:00,2026-09-16T23:21:27.138433+00:00,54297.788,,2026-09-16T23:20:32.521921+00:00,2026-09-16T23:21:27.903283+00:00,35.0,0,665.62,1,ok,6.19,124.477,17688.87,349.55,1.27,44.462,0,True,True,,True,False,1,3086999,A,B,A,A,True,False,True,False,True,True,True,True,False,,1591.856785,1128.667177,1126.655577,1112.541448,1130.650957,341.005296,1.98378,243,40.704376,16.599769,29.841905000000004,33.51860599999999,37.72192175999998,0,0,0,243,4,8044936192,243,243,243,2031872,33554432,33106733.300411522,0,243,7,0,152.85334353521466,1112.4320068359375,152.85334353521466,959.5786633007228,243,8044936192,8,33554432,268435456,4,CREATED,18,470,YES,0,0,0,,,,,,,,1935.940519,1727.234605,1725.242515,1641.96578,1729.818384,571.814386,2.583779,370,87.324964,16.528118,25.326033000000006,30.6276785,37.838042290000004,0,0,0,370,4,12309817472,370,370,370,4894304,33554432,33269776.951351352,0,370,7,0,287.9919686168432,1641.9473876953125,287.9919686168432,1353.9554190784693,370,12309817472,8,33554432,268435456,4,REUSED,18,1210,YES,0,0,0,,,,,,,1358.259902,4527.577,False,False,none,none,none->none,NEITHER,4.54247,True,1.1105,True,1591.856785,True,1358.259902,True,1935.940519,True,154.529999,True,95.161203,True,4638.095715,True,0.01123,True,577.935173,True,158.574261,True,0.24458,True,golden-p1-0-2143dadd54c0,ab3c08a952521a2d20e2ca31a2deff3c72a45e9aacf95365e62a436cdac7104f,3086999,39,243,243,370,4.1767798953895445,115
golden_p1_parallel_dual_sham_4a7de4e136f4414e_evidence_2026-09-16,evidence,sham,control,CLOUD_PROVIDER_GCP,us-east1,CLOUD_PROVIDER_GCP/us-east1,golden-p1-0-053b292b0476,run_golden_parallel_stream,parallel,static_e27,4a7de4e136f4414e9e5bda0e19651ae9,golden_p1_parallel_dual_sham,True,True,True,False,experiment,,5c64046e46ce6d932f0ed2832fe7c76d17b419941bdc38a1e6e0f2625086f0a0,1812250232babd4f14360ab1c718b63d1c1081d7050884c7c0cd2eab8ed73a1d,1812250232babd4f14360ab1c718b63d1c1081d7050884c7c0cd2eab8ed73a1d,5e9fc5f5b3129f52fad8574af7742638418c711245b4504e433a8ee0c35314e4,5400dc1cad887f91adbb85bd650972e690bcdd1db7fd9433007a1c9a59ca7ccb,e1135bf400e915a346e4d0d0,2026-09-16T22:31:44+00:00,ta-01M2P8GHSH23VBTRT1Y2294B1R,,,b295e9e82aea4dc4,bc2d2c4c44a742f69ef2cd7c532cb667,a2bee7e52bb4465bac01748480eabc54,6ce71a6f36a44865b813a594179a0e4b,ef8244bc-ffd7-4006-8396-953b55e6ba23,2,2,in-01M2P8GHHPYRZNHQR8WZTJ8XH2:1789601007160-0,im-Yrp2QuPKbto6qZ7JWKybDS,2026-09-16T23:23:25.648000+00:00,1789601005648,2026-09-16T23:23:25.648331+00:00,2026-09-16T23:23:59.676962+00:00,34028.218,,2026-09-16T23:23:25.325985+00:00,2026-09-16T23:24:00.517971+00:00,35.0,0,914.342,1,ok,6.19,124.644,17688.87,512.98,1.27,107.102,0,True,True,,True,False,1,3086999,A,B,A,A,True,False,True,False,True,True,True,True,False,,5227.686788,4282.204271,4270.836918,4271.963266,4284.589939,1062.850403,2.385668,243,1937.129698,8.317884,87.53640120000009,252.42359519999957,1202.948038939991,13,7,3,243,4,8044936192,243,243,243,2031872,33554432,33106733.300411522,0,243,7,0,185.13619228452444,4271.7353515625,185.13619228452444,4086.5991592779756,243,8044936192,8,33554432,268435456,4,CREATED,18,470,YES,0,0,0,583.921417,583.921417,1905.957849,,,,,5673.259166,5298.821546,5286.813003,4938.827393,5300.938514,2217.978272,2.116968,370,1759.312278,8.888463999999999,15.983143100000001,55.09613730000043,858.6271438800009,10,6,4,370,4,12309817472,370,370,370,4894304,33554432,33269776.951351352,0,370,7,0,310.64249654114246,4938.8447265625,310.64249654114246,4628.2022300213575,370,12309817472,8,33554432,268435456,4,REUSED,18,1210,YES,0,0,0,360.722052,1515.219059,1515.219059,,,,1675.400455,4564.13,True,True,both,both,both->both,BOTH_SICK,4.556937,True,21.0969,True,5227.686788,True,1675.400455,True,5673.259166,True,303.752241,True,1156.558421,True,4674.545951,True,0.01096,True,553.763268,True,158.901218,True,0.242999,True,golden-p1-0-053b292b0476,ab3c08a952521a2d20e2ca31a2deff3c72a45e9aacf95365e62a436cdac7104f,3086999,39,243,243,370,6.199690526654856,5
golden_p1_parallel_dual_sham_4e053fa82d184b94_evidence_2026-09-16,evidence,sham,control,CLOUD_PROVIDER_GCP,us-east1,CLOUD_PROVIDER_GCP/us-east1,golden-p1-0-2374faf758b9,run_golden_parallel_stream,parallel,static_e27,4e053fa82d184b948246e14686530b3f,golden_p1_parallel_dual_sham,True,True,True,False,experiment,,5c64046e46ce6d932f0ed2832fe7c76d17b419941bdc38a1e6e0f2625086f0a0,1812250232babd4f14360ab1c718b63d1c1081d7050884c7c0cd2eab8ed73a1d,1812250232babd4f14360ab1c718b63d1c1081d7050884c7c0cd2eab8ed73a1d,5e9fc5f5b3129f52fad8574af7742638418c711245b4504e433a8ee0c35314e4,5400dc1cad887f91adbb85bd650972e690bcdd1db7fd9433007a1c9a59ca7ccb,e1135bf400e915a346e4d0d0,2026-09-16T22:31:44+00:00,ta-01M2P9GGGBDC6FXSA0DV5YWG2R,,,b295e9e82aea4dc4,e6d004599047441098ed1767d54138b9,0b5d30037bc44355a2cd584c0c059724,d7a0368d90f94425bf3ad626f7e4ddad,ef8244bc-ffd7-4006-8396-953b55e6ba23,2,2,in-01M2P9G2WVZXGHDX1T6027BY72:1789602040732-0,im-Yrp2QuPKbto6qZ7JWKybDS,2026-09-16T23:40:39.244000+00:00,1789602039244,2026-09-16T23:40:39.244635+00:00,2026-09-16T23:41:18.239965+00:00,38995.499,,2026-09-16T23:40:38.930122+00:00,2026-09-16T23:41:18.966982+00:00,35.0,0,628.812,1,ok,6.19,112.576,17688.87,343.76,1.27,38.483,0,True,True,,True,False,1,3086999,B,A,B,B,True,False,True,False,True,True,True,True,False,,1740.514056,1268.358028,1267.230488,1258.164597,1270.312457,331.123127,1.954429,243,41.027019,20.97684,27.5608988,29.87245629999999,35.44959699999995,0,0,0,243,4,8044936192,243,243,243,2031872,33554432,33106733.300411522,0,243,7,0,155.81283164024353,1258.15966796875,155.81283164024353,1102.3468363285065,243,8044936192,8,33554432,268435456,4,CREATED,18,470,YES,0,0,0,,,,,,,,2121.302458,1925.71735,1923.8658,1916.187021,1927.36875,545.537455,1.6514,370,54.344968,20.2687,28.893555000000003,31.00835695,36.20679681,0,0,0,370,4,12309817472,370,370,370,4894304,33554432,33269776.951351352,0,370,7,0,246.54742370545864,1916.160888671875,246.54742370545864,1669.6134649664164,370,12309817472,8,33554432,268435456,4,REUSED,18,1210,YES,0,0,0,,,,,,,1405.403723,4582.677,False,False,none,none,none->none,NEITHER,4.39502,True,1.32308,True,1740.514056,True,1405.403723,True,2121.302458,True,165.28736,True,98.06869,True,4690.422629,True,0.01031,True,528.471,True,165.079859,True,0.25516,True,golden-p1-0-2374faf758b9,ab3c08a952521a2d20e2ca31a2deff3c72a45e9aacf95365e62a436cdac7104f,3086999,39,243,243,370,4.221130332254771,109
golden_p1_parallel_dual_sham_53f12a66420745f6_evidence_2026-09-16,evidence,sham,control,CLOUD_PROVIDER_GCP,us-east1,CLOUD_PROVIDER_GCP/us-east1,golden-p1-0-2af1b6579b10,run_golden_parallel_stream,parallel,static_e27,53f12a66420745f680fa35a1f6722d5c,golden_p1_parallel_dual_sham,True,True,True,False,experiment,,5c64046e46ce6d932f0ed2832fe7c76d17b419941bdc38a1e6e0f2625086f0a0,1812250232babd4f14360ab1c718b63d1c1081d7050884c7c0cd2eab8ed73a1d,1812250232babd4f14360ab1c718b63d1c1081d7050884c7c0cd2eab8ed73a1d,5e9fc5f5b3129f52fad8574af7742638418c711245b4504e433a8ee0c35314e4,5400dc1cad887f91adbb85bd650972e690bcdd1db7fd9433007a1c9a59ca7ccb,e1135bf400e915a346e4d0d0,2026-09-16T22:31:44+00:00,ta-01M2P86VQFXA6HQQSAZVYGX4YR,,,b295e9e82aea4dc4,5bd7986ec42145d29be463be78528a8b,552b073c42da48e1bd039bf78253f20b,1b7bd78212334fa385f59a937e6a46ac,ef8244bc-ffd7-4006-8396-953b55e6ba23,2,2,in-01M2P86VETDSYH4K3N963GPTBN:1789600689627-0,im-Yrp2QuPKbto6qZ7JWKybDS,2026-09-16T23:18:08.152000+00:00,1789600688152,2026-09-16T23:18:08.152827+00:00,2026-09-16T23:18:32.007222+00:00,23854.561,,2026-09-16T23:18:07.783114+00:00,2026-09-16T23:18:32.742438+00:00,35.0,0,761.057,1,ok,6.19,176.26,17688.87,447.19,1.27,44.066,0,True,True,,True,False,1,3086999,B,A,B,B,True,False,True,False,True,True,True,True,False,,1684.723251,1248.490942,1247.615582,1237.51496,1250.45462,373.161067,1.963678,243,60.024237,19.710775,27.209597,29.0977911,37.27249905999994,0,0,0,243,4,8044936192,243,243,243,2031872,33554432,33106733.300411522,0,243,7,0,171.48748864233494,1237.5399169921875,171.48748864233494,1066.0524283498526,243,8044936192,8,33554432,268435456,4,CREATED,18,470,YES,0,0,0,,,,,,,,1846.518262,1648.561918,1646.684621,1642.436823,1651.434336,572.060929,2.872418,370,62.336344,16.404912500000002,25.8170541,29.67273895000001,38.9056943,0,0,0,370,4,12309817472,370,370,370,4894304,33554432,33269776.951351352,0,370,7,0,254.85839991271496,1642.5113525390625,254.85839991271496,1387.6529526263475,370,12309817472,8,33554432,268435456,4,REUSED,18,1210,YES,0,0,0,,,,,,,1345.602188,4559.955,False,False,none,none,none->none,NEITHER,3.858377,True,1.04149,True,1684.723251,True,1345.602188,True,1846.518262,True,159.298971,True,91.995873,True,4668.226564,True,0.00986,True,532.753874,True,158.396061,True,0.292599,True,golden-p1-0-2af1b6579b10,ab3c08a952521a2d20e2ca31a2deff3c72a45e9aacf95365e62a436cdac7104f,3086999,39,243,243,370,4.316133383821995,72
golden_p1_parallel_dual_sham_5db2b893ffac4558_evidence_2026-09-16,evidence,sham,control,CLOUD_PROVIDER_GCP,us-east1,CLOUD_PROVIDER_GCP/us-east1,golden-p1-0-601c2c13910d,run_golden_parallel_stream,parallel,static_e27,5db2b893ffac4558b918571abcd34dfe,golden_p1_parallel_dual_sham,True,True,True,False,experiment,,5c64046e46ce6d932f0ed2832fe7c76d17b419941bdc38a1e6e0f2625086f0a0,1812250232babd4f14360ab1c718b63d1c1081d7050884c7c0cd2eab8ed73a1d,1812250232babd4f14360ab1c718b63d1c1081d7050884c7c0cd2eab8ed73a1d,5e9fc5f5b3129f52fad8574af7742638418c711245b4504e433a8ee0c35314e4,5400dc1cad887f91adbb85bd650972e690bcdd1db7fd9433007a1c9a59ca7ccb,e1135bf400e915a346e4d0d0,2026-09-16T22:31:44+00:00,ta-01M2P8F4CEMRJJ4HBQ021JKJDR,,,b295e9e82aea4dc4,5727a17fa3984e5d8d0f0917c4246344,c4ff6edb7ad6438a8c7d131b9f12711f,2fd4e6d9b7554567bef7884c92763642,ef8244bc-ffd7-4006-8396-953b55e6ba23,2,2,in-01M2P8F45ZWWEYY2706XVYSEHJ:1789600960704-0,im-Yrp2QuPKbto6qZ7JWKybDS,2026-09-16T23:22:39.196000+00:00,1789600959196,2026-09-16T23:22:39.196667+00:00,2026-09-16T23:23:03.851628+00:00,24654.32,,2026-09-16T23:22:38.883912+00:00,2026-09-16T23:23:04.568823+00:00,35.0,0,714.831,1,ok,6.19,99.744,17688.87,381.31,1.27,103.309,0,True,True,,True,False,1,3086999,A,B,A,A,True,False,True,False,True,True,True,True,False,,1731.220743,1268.067789,1264.583289,1255.575453,1270.340939,365.089065,2.27315,243,34.920091,20.352885,27.450942,29.86693699999998,33.726947,0,0,0,243,4,8044936192,243,243,243,2031872,33554432,33106733.300411522,0,243,7,0,156.57347210124135,1255.5927734375,156.57347210124135,1099.0193013362586,243,8044936192,8,33554432,268435456,4,CREATED,18,470,YES,0,0,0,,,,,,,,1782.605654,1582.153113,1580.696964,1573.220875,1584.680332,574.070561,2.527219,370,40.15351,15.741285999999999,23.185822,25.173825500000003,30.691860610000003,0,0,0,370,4,12309817472,370,370,370,4894304,33554432,33269776.951351352,0,370,7,0,266.21542367339134,1573.2432861328125,266.21542367339134,1307.0278624594212,370,12309817472,8,33554432,268435456,4,REUSED,18,1210,YES,0,0,0,,,,,,,1422.626819,4617.379,False,False,none,none,none->none,NEITHER,4.924528,True,1.55473,True,1731.220743,True,1422.626819,True,1782.605654,True,202.587001,True,101.915095,True,4731.072525,True,0.00981,True,528.201021,True,167.391589,True,0.31136,True,golden-p1-0-601c2c13910d,ab3c08a952521a2d20e2ca31a2deff3c72a45e9aacf95365e62a436cdac7104f,3086999,39,243,243,370,4.174707214390414,117
golden_p1_parallel_dual_sham_639c6b849b884ba6_evidence_2026-09-17,evidence,sham,control,CLOUD_PROVIDER_AWS,us-east-2,CLOUD_PROVIDER_AWS/us-east-2,golden-p1-0-bca55ee4d4f5,run_golden_parallel_stream,parallel,static_e27,639c6b849b884ba6a39e76f18947fe3c,golden_p1_parallel_dual_sham,True,True,True,False,experiment,,5c64046e46ce6d932f0ed2832fe7c76d17b419941bdc38a1e6e0f2625086f0a0,1812250232babd4f14360ab1c718b63d1c1081d7050884c7c0cd2eab8ed73a1d,1812250232babd4f14360ab1c718b63d1c1081d7050884c7c0cd2eab8ed73a1d,5e9fc5f5b3129f52fad8574af7742638418c711245b4504e433a8ee0c35314e4,5400dc1cad887f91adbb85bd650972e690bcdd1db7fd9433007a1c9a59ca7ccb,e1135bf400e915a346e4d0d0,2026-09-16T22:31:44+00:00,ta-01M2PNFQFSNYKZ3JZWK64SKBER,,,60a30b0ec20c4270,c160100f32c740f4a0e91de332b076d1,456c827c578b4fa480857eb99f01bcde,c5d64f433d924e44a2e5229ff05359dd,ec1cc253-7215-472e-b3ec-3c0814a25a0f,2,2,in-01M2PNAMZ0QKXT6FQ86HE28CZG:1789614445538-0,im-Yrp2QuPKbto6qZ7JWKybDS,2026-09-17T03:07:23.651000+00:00,1789614443651,2026-09-17T03:07:23.651136+00:00,2026-09-17T03:10:43.176812+00:00,199525.444,,2026-09-17T03:07:23.286551+00:00,2026-09-17T03:10:43.904889+00:00,35.0,0,3905.74,1,ok,6.99,0.0,18896.03,3279.11,1.28,33.011,0,True,True,,True,False,1,3086999,B,A,B,B,True,False,True,False,True,True,True,True,False,,4779.733051,3347.413518,3344.878351,2951.3024,3349.503576,348.797076,2.090058,243,1126.725352,18.492322,54.269408400000046,84.7578599999999,750.3269255799989,8,6,1,243,4,8044936192,243,243,243,2031872,33554432,33106733.300411522,0,243,7,0,173.66758366674185,2951.248291015625,173.66758366674185,2777.580707348883,243,8044936192,8,33554432,268435456,4,CREATED,18,470,YES,0,0,0,397.631357,780.052717,1126.725352,,,,,3406.11612,2945.212573,2941.195939,2656.396168,2947.163789,616.135183,1.951216,370,335.16835,17.769669,21.872244700000003,28.791743700000023,233.56143319000003,3,0,0,370,4,12309817472,370,370,370,4894304,33554432,33269776.951351352,0,370,7,0,270.15667159855366,2656.34375,270.15667159855366,2386.1870784014463,370,12309817472,8,33554432,268435456,4,REUSED,18,1210,YES,0,0,0,335.16835,,,,,,1870.61854,4824.126,True,False,preadv_only,none,preadv_only->none,CLIP_SICK_ONLY,7.514802,True,125.518321,True,4779.733051,True,1870.61854,True,3406.11612,True,235.93159,True,195.885081,True,4977.313495,True,0.009819,True,587.805869,True,217.70236,True,0.317976,True,golden-p1-0-bca55ee4d4f5,ab3c08a952521a2d20e2ca31a2deff3c72a45e9aacf95365e62a436cdac7104f,3086999,39,243,243,370,5.786164354383972,13
golden_p1_parallel_dual_sham_682f8ccbfc9a4d36_evidence_2026-09-16,evidence,sham,control,CLOUD_PROVIDER_GCP,us-east1,CLOUD_PROVIDER_GCP/us-east1,golden-p1-0-82472cd98951,run_golden_parallel_stream,parallel,static_e27,682f8ccbfc9a4d368762594071b8508e,golden_p1_parallel_dual_sham,True,True,True,False,experiment,,5c64046e46ce6d932f0ed2832fe7c76d17b419941bdc38a1e6e0f2625086f0a0,1812250232babd4f14360ab1c718b63d1c1081d7050884c7c0cd2eab8ed73a1d,1812250232babd4f14360ab1c718b63d1c1081d7050884c7c0cd2eab8ed73a1d,5e9fc5f5b3129f52fad8574af7742638418c711245b4504e433a8ee0c35314e4,5400dc1cad887f91adbb85bd650972e690bcdd1db7fd9433007a1c9a59ca7ccb,e1135bf400e915a346e4d0d0,2026-09-16T22:31:44+00:00,ta-01M2P8J9TZ39GZY9HFQ4WV5SNR,,,b295e9e82aea4dc4,50a5cb8562824facab9f2b5c312dbfaa,4fcf17dd6b014011a107b0f449a621bf,5482b37f413747dda57c337b86c8386b,ef8244bc-ffd7-4006-8396-953b55e6ba23,2,2,in-01M2P8J9N3VBN52DGCZHCF67RP:1789601064612-0,im-Yrp2QuPKbto6qZ7JWKybDS,2026-09-16T23:24:23.128000+00:00,1789601063128,2026-09-16T23:24:23.128596+00:00,2026-09-16T23:24:47.783597+00:00,24654.915,,2026-09-16T23:24:22.758917+00:00,2026-09-16T23:24:48.485742+00:00,35.0,0,635.887,1,ok,6.19,127.568,17688.87,348.65,1.27,36.613,0,True,True,,True,False,1,3086999,B,A,B,B,True,False,True,False,True,True,True,True,False,,1469.246923,1018.842135,1016.623357,1010.002331,1021.341744,361.64312,2.499609,243,41.212095,14.974061,21.61326980000001,28.50329509999997,39.54057941999998,0,0,0,243,4,8044936192,243,243,243,2031872,33554432,33106733.300411522,0,243,7,0,170.49590431153774,,170.49590431153774,0.0,243,8044936192,8,33554432,268435456,4,CREATED,18,470,YES,0,0,0,,,,,,,,2354.423737,2150.500254,2149.328744,2016.883316,2152.815493,595.885848,2.315239,370,135.049357,22.465901,27.002836100000003,28.00797205,38.42290764000003,0,0,0,370,4,12309817472,370,370,370,4894304,33554432,33269776.951351352,0,370,7,0,293.87983979284763,2016.882080078125,293.87983979284763,1723.0022402852774,370,12309817472,8,33554432,268435456,4,REUSED,18,1210,YES,0,0,0,,,,,,,1454.353533,4606.546,False,False,none,none,none->none,NEITHER,4.401707,True,1.1429,True,1469.246923,True,1454.353533,True,2354.423737,True,175.940087,True,101.11177,True,4715.224799,True,0.01101,True,562.038646,True,160.712387,True,0.295849,True,golden-p1-0-82472cd98951,ab3c08a952521a2d20e2ca31a2deff3c72a45e9aacf95365e62a436cdac7104f,3086999,39,243,243,370,4.14274114119826,126
golden_p1_parallel_dual_sham_68db9bb8c063467e_evidence_2026-09-16,evidence,sham,control,CLOUD_PROVIDER_AWS,us-east-1,CLOUD_PROVIDER_AWS/us-east-1,golden-p1-0-44475e59cc45,run_golden_parallel_stream,parallel,static_e27,68db9bb8c063467e946bfc1345176030,golden_p1_parallel_dual_sham,True,True,True,False,experiment,,5c64046e46ce6d932f0ed2832fe7c76d17b419941bdc38a1e6e0f2625086f0a0,1812250232babd4f14360ab1c718b63d1c1081d7050884c7c0cd2eab8ed73a1d,1812250232babd4f14360ab1c718b63d1c1081d7050884c7c0cd2eab8ed73a1d,5e9fc5f5b3129f52fad8574af7742638418c711245b4504e433a8ee0c35314e4,5400dc1cad887f91adbb85bd650972e690bcdd1db7fd9433007a1c9a59ca7ccb,e1135bf400e915a346e4d0d0,2026-09-16T22:31:44+00:00,ta-01M2P6JETK72X96853C43730JR,,,60a30b0ec20c4270,83e2dbac4b79481ba7c8aed5b07d7127,5f442d9cea2447739b49c436ae8fde45,d1154fe0ed0b4ff28bd4c5f15bb7d809,ec1cc253-7215-472e-b3ec-3c0814a25a0f,2,2,in-01M2P6JEN38JS6087WT18YZCC1:1789598972580-0,im-Yrp2QuPKbto6qZ7JWKybDS,2026-09-16T22:49:31.130000+00:00,1789598971130,2026-09-16T22:49:31.130628+00:00,2026-09-16T22:50:28.140967+00:00,57010.493,,2026-09-16T22:49:30.800518+00:00,2026-09-16T22:50:29.017522+00:00,35.0,0,1004.741,1,ok,6.99,255.354,18896.03,638.72,1.28,21.734,0,True,True,,True,False,1,3086999,A,B,A,A,True,False,True,False,True,True,True,True,False,,2145.859017,1492.465968,1491.301084,1467.876742,1495.158774,423.27154,2.692806,243,40.223041,23.266571,28.9159848,30.7572674,35.396805379999925,0,0,0,243,4,8044936192,243,243,243,2031872,33554432,33106733.300411522,0,243,7,0,239.86816081777215,1467.967529296875,239.86816081777215,1228.0993684791028,243,8044936192,8,33554432,268435456,4,CREATED,18,470,YES,0,0,0,,,,,,,,2448.527422,2160.584778,2159.238894,2139.414369,2163.266447,572.661125,2.681669,370,38.468179,20.638641,28.803966200000005,30.46170515,35.3054679,0,0,0,370,4,12309817472,370,370,370,4894304,33554432,33269776.951351352,0,370,7,0,332.6195523440838,2139.440673828125,332.6195523440838,1806.8211214840412,370,12309817472,8,33554432,268435456,4,REUSED,18,1210,YES,0,0,0,,,,,,,1862.882283,4826.753,False,False,none,none,none->none,NEITHER,5.29813,True,1.256406,True,2145.859017,True,1862.882283,True,2448.527422,True,217.863035,True,161.756789,True,4978.652424,True,0.009295,True,597.996494,True,216.841789,True,0.240553,True,golden-p1-0-44475e59cc45,ab3c08a952521a2d20e2ca31a2deff3c72a45e9aacf95365e62a436cdac7104f,3086999,39,243,243,370,4.298624543869505,79
golden_p1_parallel_dual_sham_6d1838b9038541d6_evidence_2026-09-16,evidence,sham,control,CLOUD_PROVIDER_GCP,us-east1,CLOUD_PROVIDER_GCP/us-east1,golden-p1-0-c9f6a763f3e8,run_golden_parallel_stream,parallel,static_e27,6d1838b9038541d68d244df9c8547daf,golden_p1_parallel_dual_sham,True,True,True,False,experiment,,5c64046e46ce6d932f0ed2832fe7c76d17b419941bdc38a1e6e0f2625086f0a0,1812250232babd4f14360ab1c718b63d1c1081d7050884c7c0cd2eab8ed73a1d,1812250232babd4f14360ab1c718b63d1c1081d7050884c7c0cd2eab8ed73a1d,5e9fc5f5b3129f52fad8574af7742638418c711245b4504e433a8ee0c35314e4,5400dc1cad887f91adbb85bd650972e690bcdd1db7fd9433007a1c9a59ca7ccb,e1135bf400e915a346e4d0d0,2026-09-16T22:31:44+00:00,ta-01M2P683H8SHWPBB2PHRKDJJVR,,,b295e9e82aea4dc4,686bce9d4aad4bcc8298f5cbd6f942dd,0fc2e47079314e22817260ae66f47435,d26b7140ccbc43b4a344b096f1c4f7d3,ef8244bc-ffd7-4006-8396-953b55e6ba23,2,2,in-01M2P683C1W1K5X22CN7RNJE0Q:1789598633345-0,im-Yrp2QuPKbto6qZ7JWKybDS,2026-09-16T22:43:51.945000+00:00,1789598631945,2026-09-16T22:43:51.945218+00:00,2026-09-16T22:44:19.334082+00:00,27389.05,,2026-09-16T22:43:51.542657+00:00,2026-09-16T22:44:20.132681+00:00,35.0,0,1095.344,1,ok,6.19,120.577,17688.87,702.56,1.27,60.397,0,True,True,,True,False,1,3086999,A,B,A,A,True,False,True,False,True,True,True,True,False,,2024.853164,1558.689196,1533.868484,1550.14693,1561.322745,411.417516,2.633549,243,898.547925,10.463606,16.3125878,19.451550099999988,229.86594329999548,3,1,0,243,4,8044936192,243,243,243,2031872,33554432,33106733.300411522,0,243,7,0,208.69135969877243,1550.152587890625,208.69135969877243,1341.4612281918526,243,8044936192,8,33554432,268435456,4,CREATED,18,470,YES,0,0,0,898.547925,898.547925,,,,,,2171.937673,1975.115658,1973.28718,1966.146552,1976.862938,504.96488,1.74728,370,55.995509,21.147662,28.100003,28.95002995,31.0001369,0,0,0,370,4,12309817472,370,370,370,4894304,33554432,33269776.951351352,0,370,7,0,248.71830392628908,1966.20166015625,248.71830392628908,1717.483356229961,370,12309817472,8,33554432,268435456,4,REUSED,18,1210,YES,0,0,0,,,,,,,1323.603274,4610.776,False,False,none,none,none->none,NEITHER,4.394669,True,2.221569,True,2024.853164,True,1323.603274,True,2171.937673,True,173.643024,True,95.956723,True,4718.194472,True,0.00975,True,519.545233,True,159.95587,True,0.27688,True,golden-p1-0-c9f6a763f3e8,ab3c08a952521a2d20e2ca31a2deff3c72a45e9aacf95365e62a436cdac7104f,3086999,39,243,243,370,5.169074131848315,22
golden_p1_parallel_dual_sham_739cd2886ee04cc8_evidence_2026-09-16,evidence,sham,control,CLOUD_PROVIDER_GCP,us-east1,CLOUD_PROVIDER_GCP/us-east1,golden-p1-0-c65fa1dd507f,run_golden_parallel_stream,parallel,static_e27,739cd2886ee04cc8b5ddcd8c1f68bf40,golden_p1_parallel_dual_sham,True,True,True,False,experiment,,5c64046e46ce6d932f0ed2832fe7c76d17b419941bdc38a1e6e0f2625086f0a0,1812250232babd4f14360ab1c718b63d1c1081d7050884c7c0cd2eab8ed73a1d,1812250232babd4f14360ab1c718b63d1c1081d7050884c7c0cd2eab8ed73a1d,5e9fc5f5b3129f52fad8574af7742638418c711245b4504e433a8ee0c35314e4,5400dc1cad887f91adbb85bd650972e690bcdd1db7fd9433007a1c9a59ca7ccb,e1135bf400e915a346e4d0d0,2026-09-16T22:31:44+00:00,ta-01M2P88A8V8XTSVTV0WJW3YGER,,,b295e9e82aea4dc4,6012a8443ae540888e692a28581ccf10,a8dbbe19fbe548d68baaa160bba09998,5f19535beb7544ba9f96181a0ba33691,ef8244bc-ffd7-4006-8396-953b55e6ba23,2,2,in-01M2P88A49650FTM5C9ERV2N2X:1789600737418-0,im-Yrp2QuPKbto6qZ7JWKybDS,2026-09-16T23:18:55.963000+00:00,1789600735963,2026-09-16T23:18:55.963981+00:00,2026-09-16T23:19:23.537955+00:00,27574.254,,2026-09-16T23:18:55.611892+00:00,2026-09-16T23:19:24.288736+00:00,35.0,0,695.741,1,ok,6.19,114.12,17688.87,344.74,1.27,39.718,0,True,True,,True,False,1,3086999,A,B,A,A,True,False,True,False,True,True,True,True,False,,2421.34133,1869.371129,1859.543967,1567.664796,1871.971546,396.765742,2.600417,243,303.68409,9.528022,20.461933200000004,83.45662489999941,199.92618525999933,1,0,0,243,4,8044936192,243,243,243,2031872,33554432,33106733.300411522,0,243,7,0,169.14860785007477,1567.61962890625,169.14860785007477,1398.4710210561752,243,8044936192,8,33554432,268435456,4,CREATED,18,470,YES,0,0,0,303.68409,,,,,,,3325.827609,2903.661483,2899.445407,2656.236446,2906.035111,590.571225,2.373628,370,576.285586,10.151511,16.798481900000002,26.52229800000001,400.5128889000001,7,1,0,370,4,12309817472,370,370,370,4894304,33554432,33269776.951351352,0,370,7,0,255.84668827056885,2656.253173828125,255.84668827056885,2400.406485557556,370,12309817472,8,33554432,268435456,4,REUSED,18,1210,YES,0,0,0,444.347589,576.285586,,,,,1392.958038,4642.525,False,False,none,none,none->none,NEITHER,3.840396,True,1.005629,True,2421.34133,True,1392.958038,True,3325.827609,True,180.22999,True,342.635064,True,4755.880272,True,0.0119,True,542.488552,True,160.478476,True,0.26527,True,golden-p1-0-c65fa1dd507f,ab3c08a952521a2d20e2ca31a2deff3c72a45e9aacf95365e62a436cdac7104f,3086999,39,243,243,370,4.936774682838275,30
golden_p1_parallel_dual_sham_7821a0a3c0e9492f_evidence_2026-09-17,evidence,sham,control,CLOUD_PROVIDER_AWS,us-east-2,CLOUD_PROVIDER_AWS/us-east-2,golden-p1-0-4ab2a4b26325,run_golden_parallel_stream,parallel,static_e27,7821a0a3c0e9492f97e383478b448c35,golden_p1_parallel_dual_sham,True,True,True,False,experiment,,5c64046e46ce6d932f0ed2832fe7c76d17b419941bdc38a1e6e0f2625086f0a0,1812250232babd4f14360ab1c718b63d1c1081d7050884c7c0cd2eab8ed73a1d,1812250232babd4f14360ab1c718b63d1c1081d7050884c7c0cd2eab8ed73a1d,5e9fc5f5b3129f52fad8574af7742638418c711245b4504e433a8ee0c35314e4,5400dc1cad887f91adbb85bd650972e690bcdd1db7fd9433007a1c9a59ca7ccb,e1135bf400e915a346e4d0d0,2026-09-16T22:31:44+00:00,ta-01M2PNMP797NNTTKNBF615J4FR,,,60a30b0ec20c4270,9e4addfd50724cd5aad5d287ea265dc3,7e7c72f47bcf4dbbb8f701fde52f83f5,3a67474f708e4c4193d87363c94a37c2,ec1cc253-7215-472e-b3ec-3c0814a25a0f,2,2,in-01M2PNMP3C9H3WV0Y96HYFGR29:1789614774381-0,im-Yrp2QuPKbto6qZ7JWKybDS,2026-09-17T03:12:52.536000+00:00,1789614772536,2026-09-17T03:12:52.536443+00:00,2026-09-17T03:13:18.040700+00:00,25504.717,,2026-09-17T03:12:52.208423+00:00,2026-09-17T03:13:18.718013+00:00,35.0,0,703.288,1,ok,6.99,0.0,18896.03,333.61,1.28,35.498,0,True,True,,True,False,1,3086999,A,B,A,A,True,False,True,False,True,True,True,True,False,,2072.623059,1429.264484,1426.855945,1406.336666,1431.679082,440.829668,2.414598,243,40.320705,21.125377,27.799684400000004,29.292797199999995,34.86123015999999,0,0,0,243,4,8044936192,243,243,243,2031872,33554432,33106733.300411522,0,243,7,0,235.17583944648504,1406.318359375,235.17583944648504,1171.142519928515,243,8044936192,8,33554432,268435456,4,CREATED,18,470,YES,0,0,0,,,,,,,,2219.122012,1928.352615,1926.930024,1901.285661,1930.500742,550.131378,2.148127,370,43.647358,19.711439,24.036830000000002,25.34287175,29.781900300000004,0,0,0,370,4,12309817472,370,370,370,4894304,33554432,33269776.951351352,0,370,7,0,266.97142365574837,1901.40625,266.97142365574837,1634.4348263442516,370,12309817472,8,33554432,268435456,4,REUSED,18,1210,YES,0,0,0,,,,,,,1885.096783,4835.322,False,False,none,none,none->none,NEITHER,5.423154,True,1.518861,True,2072.623059,True,1885.096783,True,2219.122012,True,233.583111,True,155.247452,True,4990.842022,True,0.010525,True,587.028483,True,219.186651,True,0.320077,True,golden-p1-0-4ab2a4b26325,ab3c08a952521a2d20e2ca31a2deff3c72a45e9aacf95365e62a436cdac7104f,3086999,39,243,243,370,4.283206760694436,87
golden_p1_parallel_dual_sham_790f19e52b0740c1_evidence_2026-09-16,evidence,sham,control,CLOUD_PROVIDER_GCP,us-east1,CLOUD_PROVIDER_GCP/us-east1,golden-p1-0-3a4aeb5f8f7b,run_golden_parallel_stream,parallel,static_e27,790f19e52b0740c1b44e522c3a058c37,golden_p1_parallel_dual_sham,True,True,True,False,experiment,,5c64046e46ce6d932f0ed2832fe7c76d17b419941bdc38a1e6e0f2625086f0a0,1812250232babd4f14360ab1c718b63d1c1081d7050884c7c0cd2eab8ed73a1d,1812250232babd4f14360ab1c718b63d1c1081d7050884c7c0cd2eab8ed73a1d,5e9fc5f5b3129f52fad8574af7742638418c711245b4504e433a8ee0c35314e4,5400dc1cad887f91adbb85bd650972e690bcdd1db7fd9433007a1c9a59ca7ccb,e1135bf400e915a346e4d0d0,2026-09-16T22:31:44+00:00,ta-01M2P73YKXDDV7QDHYZHGSW30R,,,b295e9e82aea4dc4,a9fd0b2676d8405595a30e1685f63692,2615738c434e4404bcca4dfa9c183131,37daa5a0461642538cbcba52b53a9247,ef8244bc-ffd7-4006-8396-953b55e6ba23,2,2,in-01M2P73YBYYGX9TXCMG98MF0V8:1789599545727-0,im-Yrp2QuPKbto6qZ7JWKybDS,2026-09-16T22:59:04.300000+00:00,1789599544300,2026-09-16T22:59:04.300197+00:00,2026-09-16T22:59:32.264377+00:00,27964.406,,2026-09-16T22:59:03.979207+00:00,2026-09-16T22:59:32.975487+00:00,35.0,0,1212.246,1,ok,6.19,244.067,17688.87,501.16,1.27,58.199,0,True,True,,True,False,1,3086999,B,A,B,B,True,False,True,False,True,True,True,True,False,,2730.914343,1877.393831,1870.294704,1572.987755,1879.45095,877.936025,2.057119,243,520.027275,10.145811,18.476431400000006,24.429347499999928,398.8132626599974,4,2,0,243,4,8044936192,243,243,243,2031872,33554432,33106733.300411522,0,243,7,0,156.9573760703206,1572.8814697265625,156.9573760703206,1415.924093656242,243,8044936192,8,33554432,268435456,4,CREATED,18,470,YES,0,0,0,304.485527,519.206576,,,,,,3073.123929,2606.400087,2602.64934,2435.218409,2609.091774,555.868763,2.691687,370,378.971031,8.994943,15.248624900000001,75.49455940000003,264.87545710000006,6,0,0,370,4,12309817472,370,370,370,4894304,33554432,33269776.951351352,0,370,7,0,263.8533758595586,2435.1943359375,263.8533758595586,2171.3409600779414,370,12309817472,8,33554432,268435456,4,REUSED,18,1210,YES,0,0,0,378.971031,,,,,,1387.537551,4589.861,False,False,none,none,none->none,NEITHER,4.813736,True,1.257709,True,2730.914343,True,1387.537551,True,3073.123929,True,163.557174,True,491.624621,True,4703.045172,True,0.01057,True,593.281585,True,159.91057,True,0.30113,True,golden-p1-0-3a4aeb5f8f7b,ab3c08a952521a2d20e2ca31a2deff3c72a45e9aacf95365e62a436cdac7104f,3086999,39,243,243,370,5.125041837523985,25
golden_p1_parallel_dual_sham_7e3b4c75f46c4ced_evidence_2026-09-16,evidence,sham,control,CLOUD_PROVIDER_GCP,us-east1,CLOUD_PROVIDER_GCP/us-east1,golden-p1-0-dcdb533a6c45,run_golden_parallel_stream,parallel,static_e27,7e3b4c75f46c4ced8a73697d9378f2aa,golden_p1_parallel_dual_sham,True,True,True,False,experiment,,5c64046e46ce6d932f0ed2832fe7c76d17b419941bdc38a1e6e0f2625086f0a0,1812250232babd4f14360ab1c718b63d1c1081d7050884c7c0cd2eab8ed73a1d,1812250232babd4f14360ab1c718b63d1c1081d7050884c7c0cd2eab8ed73a1d,5e9fc5f5b3129f52fad8574af7742638418c711245b4504e433a8ee0c35314e4,5400dc1cad887f91adbb85bd650972e690bcdd1db7fd9433007a1c9a59ca7ccb,e1135bf400e915a346e4d0d0,2026-09-16T22:31:44+00:00,ta-01M2P89VRJ4P5XEDBHXTK2J6HR,,,b295e9e82aea4dc4,17d240c5c13146aaa9bd6a11d3a58984,30ccc4446d6e458a88fdb5f54e27f125,50f14ab57d6f4936a7992878827b1a77,ef8244bc-ffd7-4006-8396-953b55e6ba23,2,2,in-01M2P89VJ2715AVQQD6WDZJ7R8:1789600788035-0,im-Yrp2QuPKbto6qZ7JWKybDS,2026-09-16T23:19:46.548000+00:00,1789600786548,2026-09-16T23:19:46.548823+00:00,2026-09-16T23:20:10.844644+00:00,24295.761,,2026-09-16T23:19:46.220042+00:00,2026-09-16T23:20:11.535855+00:00,35.0,0,654.884,1,ok,6.19,124.175,17688.87,328.68,1.27,132.464,0,True,True,,True,False,1,3086999,A,B,A,A,True,False,True,False,True,True,True,True,False,,1272.984804,837.228158,834.721351,828.767934,839.019257,371.828798,1.791099,243,30.475983,12.961682,15.874149000000001,16.529253999999998,25.51674869999986,0,0,0,243,4,8044936192,243,243,243,2031872,33554432,33106733.300411522,0,243,7,0,167.9769279398024,828.7271118164062,167.9769279398024,660.7501838766038,243,8044936192,8,33554432,268435456,4,CREATED,18,470,YES,0,0,0,,,,,,,,1912.186184,1709.708347,1708.638687,1696.551415,1711.935625,547.776408,2.227278,370,37.420955,17.1391335,27.901067,30.69796545,34.040555590000004,0,0,0,370,4,12309817472,370,370,370,4894304,33554432,33269776.951351352,0,370,7,0,251.6385919302702,1696.5301513671875,251.6385919302702,1444.8915594369173,370,12309817472,8,33554432,268435456,4,REUSED,18,1210,YES,0,0,0,,,,,,,1362.37427,4556.259,False,False,none,none,none->none,NEITHER,4.540707,True,1.212239,True,1272.984804,True,1362.37427,True,1912.186184,True,177.554553,True,98.834796,True,4666.727623,True,0.01246,True,529.504405,True,161.680216,True,0.25785,True,golden-p1-0-dcdb533a6c45,ab3c08a952521a2d20e2ca31a2deff3c72a45e9aacf95365e62a436cdac7104f,3086999,39,243,243,370,3.9899356808638906,141
golden_p1_parallel_dual_sham_81639856b0fd4d83_evidence_2026-09-17,evidence,sham,control,CLOUD_PROVIDER_GCP,us-east1,CLOUD_PROVIDER_GCP/us-east1,golden-p1-0-49cd54fb17f9,run_golden_parallel_stream,parallel,static_e27,81639856b0fd4d8386d3ceb983f92b07,golden_p1_parallel_dual_sham,True,True,True,False,experiment,,5c64046e46ce6d932f0ed2832fe7c76d17b419941bdc38a1e6e0f2625086f0a0,1812250232babd4f14360ab1c718b63d1c1081d7050884c7c0cd2eab8ed73a1d,1812250232babd4f14360ab1c718b63d1c1081d7050884c7c0cd2eab8ed73a1d,5e9fc5f5b3129f52fad8574af7742638418c711245b4504e433a8ee0c35314e4,5400dc1cad887f91adbb85bd650972e690bcdd1db7fd9433007a1c9a59ca7ccb,e1135bf400e915a346e4d0d0,2026-09-16T22:31:44+00:00,ta-01M2PPBFA4T8B4NNVHN1NJCXWR,,,b295e9e82aea4dc4,782a18111b0a470794c65a70a5e5ea70,5fa37f915d7346be92e924daa4ac0a8c,0d1616c043114bb986a056b34bf77d8d,ef8244bc-ffd7-4006-8396-953b55e6ba23,2,2,in-01M2PP9PWQ6PSTYBDB2BVBR9QM:1789615463320-0,im-Yrp2QuPKbto6qZ7JWKybDS,2026-09-17T03:24:21.315000+00:00,1789615461315,2026-09-17T03:24:21.315831+00:00,2026-09-17T03:25:53.311831+00:00,91995.726,,2026-09-17T03:24:20.858832+00:00,2026-09-17T03:25:54.481332+00:00,35.0,0,818.042,1,ok,6.19,226.4,17688.87,508.86,1.27,114.631,0,True,True,,True,False,1,3086999,A,B,A,A,True,False,True,False,True,True,True,True,False,,3868.94493,3248.101297,3243.372934,3175.309685,3250.234664,569.701225,2.133367,243,2132.788776,9.510856,20.0876066,121.01070109999947,886.2646364399882,6,3,3,243,4,8044936192,243,243,243,2031872,33554432,33106733.300411522,0,243,7,0,337.5499507859349,,337.5499507859349,0.0,243,8044936192,8,33554432,268435456,4,CREATED,18,470,YES,0,0,0,453.405928,2132.788776,2132.788776,,,,,3362.514712,3014.443696,3006.448008,2846.203061,3016.647379,1567.470381,2.203683,370,1017.406292,10.2383705,18.7230507,32.76068230000002,202.53312080000023,4,2,2,370,4,12309817472,370,370,370,4894304,33554432,33269776.951351352,0,370,7,0,1268.6398110762239,2845.55615234375,1268.6398110762239,1576.9163412675261,370,12309817472,8,33554432,268435456,4,REUSED,18,1210,YES,0,0,0,1016.835679,1016.835679,1016.835679,,,,1406.720437,4676.286,True,True,preadv_only,preadv_only,preadv_only->preadv_only,BOTH_SICK,4.813982,True,1.232168,True,3868.94493,True,1406.720437,True,3362.514712,True,204.62673,True,374.761913,True,4785.403943,True,0.008902,True,569.523556,True,160.76686,True,0.312073,True,golden-p1-0-49cd54fb17f9,ab3c08a952521a2d20e2ca31a2deff3c72a45e9aacf95365e62a436cdac7104f,3086999,39,243,243,370,6.101717491501278,8
golden_p1_parallel_dual_sham_851cf91cc5e24373_evidence_2026-09-16,evidence,sham,control,CLOUD_PROVIDER_GCP,us-east1,CLOUD_PROVIDER_GCP/us-east1,golden-p1-0-36ae7d4406d0,run_golden_parallel_stream,parallel,static_e27,851cf91cc5e24373bd75626dc11c0864,golden_p1_parallel_dual_sham,True,True,True,False,experiment,,5c64046e46ce6d932f0ed2832fe7c76d17b419941bdc38a1e6e0f2625086f0a0,1812250232babd4f14360ab1c718b63d1c1081d7050884c7c0cd2eab8ed73a1d,1812250232babd4f14360ab1c718b63d1c1081d7050884c7c0cd2eab8ed73a1d,5e9fc5f5b3129f52fad8574af7742638418c711245b4504e433a8ee0c35314e4,5400dc1cad887f91adbb85bd650972e690bcdd1db7fd9433007a1c9a59ca7ccb,e1135bf400e915a346e4d0d0,2026-09-16T22:31:44+00:00,ta-01M2P93HWQYMADQXCHM5F85WYR,,,b295e9e82aea4dc4,288fe5d236d9439a9c65145938e5ca7d,cbf10a40d9714e01953d3f8b737ead89,58e99a51206a4909a86938e2038a0133,ef8244bc-ffd7-4006-8396-953b55e6ba23,2,2,in-01M2P93HM3MFD5B4GMGQFS93S7:1789601629828-0,im-Yrp2QuPKbto6qZ7JWKybDS,2026-09-16T23:33:48.391000+00:00,1789601628391,2026-09-16T23:33:48.391620+00:00,2026-09-16T23:34:13.478533+00:00,25086.446,,2026-09-16T23:33:48.088268+00:00,2026-09-16T23:34:14.218210+00:00,35.0,0,677.28,1,ok,6.19,112.013,17688.87,387.65,1.27,73.281,0,True,True,,True,False,1,3086999,A,B,A,A,True,False,True,False,True,True,True,True,False,,1341.606826,881.889106,880.475676,872.514547,883.733196,310.634042,1.84409,243,34.36672,14.198849,18.235129200000003,18.7911661,19.57015998,0,0,0,243,4,8044936192,243,243,243,2031872,33554432,33106733.300411522,0,243,7,0,158.53516786918044,871.9918212890625,158.53516786918044,713.4566534198821,243,8044936192,8,33554432,268435456,4,CREATED,18,470,YES,0,0,0,,,,,,,,2007.881942,1805.139126,1804.015306,1797.740636,1807.454586,538.035701,2.31546,370,59.2983,18.24281,27.4755761,29.71924705,35.70131839000001,0,0,0,370,4,12309817472,370,370,370,4894304,33554432,33269776.951351352,0,370,7,0,253.1713593006134,1797.779296875,253.1713593006134,1544.6079375743866,370,12309817472,8,33554432,268435456,4,REUSED,18,1210,YES,0,0,0,,,,,,,1391.035967,4598.725,False,False,none,none,none->none,NEITHER,3.723039,True,1.09979,True,1341.606826,True,1391.035967,True,2007.881942,True,157.187426,True,96.425618,True,4709.085999,True,0.00774,True,530.863914,True,159.922168,True,0.31239,True,golden-p1-0-36ae7d4406d0,ab3c08a952521a2d20e2ca31a2deff3c72a45e9aacf95365e62a436cdac7104f,3086999,39,243,243,370,4.045639846597964,139
golden_p1_parallel_dual_sham_87eec95b87514d87_evidence_2026-09-17,evidence,sham,control,CLOUD_PROVIDER_AWS,us-east-2,CLOUD_PROVIDER_AWS/us-east-2,golden-p1-0-20ffd3348a64,run_golden_parallel_stream,parallel,static_e27,87eec95b87514d8796ad5b9cf1f87b24,golden_p1_parallel_dual_sham,True,True,True,False,experiment,,5c64046e46ce6d932f0ed2832fe7c76d17b419941bdc38a1e6e0f2625086f0a0,1812250232babd4f14360ab1c718b63d1c1081d7050884c7c0cd2eab8ed73a1d,1812250232babd4f14360ab1c718b63d1c1081d7050884c7c0cd2eab8ed73a1d,5e9fc5f5b3129f52fad8574af7742638418c711245b4504e433a8ee0c35314e4,5400dc1cad887f91adbb85bd650972e690bcdd1db7fd9433007a1c9a59ca7ccb,e1135bf400e915a346e4d0d0,2026-09-16T22:31:44+00:00,ta-01M2PNHHJ5EHP9PYANTZM4M7XR,,,60a30b0ec20c4270,3617ea85d26642ca9060835a8e985f2c,c862a987185740c7b288bcd2f271495f,28274e8cca544555bdfa9b7aa1b2dcb5,ec1cc253-7215-472e-b3ec-3c0814a25a0f,2,2,in-01M2PNHE5W97HW3B947J78MMZK:1789614667966-0,im-Yrp2QuPKbto6qZ7JWKybDS,2026-09-17T03:11:06.073000+00:00,1789614666073,2026-09-17T03:11:06.074958+00:00,2026-09-17T03:11:42.685694+00:00,36611.176,,2026-09-17T03:11:05.735763+00:00,2026-09-17T03:11:43.404733+00:00,35.0,0,1555.418,1,ok,6.99,0.0,18896.03,1134.8,1.28,35.989,0,True,True,,True,False,1,3086999,A,B,A,A,True,False,True,False,True,True,True,True,False,,7061.520442,5688.666638,5684.92035,5066.909797,5691.638274,347.012653,2.971636,243,1838.574062,18.129998,118.69084440000012,219.92018799999954,1071.1268288999993,10,9,4,243,4,8044936192,243,243,243,2031872,33554432,33106733.300411522,0,243,7,0,174.91980852931738,5066.9541015625,174.91980852931738,4892.034293033183,243,8044936192,8,33554432,268435456,4,CREATED,18,470,YES,0,0,0,623.821966,623.821966,1045.39037,,,,,3707.331334,3185.807603,3180.136775,2941.359244,3187.749643,614.378814,1.94204,370,518.823408,19.1952785,23.3110158,27.100264750000004,264.23896506000017,4,1,0,370,4,12309817472,370,370,370,4894304,33554432,33269776.951351352,0,370,7,0,273.5246403515339,2941.404052734375,273.5246403515339,2667.879412382841,370,12309817472,8,33554432,268435456,4,REUSED,18,1210,YES,0,0,0,518.823408,518.823408,,,,,1946.732312,4886.291,True,False,both,none,both->none,CLIP_SICK_ONLY,6.991797,True,108.780504,True,7061.520442,True,1946.732312,True,3707.331334,True,230.927569,True,224.012421,True,5041.122909,True,0.01129,True,590.295204,True,217.759998,True,0.273745,True,golden-p1-0-20ffd3348a64,ab3c08a952521a2d20e2ca31a2deff3c72a45e9aacf95365e62a436cdac7104f,3086999,39,243,243,370,6.3749965677480205,3
golden_p1_parallel_dual_sham_8b4f62bd2d764800_evidence_2026-09-16,evidence,sham,control,CLOUD_PROVIDER_GCP,us-east1,CLOUD_PROVIDER_GCP/us-east1,golden-p1-0-2eeba36e26ca,run_golden_parallel_stream,parallel,static_e27,8b4f62bd2d764800a767bf3cfe8b2513,golden_p1_parallel_dual_sham,True,True,True,False,experiment,,5c64046e46ce6d932f0ed2832fe7c76d17b419941bdc38a1e6e0f2625086f0a0,1812250232babd4f14360ab1c718b63d1c1081d7050884c7c0cd2eab8ed73a1d,1812250232babd4f14360ab1c718b63d1c1081d7050884c7c0cd2eab8ed73a1d,5e9fc5f5b3129f52fad8574af7742638418c711245b4504e433a8ee0c35314e4,5400dc1cad887f91adbb85bd650972e690bcdd1db7fd9433007a1c9a59ca7ccb,e1135bf400e915a346e4d0d0,2026-09-16T22:31:44+00:00,ta-01M2P8QXB1J8RCSQ6J3D919Q4R,,,b295e9e82aea4dc4,5b5457b9f69a46eabb2cbcc29513b094,c4e15ae097974d5780a1cfb839bf83b5,32fa3d416ee54b41921a8bee8c6599bf,ef8244bc-ffd7-4006-8396-953b55e6ba23,2,2,in-01M2P8QX438DB3C01Q89NFENJD:1789601248390-0,im-Yrp2QuPKbto6qZ7JWKybDS,2026-09-16T23:27:26.818000+00:00,1789601246818,2026-09-16T23:27:26.818513+00:00,2026-09-16T23:27:50.740878+00:00,23922.599,,2026-09-16T23:27:26.475669+00:00,2026-09-16T23:27:51.442363+00:00,35.0,0,771.302,1,ok,6.19,143.415,17688.87,475.55,1.27,95.8,0,True,True,,True,False,1,3086999,A,B,A,A,True,False,True,False,True,True,True,True,False,,1447.856809,978.828177,976.75829,970.93826,980.404515,383.204722,1.576338,243,39.581898,14.700342,19.485411,24.824931999999997,37.06414701999997,0,0,0,243,4,8044936192,243,243,243,2031872,33554432,33106733.300411522,0,243,7,0,187.23385540395975,970.9246826171875,187.23385540395975,783.6908272132277,243,8044936192,8,33554432,268435456,4,CREATED,18,470,YES,0,0,0,,,,,,,,1726.817282,1529.655848,1527.576369,1521.248374,1531.450427,563.857192,1.794579,370,48.976739,15.3366495,22.0909841,24.3075065,34.564208300000004,0,0,0,370,4,12309817472,370,370,370,4894304,33554432,33269776.951351352,0,370,7,0,244.87532757222652,,244.87532757222652,0.0,370,12309817472,8,33554432,268435456,4,REUSED,18,1210,YES,0,0,0,,,,,,,1325.076822,4564.87,False,False,none,none,none->none,NEITHER,5.059797,True,1.443669,True,1447.856809,True,1325.076822,True,1726.817282,True,201.536679,True,111.958868,True,4673.709442,True,0.00985,True,532.343298,True,159.03166,True,0.27846,True,golden-p1-0-2eeba36e26ca,ab3c08a952521a2d20e2ca31a2deff3c72a45e9aacf95365e62a436cdac7104f,3086999,39,243,243,370,4.121583095809929,132
golden_p1_parallel_dual_sham_92b9b004f1df4f40_evidence_2026-09-16,evidence,sham,control,CLOUD_PROVIDER_GCP,us-east1,CLOUD_PROVIDER_GCP/us-east1,golden-p1-0-50c2f8922166,run_golden_parallel_stream,parallel,static_e27,92b9b004f1df4f4086c492d29295f8e6,golden_p1_parallel_dual_sham,True,True,True,False,experiment,,5c64046e46ce6d932f0ed2832fe7c76d17b419941bdc38a1e6e0f2625086f0a0,1812250232babd4f14360ab1c718b63d1c1081d7050884c7c0cd2eab8ed73a1d,1812250232babd4f14360ab1c718b63d1c1081d7050884c7c0cd2eab8ed73a1d,5e9fc5f5b3129f52fad8574af7742638418c711245b4504e433a8ee0c35314e4,5400dc1cad887f91adbb85bd650972e690bcdd1db7fd9433007a1c9a59ca7ccb,e1135bf400e915a346e4d0d0,2026-09-16T22:31:44+00:00,ta-01M2P83W9CPXJV8TG2DEV90N7R,,,b295e9e82aea4dc4,4fcb3e917c8a411487896d00bbad715f,2008a415142243329f55e3b93eff3043,29ac660af50843f7953f30a1a67724b6,ef8244bc-ffd7-4006-8396-953b55e6ba23,2,2,in-01M2P83W1R7QV823WC7HXPPGYH:1789600591929-0,im-Yrp2QuPKbto6qZ7JWKybDS,2026-09-16T23:16:30.379000+00:00,1789600590379,2026-09-16T23:16:30.379173+00:00,2026-09-16T23:16:57.356006+00:00,26977.476,,2026-09-16T23:16:30.020893+00:00,2026-09-16T23:16:58.065215+00:00,35.0,0,647.444,1,ok,6.19,115.904,17688.87,350.55,1.27,45.819,0,True,True,,True,False,1,3086999,A,B,A,A,True,False,True,False,True,True,True,True,False,,2899.036148,2325.236812,2318.608686,2072.602402,2327.012461,1072.845569,1.775649,243,672.374653,9.921134,28.324621,77.7133592999999,362.9180773799989,8,1,0,243,4,8044936192,243,243,243,2031872,33554432,33106733.300411522,0,243,7,0,866.118780054152,2072.489013671875,866.118780054152,1206.370233617723,243,8044936192,8,33554432,268435456,4,CREATED,18,470,YES,0,0,0,253.41858,672.374653,,,,,,2994.218684,2570.416991,2566.323215,2483.6543,2573.10557,561.95264,2.688579,370,373.842089,12.245738,26.518146000000005,92.72726545000008,219.6424804100001,3,0,0,370,4,12309817472,370,370,370,4894304,33554432,33269776.951351352,0,370,7,0,256.47238375991583,,256.47238375991583,0.0,370,12309817472,8,33554432,268435456,4,REUSED,18,1210,YES,0,0,0,256.691125,,,,,,1313.456452,4590.206,False,False,none,none,none->none,NEITHER,4.692997,True,1.386949,True,2899.036148,True,1313.456452,True,2994.218684,True,148.430579,True,465.037157,True,4706.34085,True,0.01117,True,570.599575,True,159.123102,True,0.31793,True,golden-p1-0-50c2f8922166,ab3c08a952521a2d20e2ca31a2deff3c72a45e9aacf95365e62a436cdac7104f,3086999,39,243,243,370,5.245938261650151,20
golden_p1_parallel_dual_sham_9ffb5b32a36a4c6f_evidence_2026-09-17,evidence,sham,control,CLOUD_PROVIDER_AWS,us-east-2,CLOUD_PROVIDER_AWS/us-east-2,golden-p1-0-31bfc8941f50,run_golden_parallel_stream,parallel,static_e27,9ffb5b32a36a4c6f817e94ca986d6104,golden_p1_parallel_dual_sham,True,True,True,False,experiment,,5c64046e46ce6d932f0ed2832fe7c76d17b419941bdc38a1e6e0f2625086f0a0,1812250232babd4f14360ab1c718b63d1c1081d7050884c7c0cd2eab8ed73a1d,1812250232babd4f14360ab1c718b63d1c1081d7050884c7c0cd2eab8ed73a1d,5e9fc5f5b3129f52fad8574af7742638418c711245b4504e433a8ee0c35314e4,5400dc1cad887f91adbb85bd650972e690bcdd1db7fd9433007a1c9a59ca7ccb,e1135bf400e915a346e4d0d0,2026-09-16T22:31:44+00:00,ta-01M2PNT6R6HDMXF2SAZ0PMTH0R,,,60a30b0ec20c4270,f57869c7f8d04fa9bfbb44ddf9aaa9ea,72153821d76f4a8f9820ff74d554368d,f4431b7a541a4329a540a9e1c2214d4e,ec1cc253-7215-472e-b3ec-3c0814a25a0f,2,2,in-01M2PNS9SCBF7JV7X0F7SG8B8H:1789614925613-0,im-Yrp2QuPKbto6qZ7JWKybDS,2026-09-17T03:15:23.713000+00:00,1789614923713,2026-09-17T03:15:23.713006+00:00,2026-09-17T03:16:23.106234+00:00,59392.491,,2026-09-17T03:15:23.384007+00:00,2026-09-17T03:16:23.800251+00:00,35.0,0,1848.193,1,ok,6.99,0.0,18896.03,1426.33,1.28,46.576,0,True,True,,True,False,1,3086999,B,A,B,B,True,False,True,False,True,True,True,True,False,,3440.073971,1968.322083,1963.408611,1945.820607,1970.318429,754.928579,1.996346,243,370.165328,19.102538,27.774822800000003,30.805798499999998,207.05119803999793,3,0,0,243,4,8044936192,243,243,243,2031872,33554432,33106733.300411522,0,243,7,0,218.49347276985645,1945.73046875,218.49347276985645,1727.2369959801435,243,8044936192,8,33554432,268435456,4,CREATED,18,470,YES,0,0,0,369.72106,,,,,,,3619.739349,2841.529034,2832.436526,2814.974718,2843.273984,687.995199,1.74495,370,475.627962,19.901756,26.7733022,31.573447800000004,220.75503945000003,3,0,0,370,4,12309817472,370,370,370,4894304,33554432,33269776.951351352,0,370,7,0,414.3432666063309,2815.003173828125,414.3432666063309,2400.659907221794,370,12309817472,8,33554432,268435456,4,REUSED,18,1210,YES,0,0,0,287.334458,,,,,,1861.009667,4887.43,False,False,none,none,none->none,NEITHER,7.294914,True,150.966044,True,3440.073971,True,1861.009667,True,3619.739349,True,264.707668,True,147.478582,True,5047.244431,True,0.012276,True,591.645121,True,221.821527,True,0.334818,True,golden-p1-0-31bfc8941f50,ab3c08a952521a2d20e2ca31a2deff3c72a45e9aacf95365e62a436cdac7104f,3086999,39,243,243,370,5.100831089998379,26
golden_p1_parallel_dual_sham_a1583049352c4f59_evidence_2026-09-16,evidence,sham,control,CLOUD_PROVIDER_GCP,us-central1,CLOUD_PROVIDER_GCP/us-central1,golden-p1-0-ae39c1188c47,run_golden_parallel_stream,parallel,static_e27,a1583049352c4f5980715e2178479f7d,golden_p1_parallel_dual_sham,True,True,True,False,experiment,,5c64046e46ce6d932f0ed2832fe7c76d17b419941bdc38a1e6e0f2625086f0a0,1812250232babd4f14360ab1c718b63d1c1081d7050884c7c0cd2eab8ed73a1d,1812250232babd4f14360ab1c718b63d1c1081d7050884c7c0cd2eab8ed73a1d,5e9fc5f5b3129f52fad8574af7742638418c711245b4504e433a8ee0c35314e4,5400dc1cad887f91adbb85bd650972e690bcdd1db7fd9433007a1c9a59ca7ccb,e1135bf400e915a346e4d0d0,2026-09-16T22:31:44+00:00,ta-01M2P8DKXJ0EW459QG9T0Q32XR,,,b295e9e82aea4dc4,345d04e6bd214373b01d01ff5594345d,1058010cb0d54a469580cd1ceef7f436,0589825d9c0343ac92ed8f4b4b498c14,ef8244bc-ffd7-4006-8396-953b55e6ba23,2,2,in-01M2P8DKP1ECYX62T1NYTW5VZN:1789600911043-0,im-Yrp2QuPKbto6qZ7JWKybDS,2026-09-16T23:21:49.467000+00:00,1789600909467,2026-09-16T23:21:49.467081+00:00,2026-09-16T23:22:15.647209+00:00,26180.941,,2026-09-16T23:21:49.146063+00:00,2026-09-16T23:22:16.336273+00:00,35.0,0,849.267,1,ok,6.19,224.738,17688.87,530.37,1.27,54.844,0,True,True,,True,False,1,3086999,B,A,B,B,True,False,True,False,True,True,True,True,False,,2299.321927,1749.741967,1745.718449,1448.094827,1752.062036,753.03699,2.320069,243,372.539501,10.486385,17.381498000000004,74.39421549999986,271.2033226,4,0,0,243,4,8044936192,243,243,243,2031872,33554432,33106733.300411522,0,243,7,0,181.84441590681672,,181.84441590681672,0.0,243,8044936192,8,33554432,268435456,4,CREATED,18,470,YES,0,0,0,301.64133,,,,,,,2979.763471,2490.510578,2487.676712,2342.043699,2492.263388,548.836449,1.75281,370,431.251257,7.9906265,12.815894000000009,83.39373490000006,238.46580261000005,4,0,0,370,4,12309817472,370,370,370,4894304,33554432,33269776.951351352,0,370,7,0,262.6016633361578,2341.97314453125,262.6016633361578,2079.371481195092,370,12309817472,8,33554432,268435456,4,REUSED,18,1210,YES,0,0,0,255.718998,,,,,,1301.151057,4564.822,False,False,none,none,none->none,NEITHER,4.134778,True,1.301449,True,2299.321927,True,1301.151057,True,2979.763471,True,155.140137,True,389.268943,True,4673.849184,True,0.00941,True,575.977808,True,159.337706,True,0.26887,True,golden-p1-0-ae39c1188c47,ab3c08a952521a2d20e2ca31a2deff3c72a45e9aacf95365e62a436cdac7104f,3086999,39,243,243,370,4.970778742143799,29
golden_p1_parallel_dual_sham_a24d4206f412430e_evidence_2026-09-16,evidence,sham,control,CLOUD_PROVIDER_GCP,us-central1,CLOUD_PROVIDER_GCP/us-central1,golden-p1-0-59be1bb3d1ab,run_golden_parallel_stream,parallel,static_e27,a24d4206f412430e86af8dfc0fa9e8c8,golden_p1_parallel_dual_sham,True,True,True,False,experiment,,5c64046e46ce6d932f0ed2832fe7c76d17b419941bdc38a1e6e0f2625086f0a0,1812250232babd4f14360ab1c718b63d1c1081d7050884c7c0cd2eab8ed73a1d,1812250232babd4f14360ab1c718b63d1c1081d7050884c7c0cd2eab8ed73a1d,5e9fc5f5b3129f52fad8574af7742638418c711245b4504e433a8ee0c35314e4,5400dc1cad887f91adbb85bd650972e690bcdd1db7fd9433007a1c9a59ca7ccb,e1135bf400e915a346e4d0d0,2026-09-16T22:31:44+00:00,ta-01M2P645NVJK1A9FM20Z6W99DR,,,b295e9e82aea4dc4,b4b84dbac41b4a43b9527207846a4efb,dffa23e7d0404bb0a81705d6073fdaae,5f182ed667c644f0af34b356a4ef5da8,ef8244bc-ffd7-4006-8396-953b55e6ba23,2,2,in-01M2P645G83BRKB7VM4EKXYBNZ:1789598504458-0,im-Yrp2QuPKbto6qZ7JWKybDS,2026-09-16T22:41:43.037000+00:00,1789598503037,2026-09-16T22:41:43.037212+00:00,2026-09-16T22:42:09.271691+00:00,26234.46,,2026-09-16T22:41:42.715640+00:00,2026-09-16T22:42:09.993803+00:00,35.0,0,1421.252,1,ok,6.19,141.721,17688.87,1103.39,1.27,219.127,0,True,True,,True,False,1,3086999,A,B,A,A,True,False,True,False,True,True,True,True,False,,1693.222434,1223.487963,1221.039053,1214.788604,1225.772273,350.475466,2.28431,243,63.315037,19.134171,26.544034200000002,28.327229899999995,30.960870819999993,0,0,0,243,4,8044936192,243,243,243,2031872,33554432,33106733.300411522,0,243,7,0,157.27599985152483,1214.7550048828125,157.27599985152483,1057.4790050312877,243,8044936192,8,33554432,268435456,4,CREATED,18,470,YES,0,0,0,,,,,,,,1829.551994,1629.517615,1627.853185,1620.782715,1632.543585,567.527469,3.02597,370,58.366379,15.75384,26.218041100000004,30.554357450000005,39.0395844,0,0,0,370,4,12309817472,370,370,370,4894304,33554432,33269776.951351352,0,370,7,0,248.54374334216118,1620.829345703125,248.54374334216118,1372.2856023609638,370,12309817472,8,33554432,268435456,4,REUSED,18,1210,YES,0,0,0,,,,,,,1388.604881,4583.366,False,False,none,none,none->none,NEITHER,4.684539,True,1.21142,True,1693.222434,True,1388.604881,True,1829.551994,True,169.491289,True,94.563389,True,4692.635885,True,0.01001,True,512.996634,True,158.310177,True,0.27559,True,golden-p1-0-59be1bb3d1ab,ab3c08a952521a2d20e2ca31a2deff3c72a45e9aacf95365e62a436cdac7104f,3086999,39,243,243,370,4.329689044996092,67
golden_p1_parallel_dual_sham_a2c60c726d6340a7_evidence_2026-09-16,evidence,sham,control,CLOUD_PROVIDER_GCP,us-east4,CLOUD_PROVIDER_GCP/us-east4,golden-p1-0-057743d5e38b,run_golden_parallel_stream,parallel,static_e27,a2c60c726d6340a7aa6df4dc44ffb093,golden_p1_parallel_dual_sham,True,True,True,False,experiment,,5c64046e46ce6d932f0ed2832fe7c76d17b419941bdc38a1e6e0f2625086f0a0,1812250232babd4f14360ab1c718b63d1c1081d7050884c7c0cd2eab8ed73a1d,1812250232babd4f14360ab1c718b63d1c1081d7050884c7c0cd2eab8ed73a1d,5e9fc5f5b3129f52fad8574af7742638418c711245b4504e433a8ee0c35314e4,5400dc1cad887f91adbb85bd650972e690bcdd1db7fd9433007a1c9a59ca7ccb,e1135bf400e915a346e4d0d0,2026-09-16T22:31:44+00:00,ta-01M2P9AF1F5GDVK025X23QXZXR,,,b295e9e82aea4dc4,adadd4f9067a457cb6344df77bd2a7b2,81e2aa5829af46e4a960b03886be4312,53723c29a466475898fa5ff70cc39186,ef8244bc-ffd7-4006-8396-953b55e6ba23,2,2,in-01M2P99JFYBNWT5WFMG1A9M27B:1789601827328-0,im-Yrp2QuPKbto6qZ7JWKybDS,2026-09-16T23:37:05.917000+00:00,1789601825917,2026-09-16T23:37:05.917596+00:00,2026-09-16T23:38:01.351861+00:00,55433.616,,2026-09-16T23:37:05.612891+00:00,2026-09-16T23:38:02.053841+00:00,35.0,0,814.497,1,ok,6.19,121.339,17688.87,494.25,1.27,28.608,0,True,True,,True,False,1,3086999,B,A,B,B,True,False,True,False,True,True,True,True,False,,1644.603715,1204.802736,1203.099756,1179.138485,1206.372355,355.082769,1.569619,243,56.316718,17.901913,26.7610128,29.442212099999995,43.772925039999926,0,0,0,243,4,8044936192,243,243,243,2031872,33554432,33106733.300411522,0,243,7,0,183.91619159281254,1179.0565185546875,183.91619159281254,995.140326961875,243,8044936192,8,33554432,268435456,4,CREATED,18,470,YES,0,0,0,,,,,,,,1906.024041,1697.563244,1695.871466,1688.880938,1700.604883,587.862045,3.041639,370,43.523303,16.408368,24.172087,27.025946,33.707446790000006,0,0,0,370,4,12309817472,370,370,370,4894304,33554432,33269776.951351352,0,370,7,0,302.2893744111061,1688.88525390625,302.2893744111061,1386.595879495144,370,12309817472,8,33554432,268435456,4,REUSED,18,1210,YES,0,0,0,,,,,,,1333.355822,4565.382,False,False,none,none,none->none,NEITHER,4.424728,True,1.14401,True,1644.603715,True,1333.355822,True,1906.024041,True,170.69794,True,159.299892,True,4674.530763,True,0.01161,True,573.900603,True,156.772945,True,0.27348,True,golden-p1-0-057743d5e38b,ab3c08a952521a2d20e2ca31a2deff3c72a45e9aacf95365e62a436cdac7104f,3086999,39,243,243,370,4.286258667780933,84
golden_p1_parallel_dual_sham_a5ded7a5eea14463_evidence_2026-09-17,evidence,sham,control,CLOUD_PROVIDER_GCP,us-east1,CLOUD_PROVIDER_GCP/us-east1,golden-p1-0-713c16a9741b,run_golden_parallel_stream,parallel,static_e27,a5ded7a5eea14463a9f538ac59448c54,golden_p1_parallel_dual_sham,True,True,True,False,experiment,,5c64046e46ce6d932f0ed2832fe7c76d17b419941bdc38a1e6e0f2625086f0a0,1812250232babd4f14360ab1c718b63d1c1081d7050884c7c0cd2eab8ed73a1d,1812250232babd4f14360ab1c718b63d1c1081d7050884c7c0cd2eab8ed73a1d,5e9fc5f5b3129f52fad8574af7742638418c711245b4504e433a8ee0c35314e4,5400dc1cad887f91adbb85bd650972e690bcdd1db7fd9433007a1c9a59ca7ccb,e1135bf400e915a346e4d0d0,2026-09-16T22:31:44+00:00,ta-01M2PPFMNWZ7BBMS8KTE0PRWRR,,,b295e9e82aea4dc4,ac348e99e5494425b9f3d4e5c0314b8a,3ae0d1d239784938aac809915233fc08,06b0aa4aac714a6486460f3d1d4a295c,ef8244bc-ffd7-4006-8396-953b55e6ba23,2,2,in-01M2PPFK48WVP7VD7ES37YA9HT:1789615656073-0,im-Yrp2QuPKbto6qZ7JWKybDS,2026-09-17T03:27:34.015000+00:00,1789615654015,2026-09-17T03:27:34.015331+00:00,2026-09-17T03:28:03.828331+00:00,29812.643,,2026-09-17T03:27:33.563831+00:00,2026-09-17T03:28:04.769331+00:00,35.0,0,801.881,1,ok,6.19,107.305,17688.87,449.2,1.27,142.142,0,True,True,,True,False,1,3086999,A,B,A,A,True,False,True,False,True,True,True,True,False,,1612.080789,1147.198857,1146.237583,1140.643511,1149.77198,334.182953,2.573123,243,52.550186,18.34765,25.321493999999998,28.4593512,41.09864251999992,0,0,0,243,4,8044936192,243,243,243,2031872,33554432,33106733.300411522,0,243,7,0,163.492704346776,1141.5177001953125,163.492704346776,978.0249958485365,243,8044936192,8,33554432,268435456,4,CREATED,18,470,YES,0,0,0,,,,,,,,2086.72718,1895.2911,1893.885007,1885.587719,1896.974126,538.054929,1.683026,370,56.203046,19.152226,29.318571400000003,32.2313398,37.426474500000005,0,0,0,370,4,12309817472,370,370,370,4894304,33554432,33269776.951351352,0,370,7,0,239.36540798842907,,239.36540798842907,0.0,370,12309817472,8,33554432,268435456,4,REUSED,18,1210,YES,0,0,0,,,,,,,1395.686409,4602.465,False,False,none,none,none->none,NEITHER,3.7846,True,1.208,True,1612.080789,True,1395.686409,True,2086.72718,True,162.47229,True,98.11451,True,4713.128739,True,0.011591,True,511.686347,True,159.122246,True,0.370104,True,golden-p1-0-713c16a9741b,ab3c08a952521a2d20e2ca31a2deff3c72a45e9aacf95365e62a436cdac7104f,3086999,39,243,243,370,4.254141521272509,97
golden_p1_parallel_dual_sham_a6545f369d294acd_evidence_2026-09-17,evidence,sham,control,CLOUD_PROVIDER_GCP,us-central1,CLOUD_PROVIDER_GCP/us-central1,golden-p1-0-4a6d91e34623,run_golden_parallel_stream,parallel,static_e27,a6545f369d294acd8fedd49b542dd500,golden_p1_parallel_dual_sham,True,True,True,False,experiment,,5c64046e46ce6d932f0ed2832fe7c76d17b419941bdc38a1e6e0f2625086f0a0,1812250232babd4f14360ab1c718b63d1c1081d7050884c7c0cd2eab8ed73a1d,1812250232babd4f14360ab1c718b63d1c1081d7050884c7c0cd2eab8ed73a1d,5e9fc5f5b3129f52fad8574af7742638418c711245b4504e433a8ee0c35314e4,5400dc1cad887f91adbb85bd650972e690bcdd1db7fd9433007a1c9a59ca7ccb,e1135bf400e915a346e4d0d0,2026-09-16T22:31:44+00:00,ta-01M2PNQVT6N4A8J3S9MZ9FY92R,,,b295e9e82aea4dc4,3af7837c4df4442693999da4636be2a1,ee443e2c44994a3c80eae0079883eb65,2d230405220542dca2b4e7d615129b78,ef8244bc-ffd7-4006-8396-953b55e6ba23,2,2,in-01M2PNP4JBXTZ3VTFWXDTC9PC5:1789614821964-0,im-Yrp2QuPKbto6qZ7JWKybDS,2026-09-17T03:13:40.115000+00:00,1789614820115,2026-09-17T03:13:40.115437+00:00,2026-09-17T03:15:01.169384+00:00,81053.864,,2026-09-17T03:13:39.799866+00:00,2026-09-17T03:15:01.855897+00:00,35.0,0,761.795,1,ok,6.19,136.815,17688.87,415.79,1.27,50.316,0,True,True,,True,False,1,3086999,A,B,A,A,True,False,True,False,True,True,True,True,False,,1492.012694,1055.162401,1053.972292,1044.417314,1057.02535,299.13201,1.862949,243,41.759116,15.775805,25.608654,27.529408999999994,31.483678619999985,0,0,0,243,4,8044936192,243,243,243,2031872,33554432,33106733.300411522,0,243,7,0,150.1800321340561,1044.3385009765625,150.1800321340561,894.1584688425064,243,8044936192,8,33554432,268435456,4,CREATED,18,470,YES,0,0,0,,,,,,,,1832.778238,1631.091493,1628.717923,1623.269977,1631.769663,529.764382,0.67817,370,48.410968,16.493958,24.385856000000004,26.873014050000002,31.701885290000003,0,0,0,370,4,12309817472,370,370,370,4894304,33554432,33269776.951351352,0,370,7,0,236.33139174431562,1623.2447509765625,236.33139174431562,1386.9133592322469,370,12309817472,8,33554432,268435456,4,REUSED,18,1210,YES,0,0,0,,,,,,,1344.755892,4607.376,False,False,none,none,none->none,NEITHER,3.936318,True,0.83765,True,1492.012694,True,1344.755892,True,1832.778238,True,214.268359,True,92.699511,True,4720.704004,True,0.01176,True,516.736419,True,157.122876,True,0.34762,True,golden-p1-0-4a6d91e34623,ab3c08a952521a2d20e2ca31a2deff3c72a45e9aacf95365e62a436cdac7104f,3086999,39,243,243,370,4.155809237970755,123
golden_p1_parallel_dual_sham_a70b6cd39dc74df7_evidence_2026-09-16,evidence,sham,control,CLOUD_PROVIDER_GCP,us-east1,CLOUD_PROVIDER_GCP/us-east1,golden-p1-0-61154fff0d74,run_golden_parallel_stream,parallel,static_e27,a70b6cd39dc74df7bb6a218de49868d1,golden_p1_parallel_dual_sham,True,True,True,False,experiment,,5c64046e46ce6d932f0ed2832fe7c76d17b419941bdc38a1e6e0f2625086f0a0,1812250232babd4f14360ab1c718b63d1c1081d7050884c7c0cd2eab8ed73a1d,1812250232babd4f14360ab1c718b63d1c1081d7050884c7c0cd2eab8ed73a1d,5e9fc5f5b3129f52fad8574af7742638418c711245b4504e433a8ee0c35314e4,5400dc1cad887f91adbb85bd650972e690bcdd1db7fd9433007a1c9a59ca7ccb,e1135bf400e915a346e4d0d0,2026-09-16T22:31:44+00:00,ta-01M2P6R3TMS57B2QGPH1K6HBNR,,,b295e9e82aea4dc4,0584c64b5b3049f8ba9a6339c929c96c,a689c02877df456184364f264c05d157,7e58ce814e6a4a28b18c18d2e29b5dbf,ef8244bc-ffd7-4006-8396-953b55e6ba23,2,2,in-01M2P6R3MRYJCKQ4QK463J88PX:1789599157913-0,im-Yrp2QuPKbto6qZ7JWKybDS,2026-09-16T22:52:36.519000+00:00,1789599156519,2026-09-16T22:52:36.519700+00:00,2026-09-16T22:52:59.870030+00:00,23349.907,,2026-09-16T22:52:36.196938+00:00,2026-09-16T22:53:00.563105+00:00,35.0,0,786.033,1,ok,6.19,138.717,17688.87,466.66,1.27,36.416,0,True,True,,True,False,1,3086999,B,A,B,B,True,False,True,False,True,True,True,True,False,,1449.436895,1009.487551,1006.854713,1000.408766,1011.833669,359.564273,2.346118,243,50.827052,15.475861,22.251327200000002,26.370068,29.178776419999988,0,0,0,243,4,8044936192,243,243,243,2031872,33554432,33106733.300411522,0,243,7,0,156.40828771144152,1000.3045043945312,156.40828771144152,843.8962166830897,243,8044936192,8,33554432,268435456,4,CREATED,18,470,YES,0,0,0,,,,,,,,1967.608678,1767.598765,1764.457517,1757.630831,1769.880093,542.84569,2.281328,370,45.898289,16.841164,30.0061731,33.4628265,37.81333192,0,0,0,370,4,12309817472,370,370,370,4894304,33554432,33269776.951351352,0,370,7,0,237.43200086057186,1757.697265625,237.43200086057186,1520.2652647644281,370,12309817472,8,33554432,268435456,4,REUSED,18,1210,YES,0,0,0,,,,,,,1344.773148,4550.324,False,False,none,none,none->none,NEITHER,4.614137,True,1.041529,True,1449.436895,True,1344.773148,True,1967.608678,True,179.978395,True,92.462791,True,4660.861246,True,0.01029,True,519.264016,True,159.738328,True,0.24619,True,golden-p1-0-61154fff0d74,ab3c08a952521a2d20e2ca31a2deff3c72a45e9aacf95365e62a436cdac7104f,3086999,39,243,243,370,4.196178987947868,112
golden_p1_parallel_dual_sham_a7bb817991dd4f0f_evidence_2026-09-16,evidence,sham,control,CLOUD_PROVIDER_GCP,us-east1,CLOUD_PROVIDER_GCP/us-east1,golden-p1-0-48240aac9c05,run_golden_parallel_stream,parallel,static_e27,a7bb817991dd4f0f9194ea4a1a5801f1,golden_p1_parallel_dual_sham,True,True,True,False,experiment,,5c64046e46ce6d932f0ed2832fe7c76d17b419941bdc38a1e6e0f2625086f0a0,1812250232babd4f14360ab1c718b63d1c1081d7050884c7c0cd2eab8ed73a1d,1812250232babd4f14360ab1c718b63d1c1081d7050884c7c0cd2eab8ed73a1d,5e9fc5f5b3129f52fad8574af7742638418c711245b4504e433a8ee0c35314e4,5400dc1cad887f91adbb85bd650972e690bcdd1db7fd9433007a1c9a59ca7ccb,e1135bf400e915a346e4d0d0,2026-09-16T22:31:44+00:00,ta-01M2P8KQG4KKNDD5VC58W0QRJR,,,b295e9e82aea4dc4,a7c293d7f1f74a4692d840e14032a834,656b21c1b26d4717a0d533d15e399aad,8df813899538423e8bcbaa4b72feca60,ef8244bc-ffd7-4006-8396-953b55e6ba23,2,2,in-01M2P8KQ9S7V8ZN2RSWHFMGK1G:1789601111354-0,im-Yrp2QuPKbto6qZ7JWKybDS,2026-09-16T23:25:09.865000+00:00,1789601109865,2026-09-16T23:25:09.865410+00:00,2026-09-16T23:25:33.471329+00:00,23606.124,,2026-09-16T23:25:09.546648+00:00,2026-09-16T23:25:34.163555+00:00,35.0,0,908.923,1,ok,6.19,101.989,17688.87,344.4,1.27,120.627,0,True,True,,True,False,1,3086999,A,B,A,A,True,False,True,False,True,True,True,True,False,,1366.951141,943.075313,942.170174,934.739148,945.553671,342.819006,2.478358,243,40.952014,14.155161,19.703992,23.0758661,37.63631581999999,0,0,0,243,4,8044936192,243,243,243,2031872,33554432,33106733.300411522,0,243,7,0,178.4084156267345,934.7003173828125,178.4084156267345,756.291901756078,243,8044936192,8,33554432,268435456,4,CREATED,18,470,YES,0,0,0,,,,,,,,2112.001678,1915.848581,1914.880291,1905.382068,1916.459271,509.819651,0.61069,370,48.71536,20.607942,28.1047821,29.48668,31.82580799,0,0,0,370,4,12309817472,370,370,370,4894304,33554432,33269776.951351352,0,370,7,0,259.9391678124666,1905.4412841796875,259.9391678124666,1645.5021163672209,370,12309817472,8,33554432,268435456,4,REUSED,18,1210,YES,0,0,0,,,,,,,1264.471193,4565.273,False,False,none,none,none->none,NEITHER,4.221667,True,1.07946,True,1366.951141,True,1264.471193,True,2112.001678,True,195.732238,True,91.163363,True,4674.073368,True,0.00988,True,525.561542,True,177.406909,True,0.257469,True,golden-p1-0-48240aac9c05,ab3c08a952521a2d20e2ca31a2deff3c72a45e9aacf95365e62a436cdac7104f,3086999,39,243,243,370,4.10934251286832,136
golden_p1_parallel_dual_sham_aa627d4ec5004e88_evidence_2026-09-17,evidence,sham,control,CLOUD_PROVIDER_AWS,eu-south-2,CLOUD_PROVIDER_AWS/eu-south-2,golden-p1-0-882148b2eca0,run_golden_parallel_stream,parallel,static_e27,aa627d4ec5004e88a5eb176f9e322870,golden_p1_parallel_dual_sham,True,True,True,False,experiment,,5c64046e46ce6d932f0ed2832fe7c76d17b419941bdc38a1e6e0f2625086f0a0,1812250232babd4f14360ab1c718b63d1c1081d7050884c7c0cd2eab8ed73a1d,1812250232babd4f14360ab1c718b63d1c1081d7050884c7c0cd2eab8ed73a1d,5e9fc5f5b3129f52fad8574af7742638418c711245b4504e433a8ee0c35314e4,5400dc1cad887f91adbb85bd650972e690bcdd1db7fd9433007a1c9a59ca7ccb,e1135bf400e915a346e4d0d0,2026-09-16T22:31:44+00:00,ta-01M2PNVW8VT5XSZX3QCH867N2R,,,60a30b0ec20c4270,22d2d4e8750d494587bdf506bdbeeffd,3db33222f10143bc80d294a054833949,f7c5cea24cf54e03a708794c6dce5ea9,ec1cc253-7215-472e-b3ec-3c0814a25a0f,2,2,in-01M2PNVRXB78CCTBK0ESEH5F1Q:1789615006637-0,im-Yrp2QuPKbto6qZ7JWKybDS,2026-09-17T03:16:44.795000+00:00,1789615004795,2026-09-17T03:16:44.795396+00:00,2026-09-17T03:17:15.916015+00:00,31121.055,,2026-09-17T03:16:44.483255+00:00,2026-09-17T03:17:16.626527+00:00,35.0,0,657.893,1,ok,6.99,0.0,18896.03,289.76,1.28,118.883,0,True,True,,True,False,1,3086999,B,A,B,B,True,False,True,False,True,True,True,True,False,,1994.313556,1371.924221,1370.758696,1350.186856,1374.3853,389.54813,2.461079,243,46.999522,19.56198,28.7086736,30.49442039999998,39.87707333999995,0,0,0,243,4,8044936192,243,243,243,2031872,33554432,33106733.300411522,0,243,7,0,208.18620819970965,1350.1688232421875,208.18620819970965,1141.9826150424778,243,8044936192,8,33554432,268435456,4,CREATED,18,470,YES,0,0,0,,,,,,,,2069.303768,1783.071958,1782.321886,1760.945276,1784.984761,619.560831,1.912803,370,46.968128,17.7877555,20.174669,24.930383650000007,30.18002357,0,0,0,370,4,12309817472,370,370,370,4894304,33554432,33269776.951351352,0,370,7,0,291.0371514111757,1760.946533203125,291.0371514111757,1469.9093817919493,370,12309817472,8,33554432,268435456,4,REUSED,18,1210,YES,0,0,0,,,,,,,1906.179366,4942.719,False,False,none,none,none->none,NEITHER,5.287537,True,1.941486,True,1994.313556,True,1906.179366,True,2069.303768,True,228.818459,True,170.723628,True,5098.530678,True,0.010604,True,598.782351,True,219.324146,True,0.284921,True,golden-p1-0-882148b2eca0,ab3c08a952521a2d20e2ca31a2deff3c72a45e9aacf95365e62a436cdac7104f,3086999,39,243,243,370,4.309170470402505,75
golden_p1_parallel_dual_sham_aba76ca84bb5425b_evidence_2026-09-16,evidence,sham,control,CLOUD_PROVIDER_AWS,us-east-2,CLOUD_PROVIDER_AWS/us-east-2,golden-p1-0-2d6604576096,run_golden_parallel_stream,parallel,static_e27,aba76ca84bb5425b9e747e6b52857dfb,golden_p1_parallel_dual_sham,True,True,True,False,experiment,,5c64046e46ce6d932f0ed2832fe7c76d17b419941bdc38a1e6e0f2625086f0a0,1812250232babd4f14360ab1c718b63d1c1081d7050884c7c0cd2eab8ed73a1d,1812250232babd4f14360ab1c718b63d1c1081d7050884c7c0cd2eab8ed73a1d,5e9fc5f5b3129f52fad8574af7742638418c711245b4504e433a8ee0c35314e4,5400dc1cad887f91adbb85bd650972e690bcdd1db7fd9433007a1c9a59ca7ccb,e1135bf400e915a346e4d0d0,2026-09-16T22:31:44+00:00,ta-01M2P6ZZ92WE7CHXMJSVCVZ9DR,,,60a30b0ec20c4270,3bfcb409beb34ecbaf398c4fa796d226,1df0120c90e64df391924feb88e7a30f,754e50d663a24404b52b9f2e716a1f19,ec1cc253-7215-472e-b3ec-3c0814a25a0f,2,2,in-01M2P6ZZ0QBF13F7ZVF8X390MH:1789599415321-0,im-Yrp2QuPKbto6qZ7JWKybDS,2026-09-16T22:56:53.708000+00:00,1789599413708,2026-09-16T22:56:53.708293+00:00,2026-09-16T22:57:36.313887+00:00,42605.912,,2026-09-16T22:56:53.393231+00:00,2026-09-16T22:57:37.081139+00:00,35.0,0,1046.132,1,ok,6.99,0.0,18896.03,663.16,1.28,37.477,0,True,True,,True,False,1,3086999,A,B,A,A,True,False,True,False,True,True,True,True,False,,3087.19264,2076.653769,2071.883673,2050.665975,2079.304856,710.444502,2.651087,243,268.078815,22.319024,28.9883264,29.7791169,200.64305417999935,2,0,0,243,4,8044936192,243,243,243,2031872,33554432,33106733.300411522,0,243,7,0,441.81582782417536,2050.58203125,441.81582782417536,1608.7662034258246,243,8044936192,8,33554432,268435456,4,CREATED,18,470,YES,0,0,0,267.820432,,,,,,,3528.243969,3067.338819,3061.804579,2987.888789,3069.46841,726.426335,2.129591,370,293.541049,20.019134,28.2210884,35.98444340000001,190.59213155000006,3,0,0,370,4,12309817472,370,370,370,4894304,33554432,33269776.951351352,0,370,7,0,401.37759613990784,2987.915283203125,401.37759613990784,2586.537687063217,370,12309817472,8,33554432,268435456,4,REUSED,18,1210,YES,0,0,0,293.541049,,,,,,1928.437749,4862.968,False,False,none,none,none->none,NEITHER,7.042399,True,1.199869,True,3087.19264,True,1928.437749,True,3528.243969,True,243.267715,True,219.486869,True,5018.494675,True,0.01027,True,745.573891,True,228.844115,True,0.299988,True,golden-p1-0-2d6604576096,ab3c08a952521a2d20e2ca31a2deff3c72a45e9aacf95365e62a436cdac7104f,3086999,39,243,243,370,4.9856693977284925,28
golden_p1_parallel_dual_sham_acba25502ca24f86_evidence_2026-09-16,evidence,sham,control,CLOUD_PROVIDER_GCP,us-east1,CLOUD_PROVIDER_GCP/us-east1,golden-p1-0-5ae9efa67e60,run_golden_parallel_stream,parallel,static_e27,acba25502ca24f868d2c7a59bfd07341,golden_p1_parallel_dual_sham,True,True,True,False,experiment,,5c64046e46ce6d932f0ed2832fe7c76d17b419941bdc38a1e6e0f2625086f0a0,1812250232babd4f14360ab1c718b63d1c1081d7050884c7c0cd2eab8ed73a1d,1812250232babd4f14360ab1c718b63d1c1081d7050884c7c0cd2eab8ed73a1d,5e9fc5f5b3129f52fad8574af7742638418c711245b4504e433a8ee0c35314e4,5400dc1cad887f91adbb85bd650972e690bcdd1db7fd9433007a1c9a59ca7ccb,e1135bf400e915a346e4d0d0,2026-09-16T22:31:44+00:00,ta-01M2P5QAV1ZRCJ55RK4ARWFHWR,,,b295e9e82aea4dc4,6ada85d1c5684f9d98e88354c3dd6065,dbac42ef0a9c458f9aafafef5d64cf2b,5cbd939fe94d4da08d8d41db12e77cec,ef8244bc-ffd7-4006-8396-953b55e6ba23,2,2,in-01M2P5QAK8TB04006HEDE7GVC5:1789598083688-0,im-Yrp2QuPKbto6qZ7JWKybDS,2026-09-16T22:34:42.281000+00:00,1789598082281,2026-09-16T22:34:42.281945+00:00,2026-09-16T22:35:17.801921+00:00,35519.826,,2026-09-16T22:34:41.932510+00:00,2026-09-16T22:35:18.471634+00:00,35.0,0,2226.96,1,ok,6.19,0.0,17688.87,1533.69,1.27,36.102,0,True,True,,True,False,1,3086999,B,A,B,B,True,False,True,False,True,True,True,True,False,,3706.923183,2752.660905,2750.760776,2666.860529,2755.176864,404.013444,2.515959,243,927.072086,7.413936,12.424986,140.46791419999963,711.7169357599967,9,4,0,243,4,8044936192,243,243,243,2031872,33554432,33106733.300411522,0,243,7,0,166.473791860044,2666.813720703125,166.473791860044,2500.339928843081,243,8044936192,8,33554432,268435456,4,CREATED,18,470,YES,0,0,0,482.442417,801.158255,,,,,,3266.18968,2856.708929,2850.453249,2700.684497,2858.809988,728.039694,2.101059,370,1787.746585,8.077805,13.331129900000004,30.688929950000023,289.7289463500001,6,2,1,370,4,12309817472,370,370,370,4894304,33554432,33269776.951351352,0,370,7,0,256.9003524929285,2700.730224609375,256.9003524929285,2443.8298721164465,370,12309817472,8,33554432,268435456,4,REUSED,18,1210,YES,0,0,0,1787.746585,1787.746585,1787.746585,,,,1953.915738,4711.148,False,True,none,preadv_only,none->preadv_only,UNET_SICK_ONLY,4.009358,True,1.012899,True,3706.923183,True,1953.915738,True,3266.18968,True,195.003806,True,520.199227,True,4829.106401,True,0.01031,True,1250.027995,True,161.774048,True,0.328329,True,golden-p1-0-5ae9efa67e60,ab3c08a952521a2d20e2ca31a2deff3c72a45e9aacf95365e62a436cdac7104f,3086999,39,243,243,370,5.431908540093223,15
golden_p1_parallel_dual_sham_b66b4e9973854c1c_evidence_2026-09-16,evidence,sham,control,CLOUD_PROVIDER_GCP,us-east1,CLOUD_PROVIDER_GCP/us-east1,golden-p1-0-1ef32fc4f4cb,run_golden_parallel_stream,parallel,static_e27,b66b4e9973854c1cb53988ea46ea6496,golden_p1_parallel_dual_sham,True,True,True,False,experiment,,5c64046e46ce6d932f0ed2832fe7c76d17b419941bdc38a1e6e0f2625086f0a0,1812250232babd4f14360ab1c718b63d1c1081d7050884c7c0cd2eab8ed73a1d,1812250232babd4f14360ab1c718b63d1c1081d7050884c7c0cd2eab8ed73a1d,5e9fc5f5b3129f52fad8574af7742638418c711245b4504e433a8ee0c35314e4,5400dc1cad887f91adbb85bd650972e690bcdd1db7fd9433007a1c9a59ca7ccb,e1135bf400e915a346e4d0d0,2026-09-16T22:31:44+00:00,ta-01M2P85CSYRH2Y7R3GQWYEDRWR,,,b295e9e82aea4dc4,f5d9e9ebb8514a70ba311257bf6e2baf,ca7a723c39934ddebcad809f8947b122,86e164dae18849b7a67827ec75501374,ef8244bc-ffd7-4006-8396-953b55e6ba23,2,2,in-01M2P85CKY5JT2QGP1G5C5R4BQ:1789600641664-0,im-Yrp2QuPKbto6qZ7JWKybDS,2026-09-16T23:17:20.201000+00:00,1789600640201,2026-09-16T23:17:20.201003+00:00,2026-09-16T23:17:45.172628+00:00,24971.084,,2026-09-16T23:17:19.879084+00:00,2026-09-16T23:17:45.907828+00:00,35.0,0,780.037,1,ok,6.19,116.13,17688.87,482.0,1.27,37.035,0,True,True,,True,False,1,3086999,A,B,A,A,True,False,True,False,True,True,True,True,False,,1662.800584,1189.200053,1187.451054,1178.656836,1191.254432,358.066503,2.054379,243,37.918902,18.530744,28.595943000000002,30.134744999999995,35.344702719999994,0,0,0,243,4,8044936192,243,243,243,2031872,33554432,33106733.300411522,0,243,7,0,152.88281577080488,1178.6575927734375,152.88281577080488,1025.7747770026326,243,8044936192,8,33554432,268435456,4,CREATED,18,470,YES,0,0,0,,,,,,,,2091.665982,1888.364994,1884.762386,1879.947577,1891.522253,546.012694,3.157259,370,112.486367,15.020204,27.06557790000002,39.826311000000004,91.53934378000001,0,0,0,370,4,12309817472,370,370,370,4894304,33554432,33269776.951351352,0,370,7,0,240.878048568964,1880.062255859375,240.878048568964,1639.184207290411,370,12309817472,8,33554432,268435456,4,REUSED,18,1210,YES,0,0,0,,,,,,,1352.617006,4556.398,False,False,none,none,none->none,NEITHER,4.228019,True,1.048049,True,1662.800584,True,1352.617006,True,2091.665982,True,164.304682,True,268.361609,True,4667.165449,True,0.00966,True,511.086887,True,159.60408,True,0.2984,True,golden-p1-0-1ef32fc4f4cb,ab3c08a952521a2d20e2ca31a2deff3c72a45e9aacf95365e62a436cdac7104f,3086999,39,243,243,370,4.176936617122142,114
golden_p1_parallel_dual_sham_bcd77d45bc714a66_evidence_2026-09-16,evidence,sham,control,CLOUD_PROVIDER_GCP,us-east1,CLOUD_PROVIDER_GCP/us-east1,golden-p1-0-937a1515d926,run_golden_parallel_stream,parallel,static_e27,bcd77d45bc714a66837b3a93d0a34b69,golden_p1_parallel_dual_sham,True,True,True,False,experiment,,5c64046e46ce6d932f0ed2832fe7c76d17b419941bdc38a1e6e0f2625086f0a0,1812250232babd4f14360ab1c718b63d1c1081d7050884c7c0cd2eab8ed73a1d,1812250232babd4f14360ab1c718b63d1c1081d7050884c7c0cd2eab8ed73a1d,5e9fc5f5b3129f52fad8574af7742638418c711245b4504e433a8ee0c35314e4,5400dc1cad887f91adbb85bd650972e690bcdd1db7fd9433007a1c9a59ca7ccb,e1135bf400e915a346e4d0d0,2026-09-16T22:31:44+00:00,ta-01M2P922X7SGZSXXPQAXJ38FER,,,b295e9e82aea4dc4,4cdbcdba87104ff7a5032ee13aa319d3,2d1ed313f9464d4cb423b4ded631ce77,bc8bcd4efdaa42bb96035036f3d139f5,ef8244bc-ffd7-4006-8396-953b55e6ba23,2,2,in-01M2P91JF0S5TJXPHQZQFZVPRN:1789601565153-0,im-Yrp2QuPKbto6qZ7JWKybDS,2026-09-16T23:32:43.678000+00:00,1789601563678,2026-09-16T23:32:43.678923+00:00,2026-09-16T23:33:26.074056+00:00,42394.334,,2026-09-16T23:32:43.366379+00:00,2026-09-16T23:33:26.817634+00:00,35.0,0,795.107,1,ok,6.19,134.969,17688.87,426.26,1.27,95.615,0,True,True,,True,False,1,3086999,A,B,A,A,True,False,True,False,True,True,True,True,False,,1770.156313,1311.516195,1310.666265,1301.809414,1314.094895,344.981041,2.5787,243,61.188035,20.304752,29.7783494,32.8961361,37.45532557999997,0,0,0,243,4,8044936192,243,243,243,2031872,33554432,33106733.300411522,0,243,7,0,165.49305601418018,1301.697509765625,165.49305601418018,1136.2044537514448,243,8044936192,8,33554432,268435456,4,CREATED,18,470,YES,0,0,0,,,,,,,,2074.626667,1871.72396,1869.19322,1862.97453,1872.4993,547.485703,0.77534,370,63.570798,19.13785,29.394694,31.545961950000002,35.398991,0,0,0,370,4,12309817472,370,370,370,4894304,33554432,33269776.951351352,0,370,7,0,256.8379205092788,1863.0765380859375,256.8379205092788,1606.2386175766587,370,12309817472,8,33554432,268435456,4,REUSED,18,1210,YES,0,0,0,,,,,,,1380.763657,4640.848,False,False,none,none,none->none,NEITHER,3.89168,True,1.34446,True,1770.156313,True,1380.763657,True,2074.626667,True,174.741017,True,101.735409,True,4754.707979,True,0.01022,True,541.286863,True,161.471038,True,0.30507,True,golden-p1-0-937a1515d926,ab3c08a952521a2d20e2ca31a2deff3c72a45e9aacf95365e62a436cdac7104f,3086999,39,243,243,370,4.342686051733418,61
golden_p1_parallel_dual_sham_bd3a6193ac344f58_evidence_2026-09-17,evidence,sham,control,CLOUD_PROVIDER_GCP,us-central1,CLOUD_PROVIDER_GCP/us-central1,golden-p1-0-fa5ee5036931,run_golden_parallel_stream,parallel,static_e27,bd3a6193ac344f58827d1d561bc38b16,golden_p1_parallel_dual_sham,True,True,True,False,experiment,,5c64046e46ce6d932f0ed2832fe7c76d17b419941bdc38a1e6e0f2625086f0a0,1812250232babd4f14360ab1c718b63d1c1081d7050884c7c0cd2eab8ed73a1d,1812250232babd4f14360ab1c718b63d1c1081d7050884c7c0cd2eab8ed73a1d,5e9fc5f5b3129f52fad8574af7742638418c711245b4504e433a8ee0c35314e4,5400dc1cad887f91adbb85bd650972e690bcdd1db7fd9433007a1c9a59ca7ccb,e1135bf400e915a346e4d0d0,2026-09-16T22:31:44+00:00,ta-01M2PNK8WJ4A4KWZE3B4P0K3XR,,,b295e9e82aea4dc4,1ee55245dced4b399dbc903086826587,8a0b2746d6a748f2b26e595b45066bbc,3005bbe70d9c460a9e29f51a1a68a065,ef8244bc-ffd7-4006-8396-953b55e6ba23,2,2,in-01M2PNK8FPX2TDBZJS52Z7V1XT:1789614727672-0,im-Yrp2QuPKbto6qZ7JWKybDS,2026-09-17T03:12:05.837000+00:00,1789614725837,2026-09-17T03:12:05.837563+00:00,2026-09-17T03:12:30.369242+00:00,24531.968,,2026-09-17T03:12:05.498396+00:00,2026-09-17T03:12:31.095400+00:00,35.0,0,746.998,1,ok,6.19,130.079,17688.87,453.37,1.27,42.283,0,True,True,,True,False,1,3086999,A,B,A,A,True,False,True,False,True,True,True,True,False,,1519.938875,1070.692479,1069.12843,1058.917035,1072.487029,390.818127,1.79455,243,59.507523,14.966154,22.70672720000001,33.48425199999996,57.18722239999998,0,0,0,243,4,8044936192,243,243,243,2031872,33554432,33106733.300411522,0,243,7,0,183.3921924084425,1058.769775390625,183.3921924084425,875.3775829821825,243,8044936192,8,33554432,268435456,4,CREATED,18,470,YES,0,0,0,,,,,,,,1697.747228,1501.489572,1499.349662,1491.221027,1503.164472,595.318828,1.6749,370,86.050535,13.717934,21.675992000000004,26.31697095,40.67490808,0,0,0,370,4,12309817472,370,370,370,4894304,33554432,33269776.951351352,0,370,7,0,278.4659838825464,1491.236328125,278.4659838825464,1212.7703442424536,370,12309817472,8,33554432,268435456,4,REUSED,18,1210,YES,0,0,0,,,,,,,1333.083279,4563.158,False,False,none,none,none->none,NEITHER,4.396588,True,1.0986,True,1519.938875,True,1333.083279,True,1697.747228,True,156.727912,True,113.325522,True,4672.987786,True,0.0129,True,557.518833,True,158.249492,True,0.31613,True,golden-p1-0-fa5ee5036931,ab3c08a952521a2d20e2ca31a2deff3c72a45e9aacf95365e62a436cdac7104f,3086999,39,243,243,370,4.262385150121398,92
golden_p1_parallel_dual_sham_c23697e51e06464e_evidence_2026-09-16,evidence,sham,control,CLOUD_PROVIDER_GCP,us-east1,CLOUD_PROVIDER_GCP/us-east1,golden-p1-0-5f7757c48a80,run_golden_parallel_stream,parallel,static_e27,c23697e51e06464ebc5d0e12e62b1d72,golden_p1_parallel_dual_sham,True,True,True,False,experiment,,5c64046e46ce6d932f0ed2832fe7c76d17b419941bdc38a1e6e0f2625086f0a0,1812250232babd4f14360ab1c718b63d1c1081d7050884c7c0cd2eab8ed73a1d,1812250232babd4f14360ab1c718b63d1c1081d7050884c7c0cd2eab8ed73a1d,5e9fc5f5b3129f52fad8574af7742638418c711245b4504e433a8ee0c35314e4,5400dc1cad887f91adbb85bd650972e690bcdd1db7fd9433007a1c9a59ca7ccb,e1135bf400e915a346e4d0d0,2026-09-16T22:31:44+00:00,ta-01M2P6W2K86812RHXM40GXXEKR,,,b295e9e82aea4dc4,1bb46541256747d99b99f63647d25c4f,71292f18280c4338a4cab17a147937a6,291348c3a10a40eaab95609994fa211a,ef8244bc-ffd7-4006-8396-953b55e6ba23,2,2,in-01M2P6W2CZJYQP9QZQ8Z3CT498:1789599287713-0,im-Yrp2QuPKbto6qZ7JWKybDS,2026-09-16T22:54:46.178000+00:00,1789599286178,2026-09-16T22:54:46.178251+00:00,2026-09-16T22:55:16.119916+00:00,29941.015,,2026-09-16T22:54:45.821108+00:00,2026-09-16T22:55:16.937951+00:00,35.0,0,714.217,1,ok,6.19,138.413,17688.87,433.11,1.27,97.389,0,True,True,,True,False,1,3086999,B,A,B,B,True,False,True,False,True,True,True,True,False,,2604.123956,1166.243401,1161.935561,1151.116946,1168.00268,357.851291,1.759279,243,127.960155,13.578606,25.4057332,28.4446621,77.07740771999964,0,0,0,243,4,8044936192,243,243,243,2031872,33554432,33106733.300411522,0,243,7,0,172.77238446846604,1151.007080078125,172.77238446846604,978.234695609659,243,8044936192,8,33554432,268435456,4,CREATED,18,470,YES,0,0,0,,,,,,,,3140.001656,2828.369351,2819.752546,2531.169014,2831.04455,1100.155262,2.675199,370,670.964052,10.976842,27.4445401,29.63539555,297.0119809,5,3,0,370,4,12309817472,370,370,370,4894304,33554432,33269776.951351352,0,370,7,0,797.9686663448811,2531.241943359375,797.9686663448811,1733.273277014494,370,12309817472,8,33554432,268435456,4,REUSED,18,1210,YES,0,0,0,297.579637,518.240958,,,,,1419.396413,4583.391,False,False,none,none,none->none,NEITHER,4.816119,True,1.19121,True,2604.123956,True,1419.396413,True,3140.001656,True,211.053628,True,308.376729,True,4693.27936,True,0.01062,True,525.930549,True,158.728282,True,0.31014,True,golden-p1-0-5f7757c48a80,ab3c08a952521a2d20e2ca31a2deff3c72a45e9aacf95365e62a436cdac7104f,3086999,39,243,243,370,4.64455403080036,36
golden_p1_parallel_dual_sham_c6f2c20d110e4cb5_evidence_2026-09-17,evidence,sham,control,CLOUD_PROVIDER_GCP,us-east1,CLOUD_PROVIDER_GCP/us-east1,golden-p1-0-907303a11d5c,run_golden_parallel_stream,parallel,static_e27,c6f2c20d110e4cb595b21d98749ecf1d,golden_p1_parallel_dual_sham,True,True,True,False,experiment,,5c64046e46ce6d932f0ed2832fe7c76d17b419941bdc38a1e6e0f2625086f0a0,1812250232babd4f14360ab1c718b63d1c1081d7050884c7c0cd2eab8ed73a1d,1812250232babd4f14360ab1c718b63d1c1081d7050884c7c0cd2eab8ed73a1d,5e9fc5f5b3129f52fad8574af7742638418c711245b4504e433a8ee0c35314e4,5400dc1cad887f91adbb85bd650972e690bcdd1db7fd9433007a1c9a59ca7ccb,e1135bf400e915a346e4d0d0,2026-09-16T22:31:44+00:00,ta-01M2PP3HCF5Y1S7A5VJPBBQSJR,,,b295e9e82aea4dc4,f9fe234c3720404cba3dd49ad781df89,7b4520ee4a324efaa8b78a325b199b41,54aaa1fb18d6455ab0df91ab30eb5b66,ef8244bc-ffd7-4006-8396-953b55e6ba23,2,2,in-01M2PP3H76S61REZJDWVY90C6Z:1789615260903-0,im-Yrp2QuPKbto6qZ7JWKybDS,2026-09-17T03:20:59.005000+00:00,1789615259005,2026-09-17T03:20:59.005133+00:00,2026-09-17T03:21:26.226254+00:00,27220.865,,2026-09-17T03:20:58.689859+00:00,2026-09-17T03:21:26.905131+00:00,35.0,0,1484.922,1,ok,6.19,197.092,17688.87,1115.72,1.27,38.176,0,True,True,,True,False,1,3086999,A,B,A,A,True,False,True,False,True,True,True,True,False,,2807.493052,1902.654864,1897.050865,1893.240008,1904.880263,708.669875,2.225399,243,781.171626,10.639726,23.66730220000001,33.32717709999998,440.63926437999646,4,3,0,243,4,8044936192,243,243,243,2031872,33554432,33106733.300411522,0,243,7,0,405.0453774370253,1893.2559814453125,405.0453774370253,1488.2106040082872,243,8044936192,8,33554432,268435456,4,CREATED,18,470,YES,0,0,0,781.171626,781.171626,,,,,,3215.81793,2240.357586,2235.793217,2104.747874,2241.125306,750.291488,0.76772,370,1308.306746,8.963277999999999,16.3742349,18.908431050000004,192.60214387,2,2,1,370,4,12309817472,370,370,370,4894304,33554432,33269776.951351352,0,370,7,0,259.0677759349346,2104.601806640625,259.0677759349346,1845.5340307056904,370,12309817472,8,33554432,268435456,4,REUSED,18,1210,YES,0,0,0,782.133303,782.133303,1308.306746,,,,1322.960412,4621.722,False,True,none,preadv_only,none->preadv_only,UNET_SICK_ONLY,3.814448,True,1.24836,True,2807.493052,True,1322.960412,True,3215.81793,True,185.729098,True,342.653298,True,4733.638685,True,0.01079,True,524.556968,True,160.375377,True,0.33334,True,golden-p1-0-907303a11d5c,ab3c08a952521a2d20e2ca31a2deff3c72a45e9aacf95365e62a436cdac7104f,3086999,39,243,243,370,5.250926568603041,19
golden_p1_parallel_dual_sham_c8a67206da1142ef_evidence_2026-09-16,evidence,sham,control,CLOUD_PROVIDER_GCP,us-east1,CLOUD_PROVIDER_GCP/us-east1,golden-p1-0-d15a1e39801b,run_golden_parallel_stream,parallel,static_e27,c8a67206da1142efb6b8f9dac68350cc,golden_p1_parallel_dual_sham,True,True,True,False,experiment,,5c64046e46ce6d932f0ed2832fe7c76d17b419941bdc38a1e6e0f2625086f0a0,1812250232babd4f14360ab1c718b63d1c1081d7050884c7c0cd2eab8ed73a1d,1812250232babd4f14360ab1c718b63d1c1081d7050884c7c0cd2eab8ed73a1d,5e9fc5f5b3129f52fad8574af7742638418c711245b4504e433a8ee0c35314e4,5400dc1cad887f91adbb85bd650972e690bcdd1db7fd9433007a1c9a59ca7ccb,e1135bf400e915a346e4d0d0,2026-09-16T22:31:44+00:00,ta-01M2P9PRMZ77XCZDRBAYZZ2QDR,,,b295e9e82aea4dc4,348bc5bf2f2849369b858dfdbe6b3bff,140a08bc12314a00b94563919e530338,59299357edc046639684358bbb9d0649,ef8244bc-ffd7-4006-8396-953b55e6ba23,2,2,in-01M2P9HYYVQMSHGJE4SRT0AGZV:1789602102235-0,im-Yrp2QuPKbto6qZ7JWKybDS,2026-09-16T23:41:40.721000+00:00,1789602100721,2026-09-16T23:41:40.721304+00:00,2026-09-16T23:44:49.824976+00:00,189102.992,,2026-09-16T23:41:40.395304+00:00,2026-09-16T23:44:50.567001+00:00,35.0,0,679.337,1,ok,6.19,103.115,17688.87,345.49,1.27,41.104,0,True,True,,True,False,1,3086999,A,B,A,A,True,False,True,False,True,True,True,True,False,,1777.536534,1332.352633,1330.126673,1319.759347,1334.393032,334.891608,2.040399,243,54.11939,21.646851,27.692254,29.432702999999993,42.858966159999724,0,0,0,243,4,8044936192,243,243,243,2031872,33554432,33106733.300411522,0,243,7,0,152.77171172946692,1319.73095703125,152.77171172946692,1166.959245301783,243,8044936192,8,33554432,268435456,4,CREATED,18,470,YES,0,0,0,,,,,,,,1967.395077,1766.530219,1764.87381,1757.717682,1768.713438,544.264463,2.183219,370,40.002665,17.5218835,30.132036000000003,33.276015550000004,37.2727652,0,0,0,370,4,12309817472,370,370,370,4894304,33554432,33269776.951351352,0,370,7,0,238.32544013857841,1757.7779541015625,238.32544013857841,1519.452513962984,370,12309817472,8,33554432,268435456,4,REUSED,18,1210,YES,0,0,0,,,,,,,1375.702054,4581.994,False,False,none,none,none->none,NEITHER,4.545379,True,1.141229,True,1777.536534,True,1375.702054,True,1967.395077,True,156.985641,True,99.155323,True,4690.747243,True,0.04373,True,521.806703,True,160.165153,True,0.29573,True,golden-p1-0-d15a1e39801b,ab3c08a952521a2d20e2ca31a2deff3c72a45e9aacf95365e62a436cdac7104f,3086999,39,243,243,370,4.311649601750756,74
golden_p1_parallel_dual_sham_eab6e4cab3c24228_evidence_2026-09-16,evidence,sham,control,CLOUD_PROVIDER_GCP,us-east1,CLOUD_PROVIDER_GCP/us-east1,golden-p1-0-0b56ab29f792,run_golden_parallel_stream,parallel,static_e27,eab6e4cab3c24228bc68862b095be3d2,golden_p1_parallel_dual_sham,True,True,True,False,experiment,,5c64046e46ce6d932f0ed2832fe7c76d17b419941bdc38a1e6e0f2625086f0a0,1812250232babd4f14360ab1c718b63d1c1081d7050884c7c0cd2eab8ed73a1d,1812250232babd4f14360ab1c718b63d1c1081d7050884c7c0cd2eab8ed73a1d,5e9fc5f5b3129f52fad8574af7742638418c711245b4504e433a8ee0c35314e4,5400dc1cad887f91adbb85bd650972e690bcdd1db7fd9433007a1c9a59ca7ccb,e1135bf400e915a346e4d0d0,2026-09-16T22:31:44+00:00,ta-01M2P9EGGFWG4RTJ8WZQKCMGTR,,,b295e9e82aea4dc4,eeba26fcb04d46b48cc5ac78c16b15d7,784955c930584c0eac8e800e1a14a659,d9119ef909e64a6dae03f1cd9c50daf2,ef8244bc-ffd7-4006-8396-953b55e6ba23,2,2,in-01M2P9BY3RTHTPQHBRGDDM46PE:1789601904760-0,im-Yrp2QuPKbto6qZ7JWKybDS,2026-09-16T23:38:23.302000+00:00,1789601903302,2026-09-16T23:38:23.302230+00:00,2026-09-16T23:40:17.592335+00:00,114290.234,,2026-09-16T23:38:22.992111+00:00,2026-09-16T23:40:18.324003+00:00,35.0,0,1336.634,1,ok,6.19,141.618,17688.87,940.56,1.27,98.96,0,True,True,,True,False,1,3086999,B,A,B,B,True,False,True,False,True,True,True,True,False,,4541.943384,3776.209793,3772.212146,3438.716173,3779.015791,2851.702788,2.805998,243,2550.4346,15.041472,17.869453,19.041658999999992,1621.3933645599645,5,3,3,243,4,8044936192,243,243,243,2031872,33554432,33106733.300411522,0,243,7,0,2709.473058901727,3438.658447265625,2709.473058901727,729.1853883638978,243,8044936192,8,33554432,268435456,4,CREATED,18,470,YES,0,0,0,338.988928,2550.4346,2550.4346,,,,,3684.521101,3127.53406,3125.364552,1704.295669,3129.863428,523.648484,2.329368,370,1423.66852,17.1876165,25.185137,27.223490500000004,40.73291658000005,2,2,2,370,4,12309817472,370,370,370,4894304,33554432,33269776.951351352,0,370,7,0,254.45718356966972,1704.2420654296875,254.45718356966972,1449.7848818600178,370,12309817472,8,33554432,268435456,4,REUSED,18,1210,YES,0,0,0,1423.58296,1423.58296,1423.58296,,,,1353.914784,4582.131,True,True,preadv_only,preadv_only,preadv_only->preadv_only,BOTH_SICK,4.955977,True,1.323669,True,4541.943384,True,1353.914784,True,3684.521101,True,186.731551,True,418.197509,True,4692.926538,True,0.00965,True,607.917107,True,158.576456,True,0.28393,True,golden-p1-0-0b56ab29f792,ab3c08a952521a2d20e2ca31a2deff3c72a45e9aacf95365e62a436cdac7104f,3086999,39,243,243,370,6.2201160759342145,4
golden_p1_parallel_dual_sham_f1c052ab0b2040be_evidence_2026-09-16,evidence,sham,control,CLOUD_PROVIDER_GCP,us-central1,CLOUD_PROVIDER_GCP/us-central1,golden-p1-0-daa5bf313c61,run_golden_parallel_stream,parallel,static_e27,f1c052ab0b2040be8652361676eee858,golden_p1_parallel_dual_sham,True,True,True,False,experiment,,5c64046e46ce6d932f0ed2832fe7c76d17b419941bdc38a1e6e0f2625086f0a0,1812250232babd4f14360ab1c718b63d1c1081d7050884c7c0cd2eab8ed73a1d,1812250232babd4f14360ab1c718b63d1c1081d7050884c7c0cd2eab8ed73a1d,5e9fc5f5b3129f52fad8574af7742638418c711245b4504e433a8ee0c35314e4,5400dc1cad887f91adbb85bd650972e690bcdd1db7fd9433007a1c9a59ca7ccb,e1135bf400e915a346e4d0d0,2026-09-16T22:31:44+00:00,ta-01M2P8PGWGGZBY6DW2GG98ZXPR,,,b295e9e82aea4dc4,54d4dc6625b34904a74059e67f373c82,29287f37ed5744c48293c9e44bea2522,c6beb011e6b8457fb5bd76479a858c7b,ef8244bc-ffd7-4006-8396-953b55e6ba23,2,2,in-01M2P8PGSHFDE258W19F67SBGV:1789601202994-0,im-Yrp2QuPKbto6qZ7JWKybDS,2026-09-16T23:26:41.450000+00:00,1789601201450,2026-09-16T23:26:41.450722+00:00,2026-09-16T23:27:04.656048+00:00,23204.701,,2026-09-16T23:26:41.128729+00:00,2026-09-16T23:27:05.317725+00:00,35.0,0,649.907,1,ok,6.19,110.087,17688.87,333.51,1.27,51.778,0,True,True,,True,False,1,3086999,A,B,A,A,True,False,True,False,True,True,True,True,False,,1449.49974,1020.806065,1019.967265,1011.683127,1023.375775,323.845223,2.56971,243,56.50539,15.719909,20.709121200000002,26.278525999999975,37.08398639999994,0,0,0,243,4,8044936192,243,243,243,2031872,33554432,33106733.300411522,0,243,7,0,158.10172776132822,1011.6489868164062,158.10172776132822,853.547259055078,243,8044936192,8,33554432,268435456,4,CREATED,18,470,YES,0,0,0,,,,,,,,1674.592506,1480.302168,1478.170038,1470.23561,1480.913428,499.717088,0.61126,370,43.570202,15.137996999999999,20.491936900000002,25.03218245,38.178505200000004,0,0,0,370,4,12309817472,370,370,370,4894304,33554432,33269776.951351352,0,370,7,0,241.80655993521214,1470.267578125,241.80655993521214,1228.4610181897879,370,12309817472,8,33554432,268435456,4,REUSED,18,1210,YES,0,0,0,,,,,,,1352.431323,4564.347,False,False,none,none,none->none,NEITHER,4.9067,True,1.105549,True,1449.49974,True,1352.431323,True,1674.592506,True,159.811063,True,92.173335,True,4675.286285,True,0.01041,True,525.139967,True,159.071279,True,0.32852,True,golden-p1-0-daa5bf313c61,ab3c08a952521a2d20e2ca31a2deff3c72a45e9aacf95365e62a436cdac7104f,3086999,39,243,243,370,4.227487315169962,108
golden_p1_parallel_dual_sham_f6becf8dece147da_evidence_2026-09-17,evidence,sham,control,CLOUD_PROVIDER_AWS,eu-south-2,CLOUD_PROVIDER_AWS/eu-south-2,golden-p1-0-c567cb9ddeb6,run_golden_parallel_stream,parallel,static_e27,f6becf8dece147da83bbdd991d260cb2,golden_p1_parallel_dual_sham,True,True,True,False,experiment,,5c64046e46ce6d932f0ed2832fe7c76d17b419941bdc38a1e6e0f2625086f0a0,1812250232babd4f14360ab1c718b63d1c1081d7050884c7c0cd2eab8ed73a1d,1812250232babd4f14360ab1c718b63d1c1081d7050884c7c0cd2eab8ed73a1d,5e9fc5f5b3129f52fad8574af7742638418c711245b4504e433a8ee0c35314e4,5400dc1cad887f91adbb85bd650972e690bcdd1db7fd9433007a1c9a59ca7ccb,e1135bf400e915a346e4d0d0,2026-09-16T22:31:44+00:00,ta-01M2PPQDGQT3EXS440KV8AC8CR,,,60a30b0ec20c4270,67c5cf4302044c1fb8827ce8d314fbeb,a253c7031ce14de2bf2eedb3664293e5,b4460c18de524b0fa49de7f1c4e0e1da,ec1cc253-7215-472e-b3ec-3c0814a25a0f,2,2,in-01M2PPQDAC4KBTFVB2FGCM5W26:1789615912270-0,im-Yrp2QuPKbto6qZ7JWKybDS,2026-09-17T03:31:50.294000+00:00,1789615910294,2026-09-17T03:31:50.294831+00:00,2026-09-17T03:32:23.287332+00:00,32992.867,,2026-09-17T03:31:49.822332+00:00,2026-09-17T03:32:24.383831+00:00,35.0,0,1247.493,1,ok,6.99,252.279,18896.03,893.37,1.28,407.002,0,True,True,,True,False,1,3086999,A,B,A,A,True,False,True,False,True,True,True,True,False,,2174.443379,1570.406023,1567.928704,1548.109151,1573.101515,399.959664,2.695492,243,53.42837,23.304627,29.3762998,30.59560129999999,43.43540695999979,0,0,0,243,4,8044936192,243,243,243,2031872,33554432,33106733.300411522,0,243,7,0,242.3071994036436,1548.122802734375,242.3071994036436,1305.8156033307314,243,8044936192,8,33554432,268435456,4,CREATED,18,470,YES,0,0,0,,,,,,,,2589.583215,2301.875855,2300.903095,2279.033387,2304.924186,668.254517,3.048331,370,48.347537,23.222831499999998,29.9423412,31.49578135,36.22303701,0,0,0,370,4,12309817472,370,370,370,4894304,33554432,33269776.951351352,0,370,7,0,344.5927363783121,2279.140625,344.5927363783121,1934.547888621688,370,12309817472,8,33554432,268435456,4,REUSED,18,1210,YES,0,0,0,,,,,,,1889.70045,4964.985,False,False,none,none,none->none,NEITHER,5.181181,True,1.199003,True,2174.443379,True,1889.70045,True,2589.583215,True,222.790898,True,163.588367,True,5120.664318,True,0.010576,True,602.087233,True,218.766329,True,0.268989,True,golden-p1-0-c567cb9ddeb6,ab3c08a952521a2d20e2ca31a2deff3c72a45e9aacf95365e62a436cdac7104f,3086999,39,243,243,370,4.389067522071359,48
golden_p1_parallel_dual_sham_fb1fff3d9fe741cd_evidence_2026-09-16,evidence,sham,control,CLOUD_PROVIDER_AWS,eu-south-2,CLOUD_PROVIDER_AWS/eu-south-2,golden-p1-0-da67cc9d8d0b,run_golden_parallel_stream,parallel,static_e27,fb1fff3d9fe741cdbde5ff4b6eede8a5,golden_p1_parallel_dual_sham,True,True,True,False,experiment,,5c64046e46ce6d932f0ed2832fe7c76d17b419941bdc38a1e6e0f2625086f0a0,1812250232babd4f14360ab1c718b63d1c1081d7050884c7c0cd2eab8ed73a1d,1812250232babd4f14360ab1c718b63d1c1081d7050884c7c0cd2eab8ed73a1d,5e9fc5f5b3129f52fad8574af7742638418c711245b4504e433a8ee0c35314e4,5400dc1cad887f91adbb85bd650972e690bcdd1db7fd9433007a1c9a59ca7ccb,e1135bf400e915a346e4d0d0,2026-09-16T22:31:44+00:00,ta-01M2P8TPS2NW01AA0NDY4SPG7R,,,60a30b0ec20c4270,315dc83945d344dc90fe01de7db7f4df,90453e10043146a098e870a0d7fe7a65,a489778e3d35481caa3e080dbaec104d,ec1cc253-7215-472e-b3ec-3c0814a25a0f,2,2,in-01M2P8TPJMRQVMCNA7P66XCFQQ:1789601339989-0,im-Yrp2QuPKbto6qZ7JWKybDS,2026-09-16T23:28:58.466000+00:00,1789601338466,2026-09-16T23:28:58.466952+00:00,2026-09-16T23:29:56.641466+00:00,58174.72,,2026-09-16T23:28:58.118131+00:00,2026-09-16T23:29:57.365642+00:00,35.0,0,849.589,1,ok,6.99,0.0,18896.03,491.62,1.28,120.068,0,True,True,,True,False,1,3086999,B,A,B,B,True,False,True,False,True,True,True,True,False,,2298.663053,1460.866312,1458.562112,1438.632332,1463.675197,388.087792,2.808885,243,59.160796,20.488391,32.150132000000006,37.96802419999999,54.67475445999995,0,0,0,243,4,8044936192,243,243,243,2031872,33554432,33106733.300411522,0,243,7,0,183.15926378965378,1438.7637939453125,183.15926378965378,1255.6045301556587,243,8044936192,8,33554432,268435456,4,CREATED,18,470,YES,0,0,0,,,,,,,,2515.920126,2220.213127,2217.841687,2195.701653,2222.541945,616.89178,2.328818,370,36.963131,22.7762675,28.1115031,30.082263800000003,34.02266863,0,0,0,370,4,12309817472,370,370,370,4894304,33554432,33269776.951351352,0,370,7,0,347.2791705131531,2195.753173828125,347.2791705131531,1848.474003314972,370,12309817472,8,33554432,268435456,4,REUSED,18,1210,YES,0,0,0,,,,,,,2090.855643,4922.214,False,False,none,none,none->none,NEITHER,6.314658,True,1.371363,True,2298.663053,True,2090.855643,True,2515.920126,True,237.020276,True,150.443607,True,5078.038191,True,0.010991,True,597.50723,True,217.404352,True,0.237472,True,golden-p1-0-da67cc9d8d0b,ab3c08a952521a2d20e2ca31a2deff3c72a45e9aacf95365e62a436cdac7104f,3086999,39,243,243,370,4.423220971588782,43
golden_p1_parallel_dual_sham_fd2d653e16ed4df6_evidence_2026-09-17,evidence,sham,control,CLOUD_PROVIDER_AWS,us-east-2,CLOUD_PROVIDER_AWS/us-east-2,golden-p1-0-b7fdd92f9e9e,run_golden_parallel_stream,parallel,static_e27,fd2d653e16ed4df6a79eafe0e4c06ed6,golden_p1_parallel_dual_sham,True,True,True,False,experiment,,5c64046e46ce6d932f0ed2832fe7c76d17b419941bdc38a1e6e0f2625086f0a0,1812250232babd4f14360ab1c718b63d1c1081d7050884c7c0cd2eab8ed73a1d,1812250232babd4f14360ab1c718b63d1c1081d7050884c7c0cd2eab8ed73a1d,5e9fc5f5b3129f52fad8574af7742638418c711245b4504e433a8ee0c35314e4,5400dc1cad887f91adbb85bd650972e690bcdd1db7fd9433007a1c9a59ca7ccb,e1135bf400e915a346e4d0d0,2026-09-16T22:31:44+00:00,ta-01M2PP7J6K6A5JVJHMDXPHQG8R,,,60a30b0ec20c4270,c14f133bb6c34e2b8abbd61e73a0bd69,f0f64aeb634c45398d0086767c64a0cc,c4fcbcfcdbda4a47960a46bb8823edda,ec1cc253-7215-472e-b3ec-3c0814a25a0f,2,2,in-01M2PP517ES0HTSN3RMMJ26TNB:1789615310063-0,im-Yrp2QuPKbto6qZ7JWKybDS,2026-09-17T03:21:48.166000+00:00,1789615308166,2026-09-17T03:21:48.166682+00:00,2026-09-17T03:23:41.949332+00:00,113782.091,,2026-09-17T03:21:47.853691+00:00,2026-09-17T03:23:43.135832+00:00,35.0,0,833.717,1,ok,6.99,107.637,18896.03,459.94,1.28,31.492,0,True,True,,True,False,1,3086999,B,A,B,B,True,False,True,False,True,True,True,True,False,,2069.581438,1433.78885,1430.801193,1411.617801,1435.655442,320.721176,1.866592,243,50.645004,22.398856,27.4482414,30.4190143,40.345636719999796,0,0,0,243,4,8044936192,243,243,243,2031872,33554432,33106733.300411522,0,243,7,0,171.66262412071228,1411.6163330078125,171.66262412071228,1239.9537088871002,243,8044936192,8,33554432,268435456,4,CREATED,18,470,YES,0,0,0,,,,,,,,2583.834936,2298.480225,2295.988341,2275.452821,2299.193919,538.558547,0.713694,370,49.652779,23.913014,29.421062100000004,31.1750132,35.28196758,0,0,0,370,4,12309817472,370,370,370,4894304,33554432,33269776.951351352,0,370,7,0,266.6836479604244,2275.466552734375,266.6836479604244,2008.7829047739506,370,12309817472,8,33554432,268435456,4,REUSED,18,1210,YES,0,0,0,,,,,,,1850.884606,4831.111,False,False,none,none,none->none,NEITHER,5.396006,True,1.17746,True,2069.581438,True,1850.884606,True,2583.834936,True,242.75251,True,153.27462,True,4987.0468,True,0.010777,True,614.100441,True,220.954501,True,0.301762,True,golden-p1-0-b7fdd92f9e9e,ab3c08a952521a2d20e2ca31a2deff3c72a45e9aacf95365e62a436cdac7104f,3086999,39,243,243,370,4.34696133854455,59
golden_p1_parallel_dual_sham_fd653b0c3ab04fd4_evidence_2026-09-16,evidence,sham,control,CLOUD_PROVIDER_GCP,us-east1,CLOUD_PROVIDER_GCP/us-east1,golden-p1-0-a131424e6113,run_golden_parallel_stream,parallel,static_e27,fd653b0c3ab04fd49cadf39d0bda9280,golden_p1_parallel_dual_sham,True,True,True,False,experiment,,5c64046e46ce6d932f0ed2832fe7c76d17b419941bdc38a1e6e0f2625086f0a0,1812250232babd4f14360ab1c718b63d1c1081d7050884c7c0cd2eab8ed73a1d,1812250232babd4f14360ab1c718b63d1c1081d7050884c7c0cd2eab8ed73a1d,5e9fc5f5b3129f52fad8574af7742638418c711245b4504e433a8ee0c35314e4,5400dc1cad887f91adbb85bd650972e690bcdd1db7fd9433007a1c9a59ca7ccb,e1135bf400e915a346e4d0d0,2026-09-16T22:31:44+00:00,ta-01M2PA2FGNRNEERXCVJE8BMEVR,,,b295e9e82aea4dc4,afaeca687738417aaae2bdb18e9d799b,6ce61f7ece6c4414bd776e5977186567,4a6b3efd5bcd4d5184134916c9b79ed5,ef8244bc-ffd7-4006-8396-953b55e6ba23,2,2,in-01M2P9V2X86NWGE8FGT0E807RH:1789602401193-0,im-Yrp2QuPKbto6qZ7JWKybDS,2026-09-16T23:46:39.632000+00:00,1789602399632,2026-09-16T23:46:39.632145+00:00,2026-09-16T23:51:08.529601+00:00,268897.041,,2026-09-16T23:46:39.291411+00:00,2026-09-16T23:51:09.314600+00:00,35.0,0,571.747,1,ok,6.19,103.352,17688.87,301.0,1.27,55.074,0,True,True,,True,False,1,3086999,B,A,B,B,True,False,True,False,True,True,True,True,False,,1613.141885,1200.268403,1197.737865,1175.349984,1203.481612,373.727377,3.213209,243,52.316855,18.138902,26.449026,29.009471999999995,41.632253379999995,0,0,0,243,4,8044936192,243,243,243,2031872,33554432,33106733.300411522,0,243,7,0,176.10300770401955,1175.232177734375,176.10300770401955,999.1291700303555,243,8044936192,8,33554432,268435456,4,CREATED,18,470,YES,0,0,0,,,,,,,,1960.259964,1746.916788,1746.449858,1730.171325,1749.160657,555.833956,2.243869,370,100.491196,17.023432,25.7944591,28.5190875,50.347224580000116,0,0,0,370,4,12309817472,370,370,370,4894304,33554432,33269776.951351352,0,370,7,0,289.77254386246204,1730.160888671875,289.77254386246204,1440.388344809413,370,12309817472,8,33554432,268435456,4,REUSED,18,1210,YES,0,0,0,,,,,,,1407.710021,4578.793,False,False,none,none,none->none,NEITHER,3.733879,True,0.985159,True,1613.141885,True,1407.710021,True,1960.259964,True,186.999258,True,101.721575,True,4684.607107,True,0.00813,True,526.783561,True,157.500889,True,0.27407,True,golden-p1-0-a131424e6113,ab3c08a952521a2d20e2ca31a2deff3c72a45e9aacf95365e62a436cdac7104f,3086999,39,243,243,370,4.259536543995499,94
golden_p1_parallel_dual_split_00550fac339d45cb_evidence_2026-09-17,evidence,split,control,CLOUD_PROVIDER_GCP,us-central1,CLOUD_PROVIDER_GCP/us-central1,golden-p1-0-57b4759a4ad6,run_golden_parallel_stream,parallel,static_e27,00550fac339d45cb961692740e6b7c5d,golden_p1_parallel_dual_split,True,True,True,False,experiment,,c8bef7a9f5ebec70b4901dc54a2d83bb76f1ff4f53732fd5f08503c9de04ee5d,1812250232babd4f14360ab1c718b63d1c1081d7050884c7c0cd2eab8ed73a1d,1812250232babd4f14360ab1c718b63d1c1081d7050884c7c0cd2eab8ed73a1d,837a4072d249d975c3f2319637bd8ee415f9eb54110bf593d0777b2a485f86ee,a1efce21815cbbd836d9a0b9f9cb7960dbdde55bdbfb665915613795477d5777,e1135bf400e915a346e4d0d0,2026-09-16T22:33:29+00:00,ta-01M2PNZFYVCMW60NW91QFFH75R,,,524a58d9d5784701,e8322bfb9a694e2bb9730dc5b3bf54ec,f4705612154e4cb7bab7de94250c4381,5bfc8177435f465eba7d00636d9a8a20,312524d9-e931-4999-9c46-cd242af778c5,2,2,in-01M2PNYMREPJDDNGG719VB0J5A:1789615100686-0,im-Yrp2QuPKbto6qZ7JWKybDS,2026-09-17T03:18:18.811000+00:00,1789615098811,2026-09-17T03:18:18.811326+00:00,2026-09-17T03:19:11.559928+00:00,52747.975,,2026-09-17T03:18:18.482326+00:00,2026-09-17T03:19:12.251037+00:00,35.0,0,824.889,1,ok,6.06,163.305,17571.81,533.24,1.22,50.149,0,True,True,,True,False,1,3086999,A,B,B,A,True,False,True,False,True,True,True,True,True,,1650.849042,1227.964992,1226.708412,1217.452671,1230.708412,358.93112,2.74342,243,47.706722,19.327837,26.990219,29.582376999999987,33.22429426,0,0,0,243,4,8044936192,243,243,243,2031872,33554432,33106733.300411522,0,243,7,0,175.69727978110313,1217.4605712890625,175.69727978110313,1041.7632915079594,243,8044936192,8,33554432,268435456,4,CREATED,18,470,YES,0,0,0,,,,,,,,1948.834482,1749.011633,1747.175293,1736.941243,1749.959963,566.350677,0.94833,370,51.739699,17.509864,25.9076559,28.137530050000013,37.8394849,0,0,0,370,4,12309817472,370,370,370,4894304,33554432,33269776.951351352,0,370,7,0,325.8356165587902,1736.9644775390625,325.8356165587902,1411.1288609802723,370,12309817472,8,33554432,268435456,4,CREATED,18,724,YES,0,0,0,,,,,,,1373.72355,4611.276,False,False,none,none,none->none,NEITHER,4.30551,True,1.118,True,1650.849042,True,1373.72355,True,1948.834482,True,194.398741,True,95.716066,True,4719.502898,True,0.01092,True,540.103583,True,161.130388,True,0.27938,True,golden-p1-0-57b4759a4ad6,ab3c08a952521a2d20e2ca31a2deff3c72a45e9aacf95365e62a436cdac7104f,3086999,39,243,243,370,4.243551837825281,104
golden_p1_parallel_dual_split_018e2d48de794dfd_evidence_2026-09-17,evidence,split,control,CLOUD_PROVIDER_AWS,us-east-2,CLOUD_PROVIDER_AWS/us-east-2,golden-p1-0-4fa535221943,run_golden_parallel_stream,parallel,static_e27,018e2d48de794dfda5ae11b8a3dc77f1,golden_p1_parallel_dual_split,True,True,True,False,experiment,,c8bef7a9f5ebec70b4901dc54a2d83bb76f1ff4f53732fd5f08503c9de04ee5d,1812250232babd4f14360ab1c718b63d1c1081d7050884c7c0cd2eab8ed73a1d,1812250232babd4f14360ab1c718b63d1c1081d7050884c7c0cd2eab8ed73a1d,837a4072d249d975c3f2319637bd8ee415f9eb54110bf593d0777b2a485f86ee,a1efce21815cbbd836d9a0b9f9cb7960dbdde55bdbfb665915613795477d5777,e1135bf400e915a346e4d0d0,2026-09-16T22:33:29+00:00,ta-01M2PPRTDNN06BVHQ0D60RSPWR,,,82eee1f4e2c442de,34879a28e212474b94b81fa7ae94c7b4,2b5af16987d24576b8f2316e858b94b0,14d56a727e0843cf9a9aaaa78e9ec6a1,b06ba8e0-ee19-43d7-be96-afb6a4a870ec,2,2,in-01M2PPPAN9QWXGKDK36555CGWC:1789615876781-0,im-Yrp2QuPKbto6qZ7JWKybDS,2026-09-17T03:31:14.854000+00:00,1789615874854,2026-09-17T03:31:14.854832+00:00,2026-09-17T03:33:05.321332+00:00,110466.151,,2026-09-17T03:31:14.409831+00:00,2026-09-17T03:33:06.348831+00:00,35.0,0,842.901,1,ok,6.65,97.401,18057.84,482.08,1.48,29.254,0,True,True,,True,False,1,3086999,B,A,A,B,True,False,True,False,True,True,True,True,True,,2096.124204,1491.197132,1490.084809,1470.319698,1493.508621,371.632217,2.311489,243,49.720166,23.175146,29.761376000000002,31.516358999999998,39.688709219999915,0,0,0,243,4,8044936192,243,243,243,2031872,33554432,33106733.300411522,0,243,7,0,214.54512019455433,,214.54512019455433,0.0,243,8044936192,8,33554432,268435456,4,CREATED,18,470,YES,0,0,0,,,,,,,,2116.131211,1829.907031,1828.54082,1808.97562,1830.854752,532.186228,0.947721,370,34.493118,18.0067335,25.8113615,27.58490615000001,31.48740931,0,0,0,370,4,12309817472,370,370,370,4894304,33554432,33269776.951351352,0,370,7,0,281.7541437447071,1809.0040283203125,281.7541437447071,1527.2498845756054,370,12309817472,8,33554432,268435456,4,CREATED,18,724,YES,0,0,0,,,,,,,1911.466003,4869.411,False,False,none,none,none->none,NEITHER,6.128097,True,1.263446,True,2096.124204,True,1911.466003,True,2116.131211,True,224.925339,True,170.106314,True,5028.443323,True,0.010589,True,584.967323,True,218.450201,True,0.305851,True,golden-p1-0-4fa535221943,ab3c08a952521a2d20e2ca31a2deff3c72a45e9aacf95365e62a436cdac7104f,3086999,39,243,243,370,4.351042368725173,56
golden_p1_parallel_dual_split_040259e0e43d45e5_evidence_2026-09-16,evidence,split,control,CLOUD_PROVIDER_AWS,eu-south-2,CLOUD_PROVIDER_AWS/eu-south-2,golden-p1-0-b451904156c4,run_golden_parallel_stream,parallel,static_e27,040259e0e43d45e5b28b7dfe87875649,golden_p1_parallel_dual_split,True,True,True,False,experiment,,c8bef7a9f5ebec70b4901dc54a2d83bb76f1ff4f53732fd5f08503c9de04ee5d,1812250232babd4f14360ab1c718b63d1c1081d7050884c7c0cd2eab8ed73a1d,1812250232babd4f14360ab1c718b63d1c1081d7050884c7c0cd2eab8ed73a1d,837a4072d249d975c3f2319637bd8ee415f9eb54110bf593d0777b2a485f86ee,a1efce21815cbbd836d9a0b9f9cb7960dbdde55bdbfb665915613795477d5777,e1135bf400e915a346e4d0d0,2026-09-16T22:33:29+00:00,ta-01M2P7AGBXRP1TME6H02B3V2WR,,,82eee1f4e2c442de,7ececcd3474f4393b36bd03c8f6331fa,ed59db4d8fb847579417a7c5e5dd1740,cab38adb45da44919f8d486cb7897546,b06ba8e0-ee19-43d7-be96-afb6a4a870ec,2,2,in-01M2P7AG87099ZZW1TESY4QZDH:1789599760650-0,im-Yrp2QuPKbto6qZ7JWKybDS,2026-09-16T23:02:39.235000+00:00,1789599759235,2026-09-16T23:02:39.235170+00:00,2026-09-16T23:03:09.251178+00:00,30016.197,,2026-09-16T23:02:38.915642+00:00,2026-09-16T23:03:09.940246+00:00,35.0,0,1140.311,1,ok,6.65,313.602,18057.84,696.51,1.48,318.91,0,True,True,,True,False,1,3086999,B,A,A,B,True,False,True,False,True,True,True,True,True,,3564.460033,2955.069162,2951.726258,2928.461079,2957.036515,385.644088,1.967353,243,1776.222056,16.067009,22.327533800000005,27.683099499999987,727.3697395999947,8,4,1,243,4,8044936192,243,243,243,2031872,33554432,33106733.300411522,0,243,7,0,177.52150413393974,2928.35546875,177.52150413393974,2750.8339646160603,243,8044936192,8,33554432,268435456,4,CREATED,18,470,YES,0,0,0,531.092769,531.092769,1776.222056,,,,,2343.870788,2054.613751,2052.523953,2034.830168,2056.847794,534.28344,2.234043,370,44.539716,20.995382,26.344,27.8158861,33.48741022,0,0,0,370,4,12309817472,370,370,370,4894304,33554432,33269776.951351352,0,370,7,0,295.38169527053833,2034.814453125,295.38169527053833,1739.4327578544617,370,12309817472,8,33554432,268435456,4,CREATED,18,724,YES,0,0,0,,,,,,,1932.460675,4879.051,True,False,preadv_only,none,preadv_only->none,CLIP_SICK_ONLY,6.3987,True,2.020621,True,3564.460033,True,1932.460675,True,2343.870788,True,226.417194,True,150.197264,True,5035.960315,True,0.011728,True,582.401217,True,218.689803,True,0.272646,True,golden-p1-0-b451904156c4,ab3c08a952521a2d20e2ca31a2deff3c72a45e9aacf95365e62a436cdac7104f,3086999,39,243,243,370,5.814517190740699,12
golden_p1_parallel_dual_split_043b767870204c72_evidence_2026-09-16,evidence,split,control,CLOUD_PROVIDER_AWS,eu-south-2,CLOUD_PROVIDER_AWS/eu-south-2,golden-p1-0-296923abcf59,run_golden_parallel_stream,parallel,static_e27,043b767870204c7289b2fdabb02a5651,golden_p1_parallel_dual_split,True,True,True,False,experiment,,c8bef7a9f5ebec70b4901dc54a2d83bb76f1ff4f53732fd5f08503c9de04ee5d,1812250232babd4f14360ab1c718b63d1c1081d7050884c7c0cd2eab8ed73a1d,1812250232babd4f14360ab1c718b63d1c1081d7050884c7c0cd2eab8ed73a1d,837a4072d249d975c3f2319637bd8ee415f9eb54110bf593d0777b2a485f86ee,a1efce21815cbbd836d9a0b9f9cb7960dbdde55bdbfb665915613795477d5777,e1135bf400e915a346e4d0d0,2026-09-16T22:33:29+00:00,ta-01M2P8NDES1JG0YEBGKAKGRKNR,,,82eee1f4e2c442de,66ab937fb7894125a125cc06b26779b0,be675f5400e54012919c1b467da95b99,ac51cdce157b41509c0ed51381094b67,b06ba8e0-ee19-43d7-be96-afb6a4a870ec,2,2,in-01M2P8ND6GYHGJX0FBDB9W1XHS:1789601166545-0,im-Yrp2QuPKbto6qZ7JWKybDS,2026-09-16T23:26:05.067000+00:00,1789601165067,2026-09-16T23:26:05.067356+00:00,2026-09-16T23:26:32.739239+00:00,27671.502,,2026-09-16T23:26:04.758479+00:00,2026-09-16T23:26:33.449938+00:00,35.0,0,982.551,1,ok,6.65,258.012,18057.84,614.43,1.48,113.397,0,True,True,,True,False,1,3086999,A,B,B,A,True,False,True,False,True,True,True,True,True,,1888.6815,1268.930461,1266.891177,1245.754803,1271.660826,415.433278,2.730365,243,47.345172,19.019394,22.7841138,24.497030499999997,37.584750839999714,0,0,0,243,4,8044936192,243,243,243,2031872,33554432,33106733.300411522,0,243,7,0,189.62800002098083,1245.7528076171875,189.62800002098083,1056.1248075962067,243,8044936192,8,33554432,268435456,4,CREATED,18,470,YES,0,0,0,,,,,,,,2223.799001,1936.694248,1935.718865,1915.276475,1938.949609,608.267092,2.255361,370,31.211515,18.9287515,24.8037339,26.438207000000002,29.65961219,0,0,0,370,4,12309817472,370,370,370,4894304,33554432,33269776.951351352,0,370,7,0,300.7632328644395,1915.3055419921875,300.7632328644395,1614.542309127748,370,12309817472,8,33554432,268435456,4,CREATED,18,724,YES,0,0,0,,,,,,,1832.714798,4907.423,False,False,none,none,none->none,NEITHER,5.950559,True,1.338475,True,1888.6815,True,1832.714798,True,2223.799001,True,210.709947,True,150.713029,True,5062.665972,True,0.009934,True,592.349135,True,217.674265,True,0.302445,True,golden-p1-0-296923abcf59,ab3c08a952521a2d20e2ca31a2deff3c72a45e9aacf95365e62a436cdac7104f,3086999,39,243,243,370,4.284539613840896,86
golden_p1_parallel_dual_split_055ae9712cf44e1c_evidence_2026-09-16,evidence,split,control,CLOUD_PROVIDER_AWS,eu-south-2,CLOUD_PROVIDER_AWS/eu-south-2,golden-p1-0-1d519563ba2e,run_golden_parallel_stream,parallel,static_e27,055ae9712cf44e1ca5e496328c12b32c,golden_p1_parallel_dual_split,True,True,True,False,experiment,,c8bef7a9f5ebec70b4901dc54a2d83bb76f1ff4f53732fd5f08503c9de04ee5d,1812250232babd4f14360ab1c718b63d1c1081d7050884c7c0cd2eab8ed73a1d,1812250232babd4f14360ab1c718b63d1c1081d7050884c7c0cd2eab8ed73a1d,837a4072d249d975c3f2319637bd8ee415f9eb54110bf593d0777b2a485f86ee,a1efce21815cbbd836d9a0b9f9cb7960dbdde55bdbfb665915613795477d5777,e1135bf400e915a346e4d0d0,2026-09-16T22:33:29+00:00,ta-01M2P9EWFMF1EXCAQJYKMVD9CR,,,82eee1f4e2c442de,7379b26096c4452c8b3ded02051e2ff3,68796240d7324f3db065fb831ea25668,3037ebf7c58b4ae3bf3aaae234e76d1f,b06ba8e0-ee19-43d7-be96-afb6a4a870ec,2,2,in-01M2P9EW9H3A9FR7PHSMMZQGWR:1789602001202-0,im-Yrp2QuPKbto6qZ7JWKybDS,2026-09-16T23:39:59.654000+00:00,1789601999654,2026-09-16T23:39:59.654141+00:00,2026-09-16T23:40:26.929309+00:00,27275.097,,2026-09-16T23:39:59.340543+00:00,2026-09-16T23:40:27.665299+00:00,35.0,0,891.868,1,ok,6.65,259.742,18057.84,526.51,1.48,115.085,0,True,True,,True,False,1,3086999,A,B,B,A,True,False,True,False,True,True,True,True,True,,1825.697147,1179.922615,1178.371207,1154.82764,1182.564105,396.421135,2.64149,243,44.173683,17.104549,24.822096200000008,27.577420999999998,36.242961719999855,0,0,0,243,4,8044936192,243,243,243,2031872,33554432,33106733.300411522,0,243,7,0,190.3437761068344,1154.8408203125,190.3437761068344,964.4970442056656,243,8044936192,8,33554432,268435456,4,CREATED,18,470,YES,0,0,0,,,,,,,,1930.128575,1644.793725,1643.233337,1624.651171,1648.17067,635.17528,3.376945,370,41.863704,17.0403525,17.999365400000002,18.888350400000004,24.068166060000006,0,0,0,370,4,12309817472,370,370,370,4894304,33554432,33269776.951351352,0,370,7,0,270.3976958990097,1624.6346435546875,270.3976958990097,1354.2369476556778,370,12309817472,8,33554432,268435456,4,CREATED,18,724,YES,0,0,0,,,,,,,1883.610838,4882.657,False,False,none,none,none->none,NEITHER,5.712351,True,1.278912,True,1825.697147,True,1883.610838,True,1930.128575,True,217.512435,True,146.285899,True,5037.84285,True,0.011182,True,595.847171,True,219.51692,True,0.422844,True,golden-p1-0-1d519563ba2e,ab3c08a952521a2d20e2ca31a2deff3c72a45e9aacf95365e62a436cdac7104f,3086999,39,243,243,370,4.245087172784291,103
golden_p1_parallel_dual_split_05f8aa86801e46c0_evidence_2026-09-17,evidence,split,control,CLOUD_PROVIDER_AWS,us-east-2,CLOUD_PROVIDER_AWS/us-east-2,golden-p1-0-7c30e10e3e03,run_golden_parallel_stream,parallel,static_e27,05f8aa86801e46c081e26bd33a491971,golden_p1_parallel_dual_split,True,True,True,False,experiment,,c8bef7a9f5ebec70b4901dc54a2d83bb76f1ff4f53732fd5f08503c9de04ee5d,1812250232babd4f14360ab1c718b63d1c1081d7050884c7c0cd2eab8ed73a1d,1812250232babd4f14360ab1c718b63d1c1081d7050884c7c0cd2eab8ed73a1d,837a4072d249d975c3f2319637bd8ee415f9eb54110bf593d0777b2a485f86ee,a1efce21815cbbd836d9a0b9f9cb7960dbdde55bdbfb665915613795477d5777,e1135bf400e915a346e4d0d0,2026-09-16T22:33:29+00:00,ta-01M2PNVF1KACS4QCKRH06XYMFR,,,82eee1f4e2c442de,a6c7e6cde2de417fb1cc63b95a9f932b,d79ee741614a4755a688164ff399dcce,ee6f92294a154151b76ff21117b89d4b,b06ba8e0-ee19-43d7-be96-afb6a4a870ec,2,2,in-01M2PNVERDAHSCNPQWCWGNF2KN:1789614996238-0,im-Yrp2QuPKbto6qZ7JWKybDS,2026-09-17T03:16:34.364000+00:00,1789614994364,2026-09-17T03:16:34.364170+00:00,2026-09-17T03:17:02.080019+00:00,27715.432,,2026-09-17T03:16:34.045169+00:00,2026-09-17T03:17:02.765709+00:00,35.0,0,1047.835,1,ok,6.65,121.741,18057.84,550.84,1.48,30.033,0,True,True,,True,False,1,3086999,B,A,A,B,True,False,True,False,True,True,True,True,True,,2298.837726,1649.343492,1645.707125,1616.592183,1651.184474,423.396181,1.840982,243,59.948926,24.176386,31.5441518,33.6597846,46.30737565999982,0,0,0,243,4,8044936192,243,243,243,2031872,33554432,33106733.300411522,0,243,7,0,253.850911334157,1616.3980712890625,253.850911334157,1362.5471599549055,243,8044936192,8,33554432,268435456,4,CREATED,18,470,YES,0,0,0,,,,,,,,2570.955636,2282.012247,2281.424928,2259.620839,2284.096572,514.249944,2.084325,370,39.8733,24.2320165,29.9848006,32.147571000000006,34.54096185,0,0,0,370,4,12309817472,370,370,370,4894304,33554432,33269776.951351352,0,370,7,0,269.30745616555214,2259.695068359375,269.30745616555214,1990.3876121938229,370,12309817472,8,33554432,268435456,4,CREATED,18,724,YES,0,0,0,,,,,,,1885.636023,5990.467,False,False,none,none,none->none,NEITHER,6.175194,True,1.32081,True,2298.837726,True,1885.636023,True,2570.955636,True,218.855594,True,152.718499,True,6145.848196,True,0.011081,True,589.587324,True,221.300482,True,0.37961,True,golden-p1-0-7c30e10e3e03,ab3c08a952521a2d20e2ca31a2deff3c72a45e9aacf95365e62a436cdac7104f,3086999,39,243,243,370,4.4442855546816045,40
golden_p1_parallel_dual_split_0c4dbf3d06f344d0_evidence_2026-09-16,evidence,split,control,CLOUD_PROVIDER_AWS,eu-south-2,CLOUD_PROVIDER_AWS/eu-south-2,golden-p1-0-b27b71fd9862,run_golden_parallel_stream,parallel,static_e27,0c4dbf3d06f344d0acd71c4a889287e1,golden_p1_parallel_dual_split,True,True,True,False,experiment,,c8bef7a9f5ebec70b4901dc54a2d83bb76f1ff4f53732fd5f08503c9de04ee5d,1812250232babd4f14360ab1c718b63d1c1081d7050884c7c0cd2eab8ed73a1d,1812250232babd4f14360ab1c718b63d1c1081d7050884c7c0cd2eab8ed73a1d,837a4072d249d975c3f2319637bd8ee415f9eb54110bf593d0777b2a485f86ee,a1efce21815cbbd836d9a0b9f9cb7960dbdde55bdbfb665915613795477d5777,e1135bf400e915a346e4d0d0,2026-09-16T22:33:29+00:00,ta-01M2P8VADTSHZJFCAPHG0BBDHR,,,82eee1f4e2c442de,3ddafe4e255742e7a3e68b7446af632e,91ac35e626514ed8b0e66f107c7b11ef,5ae5095bcdb2440abbc12948bd188592,b06ba8e0-ee19-43d7-be96-afb6a4a870ec,2,2,in-01M2P8VA6KYW7Q895NT8X5N4EV:1789601360084-0,im-Yrp2QuPKbto6qZ7JWKybDS,2026-09-16T23:29:18.567000+00:00,1789601358567,2026-09-16T23:29:18.567410+00:00,2026-09-16T23:29:52.905386+00:00,34338.428,,2026-09-16T23:29:18.249045+00:00,2026-09-16T23:29:53.643629+00:00,35.0,0,1311.833,1,ok,6.65,418.704,18057.84,925.65,1.48,1250.124,0,True,True,,True,False,1,3086999,A,B,B,A,True,False,True,False,True,True,True,True,True,,2314.83732,1664.454048,1660.732449,1620.205698,1667.519064,464.830749,3.065016,243,58.452755,22.571802,34.643095599999995,41.20862089999998,48.299483099999996,0,0,0,243,4,8044936192,243,243,243,2031872,33554432,33106733.300411522,0,243,7,0,222.10022443532944,1620.1407470703125,222.10022443532944,1398.040522634983,243,8044936192,8,33554432,268435456,4,CREATED,18,470,YES,0,0,0,,,,,,,,2960.033576,2643.967155,2639.398812,2618.824194,2646.541607,695.11717,2.574452,370,71.78649,25.573574999999998,35.695976200000004,43.448775000000005,56.444193320000004,0,0,0,370,4,12309817472,370,370,370,4894304,33554432,33269776.951351352,0,370,7,0,312.5194561779499,2618.824462890625,312.5194561779499,2306.305006712675,370,12309817472,8,33554432,268435456,4,CREATED,18,724,YES,0,0,0,,,,,,,2206.399444,5164.812,False,False,none,none,none->none,NEITHER,5.941648,True,3.527948,True,2314.83732,True,2206.399444,True,2960.033576,True,329.221809,True,207.892485,True,5344.860853,True,0.010809,True,606.501941,True,223.604271,True,0.322027,True,golden-p1-0-b27b71fd9862,ab3c08a952521a2d20e2ca31a2deff3c72a45e9aacf95365e62a436cdac7104f,3086999,39,243,243,370,4.440467168950275,41
golden_p1_parallel_dual_split_0edda3a1918e4061_evidence_2026-09-17,evidence,split,control,CLOUD_PROVIDER_GCP,us-west1,CLOUD_PROVIDER_GCP/us-west1,golden-p1-0-292b8fcb144e,run_golden_parallel_stream,parallel,static_e27,0edda3a1918e4061a05aad12320f3d4a,golden_p1_parallel_dual_split,True,True,True,False,experiment,,c8bef7a9f5ebec70b4901dc54a2d83bb76f1ff4f53732fd5f08503c9de04ee5d,1812250232babd4f14360ab1c718b63d1c1081d7050884c7c0cd2eab8ed73a1d,1812250232babd4f14360ab1c718b63d1c1081d7050884c7c0cd2eab8ed73a1d,837a4072d249d975c3f2319637bd8ee415f9eb54110bf593d0777b2a485f86ee,a1efce21815cbbd836d9a0b9f9cb7960dbdde55bdbfb665915613795477d5777,e1135bf400e915a346e4d0d0,2026-09-16T22:33:29+00:00,ta-01M2PP8WZ66D9YTB6PNBGSH6VR,,,524a58d9d5784701,bb2f738adaea405abfebe68e1ad94ee5,01b964569d7a4b72b17fa65aeda5f4d8,d27da4aeac1d4c91b59e4c4b7aa44ca9,312524d9-e931-4999-9c46-cd242af778c5,2,2,in-01M2PP8P012Y1X7AS0ZJY1Y862:1789615429634-0,im-Yrp2QuPKbto6qZ7JWKybDS,2026-09-17T03:23:47.674000+00:00,1789615427674,2026-09-17T03:23:47.674831+00:00,2026-09-17T03:24:26.299331+00:00,38624.425,,2026-09-17T03:23:47.121831+00:00,2026-09-17T03:24:27.293833+00:00,35.0,0,1149.692,1,ok,6.06,242.181,17571.81,854.91,1.22,110.037,0,True,True,,True,False,1,3086999,A,B,B,A,True,False,True,False,True,True,True,True,True,,1932.465474,1348.651887,1347.457647,1296.654006,1350.340836,421.097909,1.688949,243,58.531897,20.32611,28.800588,30.941731099999995,50.301200879999975,0,0,0,243,4,8044936192,243,243,243,2031872,33554432,33106733.300411522,0,243,7,0,185.99622451886535,1296.66845703125,185.99622451886535,1110.6722325123847,243,8044936192,8,33554432,268435456,4,CREATED,18,470,YES,0,0,0,,,,,,,,2048.090688,1813.996213,1813.093563,1803.138749,1821.625049,591.146255,7.628836,370,60.519508,17.905605,27.265328,30.423194000000002,37.96892089000001,0,0,0,370,4,12309817472,370,370,370,4894304,33554432,33269776.951351352,0,370,7,0,263.54367941617966,1803.1546630859375,263.54367941617966,1539.6109836697578,370,12309817472,8,33554432,268435456,4,CREATED,18,724,YES,0,0,0,,,,,,,1688.17412,4952.33,False,False,none,none,none->none,NEITHER,25.072006,True,1.105719,True,1932.465474,True,1688.17412,True,2048.090688,True,255.557563,True,150.25992,True,5080.258599,True,0.01052,True,601.226301,True,155.818928,True,0.26491,True,golden-p1-0-292b8fcb144e,ab3c08a952521a2d20e2ca31a2deff3c72a45e9aacf95365e62a436cdac7104f,3086999,39,243,243,370,4.359252141555548,53
golden_p1_parallel_dual_split_13f15ae8e76a4f54_evidence_2026-09-17,evidence,split,control,CLOUD_PROVIDER_GCP,us-west1,CLOUD_PROVIDER_GCP/us-west1,golden-p1-0-8a94295fb53e,run_golden_parallel_stream,parallel,static_e27,13f15ae8e76a4f5492a228bb4daf79fe,golden_p1_parallel_dual_split,True,True,True,False,experiment,,c8bef7a9f5ebec70b4901dc54a2d83bb76f1ff4f53732fd5f08503c9de04ee5d,1812250232babd4f14360ab1c718b63d1c1081d7050884c7c0cd2eab8ed73a1d,1812250232babd4f14360ab1c718b63d1c1081d7050884c7c0cd2eab8ed73a1d,837a4072d249d975c3f2319637bd8ee415f9eb54110bf593d0777b2a485f86ee,a1efce21815cbbd836d9a0b9f9cb7960dbdde55bdbfb665915613795477d5777,e1135bf400e915a346e4d0d0,2026-09-16T22:33:29+00:00,ta-01M2PNKW1KN33VKRYBGCDCDR5R,,,524a58d9d5784701,4be612d18e2e4b9abf8851c21e7a2b19,3b096d9bb1614e3795ea03ab8b3368d1,3faa8db2c4574cb3bf913597b8c43bb5,312524d9-e931-4999-9c46-cd242af778c5,2,2,in-01M2PNKRX3NDMSWFQVPSXR890B:1789614744486-0,im-Yrp2QuPKbto6qZ7JWKybDS,2026-09-17T03:12:22.655000+00:00,1789614742655,2026-09-17T03:12:22.655576+00:00,2026-09-17T03:12:50.850980+00:00,28196.085,,2026-09-17T03:12:22.332012+00:00,2026-09-17T03:12:51.566343+00:00,35.0,0,1043.482,1,ok,6.06,229.695,17571.81,719.62,1.22,145.155,0,True,True,,True,False,1,3086999,A,B,B,A,True,False,True,False,True,True,True,True,True,,1570.741458,1177.965407,1176.985637,1150.621063,1180.188827,415.768718,2.22342,243,59.330888,16.656227,28.1915888,33.968194899999986,50.69100599999997,0,0,0,243,4,8044936192,243,243,243,2031872,33554432,33106733.300411522,0,243,7,0,181.5295675471425,1150.4520263671875,181.5295675471425,968.922458820045,243,8044936192,8,33554432,268435456,4,CREATED,18,470,YES,0,0,0,,,,,,,,1964.129512,1767.153459,1765.336169,1739.418624,1767.791568,507.685588,0.638109,370,56.07076,17.665472,24.9114149,28.281161,44.29532319000002,0,0,0,370,4,12309817472,370,370,370,4894304,33554432,33269776.951351352,0,370,7,0,245.9385604262352,1739.375,245.9385604262352,1493.4364395737648,370,12309817472,8,33554432,268435456,4,CREATED,18,724,YES,0,0,0,,,,,,,1291.620997,4570.314,False,False,none,none,none->none,NEITHER,4.536309,True,0.90595,True,1570.741458,True,1291.620997,True,1964.129512,True,164.675259,True,120.639458,True,4676.37537,True,0.00998,True,643.070905,True,155.421622,True,0.28231,True,golden-p1-0-8a94295fb53e,ab3c08a952521a2d20e2ca31a2deff3c72a45e9aacf95365e62a436cdac7104f,3086999,39,243,243,370,4.2845657095718455,85
golden_p1_parallel_dual_split_13f2402a5d1e4169_evidence_2026-09-17,evidence,split,control,CLOUD_PROVIDER_AWS,eu-south-2,CLOUD_PROVIDER_AWS/eu-south-2,golden-p1-0-ae58e06b7153,run_golden_parallel_stream,parallel,static_e27,13f2402a5d1e4169be926b410b4ee1be,golden_p1_parallel_dual_split,True,True,True,False,experiment,,c8bef7a9f5ebec70b4901dc54a2d83bb76f1ff4f53732fd5f08503c9de04ee5d,1812250232babd4f14360ab1c718b63d1c1081d7050884c7c0cd2eab8ed73a1d,1812250232babd4f14360ab1c718b63d1c1081d7050884c7c0cd2eab8ed73a1d,837a4072d249d975c3f2319637bd8ee415f9eb54110bf593d0777b2a485f86ee,a1efce21815cbbd836d9a0b9f9cb7960dbdde55bdbfb665915613795477d5777,e1135bf400e915a346e4d0d0,2026-09-16T22:33:29+00:00,ta-01M2PJV48SGGZRYAVFS3XFSV8R,,,82eee1f4e2c442de,7a615839439141798ff6ba6d69c66c0a,5130e1e3adb54ec0afeb908d1b1796fd,dd2e76a4c3514f928c82f2a6d7681085,b06ba8e0-ee19-43d7-be96-afb6a4a870ec,2,2,in-01M2PJV43JRQWGS59MWAFCVA97:1789611839602-0,im-Yrp2QuPKbto6qZ7JWKybDS,2026-09-17T02:23:57.821000+00:00,1789611837821,2026-09-17T02:23:57.821069+00:00,2026-09-17T02:24:27.136324+00:00,29315.51,,2026-09-17T02:23:57.498306+00:00,2026-09-17T02:24:28.022363+00:00,35.0,0,944.94,1,ok,6.65,315.183,18057.84,577.25,1.48,113.335,0,True,True,,True,False,1,3086999,B,A,A,B,True,False,True,False,True,True,True,True,True,,2269.108468,1580.789737,1578.835396,1557.060105,1584.793343,433.703696,4.003606,243,48.357939,24.958942,30.2398996,31.931354199999994,34.99762021999999,0,0,0,243,4,8044936192,243,243,243,2031872,33554432,33106733.300411522,0,243,7,0,236.67027240991592,1557.0181884765625,236.67027240991592,1320.3479160666466,243,8044936192,8,33554432,268435456,4,CREATED,18,470,YES,0,0,0,,,,,,,,2567.219816,2268.433277,2267.467461,2244.981184,2270.856349,686.692703,2.423072,370,58.293159,22.2284735,28.650430200000002,30.553017250000003,33.68058722,0,0,0,370,4,12309817472,370,370,370,4894304,33554432,33269776.951351352,0,370,7,0,366.0837110579014,2245.0087890625,366.0837110579014,1878.9250780045986,370,12309817472,8,33554432,268435456,4,CREATED,18,724,YES,0,0,0,,,,,,,2178.666292,4976.773,False,False,none,none,none->none,NEITHER,6.194966,True,2.026418,True,2269.108468,True,2178.666292,True,2567.219816,True,249.127503,True,194.197153,True,5136.43721,True,0.011915,True,724.691815,True,215.844144,True,0.27688,True,golden-p1-0-ae58e06b7153,ab3c08a952521a2d20e2ca31a2deff3c72a45e9aacf95365e62a436cdac7104f,3086999,39,243,243,370,4.374239323372925,50
golden_p1_parallel_dual_split_18773c42e7564ecb_evidence_2026-09-16,evidence,split,control,CLOUD_PROVIDER_GCP,us-east1,CLOUD_PROVIDER_GCP/us-east1,golden-p1-0-51fd5230eeee,run_golden_parallel_stream,parallel,static_e27,18773c42e7564ecbbf756bb51847e217,golden_p1_parallel_dual_split,True,True,True,False,experiment,,c8bef7a9f5ebec70b4901dc54a2d83bb76f1ff4f53732fd5f08503c9de04ee5d,1812250232babd4f14360ab1c718b63d1c1081d7050884c7c0cd2eab8ed73a1d,1812250232babd4f14360ab1c718b63d1c1081d7050884c7c0cd2eab8ed73a1d,837a4072d249d975c3f2319637bd8ee415f9eb54110bf593d0777b2a485f86ee,a1efce21815cbbd836d9a0b9f9cb7960dbdde55bdbfb665915613795477d5777,e1135bf400e915a346e4d0d0,2026-09-16T22:33:29+00:00,ta-01M2P9PSRRBTSCV3DT7A4J91PR,,,524a58d9d5784701,42363fae7d8f4d41ad1e67f47a4b0bb8,e67f4fc939e345fb86e26af0decabb0e,fdea837009674587ac7fb18f76269b34,312524d9-e931-4999-9c46-cd242af778c5,2,2,in-01M2P9PSNV0TF9V9QK5EZP0GG4:1789602260668-0,im-Yrp2QuPKbto6qZ7JWKybDS,2026-09-16T23:44:19.156000+00:00,1789602259156,2026-09-16T23:44:19.156059+00:00,2026-09-16T23:44:49.049976+00:00,29894.108,,2026-09-16T23:44:18.838422+00:00,2026-09-16T23:44:49.807978+00:00,35.0,0,907.122,1,ok,6.06,138.062,17571.81,507.29,1.22,59.946,0,True,True,,True,False,1,3086999,A,B,B,A,True,False,True,False,True,True,True,True,True,,6969.255685,6204.002583,6199.961723,6193.763264,6206.363502,5442.269365,2.360919,243,5252.731718,15.501238,25.285379000000002,29.036885099999967,2941.10024679992,3,3,3,243,4,8044936192,243,243,243,2031872,33554432,33106733.300411522,0,243,7,0,5241.1707663834095,6193.8291015625,5241.1707663834095,952.6583351790905,243,8044936192,8,33554432,268435456,4,CREATED,18,470,YES,0,0,0,5252.731718,5252.731718,5252.731718,,,,,2039.825746,1833.879715,1832.553455,1823.648606,1834.656495,556.879064,0.77678,370,45.697866,18.373373,28.518829100000005,30.2167655,35.92499179000001,0,0,0,370,4,12309817472,370,370,370,4894304,33554432,33269776.951351352,0,370,7,0,245.68374410271645,1823.716552734375,245.68374410271645,1578.0328086316586,370,12309817472,8,33554432,268435456,4,CREATED,18,724,YES,0,0,0,,,,,,,1374.368119,4607.783,True,False,both,none,both->none,CLIP_SICK_ONLY,4.39265,True,1.79713,True,6969.255685,True,1374.368119,True,2039.825746,True,189.088522,True,118.410689,True,4713.551809,True,0.00825,True,613.208531,True,159.444235,True,0.29658,True,golden-p1-0-51fd5230eeee,ab3c08a952521a2d20e2ca31a2deff3c72a45e9aacf95365e62a436cdac7104f,3086999,39,243,243,370,6.619700288947674,2
golden_p1_parallel_dual_split_1b17044f5eb04ea8_evidence_2026-09-16,evidence,split,control,CLOUD_PROVIDER_GCP,us-east1,CLOUD_PROVIDER_GCP/us-east1,golden-p1-0-6b48551a89bf,run_golden_parallel_stream,parallel,static_e27,1b17044f5eb04ea8b849e755d6db9f9c,golden_p1_parallel_dual_split,True,True,True,False,experiment,,c8bef7a9f5ebec70b4901dc54a2d83bb76f1ff4f53732fd5f08503c9de04ee5d,1812250232babd4f14360ab1c718b63d1c1081d7050884c7c0cd2eab8ed73a1d,1812250232babd4f14360ab1c718b63d1c1081d7050884c7c0cd2eab8ed73a1d,837a4072d249d975c3f2319637bd8ee415f9eb54110bf593d0777b2a485f86ee,a1efce21815cbbd836d9a0b9f9cb7960dbdde55bdbfb665915613795477d5777,e1135bf400e915a346e4d0d0,2026-09-16T22:33:29+00:00,ta-01M2P8GRR7CW2B1S8THS0MRN2R,,,524a58d9d5784701,01d969cd8805489db954137c447e78e8,a96bf240d3724d948aa1b0d39463cb55,c8afe74d28d7478e9a62b802a3746460,312524d9-e931-4999-9c46-cd242af778c5,2,2,in-01M2P8GRH7Q3RF3JQGV5PX6GD1:1789601014311-0,im-Yrp2QuPKbto6qZ7JWKybDS,2026-09-16T23:23:32.833000+00:00,1789601012833,2026-09-16T23:23:32.833711+00:00,2026-09-16T23:23:58.671546+00:00,25837.784,,2026-09-16T23:23:32.515059+00:00,2026-09-16T23:23:59.438904+00:00,35.0,0,763.615,1,ok,6.06,108.764,17571.81,338.55,1.22,60.271,0,True,True,,True,False,1,3086999,A,B,B,A,True,False,True,False,True,True,True,True,True,,1540.312978,1008.07161,1004.883151,999.554455,1010.804738,416.63903,2.733128,243,67.006249,14.554062,20.860572000000005,27.490268699999973,38.091653859999944,0,0,0,243,4,8044936192,243,243,243,2031872,33554432,33106733.300411522,0,243,7,0,204.289376065135,999.5662841796875,204.289376065135,795.2769081145525,243,8044936192,8,33554432,268435456,4,CREATED,18,470,YES,0,0,0,,,,,,,,2312.594667,2102.121345,2094.255591,2091.880603,2104.177714,723.711864,2.056369,370,58.90673,21.8563605,28.3143679,30.606029,43.65076832,0,0,0,370,4,12309817472,370,370,370,4894304,33554432,33269776.951351352,0,370,7,0,318.75347162783146,2091.9384765625,318.75347162783146,1773.1850049346685,370,12309817472,8,33554432,268435456,4,CREATED,18,724,YES,0,0,0,,,,,,,1693.557709,4666.703,False,False,none,none,none->none,NEITHER,4.823567,True,3.006368,True,1540.312978,True,1693.557709,True,2312.594667,True,210.385317,True,99.470923,True,4770.544828,True,0.01097,True,514.698001,True,159.790105,True,0.31692,True,golden-p1-0-6b48551a89bf,ab3c08a952521a2d20e2ca31a2deff3c72a45e9aacf95365e62a436cdac7104f,3086999,39,243,243,370,4.290966430811898,83
golden_p1_parallel_dual_split_1b57ba8cebcb4236_evidence_2026-09-16,evidence,split,control,CLOUD_PROVIDER_AWS,eu-south-2,CLOUD_PROVIDER_AWS/eu-south-2,golden-p1-0-723ef1b9aba2,run_golden_parallel_stream,parallel,static_e27,1b57ba8cebcb4236a2fa678bcbb3e73f,golden_p1_parallel_dual_split,True,True,True,False,experiment,,c8bef7a9f5ebec70b4901dc54a2d83bb76f1ff4f53732fd5f08503c9de04ee5d,1812250232babd4f14360ab1c718b63d1c1081d7050884c7c0cd2eab8ed73a1d,1812250232babd4f14360ab1c718b63d1c1081d7050884c7c0cd2eab8ed73a1d,837a4072d249d975c3f2319637bd8ee415f9eb54110bf593d0777b2a485f86ee,a1efce21815cbbd836d9a0b9f9cb7960dbdde55bdbfb665915613795477d5777,e1135bf400e915a346e4d0d0,2026-09-16T22:33:29+00:00,ta-01M2P8PXWS6NJYY60X6ZQKK0ZR,,,82eee1f4e2c442de,1a0c8dc94c2f4eeca4c05a966ce8aeed,53e618d13f5d4409946de4f337a33a44,afd403c060964e70b70fb9f00d5cddd4,b06ba8e0-ee19-43d7-be96-afb6a4a870ec,2,2,in-01M2P8PXRCRXJ88YHPS78FE73N:1789601216269-0,im-Yrp2QuPKbto6qZ7JWKybDS,2026-09-16T23:26:54.777000+00:00,1789601214777,2026-09-16T23:26:54.777969+00:00,2026-09-16T23:27:22.909776+00:00,28131.509,,2026-09-16T23:26:54.450337+00:00,2026-09-16T23:27:23.660310+00:00,35.0,0,938.933,1,ok,6.65,267.744,18057.84,570.43,1.48,116.127,0,True,True,,True,False,1,3086999,A,B,B,A,True,False,True,False,True,True,True,True,True,,2033.642044,1417.949921,1416.260833,1395.008837,1419.8156,391.942036,1.865679,243,46.795051,22.728981,28.256999,29.502189099999995,40.73622829999986,0,0,0,243,4,8044936192,243,243,243,2031872,33554432,33106733.300411522,0,243,7,0,211.4931830279529,1394.908447265625,211.4931830279529,1183.415264237672,243,8044936192,8,33554432,268435456,4,CREATED,18,470,YES,0,0,0,,,,,,,,2553.864791,2259.433175,2257.344515,2237.959597,2260.226252,530.728355,0.793077,370,51.551992,23.581197500000002,29.520565899999998,30.6251565,33.235136870000005,0,0,0,370,4,12309817472,370,370,370,4894304,33554432,33269776.951351352,0,370,7,0,280.99065604805946,2237.96826171875,280.99065604805946,1956.9776056706905,370,12309817472,8,33554432,268435456,4,CREATED,18,724,YES,0,0,0,,,,,,,1962.540029,4900.728,False,False,none,none,none->none,NEITHER,5.748321,True,1.390004,True,2033.642044,True,1962.540029,True,2553.864791,True,225.907927,True,154.376228,True,5059.158083,True,0.011909,True,591.663938,True,219.142368,True,0.311512,True,golden-p1-0-723ef1b9aba2,ab3c08a952521a2d20e2ca31a2deff3c72a45e9aacf95365e62a436cdac7104f,3086999,39,243,243,370,4.3182381353182455,70
golden_p1_parallel_dual_split_1c2428663e3545d9_evidence_2026-09-16,evidence,split,control,CLOUD_PROVIDER_GCP,us-south1,CLOUD_PROVIDER_GCP/us-south1,golden-p1-0-824abddc8534,run_golden_parallel_stream,parallel,static_e27,1c2428663e3545d98a3e6d801a6b9943,golden_p1_parallel_dual_split,True,True,True,False,experiment,,c8bef7a9f5ebec70b4901dc54a2d83bb76f1ff4f53732fd5f08503c9de04ee5d,1812250232babd4f14360ab1c718b63d1c1081d7050884c7c0cd2eab8ed73a1d,1812250232babd4f14360ab1c718b63d1c1081d7050884c7c0cd2eab8ed73a1d,837a4072d249d975c3f2319637bd8ee415f9eb54110bf593d0777b2a485f86ee,a1efce21815cbbd836d9a0b9f9cb7960dbdde55bdbfb665915613795477d5777,e1135bf400e915a346e4d0d0,2026-09-16T22:33:29+00:00,ta-01M2P727DVV4Q9H9FMAZ468V5R,,,524a58d9d5784701,bc44f0c1df164440a370139b31a4974b,449767c0d84d4638876f7667586de62f,6d5a01e30301473bac7720991b934248,312524d9-e931-4999-9c46-cd242af778c5,2,2,in-01M2P727783EJDZDYJAP2X1V7C:1789599489259-0,im-Yrp2QuPKbto6qZ7JWKybDS,2026-09-16T22:58:07.797000+00:00,1789599487797,2026-09-16T22:58:07.797155+00:00,2026-09-16T22:58:32.406371+00:00,24609.535,,2026-09-16T22:58:07.478792+00:00,2026-09-16T22:58:33.151933+00:00,35.0,0,738.918,1,ok,6.06,131.684,17571.81,425.05,1.22,52.083,0,True,True,,True,False,1,3086999,B,A,A,B,True,False,True,False,True,True,True,True,True,,1381.933966,902.196145,899.991365,892.795331,904.469674,359.681574,2.273529,243,44.067052,13.530632,18.489298000000005,22.200266099999965,34.16560119999998,0,0,0,243,4,8044936192,243,243,243,2031872,33554432,33106733.300411522,0,243,7,0,163.9118718057871,892.7860107421875,163.9118718057871,728.8741389364004,243,8044936192,8,33554432,268435456,4,CREATED,18,470,YES,0,0,0,,,,,,,,1980.330326,1771.88349,1768.980431,1759.621017,1773.938599,578.988726,2.055109,370,47.955263,18.4456385,25.9892399,28.285491450000006,30.2506163,0,0,0,370,4,12309817472,370,370,370,4894304,33554432,33269776.951351352,0,370,7,0,289.6920960396528,1759.6856689453125,289.6920960396528,1469.9935729056597,370,12309817472,8,33554432,268435456,4,CREATED,18,724,YES,0,0,0,,,,,,,1406.421266,4666.998,False,False,none,none,none->none,NEITHER,4.416777,True,1.11488,True,1381.933966,True,1406.421266,True,1980.330326,True,195.683753,True,97.568821,True,4774.140941,True,0.01065,True,535.836617,True,161.970093,True,0.32482,True,golden-p1-0-824abddc8534,ab3c08a952521a2d20e2ca31a2deff3c72a45e9aacf95365e62a436cdac7104f,3086999,39,243,243,370,4.126595394609219,131
golden_p1_parallel_dual_split_1fe89b1014424752_evidence_2026-09-17,evidence,split,control,CLOUD_PROVIDER_AWS,eu-south-2,CLOUD_PROVIDER_AWS/eu-south-2,golden-p1-0-79d116930c41,run_golden_parallel_stream,parallel,static_e27,1fe89b1014424752bdae526d5b2040fb,golden_p1_parallel_dual_split,True,True,True,False,experiment,,c8bef7a9f5ebec70b4901dc54a2d83bb76f1ff4f53732fd5f08503c9de04ee5d,1812250232babd4f14360ab1c718b63d1c1081d7050884c7c0cd2eab8ed73a1d,1812250232babd4f14360ab1c718b63d1c1081d7050884c7c0cd2eab8ed73a1d,837a4072d249d975c3f2319637bd8ee415f9eb54110bf593d0777b2a485f86ee,a1efce21815cbbd836d9a0b9f9cb7960dbdde55bdbfb665915613795477d5777,e1135bf400e915a346e4d0d0,2026-09-16T22:33:29+00:00,ta-01M2PJQTFBVX2CJVPRJ3CPDEQR,,,82eee1f4e2c442de,b07e8a92341848e48b862319acef1c05,600b8d99c9ce49e1aa27cbaf8356f517,99b4ec91211244dda5a596f5c963c3f4,b06ba8e0-ee19-43d7-be96-afb6a4a870ec,2,2,in-01M2PJJ5Y7SF6HWH1204B4EGPA:1789611546568-0,im-Yrp2QuPKbto6qZ7JWKybDS,2026-09-17T02:19:04.817000+00:00,1789611544817,2026-09-17T02:19:04.817505+00:00,2026-09-17T02:22:38.133584+00:00,213316.043,,2026-09-17T02:19:04.475284+00:00,2026-09-17T02:22:38.801947+00:00,35.0,0,948.973,1,ok,6.65,274.549,18057.84,568.5,1.48,115.155,0,True,True,,True,False,1,3086999,A,B,B,A,True,False,True,False,True,True,True,True,True,,2224.629023,1565.212276,1560.522617,1521.895996,1567.130685,511.278548,1.918409,243,54.577719,22.619856,27.714064,29.0004124,47.31657445999999,0,0,0,243,4,8044936192,243,243,243,2031872,33554432,33106733.300411522,0,243,7,0,248.78764847666025,1521.952392578125,248.78764847666025,1273.1647441014647,243,8044936192,8,33554432,268435456,4,CREATED,18,470,YES,0,0,0,,,,,,,,2627.756021,2339.291028,2337.876314,2310.656806,2341.664504,671.481076,2.373476,370,52.348195,24.0571815,30.635113600000004,32.2593817,35.74979528,0,0,0,370,4,12309817472,370,370,370,4894304,33554432,33269776.951351352,0,370,7,0,368.55571238696575,2310.6728515625,368.55571238696575,1942.1171391755342,370,12309817472,8,33554432,268435456,4,CREATED,18,724,YES,0,0,0,,,,,,,1900.404277,4860.535,False,False,none,none,none->none,NEITHER,6.001691,True,1.340513,True,2224.629023,True,1900.404277,True,2627.756021,True,220.3528,True,170.860516,True,5015.71026,True,0.01304,True,615.178187,True,215.002243,True,0.396256,True,golden-p1-0-79d116930c41,ab3c08a952521a2d20e2ca31a2deff3c72a45e9aacf95365e62a436cdac7104f,3086999,39,243,243,370,4.401081415807169,47
golden_p1_parallel_dual_split_28eeea4457784eb5_evidence_2026-09-16,evidence,split,control,CLOUD_PROVIDER_AWS,eu-south-2,CLOUD_PROVIDER_AWS/eu-south-2,golden-p1-0-0bd6d0b59820,run_golden_parallel_stream,parallel,static_e27,28eeea4457784eb5b0c0d061a0e6d7fd,golden_p1_parallel_dual_split,True,True,True,False,experiment,,c8bef7a9f5ebec70b4901dc54a2d83bb76f1ff4f53732fd5f08503c9de04ee5d,1812250232babd4f14360ab1c718b63d1c1081d7050884c7c0cd2eab8ed73a1d,1812250232babd4f14360ab1c718b63d1c1081d7050884c7c0cd2eab8ed73a1d,837a4072d249d975c3f2319637bd8ee415f9eb54110bf593d0777b2a485f86ee,a1efce21815cbbd836d9a0b9f9cb7960dbdde55bdbfb665915613795477d5777,e1135bf400e915a346e4d0d0,2026-09-16T22:33:29+00:00,ta-01M2P76QVM6EMVP5EM7PG5EGER,,,82eee1f4e2c442de,1c45a707efc14fdcbf2a6fd1ff72f229,52c2f0467d8248a390c990909e5c86a5,5db4bcf210be4a7f8ac0303d750110d2,b06ba8e0-ee19-43d7-be96-afb6a4a870ec,2,2,in-01M2P75QN7J9ZYP33GMF33J64T:1789599604391-0,im-Yrp2QuPKbto6qZ7JWKybDS,2026-09-16T23:00:02.968000+00:00,1789599602968,2026-09-16T23:00:02.968792+00:00,2026-09-16T23:01:04.909775+00:00,61940.108,,2026-09-16T23:00:02.620118+00:00,2026-09-16T23:01:05.611895+00:00,35.0,0,1158.743,1,ok,6.65,283.679,18057.84,680.95,1.48,113.551,0,True,True,,True,False,1,3086999,A,B,B,A,True,False,True,False,True,True,True,True,True,,1894.150225,1240.824909,1238.070864,1215.388572,1242.704296,478.215238,1.879387,243,46.414216,18.305072,20.804129200000002,25.0731292,42.31344929999994,0,0,0,243,4,8044936192,243,243,243,2031872,33554432,33106733.300411522,0,243,7,0,265.5674562305212,1215.4210205078125,265.5674562305212,949.8535642772913,243,8044936192,8,33554432,268435456,4,CREATED,18,470,YES,0,0,0,,,,,,,,2331.504919,2044.602224,2041.786442,2022.428599,2045.545642,517.282251,0.943418,370,50.766708,19.918388,26.7994484,28.523320950000002,32.04303651,0,0,0,370,4,12309817472,370,370,370,4894304,33554432,33269776.951351352,0,370,7,0,273.03276750445366,2022.5059814453125,273.03276750445366,1749.4732139408588,370,12309817472,8,33554432,268435456,4,CREATED,18,724,YES,0,0,0,,,,,,,1879.696302,4900.215,False,False,none,none,none->none,NEITHER,5.957413,True,1.243533,True,1894.150225,True,1879.696302,True,2331.504919,True,217.327284,True,146.932233,True,5057.876244,True,0.01165,True,578.918198,True,215.560331,True,0.282104,True,golden-p1-0-0bd6d0b59820,ab3c08a952521a2d20e2ca31a2deff3c72a45e9aacf95365e62a436cdac7104f,3086999,39,243,243,370,4.276612607681595,89
golden_p1_parallel_dual_split_2d542cf0a95848a8_evidence_2026-09-16,evidence,split,control,CLOUD_PROVIDER_GCP,us-south1,CLOUD_PROVIDER_GCP/us-south1,golden-p1-0-92ee88eb928e,run_golden_parallel_stream,parallel,static_e27,2d542cf0a95848a8bda32193917176a2,golden_p1_parallel_dual_split,True,True,True,False,experiment,,c8bef7a9f5ebec70b4901dc54a2d83bb76f1ff4f53732fd5f08503c9de04ee5d,1812250232babd4f14360ab1c718b63d1c1081d7050884c7c0cd2eab8ed73a1d,1812250232babd4f14360ab1c718b63d1c1081d7050884c7c0cd2eab8ed73a1d,837a4072d249d975c3f2319637bd8ee415f9eb54110bf593d0777b2a485f86ee,a1efce21815cbbd836d9a0b9f9cb7960dbdde55bdbfb665915613795477d5777,e1135bf400e915a346e4d0d0,2026-09-16T22:33:29+00:00,ta-01M2P83W9CTRNA4TSZAC056JPR,,,524a58d9d5784701,7b806cde819c4d37b2682ac417d46060,a5e561e5487f40918e5c72161c76ba0d,0d27d1c715cc4623b9773912c414a4b3,312524d9-e931-4999-9c46-cd242af778c5,2,2,in-01M2P83W187GYH826B1W6QCWK0:1789600591912-0,im-Yrp2QuPKbto6qZ7JWKybDS,2026-09-16T23:16:30.316000+00:00,1789600590316,2026-09-16T23:16:30.316630+00:00,2026-09-16T23:16:54.923840+00:00,24607.509,,2026-09-16T23:16:29.956007+00:00,2026-09-16T23:16:55.679115+00:00,35.0,0,657.616,1,ok,6.06,122.697,17571.81,376.83,1.22,50.856,0,True,True,,True,False,1,3086999,B,A,A,B,True,False,True,False,True,True,True,True,True,,1482.736724,1052.279686,1048.868927,1043.429822,1054.799035,355.579133,2.519349,243,42.818153,16.32005,24.370453200000004,27.660009,35.55624343999994,0,0,0,243,4,8044936192,243,243,243,2031872,33554432,33106733.300411522,0,243,7,0,157.38588850572705,1042.005859375,157.38588850572705,884.619970869273,243,8044936192,8,33554432,268435456,4,CREATED,18,470,YES,0,0,0,,,,,,,,2177.895476,1973.88076,1972.05736,1961.388657,1976.762668,540.570962,2.881908,370,90.268187,20.172593,27.099030000000003,29.586359450000007,54.795080140000024,0,0,0,370,4,12309817472,370,370,370,4894304,33554432,33269776.951351352,0,370,7,0,242.9614717811346,1961.4393310546875,242.9614717811346,1718.477859273553,370,12309817472,8,33554432,268435456,4,CREATED,18,724,YES,0,0,0,,,,,,,1385.201323,4643.594,False,False,none,none,none->none,NEITHER,4.373837,True,1.04796,True,1482.736724,True,1385.201323,True,2177.895476,True,167.813618,True,102.938478,True,4754.342021,True,0.01156,True,523.244035,True,160.284204,True,0.29953,True,golden-p1-0-92ee88eb928e,ab3c08a952521a2d20e2ca31a2deff3c72a45e9aacf95365e62a436cdac7104f,3086999,39,243,243,370,4.160628349903459,121
golden_p1_parallel_dual_split_2d8c47f55dae4e3d_evidence_2026-09-16,evidence,split,control,CLOUD_PROVIDER_GCP,us-central1,CLOUD_PROVIDER_GCP/us-central1,golden-p1-0-08da5cf6fc04,run_golden_parallel_stream,parallel,static_e27,2d8c47f55dae4e3d95b4dc7ace8688e2,golden_p1_parallel_dual_split,True,True,True,False,experiment,,c8bef7a9f5ebec70b4901dc54a2d83bb76f1ff4f53732fd5f08503c9de04ee5d,1812250232babd4f14360ab1c718b63d1c1081d7050884c7c0cd2eab8ed73a1d,1812250232babd4f14360ab1c718b63d1c1081d7050884c7c0cd2eab8ed73a1d,837a4072d249d975c3f2319637bd8ee415f9eb54110bf593d0777b2a485f86ee,a1efce21815cbbd836d9a0b9f9cb7960dbdde55bdbfb665915613795477d5777,e1135bf400e915a346e4d0d0,2026-09-16T22:33:29+00:00,ta-01M2P6GPDT09EGS9H9SZWBNV2R,,,524a58d9d5784701,df6e837ce5f04370b6d2aace5024abec,4a335e1d35094a29aaffcab1a68cdc96,7809c43ee88d434cb037f8b9f286fafc,312524d9-e931-4999-9c46-cd242af778c5,2,2,in-01M2P6GFMSY31YFH45564ZPECP:1789598908060-0,im-Yrp2QuPKbto6qZ7JWKybDS,2026-09-16T22:48:26.570000+00:00,1789598906570,2026-09-16T22:48:26.570968+00:00,2026-09-16T22:48:59.774300+00:00,33203.774,,2026-09-16T22:48:26.216798+00:00,2026-09-16T22:49:00.488646+00:00,35.0,0,961.106,1,ok,6.06,239.507,17571.81,645.88,1.22,72.925,0,True,True,,True,False,1,3086999,A,B,B,A,True,False,True,False,True,True,True,True,True,,1321.486599,880.131683,878.507833,872.150017,882.395902,311.211893,2.264219,243,44.179128,12.890924,18.311639000000003,23.066960099999957,36.015020579999984,0,0,0,243,4,8044936192,243,243,243,2031872,33554432,33106733.300411522,0,243,7,0,174.2805757187307,872.1246337890625,174.2805757187307,697.8440580703318,243,8044936192,8,33554432,268435456,4,CREATED,18,470,YES,0,0,0,,,,,,,,1893.574965,1687.444046,1685.946406,1679.39244,1690.267025,496.345953,2.822979,370,39.400574,16.8349475,28.019966999999998,31.99586265,37.12414189,0,0,0,370,4,12309817472,370,370,370,4894304,33554432,33269776.951351352,0,370,7,0,243.38003170490265,1679.377685546875,243.38003170490265,1435.9976538419724,370,12309817472,8,33554432,268435456,4,CREATED,18,724,YES,0,0,0,,,,,,,1349.3685,4661.964,False,False,none,none,none->none,NEITHER,3.926768,True,1.160759,True,1321.486599,True,1349.3685,True,1893.574965,True,163.561369,True,100.434612,True,4770.327456,True,0.01181,True,550.293435,True,158.48453,True,0.32017,True,golden-p1-0-08da5cf6fc04,ab3c08a952521a2d20e2ca31a2deff3c72a45e9aacf95365e62a436cdac7104f,3086999,39,243,243,370,4.111002223777588,135
golden_p1_parallel_dual_split_30d63e86dcc843af_evidence_2026-09-17,evidence,split,control,CLOUD_PROVIDER_AWS,us-east-2,CLOUD_PROVIDER_AWS/us-east-2,golden-p1-0-c54c61498d47,run_golden_parallel_stream,parallel,static_e27,30d63e86dcc843afb1653f71970c4db9,golden_p1_parallel_dual_split,True,True,True,False,experiment,,c8bef7a9f5ebec70b4901dc54a2d83bb76f1ff4f53732fd5f08503c9de04ee5d,1812250232babd4f14360ab1c718b63d1c1081d7050884c7c0cd2eab8ed73a1d,1812250232babd4f14360ab1c718b63d1c1081d7050884c7c0cd2eab8ed73a1d,837a4072d249d975c3f2319637bd8ee415f9eb54110bf593d0777b2a485f86ee,a1efce21815cbbd836d9a0b9f9cb7960dbdde55bdbfb665915613795477d5777,e1135bf400e915a346e4d0d0,2026-09-16T22:33:29+00:00,ta-01M2PP0Y5JYYB7K7ZT2DZXHK3R,,,82eee1f4e2c442de,dfe9834055ff46ee85560a6843e54bd3,c3a5f096acc04290b2dd32c9c0e0ae0b,6f5d616b3f1744c3a50726de88cfcc2e,b06ba8e0-ee19-43d7-be96-afb6a4a870ec,2,2,in-01M2PP0XZACWZ2SRFN9BN61XWE:1789615175659-0,im-Yrp2QuPKbto6qZ7JWKybDS,2026-09-17T03:19:33.830000+00:00,1789615173830,2026-09-17T03:19:33.830737+00:00,2026-09-17T03:19:59.532538+00:00,25702.049,,2026-09-17T03:19:33.515598+00:00,2026-09-17T03:20:00.246648+00:00,35.0,0,781.603,1,ok,6.65,87.508,18057.84,407.33,1.48,34.451,0,True,True,,True,False,1,3086999,B,A,A,B,True,False,True,False,True,True,True,True,True,,1927.174,1315.633468,1314.005606,1294.60387,1318.340049,369.570015,2.706581,243,40.203282,19.85962,26.040106,28.164907799999998,30.28077505999998,0,0,0,243,4,8044936192,243,243,243,2031872,33554432,33106733.300411522,0,243,7,0,193.1292478814721,1294.5201416015625,193.1292478814721,1101.3908937200904,243,8044936192,8,33554432,268435456,4,CREATED,18,470,YES,0,0,0,,,,,,,,2504.961063,2218.10732,2216.314629,2197.476754,2220.317663,560.351512,2.210343,370,38.71803,21.255951,30.9516634,32.4715706,36.852768190000006,0,0,0,370,4,12309817472,370,370,370,4894304,33554432,33269776.951351352,0,370,7,0,296.5424954891205,2197.54296875,296.5424954891205,1901.0004732608795,370,12309817472,8,33554432,268435456,4,CREATED,18,724,YES,0,0,0,,,,,,,1802.46927,4899.481,False,False,none,none,none->none,NEITHER,6.24863,True,1.350456,True,1927.174,True,1802.46927,True,2504.961063,True,237.694156,True,151.896521,True,5056.132691,True,0.012754,True,584.242291,True,220.780117,True,0.344349,True,golden-p1-0-c54c61498d47,ab3c08a952521a2d20e2ca31a2deff3c72a45e9aacf95365e62a436cdac7104f,3086999,39,243,243,370,4.249789517372538,99
golden_p1_parallel_dual_split_30ef267a23b54762_evidence_2026-09-17,evidence,split,control,CLOUD_PROVIDER_AWS,eu-south-2,CLOUD_PROVIDER_AWS/eu-south-2,golden-p1-0-438132260083,run_golden_parallel_stream,parallel,static_e27,30ef267a23b5476297f4564cb09f46e7,golden_p1_parallel_dual_split,True,True,True,False,experiment,,c8bef7a9f5ebec70b4901dc54a2d83bb76f1ff4f53732fd5f08503c9de04ee5d,1812250232babd4f14360ab1c718b63d1c1081d7050884c7c0cd2eab8ed73a1d,1812250232babd4f14360ab1c718b63d1c1081d7050884c7c0cd2eab8ed73a1d,837a4072d249d975c3f2319637bd8ee415f9eb54110bf593d0777b2a485f86ee,a1efce21815cbbd836d9a0b9f9cb7960dbdde55bdbfb665915613795477d5777,e1135bf400e915a346e4d0d0,2026-09-16T22:33:29+00:00,ta-01M2PNRE0XGE20YNJR93MMCSPR,,,82eee1f4e2c442de,3a4a83fb18c244fa81880247449cdddc,4f5648c088b74e7cac3940af42070b24,7c3eb3411dfd44a28f71c9cad94a7147,b06ba8e0-ee19-43d7-be96-afb6a4a870ec,2,2,in-01M2PNRATDDSEMQS1KSP4R2Z7Y:1789614893902-0,im-Yrp2QuPKbto6qZ7JWKybDS,2026-09-17T03:14:52.082000+00:00,1789614892082,2026-09-17T03:14:52.082386+00:00,2026-09-17T03:15:23.219005+00:00,31136.426,,2026-09-17T03:14:51.735342+00:00,2026-09-17T03:15:23.920112+00:00,35.0,0,999.617,1,ok,6.65,266.258,18057.84,625.19,1.48,115.033,0,True,True,,True,False,1,3086999,B,A,A,B,True,False,True,False,True,True,True,True,True,,2073.946004,1464.366838,1462.078304,1443.138907,1466.813127,459.704704,2.446289,243,50.38223,21.620652,28.188590200000004,29.379404799999996,36.545176999999875,0,0,0,243,4,8044936192,243,243,243,2031872,33554432,33106733.300411522,0,243,7,0,247.39779171347618,1443.044921875,247.39779171347618,1195.6471301615238,243,8044936192,8,33554432,268435456,4,CREATED,18,470,YES,0,0,0,,,,,,,,2309.409489,2023.720716,2022.130588,2002.897305,2026.356375,637.468124,2.635659,370,47.019168,19.7945365,28.382834700000004,30.65396555,33.52063848,0,0,0,370,4,12309817472,370,370,370,4894304,33554432,33269776.951351352,0,370,7,0,341.04646380245686,2002.86474609375,341.04646380245686,1661.8182822912931,370,12309817472,8,33554432,268435456,4,CREATED,18,724,YES,0,0,0,,,,,,,1887.56782,4985.092,False,False,none,none,none->none,NEITHER,6.092875,True,1.394625,True,2073.946004,True,1887.56782,True,2309.409489,True,217.607232,True,151.197795,True,5139.411819,True,0.013759,True,596.06277,True,218.924106,True,0.330777,True,golden-p1-0-438132260083,ab3c08a952521a2d20e2ca31a2deff3c72a45e9aacf95365e62a436cdac7104f,3086999,39,243,243,370,4.349118071067144,58
golden_p1_parallel_dual_split_357aea099f56413f_evidence_2026-09-17,evidence,split,control,CLOUD_PROVIDER_GCP,us-east1,CLOUD_PROVIDER_GCP/us-east1,golden-p1-0-3826114a6c00,run_golden_parallel_stream,parallel,static_e27,357aea099f56413f8dd0c28baab979cf,golden_p1_parallel_dual_split,True,True,True,False,experiment,,c8bef7a9f5ebec70b4901dc54a2d83bb76f1ff4f53732fd5f08503c9de04ee5d,1812250232babd4f14360ab1c718b63d1c1081d7050884c7c0cd2eab8ed73a1d,1812250232babd4f14360ab1c718b63d1c1081d7050884c7c0cd2eab8ed73a1d,837a4072d249d975c3f2319637bd8ee415f9eb54110bf593d0777b2a485f86ee,a1efce21815cbbd836d9a0b9f9cb7960dbdde55bdbfb665915613795477d5777,e1135bf400e915a346e4d0d0,2026-09-16T22:33:29+00:00,ta-01M2PAQK7997TSK746X4P43E2R,,,524a58d9d5784701,d47d1bb52d2441d88230d3984d376c5a,6db38e20efa649ef9893c720ce82fc58,b993e977049b49f8a834380359a3d018,312524d9-e931-4999-9c46-cd242af778c5,2,2,in-01M2P9TX8Z1CAHXMFJ2FZGR722:1789602395425-0,im-Yrp2QuPKbto6qZ7JWKybDS,2026-09-16T23:46:33.873000+00:00,1789602393873,2026-09-16T23:46:33.873385+00:00,2026-09-17T00:02:53.379082+00:00,979505.585,,2026-09-16T23:46:33.546424+00:00,2026-09-17T00:02:54.216373+00:00,35.0,0,1666.824,1,ok,6.06,541.893,17571.81,1101.9,1.22,68.842,0,True,True,,True,False,1,3086999,A,B,B,A,True,False,True,False,True,True,True,True,True,,3363.408682,2818.877885,2776.62076,2796.675565,2821.791165,488.991573,2.91328,243,360.527919,9.000491,28.206082800000015,105.8407842999999,324.9570994599999,5,0,0,243,4,8044936192,243,243,243,2031872,33554432,33106733.300411522,0,243,7,0,207.91839984059334,2801.73828125,207.91839984059334,2593.8198814094067,243,8044936192,8,33554432,268435456,4,CREATED,18,470,YES,0,0,0,328.185046,,,,,,,6354.433696,6125.573115,6094.287561,6115.004033,6126.958849,1316.443184,1.385734,370,997.429109,8.8188715,43.541999300000086,216.07497545000004,695.6472379500001,14,7,0,370,4,12309817472,370,370,370,4894304,33554432,33269776.951351352,0,370,7,0,318.06547179818153,6114.34716796875,318.06547179818153,5796.2816961705685,370,12309817472,8,33554432,268435456,4,CREATED,18,724,YES,0,0,0,331.359242,888.348461,,,,,2169.72711,5114.646,False,True,none,load_only,none->load_only,UNET_SICK_ONLY,4.109313,True,3.398125,True,3363.408682,True,2169.72711,True,6354.433696,True,493.828597,True,176.837896,True,5233.088875,True,0.011111,True,561.661364,True,176.640113,True,0.34294,True,golden-p1-0-3826114a6c00,ab3c08a952521a2d20e2ca31a2deff3c72a45e9aacf95365e62a436cdac7104f,3086999,39,243,243,370,5.138163200038412,24
golden_p1_parallel_dual_split_36177ce312474b9e_evidence_2026-09-17,evidence,split,control,CLOUD_PROVIDER_GCP,us-east1,CLOUD_PROVIDER_GCP/us-east1,golden-p1-0-925d7329000b,run_golden_parallel_stream,parallel,static_e27,36177ce312474b9e8a0bdef67f673051,golden_p1_parallel_dual_split,True,True,True,False,experiment,,c8bef7a9f5ebec70b4901dc54a2d83bb76f1ff4f53732fd5f08503c9de04ee5d,1812250232babd4f14360ab1c718b63d1c1081d7050884c7c0cd2eab8ed73a1d,1812250232babd4f14360ab1c718b63d1c1081d7050884c7c0cd2eab8ed73a1d,837a4072d249d975c3f2319637bd8ee415f9eb54110bf593d0777b2a485f86ee,a1efce21815cbbd836d9a0b9f9cb7960dbdde55bdbfb665915613795477d5777,e1135bf400e915a346e4d0d0,2026-09-16T22:33:29+00:00,ta-01M2PM066J7NFPMAG9EYNY8YDR,,,524a58d9d5784701,f0dfa120e76041b6baf3f9f33348a46f,ec5d7b391b5d4b70bdfd6558b72a0c9d,38ce2c60360e4a8ebc752806f2ea59e6,312524d9-e931-4999-9c46-cd242af778c5,2,2,in-01M2PM05VBCR2AG2A8QVAZRR7S:1789613053804-0,im-Yrp2QuPKbto6qZ7JWKybDS,2026-09-17T02:44:11.983000+00:00,1789613051983,2026-09-17T02:44:11.983799+00:00,2026-09-17T02:44:36.903445+00:00,24919.153,,2026-09-17T02:44:11.682453+00:00,2026-09-17T02:44:37.590928+00:00,35.0,0,733.161,1,ok,6.06,102.481,17571.81,389.73,1.22,37.434,0,True,True,,True,False,1,3086999,B,A,A,B,True,False,True,False,True,True,True,True,True,,1709.588296,1216.774848,1214.633901,1209.607598,1219.042365,346.12677,2.267517,243,40.787956,18.542197,28.352535,31.85840869999999,38.66313766,0,0,0,243,4,8044936192,243,243,243,2031872,33554432,33106733.300411522,0,243,7,0,164.7631358206272,1209.7052001953125,164.7631358206272,1044.9420643746853,243,8044936192,8,33554432,268435456,4,CREATED,18,470,YES,0,0,0,,,,,,,,2017.225818,1804.282177,1801.231768,1797.525889,1806.317702,535.483869,2.035525,370,50.213506,17.865719,29.458074800000002,32.21488995,36.50124398,0,0,0,370,4,12309817472,370,370,370,4894304,33554432,33269776.951351352,0,370,7,0,252.39171232283115,1797.921875,252.39171232283115,1545.5301626771688,370,12309817472,8,33554432,268435456,4,CREATED,18,724,YES,0,0,0,,,,,,,1336.071565,4613.608,False,False,none,none,none->none,NEITHER,4.692868,True,1.141233,True,1709.588296,True,1336.071565,True,2017.225818,True,179.004619,True,95.428404,True,4727.224211,True,0.011018,True,527.426192,True,160.255091,True,0.433008,True,golden-p1-0-925d7329000b,ab3c08a952521a2d20e2ca31a2deff3c72a45e9aacf95365e62a436cdac7104f,3086999,39,243,243,370,4.208454593080611,111
golden_p1_parallel_dual_split_38584e1773a74612_evidence_2026-09-17,evidence,split,control,CLOUD_PROVIDER_GCP,us-west4,CLOUD_PROVIDER_GCP/us-west4,golden-p1-0-6a375dac8927,run_golden_parallel_stream,parallel,static_e27,38584e1773a74612aba83fbed8a383d8,golden_p1_parallel_dual_split,True,True,True,False,experiment,,c8bef7a9f5ebec70b4901dc54a2d83bb76f1ff4f53732fd5f08503c9de04ee5d,1812250232babd4f14360ab1c718b63d1c1081d7050884c7c0cd2eab8ed73a1d,1812250232babd4f14360ab1c718b63d1c1081d7050884c7c0cd2eab8ed73a1d,837a4072d249d975c3f2319637bd8ee415f9eb54110bf593d0777b2a485f86ee,a1efce21815cbbd836d9a0b9f9cb7960dbdde55bdbfb665915613795477d5777,e1135bf400e915a346e4d0d0,2026-09-16T22:33:29+00:00,ta-01M2PJGHYMGWRJ3S6C734JJ5JR,,,524a58d9d5784701,edd892e7d46147dd88bb9a1d5b29d391,756b2945b8fc49018586af40394581d8,b1a2ea7de87e4783a49f429825d513af,312524d9-e931-4999-9c46-cd242af778c5,2,2,in-01M2PJGEFEH1SPBP8305K35C76:1789611489776-0,im-Yrp2QuPKbto6qZ7JWKybDS,2026-09-17T02:18:07.924000+00:00,1789611487924,2026-09-17T02:18:07.924506+00:00,2026-09-17T02:18:37.110794+00:00,29185.495,,2026-09-17T02:18:07.502778+00:00,2026-09-17T02:18:37.850609+00:00,35.0,0,979.741,1,ok,6.06,217.629,17571.81,655.64,1.22,82.769,0,True,True,,True,False,1,3086999,A,B,B,A,True,False,True,False,True,True,True,True,True,,1508.886023,1044.256438,1041.597233,1005.555199,1046.865011,363.704842,2.608573,243,44.683818,14.932091,21.294318,30.74784289999997,39.06714044,0,0,0,243,4,8044936192,243,243,243,2031872,33554432,33106733.300411522,0,243,7,0,177.6481923982501,1005.6182250976562,177.6481923982501,827.9700326994061,243,8044936192,8,33554432,268435456,4,CREATED,18,470,YES,0,0,0,,,,,,,,1687.147812,1488.894312,1486.849899,1477.845756,1489.578116,548.541862,0.683804,370,36.835241,15.0712315,21.095941200000002,25.206856050000006,32.01005413,0,0,0,370,4,12309817472,370,370,370,4894304,33554432,33269776.951351352,0,370,7,0,310.3520646095276,1478.0953369140625,310.3520646095276,1167.743272304535,370,12309817472,8,33554432,268435456,4,CREATED,18,724,YES,0,0,0,,,,,,,1493.070503,4591.052,False,False,none,none,none->none,NEITHER,4.439256,True,1.596785,True,1508.886023,True,1493.070503,True,1687.147812,True,227.227214,True,90.603182,True,4698.240644,True,0.009629,True,582.930661,True,158.441853,True,0.269642,True,golden-p1-0-6a375dac8927,ab3c08a952521a2d20e2ca31a2deff3c72a45e9aacf95365e62a436cdac7104f,3086999,39,243,243,370,4.176440672442605,116
golden_p1_parallel_dual_split_3993bd8fdbda48c0_evidence_2026-09-17,evidence,split,control,CLOUD_PROVIDER_GCP,us-west1,CLOUD_PROVIDER_GCP/us-west1,golden-p1-0-db19026e4982,run_golden_parallel_stream,parallel,static_e27,3993bd8fdbda48c0bbd26643c797826f,golden_p1_parallel_dual_split,True,True,True,False,experiment,,c8bef7a9f5ebec70b4901dc54a2d83bb76f1ff4f53732fd5f08503c9de04ee5d,1812250232babd4f14360ab1c718b63d1c1081d7050884c7c0cd2eab8ed73a1d,1812250232babd4f14360ab1c718b63d1c1081d7050884c7c0cd2eab8ed73a1d,837a4072d249d975c3f2319637bd8ee415f9eb54110bf593d0777b2a485f86ee,a1efce21815cbbd836d9a0b9f9cb7960dbdde55bdbfb665915613795477d5777,e1135bf400e915a346e4d0d0,2026-09-16T22:33:29+00:00,ta-01M2PKTMS0CJJ3MTYDJKKEXBGR,,,524a58d9d5784701,035534603d934edea5873450faad14fd,1e259a95bc704ca5b5d1645915cbc9a8,e3d78bdf09124b6ba5c49d27fb21a314,312524d9-e931-4999-9c46-cd242af778c5,2,2,in-01M2PKSRZRBD4TA29QP3CMSJ09:1789612844025-0,im-Yrp2QuPKbto6qZ7JWKybDS,2026-09-17T02:40:42.223000+00:00,1789612842223,2026-09-17T02:40:42.223542+00:00,2026-09-17T02:41:35.858115+00:00,53634.476,,2026-09-17T02:40:41.914828+00:00,2026-09-17T02:41:36.610313+00:00,35.0,0,966.112,1,ok,6.06,248.491,17571.81,670.74,1.22,155.409,0,True,True,,True,False,1,3086999,B,A,A,B,True,False,True,False,True,True,True,True,True,,1733.943943,1270.6835,1268.40223,1263.37462,1273.49012,421.551812,2.80662,243,42.40706,18.94905,28.363059800000002,30.604651999999994,39.14804779999995,0,0,0,243,4,8044936192,243,243,243,2031872,33554432,33106733.300411522,0,243,7,0,173.8436801508069,1263.43359375,173.8436801508069,1089.589913599193,243,8044936192,8,33554432,268435456,4,CREATED,18,470,YES,0,0,0,,,,,,,,1777.118404,1577.960386,1576.817866,1569.369286,1580.235116,523.148349,2.27473,370,52.70977,16.10149,22.489644000000002,24.81416,30.439790700000003,0,0,0,370,4,12309817472,370,370,370,4894304,33554432,33269776.951351352,0,370,7,0,247.50035206973553,1569.3768310546875,247.50035206973553,1321.876478984952,370,12309817472,8,33554432,268435456,4,CREATED,18,724,YES,0,0,0,,,,,,,1337.598068,4627.36,False,False,none,none,none->none,NEITHER,4.28035,True,1.19932,True,1733.943943,True,1337.598068,True,1777.118404,True,163.326218,True,109.479779,True,4736.216018,True,0.01057,True,591.216927,True,167.064179,True,0.36014,True,golden-p1-0-db19026e4982,ab3c08a952521a2d20e2ca31a2deff3c72a45e9aacf95365e62a436cdac7104f,3086999,39,243,243,370,4.229543122608202,107
golden_p1_parallel_dual_split_3f16e42373c14b03_evidence_2026-09-17,evidence,split,control,CLOUD_PROVIDER_GCP,us-south1,CLOUD_PROVIDER_GCP/us-south1,golden-p1-0-0ccc2b0f86af,run_golden_parallel_stream,parallel,static_e27,3f16e42373c14b03be438840b07f6492,golden_p1_parallel_dual_split,True,True,True,False,experiment,,c8bef7a9f5ebec70b4901dc54a2d83bb76f1ff4f53732fd5f08503c9de04ee5d,1812250232babd4f14360ab1c718b63d1c1081d7050884c7c0cd2eab8ed73a1d,1812250232babd4f14360ab1c718b63d1c1081d7050884c7c0cd2eab8ed73a1d,837a4072d249d975c3f2319637bd8ee415f9eb54110bf593d0777b2a485f86ee,a1efce21815cbbd836d9a0b9f9cb7960dbdde55bdbfb665915613795477d5777,e1135bf400e915a346e4d0d0,2026-09-16T22:33:29+00:00,ta-01M2PM7NNSDXA7MHYM524GGWKR,,,524a58d9d5784701,ce96a6eda811419cbd7da4d7567bf1b3,6dcd2b900f8b4758ad3abd3f9a78ec8c,84ed8bad408346809dbe6e859a042ee0,312524d9-e931-4999-9c46-cd242af778c5,2,2,in-01M2PM7M6TCFD6D3STPEQ88TVK:1789613297882-0,im-Yrp2QuPKbto6qZ7JWKybDS,2026-09-17T02:48:16.065000+00:00,1789613296065,2026-09-17T02:48:16.065016+00:00,2026-09-17T02:48:41.836532+00:00,25771.684,,2026-09-17T02:48:15.752871+00:00,2026-09-17T02:48:42.513111+00:00,35.0,0,1272.917,1,ok,6.06,206.136,17571.81,889.56,1.22,55.146,0,True,True,,True,False,1,3086999,B,A,A,B,True,False,True,False,True,True,True,True,True,,1553.382306,1074.066027,1062.524497,1063.721079,1076.756377,402.363944,2.69035,243,427.30819,9.972719,15.997452000000001,20.761589099999973,52.997648839999776,1,0,0,243,4,8044936192,243,243,243,2031872,33554432,33106733.300411522,0,243,7,0,190.98502378165722,1063.593017578125,190.98502378165722,872.6079937964678,243,8044936192,8,33554432,268435456,4,CREATED,18,470,YES,0,0,0,427.30819,,,,,,,1496.173072,1300.142704,1297.627004,1291.713165,1302.779284,545.167897,2.63658,370,30.526847,13.575564,17.555431100000003,18.403541550000003,19.8239995,0,0,0,370,4,12309817472,370,370,370,4894304,33554432,33269776.951351352,0,370,7,0,270.22073589265347,1291.6995849609375,270.22073589265347,1021.478849068284,370,12309817472,8,33554432,268435456,4,CREATED,18,724,YES,0,0,0,,,,,,,1595.84836,4652.644,False,False,none,none,none->none,NEITHER,4.641159,True,2.69037,True,1553.382306,True,1595.84836,True,1496.173072,True,175.46696,True,88.21099,True,4761.074342,True,0.00941,True,526.711087,True,161.914334,True,0.3374,True,golden-p1-0-0ccc2b0f86af,ab3c08a952521a2d20e2ca31a2deff3c72a45e9aacf95365e62a436cdac7104f,3086999,39,243,243,370,4.828212914556461,32
golden_p1_parallel_dual_split_3f2760d08dbb40f0_evidence_2026-09-17,evidence,split,control,CLOUD_PROVIDER_AWS,eu-south-2,CLOUD_PROVIDER_AWS/eu-south-2,golden-p1-0-d28e7a1afa46,run_golden_parallel_stream,parallel,static_e27,3f2760d08dbb40f0a5825ccb8306e7c2,golden_p1_parallel_dual_split,True,True,True,False,experiment,,c8bef7a9f5ebec70b4901dc54a2d83bb76f1ff4f53732fd5f08503c9de04ee5d,1812250232babd4f14360ab1c718b63d1c1081d7050884c7c0cd2eab8ed73a1d,1812250232babd4f14360ab1c718b63d1c1081d7050884c7c0cd2eab8ed73a1d,837a4072d249d975c3f2319637bd8ee415f9eb54110bf593d0777b2a485f86ee,a1efce21815cbbd836d9a0b9f9cb7960dbdde55bdbfb665915613795477d5777,e1135bf400e915a346e4d0d0,2026-09-16T22:33:29+00:00,ta-01M2PNJ6KF4B16PM3AG3GVZW9R,,,82eee1f4e2c442de,bb8c73e40c9b49b5a0a6552f2ead991c,02294137ecbf47f993c6762605b7f8aa,24e54b7cd6f8433295adeb8a606b6522,b06ba8e0-ee19-43d7-be96-afb6a4a870ec,2,2,in-01M2PNJ61BZ366577G0RY3868X:1789614692397-0,im-Yrp2QuPKbto6qZ7JWKybDS,2026-09-17T03:11:30.590000+00:00,1789614690590,2026-09-17T03:11:30.590771+00:00,2026-09-17T03:11:59.318194+00:00,28727.089,,2026-09-17T03:11:30.270741+00:00,2026-09-17T03:12:00.067893+00:00,35.0,0,1023.62,1,ok,6.65,253.749,18057.84,655.53,1.48,114.176,0,True,True,,True,False,1,3086999,B,A,A,B,True,False,True,False,True,True,True,True,True,,2114.28347,1475.242726,1473.333988,1453.923268,1477.422624,347.54199,2.179898,243,47.330083,19.343935,31.187525200000003,32.899524199999995,39.05139307999988,0,0,0,243,4,8044936192,243,243,243,2031872,33554432,33106733.300411522,0,243,7,0,199.91280027478933,1453.8387451171875,199.91280027478933,1253.9259448423982,243,8044936192,8,33554432,268435456,4,CREATED,18,470,YES,0,0,0,,,,,,,,2458.012366,2168.095424,2166.678637,2147.817654,2170.425146,541.774702,2.329722,370,51.829503,22.696184000000002,28.902765400000007,31.09352115,34.21352135,0,0,0,370,4,12309817472,370,370,370,4894304,33554432,33269776.951351352,0,370,7,0,268.7178875952959,2147.88037109375,268.7178875952959,1879.162483498454,370,12309817472,8,33554432,268435456,4,CREATED,18,724,YES,0,0,0,,,,,,,1900.616369,4939.958,False,False,none,none,none->none,NEITHER,6.102994,True,1.167762,True,2114.28347,True,1900.616369,True,2458.012366,True,224.228597,True,181.616068,True,5094.2503,True,0.01087,True,588.172543,True,215.862955,True,0.314617,True,golden-p1-0-d28e7a1afa46,ab3c08a952521a2d20e2ca31a2deff3c72a45e9aacf95365e62a436cdac7104f,3086999,39,243,243,370,4.338178866902393,62
golden_p1_parallel_dual_split_41467182725c43c1_evidence_2026-09-16,evidence,split,control,CLOUD_PROVIDER_GCP,us-east1,CLOUD_PROVIDER_GCP/us-east1,golden-p1-0-61ebd33e8658,run_golden_parallel_stream,parallel,static_e27,41467182725c43c18fbac3eff0dc39d2,golden_p1_parallel_dual_split,True,True,True,False,experiment,,c8bef7a9f5ebec70b4901dc54a2d83bb76f1ff4f53732fd5f08503c9de04ee5d,1812250232babd4f14360ab1c718b63d1c1081d7050884c7c0cd2eab8ed73a1d,1812250232babd4f14360ab1c718b63d1c1081d7050884c7c0cd2eab8ed73a1d,837a4072d249d975c3f2319637bd8ee415f9eb54110bf593d0777b2a485f86ee,a1efce21815cbbd836d9a0b9f9cb7960dbdde55bdbfb665915613795477d5777,e1135bf400e915a346e4d0d0,2026-09-16T22:33:29+00:00,ta-01M2P8SVVN9KXY6N6QQ826F1MR,,,524a58d9d5784701,24949ef48d564bd2823ad02228868fb5,44fc30bc06ad4948ba26715f45dba145,44192c25d42e4be49f6ccd5f95157877,312524d9-e931-4999-9c46-cd242af778c5,2,2,in-01M2P8SVN3F7VWTJYTJE9CC4XV:1789601312420-0,im-Yrp2QuPKbto6qZ7JWKybDS,2026-09-16T23:28:30.916000+00:00,1789601310916,2026-09-16T23:28:30.916685+00:00,2026-09-16T23:28:56.018682+00:00,25101.789,,2026-09-16T23:28:30.591397+00:00,2026-09-16T23:28:56.827445+00:00,35.0,0,682.478,1,ok,6.06,144.143,17571.81,378.7,1.22,37.036,0,True,True,,True,False,1,3086999,A,B,B,A,True,False,True,False,True,True,True,True,True,,1410.46729,938.808604,937.415705,918.213871,941.180652,329.161878,2.372048,243,40.454644,14.186748,19.451437000000002,22.248235,28.310212819999983,0,0,0,243,4,8044936192,243,243,243,2031872,33554432,33106733.300411522,0,243,7,0,153.6781119480729,918.0721435546875,153.6781119480729,764.3940316066146,243,8044936192,8,33554432,268435456,4,CREATED,18,470,YES,0,0,0,,,,,,,,2185.587064,1977.188925,1976.336036,1966.523275,1979.300354,516.717937,2.111429,370,46.033082,21.3205225,27.8062532,28.832311999999998,31.135859680000003,0,0,0,370,4,12309817472,370,370,370,4894304,33554432,33269776.951351352,0,370,7,0,260.17283187806606,1966.5882568359375,260.17283187806606,1706.4154249578714,370,12309817472,8,33554432,268435456,4,CREATED,18,724,YES,0,0,0,,,,,,,1347.906127,4551.273,False,False,none,none,none->none,NEITHER,4.695956,True,1.116669,True,1410.46729,True,1347.906127,True,2185.587064,True,157.998072,True,87.548225,True,4656.506386,True,0.00928,True,523.229185,True,160.850412,True,0.27958,True,golden-p1-0-61ebd33e8658,ab3c08a952521a2d20e2ca31a2deff3c72a45e9aacf95365e62a436cdac7104f,3086999,39,243,243,370,4.114235173795957,133
golden_p1_parallel_dual_split_42865309112e4382_evidence_2026-09-17,evidence,split,control,CLOUD_PROVIDER_AWS,eu-south-2,CLOUD_PROVIDER_AWS/eu-south-2,golden-p1-0-26c81b6fbbba,run_golden_parallel_stream,parallel,static_e27,42865309112e43828eb0be327cf9c1b4,golden_p1_parallel_dual_split,True,True,True,False,experiment,,c8bef7a9f5ebec70b4901dc54a2d83bb76f1ff4f53732fd5f08503c9de04ee5d,1812250232babd4f14360ab1c718b63d1c1081d7050884c7c0cd2eab8ed73a1d,1812250232babd4f14360ab1c718b63d1c1081d7050884c7c0cd2eab8ed73a1d,837a4072d249d975c3f2319637bd8ee415f9eb54110bf593d0777b2a485f86ee,a1efce21815cbbd836d9a0b9f9cb7960dbdde55bdbfb665915613795477d5777,e1135bf400e915a346e4d0d0,2026-09-16T22:33:29+00:00,ta-01M2PNX2TT6TNFGRTMY0H0YC3R,,,82eee1f4e2c442de,1831262dbd614318bce9e383540ddc58,bfc6525239054b2493ae0d9df73117be,99ee32c5e5f842bcb0c3bd719005dc1a,b06ba8e0-ee19-43d7-be96-afb6a4a870ec,2,2,in-01M2PNWZMEC9C8A8XJ3HWFK73M:1789615046298-0,im-Yrp2QuPKbto6qZ7JWKybDS,2026-09-17T03:17:24.437000+00:00,1789615044437,2026-09-17T03:17:24.437241+00:00,2026-09-17T03:17:56.266553+00:00,31829.03,,2026-09-17T03:17:24.020727+00:00,2026-09-17T03:17:57.002780+00:00,35.0,0,982.645,1,ok,6.65,292.857,18057.84,631.4,1.48,115.617,0,True,True,,True,False,1,3086999,B,A,A,B,True,False,True,False,True,True,True,True,True,,2154.171011,1497.602034,1496.856977,1473.045197,1500.838018,451.459511,3.235984,243,47.496661,22.800041,27.704421399999998,29.7714762,42.267485319999984,0,0,0,243,4,8044936192,243,243,243,2031872,33554432,33106733.300411522,0,243,7,0,241.65971340239048,1473.0501708984375,241.65971340239048,1231.390457496047,243,8044936192,8,33554432,268435456,4,CREATED,18,470,YES,0,0,0,,,,,,,,2549.062643,2260.735497,2259.358207,2231.15725,2263.44163,680.981856,2.706133,370,48.636084,23.8150215,28.279536800000002,29.9878668,32.98635201,0,0,0,370,4,12309817472,370,370,370,4894304,33554432,33269776.951351352,0,370,7,0,357.0822084546089,2231.170654296875,357.0822084546089,1874.088445842266,370,12309817472,8,33554432,268435456,4,CREATED,18,724,YES,0,0,0,,,,,,,1956.461126,4996.631,False,False,none,none,none->none,NEITHER,5.403453,True,1.221349,True,2154.171011,True,1956.461126,True,2549.062643,True,226.751737,True,157.310621,True,5154.162628,True,0.011663,True,607.216902,True,217.276201,True,0.278075,True,golden-p1-0-26c81b6fbbba,ab3c08a952521a2d20e2ca31a2deff3c72a45e9aacf95365e62a436cdac7104f,3086999,39,243,243,370,4.346646940757858,60
golden_p1_parallel_dual_split_451b3dd5ff2143ee_evidence_2026-09-17,evidence,split,control,CLOUD_PROVIDER_GCP,us-east1,CLOUD_PROVIDER_GCP/us-east1,golden-p1-0-b372d8d741ca,run_golden_parallel_stream,parallel,static_e27,451b3dd5ff2143eeb32e44ea89923fae,golden_p1_parallel_dual_split,True,True,True,False,experiment,,c8bef7a9f5ebec70b4901dc54a2d83bb76f1ff4f53732fd5f08503c9de04ee5d,1812250232babd4f14360ab1c718b63d1c1081d7050884c7c0cd2eab8ed73a1d,1812250232babd4f14360ab1c718b63d1c1081d7050884c7c0cd2eab8ed73a1d,837a4072d249d975c3f2319637bd8ee415f9eb54110bf593d0777b2a485f86ee,a1efce21815cbbd836d9a0b9f9cb7960dbdde55bdbfb665915613795477d5777,e1135bf400e915a346e4d0d0,2026-09-16T22:33:29+00:00,ta-01M2PM1MN8EQHBBSKCP14F3VDR,,,524a58d9d5784701,1142cea4db32445f9c1a9293d118b5b3,e5e71f2ac69841f2a837a17a13cbd1cd,6ff35c274f6e4d389cea89de8ac17245,312524d9-e931-4999-9c46-cd242af778c5,2,2,in-01M2PM1MEXVQ4231609CMRX5BM:1789613101535-0,im-Yrp2QuPKbto6qZ7JWKybDS,2026-09-17T02:44:59.653000+00:00,1789613099653,2026-09-17T02:44:59.653863+00:00,2026-09-17T02:45:24.119161+00:00,24465.693,,2026-09-17T02:44:59.327760+00:00,2026-09-17T02:45:24.860117+00:00,35.0,0,658.574,1,ok,6.06,110.884,17571.81,370.99,1.22,39.31,0,True,True,,True,False,1,3086999,A,B,B,A,True,False,True,False,True,True,True,True,True,,1518.697809,1066.566342,1065.319842,1051.147992,1069.372512,356.100006,2.80617,243,33.612609,16.80892,23.398823000000007,25.887448999999993,31.00799459999998,0,0,0,243,4,8044936192,243,243,243,2031872,33554432,33106733.300411522,0,243,7,0,165.5878077633679,1051.0731201171875,165.5878077633679,885.4853123538196,243,8044936192,8,33554432,268435456,4,CREATED,18,470,YES,0,0,0,,,,,,,,2183.327155,1983.180627,1981.305057,1854.344239,1983.808377,543.793904,0.62775,370,128.723748,20.3616795,26.8801631,28.0495365,34.97314571000001,0,0,0,370,4,12309817472,370,370,370,4894304,33554432,33269776.951351352,0,370,7,0,244.31875178217888,1854.3734130859375,244.31875178217888,1610.0546613037586,370,12309817472,8,33554432,268435456,4,CREATED,18,724,YES,0,0,0,,,,,,,1391.083948,4575.892,False,False,none,none,none->none,NEITHER,4.33547,True,1.16609,True,1518.697809,True,1391.083948,True,2183.327155,True,154.497179,True,95.941729,True,4681.187514,True,0.00801,True,523.68441,True,158.628046,True,0.23814,True,golden-p1-0-b372d8d741ca,ab3c08a952521a2d20e2ca31a2deff3c72a45e9aacf95365e62a436cdac7104f,3086999,39,243,243,370,4.102015219134915,137
golden_p1_parallel_dual_split_4f84c2eb11994b91_evidence_2026-09-16,evidence,split,control,CLOUD_PROVIDER_AWS,eu-south-2,CLOUD_PROVIDER_AWS/eu-south-2,golden-p1-0-19dc038244e2,run_golden_parallel_stream,parallel,static_e27,4f84c2eb11994b91bc7934bb36696d6c,golden_p1_parallel_dual_split,True,True,True,False,experiment,,c8bef7a9f5ebec70b4901dc54a2d83bb76f1ff4f53732fd5f08503c9de04ee5d,1812250232babd4f14360ab1c718b63d1c1081d7050884c7c0cd2eab8ed73a1d,1812250232babd4f14360ab1c718b63d1c1081d7050884c7c0cd2eab8ed73a1d,837a4072d249d975c3f2319637bd8ee415f9eb54110bf593d0777b2a485f86ee,a1efce21815cbbd836d9a0b9f9cb7960dbdde55bdbfb665915613795477d5777,e1135bf400e915a346e4d0d0,2026-09-16T22:33:29+00:00,ta-01M2P89VXA1NV9EJNBCXJQHDTR,,,82eee1f4e2c442de,7b72e48d48544e9aa9ce05ef793f8d99,a8c057bf6bb14fae99625a7b4e51e28b,cb33a990541e42c693354b78685b97b1,b06ba8e0-ee19-43d7-be96-afb6a4a870ec,2,2,in-01M2P89VQV5J0FYSDD8F0FC8PF:1789600788220-0,im-Yrp2QuPKbto6qZ7JWKybDS,2026-09-16T23:19:46.767000+00:00,1789600786767,2026-09-16T23:19:46.767779+00:00,2026-09-16T23:20:15.810106+00:00,29041.707,,2026-09-16T23:19:46.450644+00:00,2026-09-16T23:20:16.542020+00:00,35.0,0,909.786,1,ok,6.65,272.955,18057.84,542.99,1.48,113.741,0,True,True,,True,False,1,3086999,A,B,B,A,True,False,True,False,True,True,True,True,True,,2118.859254,1470.073551,1467.956214,1446.939505,1472.398814,443.698005,2.325263,243,43.104424,21.826687,29.4913858,32.466554499999994,38.80343539999988,0,0,0,243,4,8044936192,243,243,243,2031872,33554432,33106733.300411522,0,243,7,0,231.11939202994108,1446.896728515625,231.11939202994108,1215.777336485684,243,8044936192,8,33554432,268435456,4,CREATED,18,470,YES,0,0,0,,,,,,,,2394.150777,2107.090985,2104.993148,2082.972791,2108.109377,698.036446,1.018392,370,53.105843,20.350807,26.3648648,28.539033650000004,36.795201310000024,0,0,0,370,4,12309817472,370,370,370,4894304,33554432,33269776.951351352,0,370,7,0,383.3910064548254,2083.025634765625,383.3910064548254,1699.6346283107996,370,12309817472,8,33554432,268435456,4,CREATED,18,724,YES,0,0,0,,,,,,,1886.704526,4979.051,False,False,none,none,none->none,NEITHER,5.962547,True,1.341961,True,2118.859254,True,1886.704526,True,2394.150777,True,220.01269,True,169.085277,True,5135.742927,True,0.011071,True,589.916855,True,218.499723,True,0.278987,True,golden-p1-0-19dc038244e2,ab3c08a952521a2d20e2ca31a2deff3c72a45e9aacf95365e62a436cdac7104f,3086999,39,243,243,370,4.312153980210518,73
golden_p1_parallel_dual_split_53e14dd65a0a4b2e_evidence_2026-09-17,evidence,split,control,CLOUD_PROVIDER_GCP,us-east1,CLOUD_PROVIDER_GCP/us-east1,golden-p1-0-5f9470cfb95a,run_golden_parallel_stream,parallel,static_e27,53e14dd65a0a4b2eb7297b502213a4fc,golden_p1_parallel_dual_split,True,True,True,False,experiment,,c8bef7a9f5ebec70b4901dc54a2d83bb76f1ff4f53732fd5f08503c9de04ee5d,1812250232babd4f14360ab1c718b63d1c1081d7050884c7c0cd2eab8ed73a1d,1812250232babd4f14360ab1c718b63d1c1081d7050884c7c0cd2eab8ed73a1d,837a4072d249d975c3f2319637bd8ee415f9eb54110bf593d0777b2a485f86ee,a1efce21815cbbd836d9a0b9f9cb7960dbdde55bdbfb665915613795477d5777,e1135bf400e915a346e4d0d0,2026-09-16T22:33:29+00:00,ta-01M2PMEMHFBC0YDYCTT7YNP30R,,,524a58d9d5784701,c05e2d1978fb4f2991fdb3e6f17ac922,8733e352c5e2453c826f709409755f5b,9c28af9612ac413aae042e70a71ac5f1,312524d9-e931-4999-9c46-cd242af778c5,2,2,in-01M2PMDS38NX8TZPC5J54HXSVD:1789613499497-0,im-Yrp2QuPKbto6qZ7JWKybDS,2026-09-17T02:51:37.726000+00:00,1789613497726,2026-09-17T02:51:37.726225+00:00,2026-09-17T02:52:37.562726+00:00,59835.724,,2026-09-17T02:51:37.421963+00:00,2026-09-17T02:52:38.210347+00:00,35.0,0,1388.066,1,ok,6.06,177.216,17571.81,901.05,1.22,70.224,0,True,True,,True,False,1,3086999,A,B,B,A,True,False,True,False,True,True,True,True,True,,3427.877348,2908.335978,2887.632867,2908.638679,2911.613447,730.653121,3.277469,243,526.807925,11.712518,23.11272780000001,72.72457079999997,281.1605584999972,3,1,0,243,4,8044936192,243,243,243,2031872,33554432,33106733.300411522,0,243,7,0,313.37990556657314,2908.439453125,313.37990556657314,2595.059547558427,243,8044936192,8,33554432,268435456,4,CREATED,18,470,YES,0,0,0,526.807925,526.807925,,,,,,5374.823169,5163.486668,5152.952067,5151.688517,5165.567131,1202.697413,2.080463,370,1794.775611,8.434651,14.917351800000002,113.09394385000007,454.29962285000005,10,3,2,370,4,12309817472,370,370,370,4894304,33554432,33269776.951351352,0,370,7,0,294.26271975040436,5151.22802734375,294.26271975040436,4856.965307593346,370,12309817472,8,33554432,268435456,4,CREATED,18,724,YES,0,0,0,420.344668,638.242158,1794.775611,,,,1757.240114,4739.755,False,True,none,both,none->both,UNET_SICK_ONLY,5.048235,True,3.105719,True,3427.877348,True,1757.240114,True,5374.823169,True,211.952792,True,100.329478,True,4862.676502,True,0.01166,True,579.450226,True,184.061997,True,0.762152,True,golden-p1-0-5f9470cfb95a,ab3c08a952521a2d20e2ca31a2deff3c72a45e9aacf95365e62a436cdac7104f,3086999,39,243,243,370,5.256160198812708,18
golden_p1_parallel_dual_split_56956d660f5b40e2_evidence_2026-09-17,evidence,split,control,CLOUD_PROVIDER_GCP,us-central1,CLOUD_PROVIDER_GCP/us-central1,golden-p1-0-080ebc80f2a1,run_golden_parallel_stream,parallel,static_e27,56956d660f5b40e2b4df602239a3ea0c,golden_p1_parallel_dual_split,True,True,True,False,experiment,,c8bef7a9f5ebec70b4901dc54a2d83bb76f1ff4f53732fd5f08503c9de04ee5d,1812250232babd4f14360ab1c718b63d1c1081d7050884c7c0cd2eab8ed73a1d,1812250232babd4f14360ab1c718b63d1c1081d7050884c7c0cd2eab8ed73a1d,837a4072d249d975c3f2319637bd8ee415f9eb54110bf593d0777b2a485f86ee,a1efce21815cbbd836d9a0b9f9cb7960dbdde55bdbfb665915613795477d5777,e1135bf400e915a346e4d0d0,2026-09-16T22:33:29+00:00,ta-01M2PNT183JMGW4RD2NQ0GPB7R,,,524a58d9d5784701,050cac51176a4d9c87d6600440ca822a,616bcc5468d84caeb4602eb8cd9fd406,3365f46773e7451e905bcf0bfb981834,312524d9-e931-4999-9c46-cd242af778c5,2,2,in-01M2PNT0ZFDDDZNEFMG1E62WZQ:1789614949360-0,im-Yrp2QuPKbto6qZ7JWKybDS,2026-09-17T03:15:47.564000+00:00,1789614947564,2026-09-17T03:15:47.564023+00:00,2026-09-17T03:16:12.572821+00:00,25009.02,,2026-09-17T03:15:47.238513+00:00,2026-09-17T03:16:13.253722+00:00,35.0,0,930.35,1,ok,6.06,202.193,17571.81,626.78,1.22,48.078,0,True,True,,True,False,1,3086999,B,A,A,B,True,False,True,False,True,True,True,True,True,,1540.927111,1092.289437,1091.481497,1084.70166,1094.579726,349.08678,2.290289,243,60.436643,17.291273,24.35206,26.536884899999997,34.32270541999993,0,0,0,243,4,8044936192,243,243,243,2031872,33554432,33106733.300411522,0,243,7,0,165.2999042198062,1084.668212890625,165.2999042198062,919.3683086708188,243,8044936192,8,33554432,268435456,4,CREATED,18,470,YES,0,0,0,,,,,,,,1867.016994,1667.890859,1665.016879,1659.757383,1670.656328,507.544129,2.765469,370,61.989754,16.128403,25.504971000000005,28.254217500000006,44.4752523,0,0,0,370,4,12309817472,370,370,370,4894304,33554432,33269776.951351352,0,370,7,0,263.021023824811,1659.8233642578125,263.021023824811,1396.8023404330015,370,12309817472,8,33554432,268435456,4,CREATED,18,724,YES,0,0,0,,,,,,,1353.731049,4597.423,False,False,none,none,none->none,NEITHER,4.510618,True,1.007219,True,1540.927111,True,1353.731049,True,1867.016994,True,168.165288,True,85.724742,True,4704.001105,True,0.01212,True,514.618619,True,159.793571,True,0.3237,True,golden-p1-0-080ebc80f2a1,ab3c08a952521a2d20e2ca31a2deff3c72a45e9aacf95365e62a436cdac7104f,3086999,39,243,243,370,4.273505103988346,90
golden_p1_parallel_dual_split_57376299a76b4560_evidence_2026-09-16,evidence,split,control,CLOUD_PROVIDER_GCP,us-east1,CLOUD_PROVIDER_GCP/us-east1,golden-p1-0-815ebd6fa268,run_golden_parallel_stream,parallel,static_e27,57376299a76b456096f252adf7eda111,golden_p1_parallel_dual_split,True,True,True,False,experiment,,c8bef7a9f5ebec70b4901dc54a2d83bb76f1ff4f53732fd5f08503c9de04ee5d,1812250232babd4f14360ab1c718b63d1c1081d7050884c7c0cd2eab8ed73a1d,1812250232babd4f14360ab1c718b63d1c1081d7050884c7c0cd2eab8ed73a1d,837a4072d249d975c3f2319637bd8ee415f9eb54110bf593d0777b2a485f86ee,a1efce21815cbbd836d9a0b9f9cb7960dbdde55bdbfb665915613795477d5777,e1135bf400e915a346e4d0d0,2026-09-16T22:33:29+00:00,ta-01M2P8REY2ADQVR3DHJAR0M3GR,,,524a58d9d5784701,b0f9a169249d4a9ea9bb23a94eb86bc3,854d728ae8ad48fea8cf5d52df17b9e3,84aacab488b547ff88c69f485e9fc921,312524d9-e931-4999-9c46-cd242af778c5,2,2,in-01M2P8REPFSB59E4DNDK3MZBFG:1789601266383-0,im-Yrp2QuPKbto6qZ7JWKybDS,2026-09-16T23:27:44.918000+00:00,1789601264918,2026-09-16T23:27:44.918500+00:00,2026-09-16T23:28:09.474462+00:00,24555.482,,2026-09-16T23:27:44.579421+00:00,2026-09-16T23:28:10.195185+00:00,35.0,0,1059.75,1,ok,6.06,437.641,17571.81,694.43,1.22,79.389,0,True,True,,True,False,1,3086999,A,B,B,A,True,False,True,False,True,True,True,True,True,,1830.238935,1358.688227,1356.372647,1347.160227,1361.036647,400.107099,2.34842,243,63.281028,21.930229,27.8691252,29.6666959,48.931822039999865,0,0,0,243,4,8044936192,243,243,243,2031872,33554432,33106733.300411522,0,243,7,0,178.90835231915116,1347.09912109375,178.90835231915116,1168.1907687745988,243,8044936192,8,33554432,268435456,4,CREATED,18,470,YES,0,0,0,,,,,,,,1752.312021,1545.909224,1544.306944,1534.542645,1547.671284,505.616278,1.76206,370,62.69722,15.035499999999999,24.461546000000002,30.87860205,39.8990396,0,0,0,370,4,12309817472,370,370,370,4894304,33554432,33269776.951351352,0,370,7,0,245.18991979956627,,245.18991979956627,0.0,370,12309817472,8,33554432,268435456,4,CREATED,18,724,YES,0,0,0,,,,,,,1373.630002,4602.192,False,False,none,none,none->none,NEITHER,4.94253,True,10.23583,True,1830.238935,True,1373.630002,True,1752.312021,True,165.697087,True,86.719659,True,4716.220623,True,0.01073,True,593.807192,True,163.969408,True,0.39302,True,golden-p1-0-815ebd6fa268,ab3c08a952521a2d20e2ca31a2deff3c72a45e9aacf95365e62a436cdac7104f,3086999,39,243,243,370,4.366719404999621,52
golden_p1_parallel_dual_split_61c75b60cc7c4f47_evidence_2026-09-16,evidence,split,control,CLOUD_PROVIDER_GCP,us-east4,CLOUD_PROVIDER_GCP/us-east4,golden-p1-0-3d5e14441945,run_golden_parallel_stream,parallel,static_e27,61c75b60cc7c4f47a3585cbf31e4746e,golden_p1_parallel_dual_split,True,True,True,False,experiment,,c8bef7a9f5ebec70b4901dc54a2d83bb76f1ff4f53732fd5f08503c9de04ee5d,1812250232babd4f14360ab1c718b63d1c1081d7050884c7c0cd2eab8ed73a1d,1812250232babd4f14360ab1c718b63d1c1081d7050884c7c0cd2eab8ed73a1d,837a4072d249d975c3f2319637bd8ee415f9eb54110bf593d0777b2a485f86ee,a1efce21815cbbd836d9a0b9f9cb7960dbdde55bdbfb665915613795477d5777,e1135bf400e915a346e4d0d0,2026-09-16T22:33:29+00:00,ta-01M2P6AA1D19QG7Q9W544CD6SR,,,524a58d9d5784701,ca77ee1de68d4e66aed09ab79b0d7a89,106202ae51624d2c9110a70af54feb5f,61fc877ab36541a8a64bbbd0943556b7,312524d9-e931-4999-9c46-cd242af778c5,2,2,in-01M2P69W36Q6C5QQCDXMCRAP4G:1789598691431-0,im-Yrp2QuPKbto6qZ7JWKybDS,2026-09-16T22:44:50.074000+00:00,1789598690074,2026-09-16T22:44:50.074102+00:00,2026-09-16T22:45:31.566857+00:00,41492.381,,2026-09-16T22:44:49.735548+00:00,2026-09-16T22:45:32.308661+00:00,35.0,0,741.783,1,ok,6.06,95.752,17571.81,412.92,1.22,26.182,0,True,True,,True,False,1,3086999,A,B,B,A,True,False,True,False,True,True,True,True,True,,1475.258778,1005.727608,1004.333328,998.81054,1008.984527,342.091133,3.256919,243,40.892876,15.370805,21.492410200000002,26.903368999999934,35.152120799999956,0,0,0,243,4,8044936192,243,243,243,2031872,33554432,33106733.300411522,0,243,7,0,178.1443514302373,998.6063232421875,178.1443514302373,820.4619718119502,243,8044936192,8,33554432,268435456,4,CREATED,18,470,YES,0,0,0,,,,,,,,1932.215747,1739.84468,1738.622321,1732.801242,1741.59293,534.126646,1.74825,370,42.395456,17.9537185,25.7764791,27.16894055,31.154042080000004,0,0,0,370,4,12309817472,370,370,370,4894304,33554432,33269776.951351352,0,370,7,0,260.4453126192093,1732.795654296875,260.4453126192093,1472.3503416776657,370,12309817472,8,33554432,268435456,4,CREATED,18,724,YES,0,0,0,,,,,,,1259.492649,4568.972,False,False,none,none,none->none,NEITHER,4.593338,True,1.21996,True,1475.258778,True,1259.492649,True,1932.215747,True,165.884176,True,140.022484,True,4677.024342,True,0.00992,True,559.967399,True,157.902546,True,0.28923,True,golden-p1-0-3d5e14441945,ab3c08a952521a2d20e2ca31a2deff3c72a45e9aacf95365e62a436cdac7104f,3086999,39,243,243,370,4.139889223158766,127
golden_p1_parallel_dual_split_6446114c83b24eb5_evidence_2026-09-17,evidence,split,control,CLOUD_PROVIDER_AWS,us-east-2,CLOUD_PROVIDER_AWS/us-east-2,golden-p1-0-a0886fd5a439,run_golden_parallel_stream,parallel,static_e27,6446114c83b24eb5bc60ddce6c8f9eb1,golden_p1_parallel_dual_split,True,True,True,False,experiment,,c8bef7a9f5ebec70b4901dc54a2d83bb76f1ff4f53732fd5f08503c9de04ee5d,1812250232babd4f14360ab1c718b63d1c1081d7050884c7c0cd2eab8ed73a1d,1812250232babd4f14360ab1c718b63d1c1081d7050884c7c0cd2eab8ed73a1d,837a4072d249d975c3f2319637bd8ee415f9eb54110bf593d0777b2a485f86ee,a1efce21815cbbd836d9a0b9f9cb7960dbdde55bdbfb665915613795477d5777,e1135bf400e915a346e4d0d0,2026-09-16T22:33:29+00:00,ta-01M2PPJFEFS099S4EAPNSCCJ1R,,,82eee1f4e2c442de,547503d72df7462db4dc421b5b325a81,3688632ac81d45ca838817787c8fa511,761c4a138ffd48d8b538515492a34490,b06ba8e0-ee19-43d7-be96-afb6a4a870ec,2,2,in-01M2PPF21M4QHTH82Y5G01JJEP:1789615638581-0,im-Yrp2QuPKbto6qZ7JWKybDS,2026-09-17T03:27:16.590000+00:00,1789615636590,2026-09-17T03:27:16.590332+00:00,2026-09-17T03:29:36.112330+00:00,139522.079,,2026-09-17T03:27:16.127332+00:00,2026-09-17T03:29:37.067331+00:00,35.0,0,823.088,1,ok,6.65,82.257,18057.84,450.1,1.48,31.9,0,True,True,,True,False,1,3086999,A,B,B,A,True,False,True,False,True,True,True,True,True,,1867.835199,1220.908923,1218.356983,1199.927546,1223.734007,407.517671,2.825084,243,43.095458,17.918076,23.7448184,25.001057599999996,33.70611571999986,0,0,0,243,4,8044936192,243,243,243,2031872,33554432,33106733.300411522,0,243,7,0,175.511264026165,1199.9019775390625,175.511264026165,1024.3907135128975,243,8044936192,8,33554432,268435456,4,CREATED,18,470,YES,0,0,0,,,,,,,,2224.488791,1936.964719,1935.123945,1914.429039,1938.922295,546.976281,1.957576,370,45.576416,19.1715975,25.067317000000003,26.932682550000003,33.3227828,0,0,0,370,4,12309817472,370,370,370,4894304,33554432,33269776.951351352,0,370,7,0,263.87078382074833,1914.4825439453125,263.87078382074833,1650.6117601245642,370,12309817472,8,33554432,268435456,4,CREATED,18,724,YES,0,0,0,,,,,,,1847.602773,4897.967,False,False,none,none,none->none,NEITHER,5.682898,True,1.225482,True,1867.835199,True,1847.602773,True,2224.488791,True,230.43683,True,157.732802,True,5055.286736,True,0.011826,True,605.472212,True,220.976242,True,0.301436,True,golden-p1-0-a0886fd5a439,ab3c08a952521a2d20e2ca31a2deff3c72a45e9aacf95365e62a436cdac7104f,3086999,39,243,243,370,4.249574918405121,100
golden_p1_parallel_dual_split_674dc10b905945bc_evidence_2026-09-16,evidence,split,control,CLOUD_PROVIDER_AWS,us-east-1,CLOUD_PROVIDER_AWS/us-east-1,golden-p1-0-4564becda83e,run_golden_parallel_stream,parallel,static_e27,674dc10b905945bc9d4ebf230e78b615,golden_p1_parallel_dual_split,True,True,True,False,experiment,,c8bef7a9f5ebec70b4901dc54a2d83bb76f1ff4f53732fd5f08503c9de04ee5d,1812250232babd4f14360ab1c718b63d1c1081d7050884c7c0cd2eab8ed73a1d,1812250232babd4f14360ab1c718b63d1c1081d7050884c7c0cd2eab8ed73a1d,837a4072d249d975c3f2319637bd8ee415f9eb54110bf593d0777b2a485f86ee,a1efce21815cbbd836d9a0b9f9cb7960dbdde55bdbfb665915613795477d5777,e1135bf400e915a346e4d0d0,2026-09-16T22:33:29+00:00,ta-01M2P8X21P32R003JCGCQR2WYR,,,82eee1f4e2c442de,7d19bdd853294e6c8de463d4e81b0608,6fd54d53909b43278c98cb02507c4484,65baf2436ff240a48ce53376d466152c,b06ba8e0-ee19-43d7-be96-afb6a4a870ec,2,2,in-01M2P8X1TMD6H4XFW94ZCFN1FG:1789601417045-0,im-Yrp2QuPKbto6qZ7JWKybDS,2026-09-16T23:30:15.511000+00:00,1789601415511,2026-09-16T23:30:15.511099+00:00,2026-09-16T23:30:43.315367+00:00,27804.305,,2026-09-16T23:30:15.183932+00:00,2026-09-16T23:30:44.055517+00:00,35.0,0,816.727,1,ok,6.65,84.803,18057.84,458.96,1.48,18.601,0,True,True,,True,False,1,3086999,A,B,B,A,True,False,True,False,True,True,True,True,True,,2125.47345,1500.198484,1495.848061,1477.267344,1502.720088,448.74625,2.521604,243,60.944414,20.517275,28.009906,32.7695045,43.45706087999999,0,0,0,243,4,8044936192,243,243,243,2031872,33554432,33106733.300411522,0,243,7,0,276.6716462671757,1477.140625,276.6716462671757,1200.4689787328243,243,8044936192,8,33554432,268435456,4,CREATED,18,470,YES,0,0,0,,,,,,,,2579.132087,2291.278084,2289.873053,2268.499014,2292.065337,628.24767,0.787253,370,39.359915,24.287043,28.523102100000003,29.560124350000002,32.94504544,0,0,0,370,4,12309817472,370,370,370,4894304,33554432,33269776.951351352,0,370,7,0,358.11024081707,2268.57177734375,358.11024081707,1910.46153652668,370,12309817472,8,33554432,268435456,4,CREATED,18,724,YES,0,0,0,,,,,,,1850.645158,4977.049,False,False,none,none,none->none,NEITHER,6.100318,True,1.362997,True,2125.47345,True,1850.645158,True,2579.132087,True,252.234739,True,178.652988,True,5135.494749,True,0.011183,True,597.130733,True,218.5942,True,0.280316,True,golden-p1-0-4564becda83e,ab3c08a952521a2d20e2ca31a2deff3c72a45e9aacf95365e62a436cdac7104f,3086999,39,243,243,370,4.412990626437187,46
golden_p1_parallel_dual_split_6d1cc2fba15d448b_evidence_2026-09-16,evidence,split,control,CLOUD_PROVIDER_AWS,eu-south-2,CLOUD_PROVIDER_AWS/eu-south-2,golden-p1-0-a6dc8b7b28bb,run_golden_parallel_stream,parallel,static_e27,6d1cc2fba15d448b9f28086279df7675,golden_p1_parallel_dual_split,True,True,True,False,experiment,,c8bef7a9f5ebec70b4901dc54a2d83bb76f1ff4f53732fd5f08503c9de04ee5d,1812250232babd4f14360ab1c718b63d1c1081d7050884c7c0cd2eab8ed73a1d,1812250232babd4f14360ab1c718b63d1c1081d7050884c7c0cd2eab8ed73a1d,837a4072d249d975c3f2319637bd8ee415f9eb54110bf593d0777b2a485f86ee,a1efce21815cbbd836d9a0b9f9cb7960dbdde55bdbfb665915613795477d5777,e1135bf400e915a346e4d0d0,2026-09-16T22:33:29+00:00,ta-01M2P6STCQDRS4D8J6G3V9E24R,,,82eee1f4e2c442de,b7608b470a97430aab10b7209a1e2912,230b88ef281548c584cbb3bc878b5f6a,565aa58d6afb4e1885abc671782371e1,b06ba8e0-ee19-43d7-be96-afb6a4a870ec,2,2,in-01M2P6ST1F4Q7DT9CMJGESQF14:1789599213615-0,im-Yrp2QuPKbto6qZ7JWKybDS,2026-09-16T22:53:32.240000+00:00,1789599212240,2026-09-16T22:53:32.240964+00:00,2026-09-16T22:54:01.247082+00:00,29006.07,,2026-09-16T22:53:31.916303+00:00,2026-09-16T22:54:01.935402+00:00,35.0,0,956.875,1,ok,6.65,259.087,18057.84,590.61,1.48,211.334,0,True,True,,True,False,1,3086999,A,B,B,A,True,False,True,False,True,True,True,True,True,,2078.755768,1423.497774,1420.743257,1402.900828,1426.00092,429.5201,2.503146,243,32.033671,22.506713,26.28634,28.059818899999993,29.77511077999999,0,0,0,243,4,8044936192,243,243,243,2031872,33554432,33106733.300411522,0,243,7,0,215.29567970335484,1402.9775390625,215.29567970335484,1187.6818593591452,243,8044936192,8,33554432,268435456,4,CREATED,18,470,YES,0,0,0,,,,,,,,2322.705792,2033.869174,2032.633826,2007.869799,2036.489897,614.914225,2.620723,370,40.536069,21.016015000000003,25.7105408,27.42714,32.5096042,0,0,0,370,4,12309817472,370,370,370,4894304,33554432,33269776.951351352,0,370,7,0,309.6429434120655,2007.9010009765625,309.6429434120655,1698.258057564497,370,12309817472,8,33554432,268435456,4,CREATED,18,724,YES,0,0,0,,,,,,,1914.134311,4905.025,False,False,none,none,none->none,NEITHER,5.888157,True,1.244115,True,2078.755768,True,1914.134311,True,2322.705792,True,226.272603,True,160.384668,True,5059.627801,True,0.010736,True,626.217012,True,216.180183,True,0.283841,True,golden-p1-0-a6dc8b7b28bb,ab3c08a952521a2d20e2ca31a2deff3c72a45e9aacf95365e62a436cdac7104f,3086999,39,243,243,370,4.219520119093022,110
golden_p1_parallel_dual_split_6de501c1b6d74f38_evidence_2026-09-17,evidence,split,control,CLOUD_PROVIDER_GCP,us-east1,CLOUD_PROVIDER_GCP/us-east1,golden-p1-0-fdb090816a7d,run_golden_parallel_stream,parallel,static_e27,6de501c1b6d74f3881e57b3a329f111e,golden_p1_parallel_dual_split,True,True,True,False,experiment,,c8bef7a9f5ebec70b4901dc54a2d83bb76f1ff4f53732fd5f08503c9de04ee5d,1812250232babd4f14360ab1c718b63d1c1081d7050884c7c0cd2eab8ed73a1d,1812250232babd4f14360ab1c718b63d1c1081d7050884c7c0cd2eab8ed73a1d,837a4072d249d975c3f2319637bd8ee415f9eb54110bf593d0777b2a485f86ee,a1efce21815cbbd836d9a0b9f9cb7960dbdde55bdbfb665915613795477d5777,e1135bf400e915a346e4d0d0,2026-09-16T22:33:29+00:00,ta-01M2PM676WZS5X18Z91KQ935XR,,,524a58d9d5784701,ef8cb8dec9ff44ee9dfcbcbd1745d7d6,29c40b54e6a14cc1a6ceb25865127e16,36e93c121c6140ae990a3336eb3a751a,312524d9-e931-4999-9c46-cd242af778c5,2,2,in-01M2PM63KVBGA667ZXHAD4CMZK:1789613248124-0,im-Yrp2QuPKbto6qZ7JWKybDS,2026-09-17T02:47:26.331000+00:00,1789613246331,2026-09-17T02:47:26.331797+00:00,2026-09-17T02:47:54.233030+00:00,27900.929,,2026-09-17T02:47:26.026178+00:00,2026-09-17T02:47:54.936584+00:00,35.0,0,852.572,1,ok,6.06,135.694,17571.81,488.1,1.22,115.791,0,True,True,,True,False,1,3086999,A,B,B,A,True,False,True,False,True,True,True,True,True,,1616.91401,1167.077649,1159.710192,1154.967892,1169.538259,347.846581,2.46061,243,336.284686,12.735438,19.2608472,25.0234671,93.13585183999977,1,0,0,243,4,8044936192,243,243,243,2031872,33554432,33106733.300411522,0,243,7,0,170.71052815020084,1154.9700927734375,170.71052815020084,984.2595646232367,243,8044936192,8,33554432,268435456,4,CREATED,18,470,YES,0,0,0,336.284686,,,,,,,1785.567076,1584.549034,1582.266004,1570.854197,1586.578624,493.377721,2.02959,370,172.105047,15.9361815,21.3311129,24.358125500000003,37.0384079,0,0,0,370,4,12309817472,370,370,370,4894304,33554432,33269776.951351352,0,370,7,0,255.45424011349678,1570.8907470703125,255.45424011349678,1315.4365069568157,370,12309817472,8,33554432,268435456,4,CREATED,18,724,YES,0,0,0,,,,,,,1563.363843,4585.189,False,False,none,none,none->none,NEITHER,3.787779,True,1.38205,True,1616.91401,True,1563.363843,True,1785.567076,True,157.57432,True,85.965444,True,4691.077287,True,0.01101,True,522.255762,True,159.33075,True,0.29016,True,golden-p1-0-fdb090816a7d,ab3c08a952521a2d20e2ca31a2deff3c72a45e9aacf95365e62a436cdac7104f,3086999,39,243,243,370,4.7832507458307925,34
golden_p1_parallel_dual_split_6e58d38767104f07_evidence_2026-09-16,evidence,split,control,CLOUD_PROVIDER_GCP,us-east4,CLOUD_PROVIDER_GCP/us-east4,golden-p1-0-6855fe838f22,run_golden_parallel_stream,parallel,static_e27,6e58d38767104f079b2cf04faea2fa13,golden_p1_parallel_dual_split,True,True,True,False,experiment,,c8bef7a9f5ebec70b4901dc54a2d83bb76f1ff4f53732fd5f08503c9de04ee5d,1812250232babd4f14360ab1c718b63d1c1081d7050884c7c0cd2eab8ed73a1d,1812250232babd4f14360ab1c718b63d1c1081d7050884c7c0cd2eab8ed73a1d,837a4072d249d975c3f2319637bd8ee415f9eb54110bf593d0777b2a485f86ee,a1efce21815cbbd836d9a0b9f9cb7960dbdde55bdbfb665915613795477d5777,e1135bf400e915a346e4d0d0,2026-09-16T22:33:29+00:00,ta-01M2P8YJWDDZ629SJ5FPBX1ZGR,,,524a58d9d5784701,b5989d4fa1954a538cab8f0d5b234273,6933322d11514a5bad0e2e59e3d83050,a868c2c1ca1b42348431f195badaf545,312524d9-e931-4999-9c46-cd242af778c5,2,2,in-01M2P8YJK2F18EQVZKCZMF5XAA:1789601466979-0,im-Yrp2QuPKbto6qZ7JWKybDS,2026-09-16T23:31:05.419000+00:00,1789601465419,2026-09-16T23:31:05.419362+00:00,2026-09-16T23:31:35.959501+00:00,30540.571,,2026-09-16T23:31:05.094385+00:00,2026-09-16T23:31:36.685186+00:00,35.0,0,3596.237,1,ok,6.06,118.373,17571.81,3278.6,1.22,31.247,0,True,True,,True,False,1,3086999,A,B,B,A,True,False,True,False,True,True,True,True,True,,1726.522383,1226.97259,1225.90145,1207.48145,1228.92506,413.752852,1.95247,243,94.794837,19.317269,26.487962200000002,27.8621831,42.09970203999993,0,0,0,243,4,8044936192,243,243,243,2031872,33554432,33106733.300411522,0,243,7,0,167.8229764662683,1207.421142578125,167.8229764662683,1039.5981661118567,243,8044936192,8,33554432,268435456,4,CREATED,18,470,YES,0,0,0,,,,,,,,2074.477819,1834.747032,1832.936702,1809.462093,1836.616462,617.385304,1.86943,370,89.487878,15.8349495,28.173975000000002,35.734737,59.43282631,0,0,0,370,4,12309817472,370,370,370,4894304,33554432,33269776.951351352,0,370,7,0,276.8494717478752,1809.48291015625,276.8494717478752,1532.6334384083748,370,12309817472,8,33554432,268435456,4,CREATED,18,724,YES,0,0,0,,,,,,,3069.652552,4686.481,False,False,none,none,none->none,NEITHER,4.41345,True,1.38791,True,1726.522383,True,3069.652552,True,2074.477819,True,168.445198,True,108.940078,True,4791.864222,True,0.01033,True,1221.674973,True,156.480437,True,0.25606,True,golden-p1-0-6855fe838f22,ab3c08a952521a2d20e2ca31a2deff3c72a45e9aacf95365e62a436cdac7104f,3086999,39,243,243,370,4.449489198923954,39
golden_p1_parallel_dual_split_70691c900f394f32_evidence_2026-09-16,evidence,split,control,CLOUD_PROVIDER_AWS,eu-south-2,CLOUD_PROVIDER_AWS/eu-south-2,golden-p1-0-71b662facb86,run_golden_parallel_stream,parallel,static_e27,70691c900f394f32b5cb14d7a63ce2a5,golden_p1_parallel_dual_split,True,True,True,False,experiment,,c8bef7a9f5ebec70b4901dc54a2d83bb76f1ff4f53732fd5f08503c9de04ee5d,1812250232babd4f14360ab1c718b63d1c1081d7050884c7c0cd2eab8ed73a1d,1812250232babd4f14360ab1c718b63d1c1081d7050884c7c0cd2eab8ed73a1d,837a4072d249d975c3f2319637bd8ee415f9eb54110bf593d0777b2a485f86ee,a1efce21815cbbd836d9a0b9f9cb7960dbdde55bdbfb665915613795477d5777,e1135bf400e915a346e4d0d0,2026-09-16T22:33:29+00:00,ta-01M2P9BTDQ5BTTBHKSDBZB13WR,,,82eee1f4e2c442de,65db4809f8f149249379e91e382c71d1,8df5b5fef6d1409e900ef78a6dc24e90,878296d1cb974cdd8039c9fa5a05f087,b06ba8e0-ee19-43d7-be96-afb6a4a870ec,2,2,in-01M2P9BQ5FAPYC68NJTFY0H14M:1789601897651-0,im-Yrp2QuPKbto6qZ7JWKybDS,2026-09-16T23:38:16.121000+00:00,1789601896121,2026-09-16T23:38:16.121325+00:00,2026-09-16T23:38:47.183091+00:00,31061.062,,2026-09-16T23:38:15.773468+00:00,2026-09-16T23:38:47.926427+00:00,35.0,0,970.543,1,ok,6.65,251.425,18057.84,594.54,1.48,113.012,0,True,True,,True,False,1,3086999,A,B,B,A,True,False,True,False,True,True,True,True,True,,2239.432999,1586.489002,1584.143156,1564.844558,1589.458768,412.760251,2.969766,243,58.233693,24.157031,30.977423400000003,32.74632209999998,44.96485317999972,0,0,0,243,4,8044936192,243,243,243,2031872,33554432,33106733.300411522,0,243,7,0,227.11772826313972,1564.8592529296875,227.11772826313972,1337.7415246665478,243,8044936192,8,33554432,268435456,4,CREATED,18,470,YES,0,0,0,,,,,,,,2415.146367,2124.920276,2124.14416,2103.346179,2127.359729,619.591624,2.439453,370,52.545754,20.2378455,28.060743900000002,30.27450095,38.25409624,0,0,0,370,4,12309817472,370,370,370,4894304,33554432,33269776.951351352,0,370,7,0,361.48694448173046,2103.41748046875,361.48694448173046,1741.9305359870195,370,12309817472,8,33554432,268435456,4,CREATED,18,724,YES,0,0,0,,,,,,,1924.649262,4892.748,False,False,none,none,none->none,NEITHER,6.092539,True,1.229609,True,2239.432999,True,1924.649262,True,2415.146367,True,221.902033,True,175.326278,True,5047.215425,True,0.011623,True,586.531196,True,217.500564,True,0.270885,True,golden-p1-0-71b662facb86,ab3c08a952521a2d20e2ca31a2deff3c72a45e9aacf95365e62a436cdac7104f,3086999,39,243,243,370,4.42310552835241,44
golden_p1_parallel_dual_split_73a9752cb19243d8_evidence_2026-09-16,evidence,split,control,CLOUD_PROVIDER_AWS,us-east-1,CLOUD_PROVIDER_AWS/us-east-1,golden-p1-0-5c29e07fa082,run_golden_parallel_stream,parallel,static_e27,73a9752cb19243d892dfd2af69cf331b,golden_p1_parallel_dual_split,True,True,True,False,experiment,,c8bef7a9f5ebec70b4901dc54a2d83bb76f1ff4f53732fd5f08503c9de04ee5d,1812250232babd4f14360ab1c718b63d1c1081d7050884c7c0cd2eab8ed73a1d,1812250232babd4f14360ab1c718b63d1c1081d7050884c7c0cd2eab8ed73a1d,837a4072d249d975c3f2319637bd8ee415f9eb54110bf593d0777b2a485f86ee,a1efce21815cbbd836d9a0b9f9cb7960dbdde55bdbfb665915613795477d5777,e1135bf400e915a346e4d0d0,2026-09-16T22:33:29+00:00,ta-01M2P9J79EECKSJVF55GPA1DSR,,,82eee1f4e2c442de,52658201b1614ea5aea30b8c917dd577,b5271fca86bc4c348bdad21dd6f9ceb3,645f388d7b3f4abea5f88cd2ace1535b,b06ba8e0-ee19-43d7-be96-afb6a4a870ec,2,2,in-01M2P9J03EPEJBRN0N9VF0PWY7:1789602103407-0,im-Yrp2QuPKbto6qZ7JWKybDS,2026-09-16T23:41:41.925000+00:00,1789602101925,2026-09-16T23:41:41.925807+00:00,2026-09-16T23:42:15.607746+00:00,33682.231,,2026-09-16T23:41:41.623811+00:00,2026-09-16T23:42:16.352796+00:00,35.0,0,1017.881,1,ok,6.65,154.323,18057.84,648.5,1.48,19.011,0,True,True,,True,False,1,3086999,B,A,A,B,True,False,True,False,True,True,True,True,True,,2133.894198,1501.025503,1499.534332,1477.533826,1503.582282,488.741658,2.556779,243,52.826297,23.121338,27.9695148,29.541207,39.36086423999982,0,0,0,243,4,8044936192,243,243,243,2031872,33554432,33106733.300411522,0,243,7,0,251.157344058156,1477.446533203125,251.157344058156,1226.289189144969,243,8044936192,8,33554432,268435456,4,CREATED,18,470,YES,0,0,0,,,,,,,,2364.144111,2079.731371,2077.262026,2056.098657,2081.983048,711.994289,2.251677,370,39.565046,20.709723,25.024586900000003,27.0143405,33.55347478,0,0,0,370,4,12309817472,370,370,370,4894304,33554432,33269776.951351352,0,370,7,0,359.22089579701424,2056.1201171875,359.22089579701424,1696.8992213904858,370,12309817472,8,33554432,268435456,4,CREATED,18,724,YES,0,0,0,,,,,,,1879.818473,4883.734,False,False,none,none,none->none,NEITHER,6.051462,True,1.320954,True,2133.894198,True,1879.818473,True,2364.144111,True,223.696349,True,149.14402,True,5039.207867,True,0.010199,True,713.410164,True,215.946037,True,0.245581,True,golden-p1-0-5c29e07fa082,ab3c08a952521a2d20e2ca31a2deff3c72a45e9aacf95365e62a436cdac7104f,3086999,39,243,243,370,4.374062689657935,51
golden_p1_parallel_dual_split_74a9d38d70e04c16_evidence_2026-09-16,evidence,split,control,CLOUD_PROVIDER_GCP,us-east1,CLOUD_PROVIDER_GCP/us-east1,golden-p1-0-819491c39d01,run_golden_parallel_stream,parallel,static_e27,74a9d38d70e04c169b8443e57e699fc4,golden_p1_parallel_dual_split,True,True,True,False,experiment,,c8bef7a9f5ebec70b4901dc54a2d83bb76f1ff4f53732fd5f08503c9de04ee5d,1812250232babd4f14360ab1c718b63d1c1081d7050884c7c0cd2eab8ed73a1d,1812250232babd4f14360ab1c718b63d1c1081d7050884c7c0cd2eab8ed73a1d,837a4072d249d975c3f2319637bd8ee415f9eb54110bf593d0777b2a485f86ee,a1efce21815cbbd836d9a0b9f9cb7960dbdde55bdbfb665915613795477d5777,e1135bf400e915a346e4d0d0,2026-09-16T22:33:29+00:00,ta-01M2P9A8AS5TGJQGY66FD17W4R,,,524a58d9d5784701,8ac5b49e84554f919f1e7b08a61f9484,19e9ed7338404598be416953adc4c4a1,91c063e617b14477a066766ef74dbff5,312524d9-e931-4999-9c46-cd242af778c5,2,2,in-01M2P99A6ZSWWK292JE74RKKB0:1789601818848-0,im-Yrp2QuPKbto6qZ7JWKybDS,2026-09-16T23:36:57.258000+00:00,1789601817258,2026-09-16T23:36:57.258315+00:00,2026-09-16T23:37:52.855894+00:00,55597.01,,2026-09-16T23:36:56.943613+00:00,2026-09-16T23:37:53.536590+00:00,35.0,0,671.274,1,ok,6.06,115.219,17571.81,388.15,1.22,60.195,0,True,True,,True,False,1,3086999,A,B,B,A,True,False,True,False,True,True,True,True,True,,1741.34298,1255.443211,1253.076911,1244.864701,1257.153351,379.558731,1.71014,243,53.448659,20.539059,28.0356726,29.1026453,33.17989801999997,0,0,0,243,4,8044936192,243,243,243,2031872,33554432,33106733.300411522,0,243,7,0,173.5169917717576,1244.8543701171875,173.5169917717576,1071.33737834543,243,8044936192,8,33554432,268435456,4,CREATED,18,470,YES,0,0,0,,,,,,,,2147.004306,1946.62948,1945.4757,1936.98539,1947.2427,588.81499,0.61322,370,49.467729,21.2815,26.992898099999998,27.883987500000003,31.69158771,0,0,0,370,4,12309817472,370,370,370,4894304,33554432,33269776.951351352,0,370,7,0,257.4375677406788,1936.95751953125,257.4375677406788,1679.5199517905712,370,12309817472,8,33554432,268435456,4,CREATED,18,724,YES,0,0,0,,,,,,,1438.14317,4578.599,False,False,none,none,none->none,NEITHER,4.27062,True,1.40766,True,1741.34298,True,1438.14317,True,2147.004306,True,167.021046,True,98.101208,True,4688.139371,True,0.01006,True,518.995022,True,159.823185,True,0.31059,True,golden-p1-0-819491c39d01,ab3c08a952521a2d20e2ca31a2deff3c72a45e9aacf95365e62a436cdac7104f,3086999,39,243,243,370,4.293789807866829,81
golden_p1_parallel_dual_split_7632ad11ec1e452e_evidence_2026-09-16,evidence,split,control,CLOUD_PROVIDER_GCP,us-east1,CLOUD_PROVIDER_GCP/us-east1,golden-p1-0-adbed01eb5ec,run_golden_parallel_stream,parallel,static_e27,7632ad11ec1e452ebe3856868ad092cf,golden_p1_parallel_dual_split,True,True,True,False,experiment,,c8bef7a9f5ebec70b4901dc54a2d83bb76f1ff4f53732fd5f08503c9de04ee5d,1812250232babd4f14360ab1c718b63d1c1081d7050884c7c0cd2eab8ed73a1d,1812250232babd4f14360ab1c718b63d1c1081d7050884c7c0cd2eab8ed73a1d,837a4072d249d975c3f2319637bd8ee415f9eb54110bf593d0777b2a485f86ee,a1efce21815cbbd836d9a0b9f9cb7960dbdde55bdbfb665915613795477d5777,e1135bf400e915a346e4d0d0,2026-09-16T22:33:29+00:00,ta-01M2P97XR48CHMC560R8RV4ZJR,,,524a58d9d5784701,b79f785e580541b18051b693d7f82b3b,8f000a1b287c4f649a588e7afe252d08,48a84a6ee3f04050a0b6bcc26927b5c5,312524d9-e931-4999-9c46-cd242af778c5,2,2,in-01M2P97XKAWJQA4NR78STJXCTQ:1789601773163-0,im-Yrp2QuPKbto6qZ7JWKybDS,2026-09-16T23:36:11.589000+00:00,1789601771589,2026-09-16T23:36:11.589985+00:00,2026-09-16T23:36:35.038044+00:00,23447.285,,2026-09-16T23:36:11.257894+00:00,2026-09-16T23:36:35.729475+00:00,35.0,0,801.701,1,ok,6.06,116.916,17571.81,402.13,1.22,73.138,0,True,True,,True,False,1,3086999,A,B,B,A,True,False,True,False,True,True,True,True,True,,1593.802109,1111.180099,1099.092491,1100.466139,1113.842918,386.827858,2.662819,243,332.105008,11.287638,17.2369292,20.051690999999998,122.1751463999988,1,0,0,243,4,8044936192,243,243,243,2031872,33554432,33106733.300411522,0,243,7,0,186.1950716599822,1100.5498046875,186.1950716599822,914.3547330275178,243,8044936192,8,33554432,268435456,4,CREATED,18,470,YES,0,0,0,332.105008,,,,,,,1819.687386,1623.938657,1622.772007,1616.732218,1625.839226,537.540402,1.900569,370,41.960122,16.519911999999998,24.560976900000007,28.084364500000003,34.154588399999994,0,0,0,370,4,12309817472,370,370,370,4894304,33554432,33269776.951351352,0,370,7,0,250.317407771945,1616.70654296875,250.317407771945,1366.389135196805,370,12309817472,8,33554432,268435456,4,CREATED,18,724,YES,0,0,0,,,,,,,1418.764085,4571.812,False,False,none,none,none->none,NEITHER,4.785149,True,3.637589,True,1593.802109,True,1418.764085,True,1819.687386,True,181.677943,True,85.915903,True,4676.474563,True,0.00958,True,526.016136,True,159.719112,True,0.33261,True,golden-p1-0-adbed01eb5ec,ab3c08a952521a2d20e2ca31a2deff3c72a45e9aacf95365e62a436cdac7104f,3086999,39,243,243,370,4.768571836615548,35
golden_p1_parallel_dual_split_77c726c70e94419d_evidence_2026-09-16,evidence,split,control,CLOUD_PROVIDER_GCP,us-east1,CLOUD_PROVIDER_GCP/us-east1,golden-p1-0-521732d73d73,run_golden_parallel_stream,parallel,static_e27,77c726c70e94419db660cac1d10dd660,golden_p1_parallel_dual_split,True,True,True,False,experiment,,c8bef7a9f5ebec70b4901dc54a2d83bb76f1ff4f53732fd5f08503c9de04ee5d,1812250232babd4f14360ab1c718b63d1c1081d7050884c7c0cd2eab8ed73a1d,1812250232babd4f14360ab1c718b63d1c1081d7050884c7c0cd2eab8ed73a1d,837a4072d249d975c3f2319637bd8ee415f9eb54110bf593d0777b2a485f86ee,a1efce21815cbbd836d9a0b9f9cb7960dbdde55bdbfb665915613795477d5777,e1135bf400e915a346e4d0d0,2026-09-16T22:33:29+00:00,ta-01M2P91YXH6RZ8MGASY51SM56R,,,524a58d9d5784701,4426848fb53946b584f810fb9b4fa350,2a24b55f2f6341c2b10383a66d51fed3,c9a9876a8cfa495bb39e01a9bf608731,312524d9-e931-4999-9c46-cd242af778c5,2,2,in-01M2P91RGPRFA9SH427GDP0RV0:1789601571354-0,im-Yrp2QuPKbto6qZ7JWKybDS,2026-09-16T23:32:49.886000+00:00,1789601569886,2026-09-16T23:32:49.886257+00:00,2026-09-16T23:33:22.448247+00:00,32561.22,,2026-09-16T23:32:49.584464+00:00,2026-09-16T23:33:23.182856+00:00,35.0,0,748.903,1,ok,6.06,142.048,17571.81,424.51,1.22,114.762,0,True,True,,True,False,1,3086999,B,A,A,B,True,False,True,False,True,True,True,True,True,,1783.202702,1301.655277,1298.420747,1294.097546,1304.701877,397.223573,3.0466,243,112.131464,17.64431,26.3521996,29.423437899999996,67.20282861999988,0,0,0,243,4,8044936192,243,243,243,2031872,33554432,33106733.300411522,0,243,7,0,207.11971298605204,1294.3074951171875,207.11971298605204,1087.1877821311355,243,8044936192,8,33554432,268435456,4,CREATED,18,470,YES,0,0,0,,,,,,,,2198.94158,1977.217154,1974.219384,1955.707975,1979.531674,586.577702,2.31452,370,54.228908,20.30914,27.911658000000003,29.45383195,38.679799900000006,0,0,0,370,4,12309817472,370,370,370,4894304,33554432,33269776.951351352,0,370,7,0,277.6312001943588,1955.679443359375,277.6312001943588,1678.0482431650162,370,12309817472,8,33554432,268435456,4,CREATED,18,724,YES,0,0,0,,,,,,,1451.7792,4668.021,False,False,none,none,none->none,NEITHER,4.40736,True,1.21608,True,1783.202702,True,1451.7792,True,2198.94158,True,237.505857,True,113.618789,True,4775.949627,True,0.00995,True,529.478522,True,160.570014,True,0.32238,True,golden-p1-0-521732d73d73,ab3c08a952521a2d20e2ca31a2deff3c72a45e9aacf95365e62a436cdac7104f,3086999,39,243,243,370,4.514673560044733,38
golden_p1_parallel_dual_split_79e890e6c55f4d86_evidence_2026-09-17,evidence,split,control,CLOUD_PROVIDER_GCP,us-west1,CLOUD_PROVIDER_GCP/us-west1,golden-p1-0-034908961bcd,run_golden_parallel_stream,parallel,static_e27,79e890e6c55f4d868aee4ebf4e7cb89b,golden_p1_parallel_dual_split,True,True,True,False,experiment,,c8bef7a9f5ebec70b4901dc54a2d83bb76f1ff4f53732fd5f08503c9de04ee5d,1812250232babd4f14360ab1c718b63d1c1081d7050884c7c0cd2eab8ed73a1d,1812250232babd4f14360ab1c718b63d1c1081d7050884c7c0cd2eab8ed73a1d,837a4072d249d975c3f2319637bd8ee415f9eb54110bf593d0777b2a485f86ee,a1efce21815cbbd836d9a0b9f9cb7960dbdde55bdbfb665915613795477d5777,e1135bf400e915a346e4d0d0,2026-09-16T22:33:29+00:00,ta-01M2PNNDDPHEZ35VPKRFQR4C0R,,,524a58d9d5784701,1794d3da4436460598a45cddab675deb,79d5a1e905b94602b60204a2760f89cf,7fca443565414d1b910abb960767f6a1,312524d9-e931-4999-9c46-cd242af778c5,2,2,in-01M2PNNA2WJFJM2KHY47FJ4N74:1789614794846-0,im-Yrp2QuPKbto6qZ7JWKybDS,2026-09-17T03:13:12.973000+00:00,1789614792973,2026-09-17T03:13:12.973081+00:00,2026-09-17T03:13:43.399832+00:00,30427.015,,2026-09-17T03:13:12.653548+00:00,2026-09-17T03:13:44.118404+00:00,35.0,0,974.213,1,ok,6.06,204.812,17571.81,646.79,1.22,81.093,0,True,True,,True,False,1,3086999,B,A,A,B,True,False,True,False,True,True,True,True,True,,1465.944318,1008.36249,1006.62681,993.889873,1010.73975,333.299088,2.37726,243,44.742132,14.043927,24.834983800000003,29.6166949,34.14091159999996,0,0,0,243,4,8044936192,243,243,243,2031872,33554432,33106733.300411522,0,243,7,0,157.27027133479714,993.8851928710938,157.27027133479714,836.6149215362966,243,8044936192,8,33554432,268435456,4,CREATED,18,470,YES,0,0,0,,,,,,,,1861.257686,1660.070264,1658.398444,1648.295317,1660.869464,519.219475,0.7992,370,36.292963,16.227167,28.274453,30.0459535,33.92663929,0,0,0,370,4,12309817472,370,370,370,4894304,33554432,33269776.951351352,0,370,7,0,234.96569591760635,1648.275390625,234.96569591760635,1413.3096947073936,370,12309817472,8,33554432,268435456,4,CREATED,18,724,YES,0,0,0,,,,,,,1321.224911,4585.147,False,False,none,none,none->none,NEITHER,4.527319,True,1.06685,True,1465.944318,True,1321.224911,True,1861.257686,True,183.537968,True,87.673675,True,4693.990934,True,0.0098,True,527.216345,True,173.899209,True,0.29531,True,golden-p1-0-034908961bcd,ab3c08a952521a2d20e2ca31a2deff3c72a45e9aacf95365e62a436cdac7104f,3086999,39,243,243,370,4.163569636029048,119
golden_p1_parallel_dual_split_7a4298a81cb3424c_evidence_2026-09-17,evidence,split,control,CLOUD_PROVIDER_AWS,us-east-2,CLOUD_PROVIDER_AWS/us-east-2,golden-p1-0-8013bf52d6d3,run_golden_parallel_stream,parallel,static_e27,7a4298a81cb3424c9cd14c183edbb9d9,golden_p1_parallel_dual_split,True,True,True,False,experiment,,c8bef7a9f5ebec70b4901dc54a2d83bb76f1ff4f53732fd5f08503c9de04ee5d,1812250232babd4f14360ab1c718b63d1c1081d7050884c7c0cd2eab8ed73a1d,1812250232babd4f14360ab1c718b63d1c1081d7050884c7c0cd2eab8ed73a1d,837a4072d249d975c3f2319637bd8ee415f9eb54110bf593d0777b2a485f86ee,a1efce21815cbbd836d9a0b9f9cb7960dbdde55bdbfb665915613795477d5777,e1135bf400e915a346e4d0d0,2026-09-16T22:33:29+00:00,ta-01M2PPAVN8FA766SD5KEZ2RTFR,,,82eee1f4e2c442de,4145cee947174b5bbff03f1196835c75,94b761c4d99448c6849219d7f339d754,ecebafe508b8453d8e9080ce2a1ece0b,b06ba8e0-ee19-43d7-be96-afb6a4a870ec,2,2,in-01M2PPATXQPV25YRW9RQHD376N:1789615500216-0,im-Yrp2QuPKbto6qZ7JWKybDS,2026-09-17T03:24:58.181000+00:00,1789615498181,2026-09-17T03:24:58.181831+00:00,2026-09-17T03:25:29.587330+00:00,31405.732,,2026-09-17T03:24:57.778332+00:00,2026-09-17T03:25:30.572832+00:00,35.0,0,831.384,1,ok,6.65,110.212,18057.84,464.6,1.48,31.666,0,True,True,,True,False,1,3086999,B,A,A,B,True,False,True,False,True,True,True,True,True,,1895.241061,1291.008522,1289.522644,1271.114797,1292.83745,401.720459,1.828928,243,54.781142,19.74763,24.277661,26.292742,42.19605587999971,0,0,0,243,4,8044936192,243,243,243,2031872,33554432,33106733.300411522,0,243,7,0,191.0790394358337,1271.075927734375,191.0790394358337,1079.9968882985413,243,8044936192,8,33554432,268435456,4,CREATED,18,470,YES,0,0,0,,,,,,,,2215.881975,1928.493995,1927.267966,1908.773433,1930.579114,589.391234,2.085119,370,52.735028,18.191001,26.451758200000008,29.473081950000005,33.45703614,0,0,0,370,4,12309817472,370,370,370,4894304,33554432,33269776.951351352,0,370,7,0,270.75596791505814,1908.8157958984375,270.75596791505814,1638.0598279833794,370,12309817472,8,33554432,268435456,4,CREATED,18,724,YES,0,0,0,,,,,,,1878.488,4859.291,False,False,none,none,none->none,NEITHER,5.974657,True,1.167781,True,1895.241061,True,1878.488,True,2215.881975,True,222.554577,True,156.465137,True,5015.407003,True,0.01161,True,586.777657,True,215.688262,True,0.242923,True,golden-p1-0-8013bf52d6d3,ab3c08a952521a2d20e2ca31a2deff3c72a45e9aacf95365e62a436cdac7104f,3086999,39,243,243,370,4.328868946296131,68
golden_p1_parallel_dual_split_7bc415243f134847_evidence_2026-09-16,evidence,split,control,CLOUD_PROVIDER_GCP,us-west1,CLOUD_PROVIDER_GCP/us-west1,golden-p1-0-a56ff2430f82,run_golden_parallel_stream,parallel,static_e27,7bc415243f134847b3973d7b64849867,golden_p1_parallel_dual_split,True,True,True,False,experiment,,c8bef7a9f5ebec70b4901dc54a2d83bb76f1ff4f53732fd5f08503c9de04ee5d,1812250232babd4f14360ab1c718b63d1c1081d7050884c7c0cd2eab8ed73a1d,1812250232babd4f14360ab1c718b63d1c1081d7050884c7c0cd2eab8ed73a1d,837a4072d249d975c3f2319637bd8ee415f9eb54110bf593d0777b2a485f86ee,a1efce21815cbbd836d9a0b9f9cb7960dbdde55bdbfb665915613795477d5777,e1135bf400e915a346e4d0d0,2026-09-16T22:33:29+00:00,ta-01M2P8DWGRJM17M2357MQ3RK8R,,,524a58d9d5784701,e45c5c665c3d4ab7abb58edcc8b1a832,ef5b61ee31e5497e902dcba5004e1c03,6af17a23486e4f93850d35458358c93e,312524d9-e931-4999-9c46-cd242af778c5,2,2,in-01M2P8DSVVDJT3XY7MJRQ33V7H:1789600917372-0,im-Yrp2QuPKbto6qZ7JWKybDS,2026-09-16T23:21:55.836000+00:00,1789600915836,2026-09-16T23:21:55.836178+00:00,2026-09-16T23:22:24.392211+00:00,28556.022,,2026-09-16T23:21:55.530569+00:00,2026-09-16T23:22:25.085110+00:00,35.0,0,1750.66,1,ok,6.06,198.92,17571.81,1416.53,1.22,81.163,0,True,True,,True,False,1,3086999,B,A,A,B,True,False,True,False,True,True,True,True,True,,1571.672572,1104.501641,1102.238161,1074.733032,1106.569651,354.799031,2.06801,243,33.218719,16.85904,24.860753000000003,28.155846,32.0429508,0,0,0,243,4,8044936192,243,243,243,2031872,33554432,33106733.300411522,0,243,7,0,180.5735680013895,1074.0030517578125,180.5735680013895,893.429483756423,243,8044936192,8,33554432,268435456,4,CREATED,18,470,YES,0,0,0,,,,,,,,2046.197641,1837.91489,1835.7905,1827.18645,1838.6805,569.836447,0.76561,370,59.971849,19.2091295,27.047551000000002,29.1175265,32.8504449,0,0,0,370,4,12309817472,370,370,370,4894304,33554432,33269776.951351352,0,370,7,0,259.89347164332867,1827.19873046875,259.89347164332867,1567.3052588254213,370,12309817472,8,33554432,268435456,4,CREATED,18,724,YES,0,0,0,,,,,,,1346.374479,4597.881,False,False,none,none,none->none,NEITHER,4.6372,True,1.10881,True,1571.672572,True,1346.374479,True,2046.197641,True,184.580466,True,104.182127,True,4709.249394,True,0.00995,True,536.029652,True,161.737618,True,0.30429,True,golden-p1-0-a56ff2430f82,ab3c08a952521a2d20e2ca31a2deff3c72a45e9aacf95365e62a436cdac7104f,3086999,39,243,243,370,4.1135233720383075,134
golden_p1_parallel_dual_split_811b7b8714a6425b_evidence_2026-09-16,evidence,split,control,CLOUD_PROVIDER_AWS,eu-south-2,CLOUD_PROVIDER_AWS/eu-south-2,golden-p1-0-13cc58571476,run_golden_parallel_stream,parallel,static_e27,811b7b8714a6425bbd4b5a7d56b7ca2c,golden_p1_parallel_dual_split,True,True,True,False,experiment,,c8bef7a9f5ebec70b4901dc54a2d83bb76f1ff4f53732fd5f08503c9de04ee5d,1812250232babd4f14360ab1c718b63d1c1081d7050884c7c0cd2eab8ed73a1d,1812250232babd4f14360ab1c718b63d1c1081d7050884c7c0cd2eab8ed73a1d,837a4072d249d975c3f2319637bd8ee415f9eb54110bf593d0777b2a485f86ee,a1efce21815cbbd836d9a0b9f9cb7960dbdde55bdbfb665915613795477d5777,e1135bf400e915a346e4d0d0,2026-09-16T22:33:29+00:00,ta-01M2P906FQS9Y42EY7PTZWEDER,,,82eee1f4e2c442de,e7c8622e1bab40c4b463ce810f35745a,d2815ad310b54c058a861ae24e72b8f9,1353babff9df4dfcb0bafe4226e1857d,b06ba8e0-ee19-43d7-be96-afb6a4a870ec,2,2,in-01M2P906B1YYQD7MTHXDFVJXDP:1789601519970-0,im-Yrp2QuPKbto6qZ7JWKybDS,2026-09-16T23:31:58.498000+00:00,1789601518498,2026-09-16T23:31:58.498766+00:00,2026-09-16T23:32:27.761079+00:00,29263.168,,2026-09-16T23:31:58.185115+00:00,2026-09-16T23:32:28.567448+00:00,35.0,0,1102.614,1,ok,6.65,362.535,18057.84,679.19,1.48,117.752,0,True,True,,True,False,1,3086999,B,A,A,B,True,False,True,False,True,True,True,True,True,,2109.589768,1478.416243,1476.58217,1434.398274,1480.36281,369.800595,1.946567,243,37.242071,21.778431,29.2754064,30.594734099999993,33.99131805999999,0,0,0,243,4,8044936192,243,243,243,2031872,33554432,33106733.300411522,0,243,7,0,197.01750430464745,1434.34423828125,197.01750430464745,1237.3267339766026,243,8044936192,8,33554432,268435456,4,CREATED,18,470,YES,0,0,0,,,,,,,,2021.247465,1735.074779,1732.924258,1714.38653,1737.701677,571.98619,2.626898,370,40.542431,17.4718035,20.187990100000007,23.0123046,26.487750770000005,0,0,0,370,4,12309817472,370,370,370,4894304,33554432,33269776.951351352,0,370,7,0,299.63702484965324,1714.388427734375,299.63702484965324,1414.7514028847218,370,12309817472,8,33554432,268435456,4,CREATED,18,724,YES,0,0,0,,,,,,,1917.358132,4860.459,False,False,none,none,none->none,NEITHER,6.231845,True,1.288888,True,2109.589768,True,1917.358132,True,2021.247465,True,211.475269,True,141.978591,True,5016.369227,True,0.010496,True,586.381949,True,215.570702,True,0.24665,True,golden-p1-0-13cc58571476,ab3c08a952521a2d20e2ca31a2deff3c72a45e9aacf95365e62a436cdac7104f,3086999,39,243,243,370,4.270960106358145,91
golden_p1_parallel_dual_split_812efa3584ff4bbe_evidence_2026-09-16,evidence,split,control,CLOUD_PROVIDER_GCP,us-west1,CLOUD_PROVIDER_GCP/us-west1,golden-p1-0-948229b05e77,run_golden_parallel_stream,parallel,static_e27,812efa3584ff4bbea76a051bb87633f7,golden_p1_parallel_dual_split,True,True,True,False,experiment,,c8bef7a9f5ebec70b4901dc54a2d83bb76f1ff4f53732fd5f08503c9de04ee5d,1812250232babd4f14360ab1c718b63d1c1081d7050884c7c0cd2eab8ed73a1d,1812250232babd4f14360ab1c718b63d1c1081d7050884c7c0cd2eab8ed73a1d,837a4072d249d975c3f2319637bd8ee415f9eb54110bf593d0777b2a485f86ee,a1efce21815cbbd836d9a0b9f9cb7960dbdde55bdbfb665915613795477d5777,e1135bf400e915a346e4d0d0,2026-09-16T22:33:29+00:00,ta-01M2P94Y7TQ2YMP1605EECSP3R,,,524a58d9d5784701,b33cf5da0caf43d1b20a3f5387ec5f6b,5a977fb1894a43b188d5c500db741e8d,7690949ddae04c7bb17a20db6069b3db,312524d9-e931-4999-9c46-cd242af778c5,2,2,in-01M2P94Y241R48SR68VS4DQ4N3:1789601675334-0,im-Yrp2QuPKbto6qZ7JWKybDS,2026-09-16T23:34:33.837000+00:00,1789601673837,2026-09-16T23:34:33.837399+00:00,2026-09-16T23:34:58.443301+00:00,24605.752,,2026-09-16T23:34:33.502651+00:00,2026-09-16T23:34:59.121228+00:00,35.0,0,883.511,1,ok,6.06,236.207,17571.81,567.46,1.22,80.602,0,True,True,,True,False,1,3086999,A,B,B,A,True,False,True,False,True,True,True,True,True,,1596.98317,1135.960857,1133.888467,1126.92075,1138.691975,354.404764,2.731118,243,53.797307,17.796959,25.26690580000001,27.226718099999996,33.82440569999994,0,0,0,243,4,8044936192,243,243,243,2031872,33554432,33106733.300411522,0,243,7,0,164.3923521861434,1126.890380859375,164.3923521861434,962.4980286732316,243,8044936192,8,33554432,268435456,4,CREATED,18,470,YES,0,0,0,,,,,,,,1834.067431,1634.754833,1633.196783,1618.610172,1637.093922,527.539835,2.339089,370,71.545602,14.677942,25.697660000000006,33.91387405000001,53.0458748,0,0,0,370,4,12309817472,370,370,370,4894304,33554432,33269776.951351352,0,370,7,0,235.64608009904623,1618.6839599609375,235.64608009904623,1383.0378798618913,370,12309817472,8,33554432,268435456,4,CREATED,18,724,YES,0,0,0,,,,,,,1295.028311,4590.397,False,False,none,none,none->none,NEITHER,4.332348,True,1.024279,True,1596.98317,True,1295.028311,True,1834.067431,True,157.552398,True,113.71598,True,4696.480806,True,0.01116,True,518.939372,True,156.74968,True,0.29781,True,golden-p1-0-948229b05e77,ab3c08a952521a2d20e2ca31a2deff3c72a45e9aacf95365e62a436cdac7104f,3086999,39,243,243,370,4.256627336589984,96
golden_p1_parallel_dual_split_81feb816759041f8_evidence_2026-09-17,evidence,split,control,CLOUD_PROVIDER_AWS,us-east-2,CLOUD_PROVIDER_AWS/us-east-2,golden-p1-0-1f654c460ae1,run_golden_parallel_stream,parallel,static_e27,81feb816759041f88c23d97ef276c235,golden_p1_parallel_dual_split,True,True,True,False,experiment,,c8bef7a9f5ebec70b4901dc54a2d83bb76f1ff4f53732fd5f08503c9de04ee5d,1812250232babd4f14360ab1c718b63d1c1081d7050884c7c0cd2eab8ed73a1d,1812250232babd4f14360ab1c718b63d1c1081d7050884c7c0cd2eab8ed73a1d,837a4072d249d975c3f2319637bd8ee415f9eb54110bf593d0777b2a485f86ee,a1efce21815cbbd836d9a0b9f9cb7960dbdde55bdbfb665915613795477d5777,e1135bf400e915a346e4d0d0,2026-09-16T22:33:29+00:00,ta-01M2PPCZQ9GPFW7G72QWS4RJER,,,82eee1f4e2c442de,0ab2c47c0acb47d793c65728ab0d6f20,707a362ca49d4ad39e15c71ebf029e4b,c7905455ecc44bbdb71fda9e017a6ee6,b06ba8e0-ee19-43d7-be96-afb6a4a870ec,2,2,in-01M2PPCWC108XCV7N0ZJR3KRTY:1789615567234-0,im-Yrp2QuPKbto6qZ7JWKybDS,2026-09-17T03:26:05.148000+00:00,1789615565148,2026-09-17T03:26:05.148332+00:00,2026-09-17T03:26:38.262831+00:00,33114.299,,2026-09-17T03:26:04.619332+00:00,2026-09-17T03:26:39.354832+00:00,35.0,0,958.763,1,ok,6.65,228.429,18057.84,589.68,1.48,32.466,0,True,True,,True,False,1,3086999,B,A,A,B,True,False,True,False,True,True,True,True,True,,2009.601261,1405.376389,1403.245288,1384.525827,1407.243827,384.71455,1.867438,243,45.351621,19.688142,27.585848000000002,29.264762399999995,31.70515847999999,0,0,0,243,4,8044936192,243,243,243,2031872,33554432,33106733.300411522,0,243,7,0,232.41619144380093,1384.4407958984375,232.41619144380093,1152.0246044546366,243,8044936192,8,33554432,268435456,4,CREATED,18,470,YES,0,0,0,,,,,,,,2450.852202,2166.427333,2163.548745,2144.481576,2168.347932,560.613197,1.920599,370,50.136901,22.578652499999997,28.184976900000002,29.29155055,35.307812010000006,0,0,0,370,4,12309817472,370,370,370,4894304,33554432,33269776.951351352,0,370,7,0,270.6842879652977,2144.606201171875,270.6842879652977,1873.9219132065773,370,12309817472,8,33554432,268435456,4,CREATED,18,724,YES,0,0,0,,,,,,,1875.145044,4890.662,False,False,none,none,none->none,NEITHER,5.968603,True,1.246943,True,2009.601261,True,1875.145044,True,2450.852202,True,242.935941,True,154.16185,True,5046.840014,True,0.010957,True,591.244075,True,218.111102,True,0.302727,True,golden-p1-0-1f654c460ae1,ab3c08a952521a2d20e2ca31a2deff3c72a45e9aacf95365e62a436cdac7104f,3086999,39,243,243,370,4.304808921384812,77
golden_p1_parallel_dual_split_833388738cbe4328_evidence_2026-09-17,evidence,split,control,CLOUD_PROVIDER_GCP,us-west4,CLOUD_PROVIDER_GCP/us-west4,golden-p1-0-cf4f240d3d6c,run_golden_parallel_stream,parallel,static_e27,833388738cbe432883962127343729ac,golden_p1_parallel_dual_split,True,True,True,False,experiment,,c8bef7a9f5ebec70b4901dc54a2d83bb76f1ff4f53732fd5f08503c9de04ee5d,1812250232babd4f14360ab1c718b63d1c1081d7050884c7c0cd2eab8ed73a1d,1812250232babd4f14360ab1c718b63d1c1081d7050884c7c0cd2eab8ed73a1d,837a4072d249d975c3f2319637bd8ee415f9eb54110bf593d0777b2a485f86ee,a1efce21815cbbd836d9a0b9f9cb7960dbdde55bdbfb665915613795477d5777,e1135bf400e915a346e4d0d0,2026-09-16T22:33:29+00:00,ta-01M2PJSE665ADBDP1MZR9ZTFSR,,,524a58d9d5784701,cf545ae7fe874e2bb9374ab948d52208,a0ff670e98224f2bb947b40897a485a9,ee3b633956f045ba939e2be947519457,312524d9-e931-4999-9c46-cd242af778c5,2,2,in-01M2PJSAZXEDVEGHR4HYGHZS3Z:1789611781118-0,im-Yrp2QuPKbto6qZ7JWKybDS,2026-09-17T02:22:59.316000+00:00,1789611779316,2026-09-17T02:22:59.317998+00:00,2026-09-17T02:23:35.559163+00:00,36242.167,,2026-09-17T02:22:58.988170+00:00,2026-09-17T02:23:36.239303+00:00,35.0,0,2305.009,1,ok,6.06,281.722,17571.81,1873.26,1.22,267.085,0,True,True,,True,False,1,3086999,A,B,B,A,True,False,True,False,True,True,True,True,True,,2651.117738,2036.118205,2004.850331,2007.313142,2037.710273,675.781767,1.592068,243,405.925981,11.885315,23.1244164,50.56207059999999,179.51654983999967,1,0,0,243,4,8044936192,243,243,243,2031872,33554432,33106733.300411522,0,243,7,0,415.5835845321417,2012.6529541015625,415.5835845321417,1597.0693695694208,243,8044936192,8,33554432,268435456,4,CREATED,18,470,YES,0,0,0,405.925981,,,,,,,4452.071665,4224.804441,4212.022092,4210.578508,4227.415328,753.800589,2.610887,370,2358.270578,8.930298,17.903850600000002,29.84591545000002,576.412973500002,5,4,4,370,4,12309817472,370,370,370,4894304,33554432,33269776.951351352,0,370,7,0,326.37676763534546,4222.078125,326.37676763534546,3895.7013573646545,370,12309817472,8,33554432,268435456,4,CREATED,18,724,YES,0,0,0,1170.167806,1170.167806,1170.167806,,,,2045.904817,4853.131,False,True,none,preadv_only,none->preadv_only,UNET_SICK_ONLY,4.900052,True,1.695062,True,2651.117738,True,2045.904817,True,4452.071665,True,348.267563,True,117.168392,True,4973.608406,True,0.010575,True,660.840045,True,170.975402,True,0.588287,True,golden-p1-0-cf4f240d3d6c,ab3c08a952521a2d20e2ca31a2deff3c72a45e9aacf95365e62a436cdac7104f,3086999,39,243,243,370,5.057540220582821,27
golden_p1_parallel_dual_split_836cb3b3ef614a53_evidence_2026-09-16,evidence,split,control,CLOUD_PROVIDER_AWS,eu-south-2,CLOUD_PROVIDER_AWS/eu-south-2,golden-p1-0-a8a983bb3c06,run_golden_parallel_stream,parallel,static_e27,836cb3b3ef614a53b67ed562b625164f,golden_p1_parallel_dual_split,True,True,True,False,experiment,,c8bef7a9f5ebec70b4901dc54a2d83bb76f1ff4f53732fd5f08503c9de04ee5d,1812250232babd4f14360ab1c718b63d1c1081d7050884c7c0cd2eab8ed73a1d,1812250232babd4f14360ab1c718b63d1c1081d7050884c7c0cd2eab8ed73a1d,837a4072d249d975c3f2319637bd8ee415f9eb54110bf593d0777b2a485f86ee,a1efce21815cbbd836d9a0b9f9cb7960dbdde55bdbfb665915613795477d5777,e1135bf400e915a346e4d0d0,2026-09-16T22:33:29+00:00,ta-01M2P8KTCQ24B6TFJWSME7S9MR,,,82eee1f4e2c442de,f5f03616f7484e30951151f427517d21,71fbb63921dc413cb6d6d240f88119e5,7148f2e2f68c431190e6f9cb4f17bdca,b06ba8e0-ee19-43d7-be96-afb6a4a870ec,2,2,in-01M2P8KT4GB3352NJ3F144ZQRH:1789601114257-0,im-Yrp2QuPKbto6qZ7JWKybDS,2026-09-16T23:25:12.842000+00:00,1789601112842,2026-09-16T23:25:12.842263+00:00,2026-09-16T23:25:43.521048+00:00,30679.071,,2026-09-16T23:25:12.535945+00:00,2026-09-16T23:25:44.292957+00:00,35.0,0,971.943,1,ok,6.65,255.742,18057.84,608.8,1.48,116.4,0,True,True,,True,False,1,3086999,B,A,A,B,True,False,True,False,True,True,True,True,True,,2098.190963,1454.220263,1452.52896,1433.761958,1457.267077,440.417938,3.046814,243,42.169302,20.891584,29.0387258,30.78758789999999,38.88282709999992,0,0,0,243,4,8044936192,243,243,243,2031872,33554432,33106733.300411522,0,243,7,0,238.90431977063417,1433.71533203125,238.90431977063417,1194.8110122606158,243,8044936192,8,33554432,268435456,4,CREATED,18,470,YES,0,0,0,,,,,,,,2620.866708,2326.103645,2325.174459,2303.255448,2328.79233,692.822414,2.688685,370,52.796871,24.4251755,28.713105800000008,30.53622225,36.513148060000006,0,0,0,370,4,12309817472,370,370,370,4894304,33554432,33269776.951351352,0,370,7,0,374.2702716141939,2303.271240234375,374.2702716141939,1929.000968620181,370,12309817472,8,33554432,268435456,4,CREATED,18,724,YES,0,0,0,,,,,,,1999.121272,4946.377,False,False,none,none,none->none,NEITHER,5.691894,True,1.227107,True,2098.190963,True,1999.121272,True,2620.866708,True,228.879569,True,177.244253,True,5111.041679,True,0.023077,True,635.788726,True,218.171282,True,0.306089,True,golden-p1-0-a8a983bb3c06,ab3c08a952521a2d20e2ca31a2deff3c72a45e9aacf95365e62a436cdac7104f,3086999,39,243,243,370,4.301683774398553,78
golden_p1_parallel_dual_split_84f62ae0050a46a4_evidence_2026-09-16,evidence,split,control,CLOUD_PROVIDER_AWS,eu-south-2,CLOUD_PROVIDER_AWS/eu-south-2,golden-p1-0-1cf36f1ccb7b,run_golden_parallel_stream,parallel,static_e27,84f62ae0050a46a48056abe90903f388,golden_p1_parallel_dual_split,True,True,True,False,experiment,,c8bef7a9f5ebec70b4901dc54a2d83bb76f1ff4f53732fd5f08503c9de04ee5d,1812250232babd4f14360ab1c718b63d1c1081d7050884c7c0cd2eab8ed73a1d,1812250232babd4f14360ab1c718b63d1c1081d7050884c7c0cd2eab8ed73a1d,837a4072d249d975c3f2319637bd8ee415f9eb54110bf593d0777b2a485f86ee,a1efce21815cbbd836d9a0b9f9cb7960dbdde55bdbfb665915613795477d5777,e1135bf400e915a346e4d0d0,2026-09-16T22:33:29+00:00,ta-01M2P9GE54N8KJ4K6FW57G5AMR,,,82eee1f4e2c442de,bb18c7d2a5ea4ce3bde08674b155cc95,da5ff1a4bdff4101b0ae56d0e3d2833b,57e2edd788be4c7aacdb135227193531,b06ba8e0-ee19-43d7-be96-afb6a4a870ec,2,2,in-01M2P9GCJQWCCVWGD4B8JKTBQH:1789602050649-0,im-Yrp2QuPKbto6qZ7JWKybDS,2026-09-16T23:40:48.486000+00:00,1789602048486,2026-09-16T23:40:48.486617+00:00,2026-09-16T23:41:19.616005+00:00,31129.309,,2026-09-16T23:40:48.181057+00:00,2026-09-16T23:41:20.356058+00:00,35.0,0,966.269,1,ok,6.65,308.329,18057.84,595.05,1.48,113.344,0,True,True,,True,False,1,3086999,A,B,B,A,True,False,True,False,True,True,True,True,True,,2145.909391,1500.143349,1498.377865,1477.740502,1502.973459,344.266148,2.83011,243,49.170047,23.202,29.525312200000002,32.886610999999995,41.411876079999814,0,0,0,243,4,8044936192,243,243,243,2031872,33554432,33106733.300411522,0,243,7,0,188.7102715075016,1477.7218017578125,188.7102715075016,1289.011530250311,243,8044936192,8,33554432,268435456,4,CREATED,18,470,YES,0,0,0,,,,,,,,2360.755156,2065.790926,2063.454925,2026.1875,2067.868255,571.173308,2.077329,370,50.644053,21.1557495,25.8538627,28.0340524,30.96424034,0,0,0,370,4,12309817472,370,370,370,4894304,33554432,33269776.951351352,0,370,7,0,287.6160965114832,2026.2197265625,287.6160965114832,1738.6036300510168,370,12309817472,8,33554432,268435456,4,CREATED,18,724,YES,0,0,0,,,,,,,1945.271358,4932.876,False,False,none,none,none->none,NEITHER,6.238415,True,1.351057,True,2145.909391,True,1945.271358,True,2360.755156,True,220.838377,True,138.088457,True,5092.325151,True,0.012453,True,597.877187,True,217.047438,True,0.251139,True,golden-p1-0-1cf36f1ccb7b,ab3c08a952521a2d20e2ca31a2deff3c72a45e9aacf95365e62a436cdac7104f,3086999,39,243,243,370,4.355483981255165,55
golden_p1_parallel_dual_split_86d6ecd3f92b40ee_evidence_2026-09-17,evidence,split,control,CLOUD_PROVIDER_GCP,us-east1,CLOUD_PROVIDER_GCP/us-east1,golden-p1-0-5d6d28753d08,run_golden_parallel_stream,parallel,static_e27,86d6ecd3f92b40ee9cff132d2473fa43,golden_p1_parallel_dual_split,True,True,True,False,experiment,,c8bef7a9f5ebec70b4901dc54a2d83bb76f1ff4f53732fd5f08503c9de04ee5d,1812250232babd4f14360ab1c718b63d1c1081d7050884c7c0cd2eab8ed73a1d,1812250232babd4f14360ab1c718b63d1c1081d7050884c7c0cd2eab8ed73a1d,837a4072d249d975c3f2319637bd8ee415f9eb54110bf593d0777b2a485f86ee,a1efce21815cbbd836d9a0b9f9cb7960dbdde55bdbfb665915613795477d5777,e1135bf400e915a346e4d0d0,2026-09-16T22:33:29+00:00,ta-01M2PMGF998XNRKFQSK6W9SAER,,,524a58d9d5784701,12b4627c64354c5391d9327fae57d05a,9a0a6740390d44458c384eb398070915,739f66b54a964820a83f58fbe5ee9e1a,312524d9-e931-4999-9c46-cd242af778c5,2,2,in-01M2PMG8QYPSX4ZAANDJXKBFSW:1789613581055-0,im-Yrp2QuPKbto6qZ7JWKybDS,2026-09-17T02:52:59.250000+00:00,1789613579250,2026-09-17T02:52:59.250409+00:00,2026-09-17T02:53:30.429505+00:00,31178.711,,2026-09-17T02:52:58.951141+00:00,2026-09-17T02:53:31.097337+00:00,35.0,0,1226.724,1,ok,6.06,182.751,17571.81,848.48,1.22,102.693,0,True,True,,True,False,1,3086999,B,A,A,B,True,False,True,False,True,True,True,True,True,,1514.294819,1054.752673,1049.403043,1044.764394,1057.017623,419.840423,2.26495,243,156.464178,13.00432,20.514349400000004,24.071100099999992,39.24966805999997,0,0,0,243,4,8044936192,243,243,243,2031872,33554432,33106733.300411522,0,243,7,0,218.34480122476816,1044.7978515625,218.34480122476816,826.4530503377318,243,8044936192,8,33554432,268435456,4,CREATED,18,470,YES,0,0,0,,,,,,,,2197.56932,1993.523082,1992.337922,1984.264942,1995.621542,533.57628,2.09846,370,50.269461,21.14118,28.1658739,29.970737500000002,34.87111231,0,0,0,370,4,12309817472,370,370,370,4894304,33554432,33269776.951351352,0,370,7,0,257.1980802565813,1984.3465576171875,257.1980802565813,1727.1484773606062,370,12309817472,8,33554432,268435456,4,CREATED,18,724,YES,0,0,0,,,,,,,1369.332291,4650.186,False,False,none,none,none->none,NEITHER,4.51509,True,1.63911,True,1514.294819,True,1369.332291,True,2197.56932,True,163.923358,True,95.045919,True,4760.199606,True,0.00951,True,540.629796,True,165.360917,True,0.32314,True,golden-p1-0-5d6d28753d08,ab3c08a952521a2d20e2ca31a2deff3c72a45e9aacf95365e62a436cdac7104f,3086999,39,243,243,370,4.53244797227675,37
golden_p1_parallel_dual_split_891426c648914ce7_evidence_2026-09-17,evidence,split,control,CLOUD_PROVIDER_GCP,us-east1,CLOUD_PROVIDER_GCP/us-east1,golden-p1-0-3eac9865036a,run_golden_parallel_stream,parallel,static_e27,891426c648914ce7a1a96d05aa06ea3e,golden_p1_parallel_dual_split,True,True,True,False,experiment,,c8bef7a9f5ebec70b4901dc54a2d83bb76f1ff4f53732fd5f08503c9de04ee5d,1812250232babd4f14360ab1c718b63d1c1081d7050884c7c0cd2eab8ed73a1d,1812250232babd4f14360ab1c718b63d1c1081d7050884c7c0cd2eab8ed73a1d,837a4072d249d975c3f2319637bd8ee415f9eb54110bf593d0777b2a485f86ee,a1efce21815cbbd836d9a0b9f9cb7960dbdde55bdbfb665915613795477d5777,e1135bf400e915a346e4d0d0,2026-09-16T22:33:29+00:00,ta-01M2PP4QPN0RPHRPEG3BQV1WAR,,,524a58d9d5784701,7eb78bbad4884847a60b1930237e31e7,99471a6a2c3c449aaf17f59a8f8e622b,6ba85b09c9574454b9b43f810f221955,312524d9-e931-4999-9c46-cd242af778c5,2,2,in-01M2PP3VF48W81HGHCE8JS7P82:1789615271396-0,im-Yrp2QuPKbto6qZ7JWKybDS,2026-09-17T03:21:09.470000+00:00,1789615269470,2026-09-17T03:21:09.470800+00:00,2026-09-17T03:22:02.974324+00:00,53503.495,,2026-09-17T03:21:09.160122+00:00,2026-09-17T03:22:03.687710+00:00,35.0,0,806.14,1,ok,6.06,239.187,17571.81,478.3,1.22,37.542,0,True,True,,True,False,1,3086999,B,A,A,B,True,False,True,False,True,True,True,True,True,,1404.381714,1000.399096,999.240266,992.448999,1002.875165,323.53298,2.476069,243,45.895922,14.007685,25.090378,30.24077399999999,37.027913,0,0,0,243,4,8044936192,243,243,243,2031872,33554432,33106733.300411522,0,243,7,0,161.45494406670332,992.4087524414062,161.45494406670332,830.9538083747029,243,8044936192,8,33554432,268435456,4,CREATED,18,470,YES,0,0,0,,,,,,,,1983.122735,1781.743469,1780.00566,1773.978432,1784.061448,522.676313,2.317979,370,49.813541,17.607457,28.9073001,32.080058,38.00883592,0,0,0,370,4,12309817472,370,370,370,4894304,33554432,33269776.951351352,0,370,7,0,253.55548784136772,1773.9927978515625,253.55548784136772,1520.4373100101948,370,12309817472,8,33554432,268435456,4,CREATED,18,724,YES,0,0,0,,,,,,,1369.845949,4572.97,False,False,none,none,none->none,NEITHER,4.667538,True,1.132049,True,1404.381714,True,1369.845949,True,1983.122735,True,162.833752,True,93.352121,True,4681.5114,True,0.0088,True,518.758564,True,161.310731,True,0.38048,True,golden-p1-0-3eac9865036a,ab3c08a952521a2d20e2ca31a2deff3c72a45e9aacf95365e62a436cdac7104f,3086999,39,243,243,370,4.157306184778007,122
golden_p1_parallel_dual_split_8a89c36cf42f48be_evidence_2026-09-16,evidence,split,control,CLOUD_PROVIDER_AWS,eu-south-2,CLOUD_PROVIDER_AWS/eu-south-2,golden-p1-0-992e5f8837b7,run_golden_parallel_stream,parallel,static_e27,8a89c36cf42f48bea3337a8293b9f8e3,golden_p1_parallel_dual_split,True,True,True,False,experiment,,c8bef7a9f5ebec70b4901dc54a2d83bb76f1ff4f53732fd5f08503c9de04ee5d,1812250232babd4f14360ab1c718b63d1c1081d7050884c7c0cd2eab8ed73a1d,1812250232babd4f14360ab1c718b63d1c1081d7050884c7c0cd2eab8ed73a1d,837a4072d249d975c3f2319637bd8ee415f9eb54110bf593d0777b2a485f86ee,a1efce21815cbbd836d9a0b9f9cb7960dbdde55bdbfb665915613795477d5777,e1135bf400e915a346e4d0d0,2026-09-16T22:33:29+00:00,ta-01M2P889WNYM851RHB2HZHTFQR,,,82eee1f4e2c442de,20f6de76071540a68c871802106f9fe9,d9bdd453848340bd9ba8ef3a636f6dd6,cf8df2ebec90481dadce4b901b4b4b8e,b06ba8e0-ee19-43d7-be96-afb6a4a870ec,2,2,in-01M2P889R9MZP98F9QFSZQG5FY:1789600737034-0,im-Yrp2QuPKbto6qZ7JWKybDS,2026-09-16T23:18:55.157000+00:00,1789600735157,2026-09-16T23:18:55.157575+00:00,2026-09-16T23:19:23.653978+00:00,28496.387,,2026-09-16T23:18:54.808207+00:00,2026-09-16T23:19:24.399760+00:00,35.0,0,955.541,1,ok,6.65,260.864,18057.84,602.02,1.48,114.804,0,True,True,,True,False,1,3086999,A,B,B,A,True,False,True,False,True,True,True,True,True,,2121.036745,1471.888687,1467.594165,1446.620483,1473.797097,434.451151,1.90841,243,46.038825,21.919187,26.7630642,29.912388499999988,39.438246979999995,0,0,0,243,4,8044936192,243,243,243,2031872,33554432,33106733.300411522,0,243,7,0,225.48268891870975,1446.522216796875,225.48268891870975,1221.0395278781652,243,8044936192,8,33554432,268435456,4,CREATED,18,470,YES,0,0,0,,,,,,,,2412.440133,2124.483995,2122.195971,2103.468831,2126.920918,599.561956,2.436923,370,52.479066,21.959738,27.0330012,28.717975550000006,37.161576640000014,0,0,0,370,4,12309817472,370,370,370,4894304,33554432,33269776.951351352,0,370,7,0,310.574944332242,2103.544921875,310.574944332242,1792.969977542758,370,12309817472,8,33554432,268435456,4,CREATED,18,724,YES,0,0,0,,,,,,,1897.462781,4976.469,False,False,none,none,none->none,NEITHER,5.531812,True,1.250625,True,2121.036745,True,1897.462781,True,2412.440133,True,228.072015,True,158.231114,True,5130.587342,True,0.011927,True,607.117893,True,217.302233,True,0.287369,True,golden-p1-0-992e5f8837b7,ab3c08a952521a2d20e2ca31a2deff3c72a45e9aacf95365e62a436cdac7104f,3086999,39,243,243,370,4.331027252034888,66
golden_p1_parallel_dual_split_8e1cf5c6b4f6456e_evidence_2026-09-16,evidence,split,control,CLOUD_PROVIDER_AWS,eu-south-2,CLOUD_PROVIDER_AWS/eu-south-2,golden-p1-0-c55c57780a51,run_golden_parallel_stream,parallel,static_e27,8e1cf5c6b4f6456e8b804374abe84887,golden_p1_parallel_dual_split,True,True,True,False,experiment,,c8bef7a9f5ebec70b4901dc54a2d83bb76f1ff4f53732fd5f08503c9de04ee5d,1812250232babd4f14360ab1c718b63d1c1081d7050884c7c0cd2eab8ed73a1d,1812250232babd4f14360ab1c718b63d1c1081d7050884c7c0cd2eab8ed73a1d,837a4072d249d975c3f2319637bd8ee415f9eb54110bf593d0777b2a485f86ee,a1efce21815cbbd836d9a0b9f9cb7960dbdde55bdbfb665915613795477d5777,e1135bf400e915a346e4d0d0,2026-09-16T22:33:29+00:00,ta-01M2P8J9DQRB1ECFANPY69P0XR,,,82eee1f4e2c442de,40297ed1532a409ca7e7759b2ee27f3a,dd88f237052544259e7632416603969f,838581797e4643f3b67109bd1a5b8a80,b06ba8e0-ee19-43d7-be96-afb6a4a870ec,2,2,in-01M2P8J96FGJ3PN0FHPN1PN5B6:1789601064144-0,im-Yrp2QuPKbto6qZ7JWKybDS,2026-09-16T23:24:22.633000+00:00,1789601062633,2026-09-16T23:24:22.633473+00:00,2026-09-16T23:24:50.987300+00:00,28354.179,,2026-09-16T23:24:22.304394+00:00,2026-09-16T23:24:51.707666+00:00,35.0,0,878.944,1,ok,6.65,277.401,18057.84,506.96,1.48,114.162,0,True,True,,True,False,1,3086999,A,B,B,A,True,False,True,False,True,True,True,True,True,,2128.819334,1511.937543,1510.036964,1485.060003,1514.45744,457.711274,2.519897,243,46.408154,23.130727,26.482523,28.275537899999996,38.96707489999983,0,0,0,243,4,8044936192,243,243,243,2031872,33554432,33106733.300411522,0,243,7,0,232.74723156541586,1485.020751953125,232.74723156541586,1252.2735203877091,243,8044936192,8,33554432,268435456,4,CREATED,18,470,YES,0,0,0,,,,,,,,2435.619668,2147.889773,2146.458184,2124.248823,2150.023219,678.065164,2.133446,370,51.572008,21.311999,27.056729400000002,28.52316295,31.728458470000003,0,0,0,370,4,12309817472,370,370,370,4894304,33554432,33269776.951351352,0,370,7,0,377.3224632740021,2124.331787109375,377.3224632740021,1747.009323835373,370,12309817472,8,33554432,268435456,4,CREATED,18,724,YES,0,0,0,,,,,,,1865.682169,5309.925,False,False,none,none,none->none,NEITHER,5.89995,True,1.253976,True,2128.819334,True,1865.682169,True,2435.619668,True,227.870563,True,190.744297,True,5465.106342,True,0.012129,True,592.829263,True,217.948598,True,0.432919,True,golden-p1-0-c55c57780a51,ab3c08a952521a2d20e2ca31a2deff3c72a45e9aacf95365e62a436cdac7104f,3086999,39,243,243,370,4.338140254559936,63
golden_p1_parallel_dual_split_908b7edf3442433e_evidence_2026-09-17,evidence,split,control,CLOUD_PROVIDER_AWS,eu-south-2,CLOUD_PROVIDER_AWS/eu-south-2,golden-p1-0-c276ea38dc2a,run_golden_parallel_stream,parallel,static_e27,908b7edf3442433e84bd73fc86ccbf1d,golden_p1_parallel_dual_split,True,True,True,False,experiment,,c8bef7a9f5ebec70b4901dc54a2d83bb76f1ff4f53732fd5f08503c9de04ee5d,1812250232babd4f14360ab1c718b63d1c1081d7050884c7c0cd2eab8ed73a1d,1812250232babd4f14360ab1c718b63d1c1081d7050884c7c0cd2eab8ed73a1d,837a4072d249d975c3f2319637bd8ee415f9eb54110bf593d0777b2a485f86ee,a1efce21815cbbd836d9a0b9f9cb7960dbdde55bdbfb665915613795477d5777,e1135bf400e915a346e4d0d0,2026-09-16T22:33:29+00:00,ta-01M2PM4KW2CXRMDR22XEQ8Y96R,,,82eee1f4e2c442de,6a045a66f37447c8843154ee8dc4983c,a21cc39dfdee4ef1a9cf1502b33d88ab,7883d8069ac24dbd81fdb74b55857cbf,b06ba8e0-ee19-43d7-be96-afb6a4a870ec,2,2,in-01M2PM4GD1EC7B24QA93KF2K24:1789613195681-0,im-Yrp2QuPKbto6qZ7JWKybDS,2026-09-17T02:46:33.852000+00:00,1789613193852,2026-09-17T02:46:33.852502+00:00,2026-09-17T02:47:05.621848+00:00,31769.239,,2026-09-17T02:46:33.544167+00:00,2026-09-17T02:47:06.322854+00:00,35.0,0,909.612,1,ok,6.65,285.401,18057.84,543.16,1.48,114.366,0,True,True,,True,False,1,3086999,B,A,A,B,True,False,True,False,True,True,True,True,True,,2087.548136,1429.090773,1426.800181,1407.381582,1431.092186,445.377734,2.001413,243,52.252242,21.172706,26.7812454,28.752052699999982,42.87110603999985,0,0,0,243,4,8044936192,243,243,243,2031872,33554432,33106733.300411522,0,243,7,0,241.4671680405736,1407.397216796875,241.4671680405736,1165.9300487563014,243,8044936192,8,33554432,268435456,4,CREATED,18,470,YES,0,0,0,,,,,,,,2626.762067,2336.153103,2333.541861,2310.55816,2338.930303,672.55948,2.7772,370,53.364852,23.443389500000002,28.878632200000002,29.653997850000003,32.05879242,0,0,0,370,4,12309817472,370,370,370,4894304,33554432,33269776.951351352,0,370,7,0,363.9602553844452,2310.64404296875,363.9602553844452,1946.6837875843048,370,12309817472,8,33554432,268435456,4,CREATED,18,724,YES,0,0,0,,,,,,,1896.190347,4911.324,False,False,none,none,none->none,NEITHER,5.888485,True,1.178604,True,2087.548136,True,1896.190347,True,2626.762067,True,232.872828,True,181.988486,True,5068.771935,True,0.027153,True,593.160743,True,219.046018,True,0.28429,True,golden-p1-0-c276ea38dc2a,ab3c08a952521a2d20e2ca31a2deff3c72a45e9aacf95365e62a436cdac7104f,3086999,39,243,243,370,4.357717410917926,54
golden_p1_parallel_dual_split_92c0108ba7cc4326_evidence_2026-09-16,evidence,split,control,CLOUD_PROVIDER_AWS,eu-south-2,CLOUD_PROVIDER_AWS/eu-south-2,golden-p1-0-ee8b85f1ff10,run_golden_parallel_stream,parallel,static_e27,92c0108ba7cc4326aa68ac35a159b076,golden_p1_parallel_dual_split,True,True,True,False,experiment,,c8bef7a9f5ebec70b4901dc54a2d83bb76f1ff4f53732fd5f08503c9de04ee5d,1812250232babd4f14360ab1c718b63d1c1081d7050884c7c0cd2eab8ed73a1d,1812250232babd4f14360ab1c718b63d1c1081d7050884c7c0cd2eab8ed73a1d,837a4072d249d975c3f2319637bd8ee415f9eb54110bf593d0777b2a485f86ee,a1efce21815cbbd836d9a0b9f9cb7960dbdde55bdbfb665915613795477d5777,e1135bf400e915a346e4d0d0,2026-09-16T22:33:29+00:00,ta-01M2P6NEF232F9D1CV5BRKT9CR,,,82eee1f4e2c442de,0b06f1d75b474279815bf026b4bd75cd,525cb173c5144aa587b170e921a04736,9570602dcee246c7a7ee94975b99da13,b06ba8e0-ee19-43d7-be96-afb6a4a870ec,2,2,in-01M2P6NCTX2207JN5H63120ZQ3:1789599069021-0,im-Yrp2QuPKbto6qZ7JWKybDS,2026-09-16T22:51:07.562000+00:00,1789599067562,2026-09-16T22:51:07.562360+00:00,2026-09-16T22:51:37.489284+00:00,29927.03,,2026-09-16T22:51:07.192634+00:00,2026-09-16T22:51:38.282457+00:00,35.0,0,1520.42,1,ok,6.65,254.589,18057.84,1142.49,1.48,116.631,0,True,True,,True,False,1,3086999,A,B,B,A,True,False,True,False,True,True,True,True,True,,2039.834569,1385.264664,1384.218576,1363.197293,1387.756581,513.321342,2.491917,243,37.498391,20.055029,26.2850132,28.764899099999987,35.79610789999996,0,0,0,243,4,8044936192,243,243,243,2031872,33554432,33106733.300411522,0,243,7,0,308.1833943426609,1363.187255859375,308.1833943426609,1055.003861516714,243,8044936192,8,33554432,268435456,4,CREATED,18,470,YES,0,0,0,,,,,,,,2414.82409,2127.31183,2126.669718,2106.062873,2129.660859,666.965225,2.349029,370,51.273034,21.362068999999998,27.204307800000002,29.18591285,36.287308650000014,0,0,0,370,4,12309817472,370,370,370,4894304,33554432,33269776.951351352,0,370,7,0,337.01097606122494,2106.125,337.01097606122494,1769.114023938775,370,12309817472,8,33554432,268435456,4,CREATED,18,724,YES,0,0,0,,,,,,,1883.93205,4994.296,False,False,none,none,none->none,NEITHER,6.414686,True,1.390585,True,2039.834569,True,1883.93205,True,2414.82409,True,239.515812,True,186.615767,True,5150.6543,True,0.01133,True,594.774577,True,222.616946,True,0.282094,True,golden-p1-0-ee8b85f1ff10,ab3c08a952521a2d20e2ca31a2deff3c72a45e9aacf95365e62a436cdac7104f,3086999,39,243,243,370,4.25397560349596,98
golden_p1_parallel_dual_split_9e590aaa53b842ba_evidence_2026-09-17,evidence,split,control,CLOUD_PROVIDER_GCP,us-east1,CLOUD_PROVIDER_GCP/us-east1,golden-p1-0-c62b32c32ac0,run_golden_parallel_stream,parallel,static_e27,9e590aaa53b842ba9a0a249a0ce7f5e8,golden_p1_parallel_dual_split,True,True,True,False,experiment,,c8bef7a9f5ebec70b4901dc54a2d83bb76f1ff4f53732fd5f08503c9de04ee5d,1812250232babd4f14360ab1c718b63d1c1081d7050884c7c0cd2eab8ed73a1d,1812250232babd4f14360ab1c718b63d1c1081d7050884c7c0cd2eab8ed73a1d,837a4072d249d975c3f2319637bd8ee415f9eb54110bf593d0777b2a485f86ee,a1efce21815cbbd836d9a0b9f9cb7960dbdde55bdbfb665915613795477d5777,e1135bf400e915a346e4d0d0,2026-09-16T22:33:29+00:00,ta-01M2PM33PHJ3TWKNKQWR4H5YAR,,,524a58d9d5784701,8cef2c63e9aa42db81ba71ee7cb85e4a,d3bd2ee8b5a24d11b7dc2668edaafda7,5a8d76941b3147c187dd53913d6c32df,312524d9-e931-4999-9c46-cd242af778c5,2,2,in-01M2PM31PG4GSBTDBNJP0PS4CG:1789613147857-0,im-Yrp2QuPKbto6qZ7JWKybDS,2026-09-17T02:45:46.105000+00:00,1789613146105,2026-09-17T02:45:46.105121+00:00,2026-09-17T02:46:12.032509+00:00,25928.126,,2026-09-17T02:45:45.800074+00:00,2026-09-17T02:46:12.749626+00:00,35.0,0,931.988,1,ok,6.06,130.12,17571.81,569.35,1.22,170.789,0,True,True,,True,False,1,3086999,B,A,A,B,True,False,True,False,True,True,True,True,True,,1504.429714,1039.634636,1036.781866,1031.174308,1042.005495,382.569221,2.370859,243,83.318074,14.274816,19.621847600000002,26.720554999999983,41.74581223999992,0,0,0,243,4,8044936192,243,243,243,2031872,33554432,33106733.300411522,0,243,7,0,212.0107830017805,1031.3243408203125,212.0107830017805,819.313557818532,243,8044936192,8,33554432,268435456,4,CREATED,18,470,YES,0,0,0,,,,,,,,1845.943053,1650.799599,1649.47723,1641.614963,1652.724988,530.52449,1.925389,370,45.941012,16.192618500000002,26.790173000000003,30.003541500000004,35.3530667,0,0,0,370,4,12309817472,370,370,370,4894304,33554432,33269776.951351352,0,370,7,0,260.6572169661522,1641.589111328125,260.6572169661522,1380.9318943619728,370,12309817472,8,33554432,268435456,4,CREATED,18,724,YES,0,0,0,,,,,,,1571.594845,4590.886,False,False,none,none,none->none,NEITHER,4.288778,True,4.498329,True,1504.429714,True,1571.594845,True,1845.943053,True,178.15995,True,91.542264,True,4696.760877,True,0.01205,True,521.930221,True,161.195019,True,0.34723,True,golden-p1-0-c62b32c32ac0,ab3c08a952521a2d20e2ca31a2deff3c72a45e9aacf95365e62a436cdac7104f,3086999,39,243,243,370,4.350063691465787,57
golden_p1_parallel_dual_split_a54b9a20172a424b_evidence_2026-09-16,evidence,split,control,CLOUD_PROVIDER_GCP,us-east1,CLOUD_PROVIDER_GCP/us-east1,golden-p1-0-cedc092413a6,run_golden_parallel_stream,parallel,static_e27,a54b9a20172a424baaa9618b257d7afa,golden_p1_parallel_dual_split,True,True,True,False,experiment,,c8bef7a9f5ebec70b4901dc54a2d83bb76f1ff4f53732fd5f08503c9de04ee5d,1812250232babd4f14360ab1c718b63d1c1081d7050884c7c0cd2eab8ed73a1d,1812250232babd4f14360ab1c718b63d1c1081d7050884c7c0cd2eab8ed73a1d,837a4072d249d975c3f2319637bd8ee415f9eb54110bf593d0777b2a485f86ee,a1efce21815cbbd836d9a0b9f9cb7960dbdde55bdbfb665915613795477d5777,e1135bf400e915a346e4d0d0,2026-09-16T22:33:29+00:00,ta-01M2P9DCK0NQ97TCE58P0FC9KR,,,524a58d9d5784701,f6f251e2b38a48a0bf51d3eba79ac95b,7f9d5fa67fa44a1b8bf513b92cf13570,25c5d6f0aa6a4310963892f6662a23a1,312524d9-e931-4999-9c46-cd242af778c5,2,2,in-01M2P9DBVKR7D2N9WQY293KAER:1789601951605-0,im-Yrp2QuPKbto6qZ7JWKybDS,2026-09-16T23:39:10.068000+00:00,1789601950068,2026-09-16T23:39:10.068982+00:00,2026-09-16T23:39:36.623975+00:00,26555.211,,2026-09-16T23:39:09.745471+00:00,2026-09-16T23:39:37.562000+00:00,35.0,0,750.167,1,ok,6.06,134.297,17571.81,428.25,1.22,36.991,0,True,True,,True,False,1,3086999,A,B,B,A,True,False,True,False,True,True,True,True,True,,1708.080567,1229.435256,1226.929906,1220.503967,1232.008646,342.526477,2.57339,243,48.725809,18.75154,28.335435200000003,30.950359999999986,36.06034599999997,0,0,0,243,4,8044936192,243,243,243,2031872,33554432,33106733.300411522,0,243,7,0,163.95382460579276,1220.427490234375,163.95382460579276,1056.4736656285822,243,8044936192,8,33554432,268435456,4,CREATED,18,470,YES,0,0,0,,,,,,,,2029.526722,1824.535785,1822.623435,1816.146146,1825.276655,521.82685,0.74087,370,58.421149,18.5099145,27.304649,30.117268499999998,34.301692900000006,0,0,0,370,4,12309817472,370,370,370,4894304,33554432,33269776.951351352,0,370,7,0,235.0386558920145,1816.1932373046875,235.0386558920145,1581.154581412673,370,12309817472,8,33554432,268435456,4,CREATED,18,724,YES,0,0,0,,,,,,,1343.192695,4589.402,False,False,none,none,none->none,NEITHER,4.88635,True,1.19517,True,1708.080567,True,1343.192695,True,2029.526722,True,151.759406,True,93.398418,True,4700.888939,True,0.01041,True,522.926594,True,160.554675,True,0.30383,True,golden-p1-0-cedc092413a6,ab3c08a952521a2d20e2ca31a2deff3c72a45e9aacf95365e62a436cdac7104f,3086999,39,243,243,370,4.259370441453241,95
golden_p1_parallel_dual_split_a8b56e79208e4ee7_evidence_2026-09-16,evidence,split,control,CLOUD_PROVIDER_AWS,us-east-2,CLOUD_PROVIDER_AWS/us-east-2,golden-p1-0-1e1dbd49c07b,run_golden_parallel_stream,parallel,static_e27,a8b56e79208e4ee796d1f3d3982f968e,golden_p1_parallel_dual_split,True,True,True,False,experiment,,c8bef7a9f5ebec70b4901dc54a2d83bb76f1ff4f53732fd5f08503c9de04ee5d,1812250232babd4f14360ab1c718b63d1c1081d7050884c7c0cd2eab8ed73a1d,1812250232babd4f14360ab1c718b63d1c1081d7050884c7c0cd2eab8ed73a1d,837a4072d249d975c3f2319637bd8ee415f9eb54110bf593d0777b2a485f86ee,a1efce21815cbbd836d9a0b9f9cb7960dbdde55bdbfb665915613795477d5777,e1135bf400e915a346e4d0d0,2026-09-16T22:33:29+00:00,ta-01M2P8CAQWS3C3Q7H924J3C0YR,,,82eee1f4e2c442de,02a41a940a854a659ea09e606dd78296,5c0c0e1fcd6e486aa05dcb3eb50323e3,eeeb79fec78f4208bbefb388eabd6e09,b06ba8e0-ee19-43d7-be96-afb6a4a870ec,2,2,in-01M2P8BDP84C05VTS21ZBSW598:1789600839368-0,im-Yrp2QuPKbto6qZ7JWKybDS,2026-09-16T23:20:37.945000+00:00,1789600837945,2026-09-16T23:20:37.945830+00:00,2026-09-16T23:21:34.085324+00:00,56138.968,,2026-09-16T23:20:37.602785+00:00,2026-09-16T23:21:34.802544+00:00,35.0,0,798.315,1,ok,6.65,83.818,18057.84,440.17,1.48,37.701,0,True,True,,True,False,1,3086999,A,B,B,A,True,False,True,False,True,True,True,True,True,,2240.646552,1586.379622,1584.757093,1562.120687,1588.614109,440.418685,2.234487,243,41.998013,25.333302,29.9042802,31.899081499999998,36.47707837999993,0,0,0,243,4,8044936192,243,243,243,2031872,33554432,33106733.300411522,0,243,7,0,227.71593529358506,1562.034423828125,227.71593529358506,1334.31848853454,243,8044936192,8,33554432,268435456,4,CREATED,18,470,YES,0,0,0,,,,,,,,2660.99523,2375.005265,2373.539002,2350.25768,2377.441068,622.795674,2.435803,370,46.465554,25.293072,29.684048500000003,31.531957000000002,36.06991518,0,0,0,370,4,12309817472,370,370,370,4894304,33554432,33269776.951351352,0,370,7,0,342.25830429792404,2350.346923828125,342.25830429792404,2008.088619530201,370,12309817472,8,33554432,268435456,4,CREATED,18,724,YES,0,0,0,,,,,,,1926.655954,4887.331,False,False,none,none,none->none,NEITHER,5.657887,True,1.249252,True,2240.646552,True,1926.655954,True,2660.99523,True,231.188688,True,158.99712,True,5044.685303,True,0.010428,True,718.910795,True,218.64685,True,0.259539,True,golden-p1-0-1e1dbd49c07b,ab3c08a952521a2d20e2ca31a2deff3c72a45e9aacf95365e62a436cdac7104f,3086999,39,243,243,370,4.3317256564613915,65
golden_p1_parallel_dual_split_ac35deef46f040f0_evidence_2026-09-16,evidence,split,control,CLOUD_PROVIDER_GCP,us-east1,CLOUD_PROVIDER_GCP/us-east1,golden-p1-0-f795b3a3281f,run_golden_parallel_stream,parallel,static_e27,ac35deef46f040f0a35caf9f3252d1f1,golden_p1_parallel_dual_split,True,True,True,False,experiment,,c8bef7a9f5ebec70b4901dc54a2d83bb76f1ff4f53732fd5f08503c9de04ee5d,1812250232babd4f14360ab1c718b63d1c1081d7050884c7c0cd2eab8ed73a1d,1812250232babd4f14360ab1c718b63d1c1081d7050884c7c0cd2eab8ed73a1d,837a4072d249d975c3f2319637bd8ee415f9eb54110bf593d0777b2a485f86ee,a1efce21815cbbd836d9a0b9f9cb7960dbdde55bdbfb665915613795477d5777,e1135bf400e915a346e4d0d0,2026-09-16T22:33:29+00:00,ta-01M2P9NCBJY596XK6T2AN9W4FR,,,524a58d9d5784701,bc9a664f536f48639d19cb6461631600,78fd05e8d58e4c999c27b57bf352f747,951035c66fc7436892029742e231ad1a,312524d9-e931-4999-9c46-cd242af778c5,2,2,in-01M2P9KPBFMK1TR90B2YHPJ6JW:1789602158960-0,im-Yrp2QuPKbto6qZ7JWKybDS,2026-09-16T23:42:37.467000+00:00,1789602157467,2026-09-16T23:42:37.467093+00:00,2026-09-16T23:43:56.940200+00:00,79473.186,,2026-09-16T23:42:37.138009+00:00,2026-09-16T23:43:57.672286+00:00,35.0,0,673.359,1,ok,6.06,102.452,17571.81,363.59,1.22,40.917,0,True,True,,True,False,1,3086999,A,B,B,A,True,False,True,False,True,True,True,True,True,,1741.23967,1258.509294,1256.573954,1248.153914,1260.149654,356.766843,1.64036,243,53.860578,19.83945,25.9330198,27.717631099999995,34.15483099999993,0,0,0,243,4,8044936192,243,243,243,2031872,33554432,33106733.300411522,0,243,7,0,162.14742429181933,1248.115478515625,162.14742429181933,1085.9680542238057,243,8044936192,8,33554432,268435456,4,CREATED,18,470,YES,0,0,0,,,,,,,,1974.177148,1770.781278,1768.730638,1760.538218,1771.581408,535.001199,0.80013,370,76.12176,17.901625000000003,26.895474,29.270221000000003,49.524179000000004,0,0,0,370,4,12309817472,370,370,370,4894304,33554432,33269776.951351352,0,370,7,0,239.9973124936223,1760.578369140625,239.9973124936223,1520.5810566470027,370,12309817472,8,33554432,268435456,4,CREATED,18,724,YES,0,0,0,,,,,,,1381.526039,4609.909,False,False,none,none,none->none,NEITHER,4.62167,True,1.30184,True,1741.23967,True,1381.526039,True,1974.177148,True,171.814917,True,88.785099,True,4717.241215,True,0.01002,True,528.248405,True,161.281429,True,0.25075,True,golden-p1-0-f795b3a3281f,ab3c08a952521a2d20e2ca31a2deff3c72a45e9aacf95365e62a436cdac7104f,3086999,39,243,243,370,4.296274425712004,80
golden_p1_parallel_dual_split_b32a861d31af4531_evidence_2026-09-16,evidence,split,control,CLOUD_PROVIDER_GCP,us-south1,CLOUD_PROVIDER_GCP/us-south1,golden-p1-0-38daa20127f0,run_golden_parallel_stream,parallel,static_e27,b32a861d31af45319cb13d77262cb7b4,golden_p1_parallel_dual_split,True,True,True,False,experiment,,c8bef7a9f5ebec70b4901dc54a2d83bb76f1ff4f53732fd5f08503c9de04ee5d,1812250232babd4f14360ab1c718b63d1c1081d7050884c7c0cd2eab8ed73a1d,1812250232babd4f14360ab1c718b63d1c1081d7050884c7c0cd2eab8ed73a1d,837a4072d249d975c3f2319637bd8ee415f9eb54110bf593d0777b2a485f86ee,a1efce21815cbbd836d9a0b9f9cb7960dbdde55bdbfb665915613795477d5777,e1135bf400e915a346e4d0d0,2026-09-16T22:33:29+00:00,ta-01M2P85C5AEWT6A9YJS3F6VVPR,,,524a58d9d5784701,6fb3f12b20bf4a16a0628e9938e43a77,9f45ccab1285488984694f215ffc9a4d,cfc6506ac1b44e0ca7560c8568e4244a,312524d9-e931-4999-9c46-cd242af778c5,2,2,in-01M2P85BXP9ND2X7X35Q99YRC3:1789600640951-0,im-Yrp2QuPKbto6qZ7JWKybDS,2026-09-16T23:17:19.404000+00:00,1789600639404,2026-09-16T23:17:19.404104+00:00,2026-09-16T23:17:43.446478+00:00,24042.222,,2026-09-16T23:17:19.070897+00:00,2026-09-16T23:17:44.175804+00:00,35.0,0,738.745,1,ok,6.06,168.602,17571.81,427.81,1.22,52.361,0,True,True,,True,False,1,3086999,A,B,B,A,True,False,True,False,True,True,True,True,True,,1580.909837,1113.177311,1111.307492,1101.124088,1115.816679,343.434253,2.639368,243,42.243666,17.016711,27.252984,29.293234999999992,32.89059881999998,0,0,0,243,4,8044936192,243,243,243,2031872,33554432,33106733.300411522,0,243,7,0,154.29734401404858,1100.829833984375,154.29734401404858,946.5324899703264,243,8044936192,8,33554432,268435456,4,CREATED,18,470,YES,0,0,0,,,,,,,,2154.266551,1955.954289,1955.47621,1945.860416,1958.370098,534.31128,2.415809,370,47.597601,20.214633,30.035633,32.00283145,35.909294100000004,0,0,0,370,4,12309817472,370,370,370,4894304,33554432,33269776.951351352,0,370,7,0,246.74031933397055,1945.900390625,246.74031933397055,1699.1600712910295,370,12309817472,8,33554432,268435456,4,CREATED,18,724,YES,0,0,0,,,,,,,1396.298751,4581.977,False,False,none,none,none->none,NEITHER,4.662937,True,1.216299,True,1580.909837,True,1396.298751,True,2154.266551,True,151.345098,True,99.74075,True,4686.469371,True,0.01119,True,513.393537,True,158.726457,True,0.291509,True,golden-p1-0-38daa20127f0,ab3c08a952521a2d20e2ca31a2deff3c72a45e9aacf95365e62a436cdac7104f,3086999,39,243,243,370,4.1831927749678455,113
golden_p1_parallel_dual_split_b760c44d8d474ca6_evidence_2026-09-17,evidence,split,control,CLOUD_PROVIDER_GCP,us-central1,CLOUD_PROVIDER_GCP/us-central1,golden-p1-0-b0d11b238ecb,run_golden_parallel_stream,parallel,static_e27,b760c44d8d474ca6834693c6319f296a,golden_p1_parallel_dual_split,True,True,True,False,experiment,,c8bef7a9f5ebec70b4901dc54a2d83bb76f1ff4f53732fd5f08503c9de04ee5d,1812250232babd4f14360ab1c718b63d1c1081d7050884c7c0cd2eab8ed73a1d,1812250232babd4f14360ab1c718b63d1c1081d7050884c7c0cd2eab8ed73a1d,837a4072d249d975c3f2319637bd8ee415f9eb54110bf593d0777b2a485f86ee,a1efce21815cbbd836d9a0b9f9cb7960dbdde55bdbfb665915613795477d5777,e1135bf400e915a346e4d0d0,2026-09-16T22:33:29+00:00,ta-01M2PP2CNHZF2TFVKP22RDSNXR,,,524a58d9d5784701,5b55dad2f7ee4fdcb6019085d2736720,06c98cd515fd44c3be48fa14c687a75e,d8f963afd6454b69a272509aa565a103,312524d9-e931-4999-9c46-cd242af778c5,2,2,in-01M2PP2CCYCV6P7HBQ00W1SQ34:1789615223200-0,im-Yrp2QuPKbto6qZ7JWKybDS,2026-09-17T03:20:21.376000+00:00,1789615221376,2026-09-17T03:20:21.376044+00:00,2026-09-17T03:20:46.835421+00:00,25458.998,,2026-09-17T03:20:21.058501+00:00,2026-09-17T03:20:47.574330+00:00,35.0,0,1167.398,1,ok,6.06,145.251,17571.81,836.76,1.22,49.615,0,True,True,,True,False,1,3086999,B,A,A,B,True,False,True,False,True,True,True,True,True,,1685.275791,1241.563948,1239.805538,1233.152877,1243.887047,328.371517,2.323099,243,46.950143,20.301517,28.159100000000002,29.487674399999996,33.89228045999997,0,0,0,243,4,8044936192,243,243,243,2031872,33554432,33106733.300411522,0,243,7,0,157.3065602891147,1233.1258544921875,157.3065602891147,1075.8192942030728,243,8044936192,8,33554432,268435456,4,CREATED,18,470,YES,0,0,0,,,,,,,,2132.843748,1932.103018,1930.718258,1923.006378,1934.207288,543.32088,2.10427,370,37.048688,20.603879,27.827921,30.0757215,33.561121400000005,0,0,0,370,4,12309817472,370,370,370,4894304,33554432,33269776.951351352,0,370,7,0,238.01539190858603,1923.0718994140625,238.01539190858603,1685.0565075054765,370,12309817472,8,33554432,268435456,4,CREATED,18,724,YES,0,0,0,,,,,,,1380.614115,4618.15,False,False,none,none,none->none,NEITHER,4.578901,True,1.11699,True,1685.275791,True,1380.614115,True,2132.843748,True,169.721982,True,103.224535,True,4726.512861,True,0.00917,True,530.50311,True,160.840993,True,0.3021,True,golden-p1-0-b0d11b238ecb,ab3c08a952521a2d20e2ca31a2deff3c72a45e9aacf95365e62a436cdac7104f,3086999,39,243,243,370,4.246544456518031,102
golden_p1_parallel_dual_split_b91d9573a7c644b4_evidence_2026-09-16,evidence,split,control,CLOUD_PROVIDER_AWS,eu-south-2,CLOUD_PROVIDER_AWS/eu-south-2,golden-p1-0-8cb52394d927,run_golden_parallel_stream,parallel,static_e27,b91d9573a7c644b49c550fb0105a58b3,golden_p1_parallel_dual_split,True,True,True,False,experiment,,c8bef7a9f5ebec70b4901dc54a2d83bb76f1ff4f53732fd5f08503c9de04ee5d,1812250232babd4f14360ab1c718b63d1c1081d7050884c7c0cd2eab8ed73a1d,1812250232babd4f14360ab1c718b63d1c1081d7050884c7c0cd2eab8ed73a1d,837a4072d249d975c3f2319637bd8ee415f9eb54110bf593d0777b2a485f86ee,a1efce21815cbbd836d9a0b9f9cb7960dbdde55bdbfb665915613795477d5777,e1135bf400e915a346e4d0d0,2026-09-16T22:33:29+00:00,ta-01M2P5WKBV2A6HVNAW3BXF2XTR,,,82eee1f4e2c442de,bc946505cee74810ba0a0c5a46641c44,271f6c4446e948ed89a5870bc68509c0,f7c66a49789640df92cfe4a516eb300d,b06ba8e0-ee19-43d7-be96-afb6a4a870ec,2,2,in-01M2P5V04BAF8K0BZB1YCACC8E:1789598204044-0,im-Yrp2QuPKbto6qZ7JWKybDS,2026-09-16T22:36:42.568000+00:00,1789598202568,2026-09-16T22:36:42.568295+00:00,2026-09-16T22:38:40.617405+00:00,118049.605,,2026-09-16T22:36:42.266781+00:00,2026-09-16T22:38:41.280968+00:00,35.0,0,1878.464,1,ok,6.65,565.277,18057.84,1439.74,1.48,114.587,0,True,True,,True,False,1,3086999,B,A,A,B,True,False,True,False,True,True,True,True,True,,3698.337518,1890.149233,1886.361092,1888.393794,1892.316945,370.7352,2.167712,243,445.324444,17.869878,23.386966200000003,37.3328877999999,239.8050917199991,3,0,0,243,4,8044936192,243,243,243,2031872,33554432,33106733.300411522,0,243,7,0,173.50028784945607,1888.322998046875,173.50028784945607,1714.822710197419,243,8044936192,8,33554432,268435456,4,CREATED,18,470,YES,0,0,0,445.324444,,,,,,,4307.383338,3275.447403,3272.347876,2802.840415,3278.245603,655.385425,2.7982,370,708.286154,18.3981305,24.776333700000006,34.24849330000001,474.60924529,6,3,0,370,4,12309817472,370,370,370,4894304,33554432,33269776.951351352,0,370,7,0,332.1665603220463,2802.723876953125,332.1665603220463,2470.5573166310787,370,12309817472,8,33554432,268435456,4,CREATED,18,724,YES,0,0,0,474.65179,708.286154,,,,,2220.960561,4975.361,False,False,none,none,none->none,NEITHER,5.947546,True,1.156093,True,3698.337518,True,2220.960561,True,4307.383338,True,207.084807,True,177.090287,True,5133.168258,True,0.010791,True,811.115598,True,219.280317,True,0.293875,True,golden-p1-0-8cb52394d927,ab3c08a952521a2d20e2ca31a2deff3c72a45e9aacf95365e62a436cdac7104f,3086999,39,243,243,370,5.168407190115842,23
golden_p1_parallel_dual_split_bdbc4a056d8e410d_evidence_2026-09-16,evidence,split,control,CLOUD_PROVIDER_AWS,eu-south-2,CLOUD_PROVIDER_AWS/eu-south-2,golden-p1-0-9638593aac2b,run_golden_parallel_stream,parallel,static_e27,bdbc4a056d8e410db4de99c82bf5b41e,golden_p1_parallel_dual_split,True,True,True,False,experiment,,c8bef7a9f5ebec70b4901dc54a2d83bb76f1ff4f53732fd5f08503c9de04ee5d,1812250232babd4f14360ab1c718b63d1c1081d7050884c7c0cd2eab8ed73a1d,1812250232babd4f14360ab1c718b63d1c1081d7050884c7c0cd2eab8ed73a1d,837a4072d249d975c3f2319637bd8ee415f9eb54110bf593d0777b2a485f86ee,a1efce21815cbbd836d9a0b9f9cb7960dbdde55bdbfb665915613795477d5777,e1135bf400e915a346e4d0d0,2026-09-16T22:33:29+00:00,ta-01M2P9RE6XXMJA9346TAKKPZTR,,,82eee1f4e2c442de,345d9ac2bbd542308295ff3f7c2c577a,62e3595581344457946a316b6d83c53e,0c63868401d34b78bcc2851c3942d59e,b06ba8e0-ee19-43d7-be96-afb6a4a870ec,2,2,in-01M2P9RE1JN699R0T89EVRRWDB:1789602314291-0,im-Yrp2QuPKbto6qZ7JWKybDS,2026-09-16T23:45:12.799000+00:00,1789602312799,2026-09-16T23:45:12.799395+00:00,2026-09-16T23:46:11.160364+00:00,58360.278,,2026-09-16T23:45:12.482884+00:00,2026-09-16T23:46:11.919483+00:00,35.0,0,901.812,1,ok,6.65,264.963,18057.84,550.3,1.48,113.173,0,True,True,,True,False,1,3086999,B,A,A,B,True,False,True,False,True,True,True,True,True,,2077.207801,1462.321236,1461.086114,1422.126753,1464.344798,449.195543,2.023562,243,57.20787,20.82843,27.9249754,29.434315499999997,44.31864783999986,0,0,0,243,4,8044936192,243,243,243,2031872,33554432,33106733.300411522,0,243,7,0,247.39910416677594,1422.22998046875,247.39910416677594,1174.830876301974,243,8044936192,8,33554432,268435456,4,CREATED,18,470,YES,0,0,0,,,,,,,,2149.396066,1863.751729,1862.800286,1839.406194,1865.849327,646.950839,2.097598,370,51.562595,17.471591500000002,26.281269,29.834341650000002,36.66894099,0,0,0,370,4,12309817472,370,370,370,4894304,33554432,33269776.951351352,0,370,7,0,288.57251201570034,1839.437255859375,288.57251201570034,1550.8647438436747,370,12309817472,8,33554432,268435456,4,CREATED,18,724,YES,0,0,0,,,,,,,1851.681532,4857.668,False,False,none,none,none->none,NEITHER,5.441344,True,1.224971,True,2077.207801,True,1851.681532,True,2149.396066,True,210.990861,True,150.210955,True,5012.39759,True,0.012219,True,575.665049,True,214.059658,True,0.361356,True,golden-p1-0-9638593aac2b,ab3c08a952521a2d20e2ca31a2deff3c72a45e9aacf95365e62a436cdac7104f,3086999,39,243,243,370,4.385003917514914,49
golden_p1_parallel_dual_split_bed98d4a9f624fa1_evidence_2026-09-17,evidence,split,control,CLOUD_PROVIDER_GCP,us-east1,CLOUD_PROVIDER_GCP/us-east1,golden-p1-0-4c1077909e17,run_golden_parallel_stream,parallel,static_e27,bed98d4a9f624fa1acaf5f0f5155c3bf,golden_p1_parallel_dual_split,True,True,True,False,experiment,,c8bef7a9f5ebec70b4901dc54a2d83bb76f1ff4f53732fd5f08503c9de04ee5d,1812250232babd4f14360ab1c718b63d1c1081d7050884c7c0cd2eab8ed73a1d,1812250232babd4f14360ab1c718b63d1c1081d7050884c7c0cd2eab8ed73a1d,837a4072d249d975c3f2319637bd8ee415f9eb54110bf593d0777b2a485f86ee,a1efce21815cbbd836d9a0b9f9cb7960dbdde55bdbfb665915613795477d5777,e1135bf400e915a346e4d0d0,2026-09-16T22:33:29+00:00,ta-01M2PKYR11GYV0VXT4P46B2VRR,,,524a58d9d5784701,b5978e4c89e74764a22896520d59ca81,bc270b66f3f84644a40588fe9d584d2a,cac4e7a0ee8744a9bb1db4d7eff4fc07,312524d9-e931-4999-9c46-cd242af778c5,2,2,in-01M2PKYQXRZCH2V5ZN78JCZWWF:1789613006777-0,im-Yrp2QuPKbto6qZ7JWKybDS,2026-09-17T02:43:24.896000+00:00,1789613004896,2026-09-17T02:43:24.896250+00:00,2026-09-17T02:43:49.487016+00:00,24590.297,,2026-09-17T02:43:24.574232+00:00,2026-09-17T02:43:50.694275+00:00,35.0,0,939.87,1,ok,6.06,193.814,17571.81,612.81,1.22,44.623,0,True,True,,True,False,1,3086999,B,A,A,B,True,False,True,False,True,True,True,True,True,,1865.981871,1368.971854,1353.826546,1357.543586,1372.385237,410.921574,3.413383,243,321.126571,11.436167,20.194371399999998,24.551691899999998,121.23885635999957,2,0,0,243,4,8044936192,243,243,243,2031872,33554432,33106733.300411522,0,243,7,0,195.41289588063955,1358.177001953125,195.41289588063955,1162.7641060724854,243,8044936192,8,33554432,268435456,4,CREATED,18,470,YES,0,0,0,321.126571,,,,,,,1667.969515,1468.154437,1466.9864,1456.962337,1468.860842,514.316079,0.706405,370,39.461898,15.390326,19.873091400000003,22.092622300000002,31.62746233,0,0,0,370,4,12309817472,370,370,370,4894304,33554432,33269776.951351352,0,370,7,0,250.76188787817955,1456.9354248046875,250.76188787817955,1206.173536926508,370,12309817472,8,33554432,268435456,4,CREATED,18,724,YES,0,0,0,,,,,,,1533.668301,4607.975,False,False,none,none,none->none,NEITHER,3.996637,True,2.167967,True,1865.981871,True,1533.668301,True,1667.969515,True,163.006746,True,83.789772,True,4716.463828,True,0.010921,True,606.170428,True,157.626491,True,0.433849,True,golden-p1-0-4c1077909e17,ab3c08a952521a2d20e2ca31a2deff3c72a45e9aacf95365e62a436cdac7104f,3086999,39,243,243,370,4.833798776073268,31
golden_p1_parallel_dual_split_c053d91a64684f09_evidence_2026-09-17,evidence,split,control,CLOUD_PROVIDER_GCP,us-east1,CLOUD_PROVIDER_GCP/us-east1,golden-p1-0-c55e34b7dff1,run_golden_parallel_stream,parallel,static_e27,c053d91a64684f0996db605d1e448329,golden_p1_parallel_dual_split,True,True,True,False,experiment,,c8bef7a9f5ebec70b4901dc54a2d83bb76f1ff4f53732fd5f08503c9de04ee5d,1812250232babd4f14360ab1c718b63d1c1081d7050884c7c0cd2eab8ed73a1d,1812250232babd4f14360ab1c718b63d1c1081d7050884c7c0cd2eab8ed73a1d,837a4072d249d975c3f2319637bd8ee415f9eb54110bf593d0777b2a485f86ee,a1efce21815cbbd836d9a0b9f9cb7960dbdde55bdbfb665915613795477d5777,e1135bf400e915a346e4d0d0,2026-09-16T22:33:29+00:00,ta-01M2PAVGX26QQXJ1XPY1VC6G4R,,,524a58d9d5784701,e53cf52126904f179bb7bc9cd8b5b315,b94aae19c633418bb8fdf9c4c9dc6cb1,861b97ffab644b1a85385625c5368bfe,312524d9-e931-4999-9c46-cd242af778c5,2,2,in-01M2PAVFAAHV123C3YBDYFSTWA:1789603462476-0,im-Yrp2QuPKbto6qZ7JWKybDS,2026-09-17T00:04:20.938000+00:00,1789603460938,2026-09-17T00:04:20.938115+00:00,2026-09-17T00:04:54.354528+00:00,33416.312,,2026-09-17T00:04:20.617371+00:00,2026-09-17T00:04:55.191607+00:00,35.0,0,711.791,1,ok,6.06,143.573,17571.81,367.06,1.22,38.651,0,True,True,,True,False,1,3086999,B,A,A,B,True,False,True,False,True,True,True,True,True,,1697.58067,1257.465609,1255.10885,1181.313908,1259.435417,404.401746,1.969808,243,84.785644,14.593841,28.774078200000005,56.032782199999964,78.0455535199999,0,0,0,243,4,8044936192,243,243,243,2031872,33554432,33106733.300411522,0,243,7,0,225.39024069160223,1181.32080078125,225.39024069160223,955.9305600896478,243,8044936192,8,33554432,268435456,4,CREATED,18,470,YES,0,0,0,,,,,,,,1784.434409,1581.727438,1579.014491,1574.093134,1583.785907,565.334963,2.058469,370,40.832594,15.49735,25.235436,28.77534895000001,37.15128558000001,0,0,0,370,4,12309817472,370,370,370,4894304,33554432,33269776.951351352,0,370,7,0,234.12819249927998,1574.194580078125,234.12819249927998,1340.066387578845,370,12309817472,8,33554432,268435456,4,CREATED,18,724,YES,0,0,0,,,,,,,1349.240371,4591.918,False,False,none,none,none->none,NEITHER,4.682837,True,1.11782,True,1697.58067,True,1349.240371,True,1784.434409,True,184.611893,True,104.854323,True,4699.479177,True,0.00901,True,538.357662,True,174.761427,True,0.3255,True,golden-p1-0-c55e34b7dff1,ab3c08a952521a2d20e2ca31a2deff3c72a45e9aacf95365e62a436cdac7104f,3086999,39,243,243,370,4.416635485166016,45
golden_p1_parallel_dual_split_c2288ea849724991_evidence_2026-09-17,evidence,split,control,CLOUD_PROVIDER_GCP,us-east1,CLOUD_PROVIDER_GCP/us-east1,golden-p1-0-f5508707fe42,run_golden_parallel_stream,parallel,static_e27,c2288ea8497249918f707ff04c4e0158,golden_p1_parallel_dual_split,True,True,True,False,experiment,,c8bef7a9f5ebec70b4901dc54a2d83bb76f1ff4f53732fd5f08503c9de04ee5d,1812250232babd4f14360ab1c718b63d1c1081d7050884c7c0cd2eab8ed73a1d,1812250232babd4f14360ab1c718b63d1c1081d7050884c7c0cd2eab8ed73a1d,837a4072d249d975c3f2319637bd8ee415f9eb54110bf593d0777b2a485f86ee,a1efce21815cbbd836d9a0b9f9cb7960dbdde55bdbfb665915613795477d5777,e1135bf400e915a346e4d0d0,2026-09-16T22:33:29+00:00,ta-01M2PKK3N9WZNN5BPPSHSYVNDR,,,524a58d9d5784701,189e00d811a04ea387ab29d8a7640488,0769c06e42c74b3681e11d76f1685bd2,d10594a329d5443d877fea4caeb3e2f7,312524d9-e931-4999-9c46-cd242af778c5,2,2,in-01M2PKCHJYPC5Y70RNQR06HCEG:1789612410463-0,im-Yrp2QuPKbto6qZ7JWKybDS,2026-09-17T02:33:28.677000+00:00,1789612408677,2026-09-17T02:33:28.677045+00:00,2026-09-17T02:37:42.719791+00:00,254043.258,,2026-09-17T02:33:28.368659+00:00,2026-09-17T02:37:43.407951+00:00,35.0,0,2001.796,1,ok,6.06,157.058,17571.81,1573.53,1.22,66.788,0,True,True,,True,False,1,3086999,A,B,B,A,True,False,True,False,True,True,True,True,True,,5137.022255,4434.147403,4420.252631,2655.720974,4436.393455,1760.375967,2.246052,243,1307.136218,17.490452,28.9429844,34.349191399999995,389.5396665599999,6,2,2,243,4,8044936192,243,243,243,2031872,33554432,33106733.300411522,0,243,7,0,214.3151685409248,2655.265625,214.3151685409248,2440.950456459075,243,8044936192,8,33554432,268435456,4,CREATED,18,470,YES,0,0,0,393.115518,1001.197535,1001.197535,,,,,1877.950027,1672.745244,1668.760715,1661.907599,1673.474553,531.927835,0.729309,370,246.558312,15.3825915,24.535403300000002,27.09303385,36.14503106,0,0,0,370,4,12309817472,370,370,370,4894304,33554432,33269776.951351352,0,370,7,0,237.16921618580818,,237.16921618580818,0.0,370,12309817472,8,33554432,268435456,4,CREATED,18,724,YES,0,0,0,,,,,,,2167.13284,4611.828,True,False,both,none,both->none,CLIP_SICK_ONLY,4.919767,True,1.743621,True,5137.022255,True,2167.13284,True,1877.950027,True,174.867475,True,87.71228,True,4719.472073,True,0.00983,True,593.844944,True,161.259296,True,0.322106,True,golden-p1-0-f5508707fe42,ab3c08a952521a2d20e2ca31a2deff3c72a45e9aacf95365e62a436cdac7104f,3086999,39,243,243,370,6.00515786623537,9
golden_p1_parallel_dual_split_c241c221cc334f92_evidence_2026-09-17,evidence,split,control,CLOUD_PROVIDER_GCP,us-west1,CLOUD_PROVIDER_GCP/us-west1,golden-p1-0-f18b437f0d56,run_golden_parallel_stream,parallel,static_e27,c241c221cc334f928b38ebc5e17bd5f6,golden_p1_parallel_dual_split,True,True,True,False,experiment,,c8bef7a9f5ebec70b4901dc54a2d83bb76f1ff4f53732fd5f08503c9de04ee5d,1812250232babd4f14360ab1c718b63d1c1081d7050884c7c0cd2eab8ed73a1d,1812250232babd4f14360ab1c718b63d1c1081d7050884c7c0cd2eab8ed73a1d,837a4072d249d975c3f2319637bd8ee415f9eb54110bf593d0777b2a485f86ee,a1efce21815cbbd836d9a0b9f9cb7960dbdde55bdbfb665915613795477d5777,e1135bf400e915a346e4d0d0,2026-09-16T22:33:29+00:00,ta-01M2PKWZ2MNF6N8A1QD21XTFMR,,,524a58d9d5784701,1d97ad32e39c49b58f45c339503773d6,f14032ea4cdb435d94614041271f5e91,1f32221fc80b413cb27816b828f2d4fa,312524d9-e931-4999-9c46-cd242af778c5,2,2,in-01M2PKW2EK4078F861HDX8DBW0:1789612919252-0,im-Yrp2QuPKbto6qZ7JWKybDS,2026-09-17T02:41:57.472000+00:00,1789612917472,2026-09-17T02:41:57.472389+00:00,2026-09-17T02:43:03.500044+00:00,66026.931,,2026-09-17T02:41:57.167161+00:00,2026-09-17T02:43:04.193387+00:00,35.0,0,2662.646,1,ok,6.06,1577.564,17571.81,2301.71,1.22,81.451,0,True,True,,True,False,1,3086999,B,A,A,B,True,False,True,False,True,True,True,True,True,,8926.397134,8472.700099,8465.453193,8418.5597,8474.853169,4106.865333,2.15307,243,3033.583991,12.454235,57.46491100000001,108.60527399999982,2857.1016027599994,9,9,4,243,4,8044936192,243,243,243,2031872,33554432,33106733.300411522,0,243,7,0,163.33766394853592,8418.6064453125,163.33766394853592,8255.268781363964,243,8044936192,8,33554432,268435456,4,CREATED,18,470,YES,0,0,0,663.388104,663.388104,2874.742642,,,,,2568.72712,2356.178081,2348.051364,2344.758405,2357.99977,539.776894,1.821689,370,1233.247812,10.531400999999999,28.561407000000003,45.697368000000004,90.27483093000004,2,1,1,370,4,12309817472,370,370,370,4894304,33554432,33269776.951351352,0,370,7,0,235.34304024279118,2344.76416015625,235.34304024279118,2109.421119913459,370,12309817472,8,33554432,268435456,4,CREATED,18,724,YES,0,0,0,1233.247812,1233.247812,1233.247812,,,,3277.671004,4650.784,True,True,both,preadv_only,both->preadv_only,BOTH_SICK,4.467208,True,1.030979,True,8926.397134,True,3277.671004,True,2568.72712,True,238.443499,True,191.169313,True,4761.156065,True,0.00972,True,519.705687,True,156.732899,True,0.27243,True,golden-p1-0-f18b437f0d56,ab3c08a952521a2d20e2ca31a2deff3c72a45e9aacf95365e62a436cdac7104f,3086999,39,243,243,370,6.641859703704954,1
golden_p1_parallel_dual_split_ce5b2ee8e1094551_evidence_2026-09-16,evidence,split,control,CLOUD_PROVIDER_GCP,us-central1,CLOUD_PROVIDER_GCP/us-central1,golden-p1-0-5847f34ad00d,run_golden_parallel_stream,parallel,static_e27,ce5b2ee8e1094551a7a615e7964ccb83,golden_p1_parallel_dual_split,True,True,True,False,experiment,,c8bef7a9f5ebec70b4901dc54a2d83bb76f1ff4f53732fd5f08503c9de04ee5d,1812250232babd4f14360ab1c718b63d1c1081d7050884c7c0cd2eab8ed73a1d,1812250232babd4f14360ab1c718b63d1c1081d7050884c7c0cd2eab8ed73a1d,837a4072d249d975c3f2319637bd8ee415f9eb54110bf593d0777b2a485f86ee,a1efce21815cbbd836d9a0b9f9cb7960dbdde55bdbfb665915613795477d5777,e1135bf400e915a346e4d0d0,2026-09-16T22:33:29+00:00,ta-01M2P86SMV1K86AKP7FZY0GBYR,,,524a58d9d5784701,05de771244754cd0af2f0f2c6cf6fe74,49fda8f3f0be43b284528224236ae106,904bdee01e0c4c66afbe28cc90437d44,312524d9-e931-4999-9c46-cd242af778c5,2,2,in-01M2P86SFZ41CW1XFQ4NKSCX4G:1789600687616-0,im-Yrp2QuPKbto6qZ7JWKybDS,2026-09-16T23:18:06.144000+00:00,1789600686144,2026-09-16T23:18:06.144102+00:00,2026-09-16T23:18:31.423535+00:00,25279.613,,2026-09-16T23:18:05.785715+00:00,2026-09-16T23:18:32.149292+00:00,35.0,0,862.549,1,ok,6.06,136.083,17571.81,559.33,1.22,43.905,0,True,True,,True,False,1,3086999,B,A,A,B,True,False,True,False,True,True,True,True,True,,1581.132519,1131.495301,1129.064611,1121.349496,1133.41258,370.043061,1.917279,243,35.453674,17.959051,25.653354000000004,27.71430099999999,34.26181798,0,0,0,243,4,8044936192,243,243,243,2031872,33554432,33106733.300411522,0,243,7,0,177.5511360168457,1121.320068359375,177.5511360168457,943.7689323425293,243,8044936192,8,33554432,268435456,4,CREATED,18,470,YES,0,0,0,,,,,,,,1860.151415,1653.32433,1651.369262,1645.976913,1655.964399,524.52433,2.640069,370,50.561777,16.772347500000002,25.334785,27.179787000000005,35.48256809000001,0,0,0,370,4,12309817472,370,370,370,4894304,33554432,33269776.951351352,0,370,7,0,236.23993621766567,1646.048095703125,236.23993621766567,1409.8081594854593,370,12309817472,8,33554432,268435456,4,CREATED,18,724,YES,0,0,0,,,,,,,1309.100645,4572.35,False,False,none,none,none->none,NEITHER,4.241858,True,1.06326,True,1581.132519,True,1309.100645,True,1860.151415,True,188.893174,True,111.014919,True,4678.816408,True,0.00954,True,520.497782,True,158.352418,True,0.37846,True,golden-p1-0-5847f34ad00d,ab3c08a952521a2d20e2ca31a2deff3c72a45e9aacf95365e62a436cdac7104f,3086999,39,243,243,370,4.136760147033277,128
golden_p1_parallel_dual_split_cf2457d581534cde_evidence_2026-09-17,evidence,split,control,CLOUD_PROVIDER_AWS,eu-south-2,CLOUD_PROVIDER_AWS/eu-south-2,golden-p1-0-9ea42fdf37d7,run_golden_parallel_stream,parallel,static_e27,cf2457d581534cde891bcf8a14d49632,golden_p1_parallel_dual_split,True,True,True,False,experiment,,c8bef7a9f5ebec70b4901dc54a2d83bb76f1ff4f53732fd5f08503c9de04ee5d,1812250232babd4f14360ab1c718b63d1c1081d7050884c7c0cd2eab8ed73a1d,1812250232babd4f14360ab1c718b63d1c1081d7050884c7c0cd2eab8ed73a1d,837a4072d249d975c3f2319637bd8ee415f9eb54110bf593d0777b2a485f86ee,a1efce21815cbbd836d9a0b9f9cb7960dbdde55bdbfb665915613795477d5777,e1135bf400e915a346e4d0d0,2026-09-16T22:33:29+00:00,ta-01M2PNGKMJRP2V1R7908796NPR,,,82eee1f4e2c442de,e6267154c9da46bca8a7918a289006d3,ac9dde43151f4562846e62441162f784,4ecbc305e6f6496ea2f985209e42a69a,b06ba8e0-ee19-43d7-be96-afb6a4a870ec,2,2,in-01M2PNAMZYG4Q2Z2452KV32C7P:1789614445568-0,im-Yrp2QuPKbto6qZ7JWKybDS,2026-09-17T03:07:23.701000+00:00,1789614443701,2026-09-17T03:07:23.701166+00:00,2026-09-17T03:11:08.358466+00:00,224656.692,,2026-09-17T03:07:23.321065+00:00,2026-09-17T03:11:09.069054+00:00,35.0,0,1204.318,1,ok,6.65,261.816,18057.84,825.71,1.48,112.981,0,True,True,,True,False,1,3086999,B,A,A,B,True,False,True,False,True,True,True,True,True,,2004.647197,1394.351176,1392.350698,1368.614667,1396.09893,461.53475,1.747754,243,35.442255,20.254427,25.6533328,28.380453599999996,34.18924424,0,0,0,243,4,8044936192,243,243,243,2031872,33554432,33106733.300411522,0,243,7,0,235.74608056247234,1368.5364990234375,235.74608056247234,1132.7904184609652,243,8044936192,8,33554432,268435456,4,CREATED,18,470,YES,0,0,0,,,,,,,,2469.434739,2183.752286,2183.486016,2155.492808,2185.771293,700.470262,2.019007,370,56.826972,21.9409995,26.8323069,28.84801345,40.82462798000002,0,0,0,370,4,12309817472,370,370,370,4894304,33554432,33269776.951351352,0,370,7,0,367.6039680764079,2155.528076171875,367.6039680764079,1787.924108095467,370,12309817472,8,33554432,268435456,4,CREATED,18,724,YES,0,0,0,,,,,,,1886.920405,4983.51,False,False,none,none,none->none,NEITHER,6.095624,True,1.211533,True,2004.647197,True,1886.920405,True,2469.434739,True,223.009306,True,164.010709,True,5138.734154,True,0.011028,True,589.677178,True,216.390654,True,0.389618,True,golden-p1-0-9ea42fdf37d7,ab3c08a952521a2d20e2ca31a2deff3c72a45e9aacf95365e62a436cdac7104f,3086999,39,243,243,370,4.234257638005988,106
golden_p1_parallel_dual_split_dd943373b79e424b_evidence_2026-09-16,evidence,split,control,CLOUD_PROVIDER_GCP,us-central1,CLOUD_PROVIDER_GCP/us-central1,golden-p1-0-820634ee0c50,run_golden_parallel_stream,parallel,static_e27,dd943373b79e424bb975aa294ed4ab1d,golden_p1_parallel_dual_split,True,True,True,False,experiment,,c8bef7a9f5ebec70b4901dc54a2d83bb76f1ff4f53732fd5f08503c9de04ee5d,1812250232babd4f14360ab1c718b63d1c1081d7050884c7c0cd2eab8ed73a1d,1812250232babd4f14360ab1c718b63d1c1081d7050884c7c0cd2eab8ed73a1d,837a4072d249d975c3f2319637bd8ee415f9eb54110bf593d0777b2a485f86ee,a1efce21815cbbd836d9a0b9f9cb7960dbdde55bdbfb665915613795477d5777,e1135bf400e915a346e4d0d0,2026-09-16T22:33:29+00:00,ta-01M2P8FB9418Z46EEJN83R7DSR,,,524a58d9d5784701,97578e9e26274c57a1a30f65593224ea,1d851b5f35f84d398171004c03112e7c,5255c97af0b14a8fbb470b52765866be,312524d9-e931-4999-9c46-cd242af778c5,2,2,in-01M2P8FAWMWRWGYSWBHKWJPD9M:1789600967573-0,im-Yrp2QuPKbto6qZ7JWKybDS,2026-09-16T23:22:46.059000+00:00,1789600966059,2026-09-16T23:22:46.059025+00:00,2026-09-16T23:23:10.662107+00:00,24603.301,,2026-09-16T23:22:45.745483+00:00,2026-09-16T23:23:11.364318+00:00,35.0,0,836.631,1,ok,6.06,200.473,17571.81,524.03,1.22,51.085,0,True,True,,True,False,1,3086999,B,A,A,B,True,False,True,False,True,True,True,True,True,,1747.745086,1305.099248,1303.284937,1297.495295,1307.329167,345.207287,2.229919,243,49.783886,21.230722,26.690185,27.562253300000002,31.603477379999962,0,0,0,243,4,8044936192,243,243,243,2031872,33554432,33106733.300411522,0,243,7,0,163.49603170529008,1297.4830322265625,163.49603170529008,1133.9870005212724,243,8044936192,8,33554432,268435456,4,CREATED,18,470,YES,0,0,0,,,,,,,,1630.343024,1431.386145,1429.988065,1422.765595,1433.329405,532.211955,1.94326,370,72.268209,13.2771245,20.172685,24.244974000000006,51.351773400000006,0,0,0,370,4,12309817472,370,370,370,4894304,33554432,33269776.951351352,0,370,7,0,250.6386563628912,1422.8377685546875,250.6386563628912,1172.1991121917963,370,12309817472,8,33554432,268435456,4,CREATED,18,724,YES,0,0,0,,,,,,,1368.867782,4613.731,False,False,none,none,none->none,NEITHER,4.25799,True,1.19758,True,1747.745086,True,1368.867782,True,1630.343024,True,139.004588,True,89.940399,True,4717.949036,True,0.0094,True,514.759645,True,157.432761,True,0.28082,True,golden-p1-0-820634ee0c50,ab3c08a952521a2d20e2ca31a2deff3c72a45e9aacf95365e62a436cdac7104f,3086999,39,243,243,370,4.280466561691505,88
golden_p1_parallel_dual_split_e16db783d5f747a1_evidence_2026-09-17,evidence,split,control,CLOUD_PROVIDER_AWS,us-east-2,CLOUD_PROVIDER_AWS/us-east-2,golden-p1-0-086561d7f5f6,run_golden_parallel_stream,parallel,static_e27,e16db783d5f747a1baf8ec27bbf48211,golden_p1_parallel_dual_split,True,True,True,False,experiment,,c8bef7a9f5ebec70b4901dc54a2d83bb76f1ff4f53732fd5f08503c9de04ee5d,1812250232babd4f14360ab1c718b63d1c1081d7050884c7c0cd2eab8ed73a1d,1812250232babd4f14360ab1c718b63d1c1081d7050884c7c0cd2eab8ed73a1d,837a4072d249d975c3f2319637bd8ee415f9eb54110bf593d0777b2a485f86ee,a1efce21815cbbd836d9a0b9f9cb7960dbdde55bdbfb665915613795477d5777,e1135bf400e915a346e4d0d0,2026-09-16T22:33:29+00:00,ta-01M2PP6NSW01999GNNCER8YQNR,,,82eee1f4e2c442de,ca0fb5969c45465485b3a887cbab9dcf,500e52d3b32c449ca13d872f483e707a,8b52579043bf4022963e7a98faa9e48f,b06ba8e0-ee19-43d7-be96-afb6a4a870ec,2,2,in-01M2PP6F5D2F59ZMH4GJ3GPV59:1789615357103-0,im-Yrp2QuPKbto6qZ7JWKybDS,2026-09-17T03:22:35.112000+00:00,1789615355112,2026-09-17T03:22:35.112832+00:00,2026-09-17T03:23:11.122831+00:00,36009.724,,2026-09-17T03:22:34.721331+00:00,2026-09-17T03:23:12.143332+00:00,35.0,0,790.313,1,ok,6.65,107.274,18057.84,443.99,1.48,33.156,0,True,True,,True,False,1,3086999,A,B,B,A,True,False,True,False,True,True,True,True,True,,2030.592365,1379.75206,1377.587136,1356.838095,1381.520147,343.228171,1.768087,243,36.99708,19.610653,26.8153654,28.915903399999998,31.31978927999999,0,0,0,243,4,8044936192,243,243,243,2031872,33554432,33106733.300411522,0,243,7,0,208.73171159625053,1356.8421630859375,208.73171159625053,1148.110451489687,243,8044936192,8,33554432,268435456,4,CREATED,18,470,YES,0,0,0,,,,,,,,2260.612393,1970.78595,1969.875811,1936.284519,1971.548534,577.338891,0.762584,370,48.202787,19.2787935,25.566749400000003,29.562108850000005,33.88363152000001,0,0,0,370,4,12309817472,370,370,370,4894304,33554432,33269776.951351352,0,370,7,0,266.05667151510715,1936.30908203125,266.05667151510715,1670.2524105161428,370,12309817472,8,33554432,268435456,4,CREATED,18,724,YES,0,0,0,,,,,,,1919.965454,4851.759,False,False,none,none,none->none,NEITHER,5.384447,True,1.238064,True,2030.592365,True,1919.965454,True,2260.612393,True,236.347382,True,161.803613,True,5005.375815,True,0.01068,True,571.484605,True,218.914097,True,0.258567,True,golden-p1-0-086561d7f5f6,ab3c08a952521a2d20e2ca31a2deff3c72a45e9aacf95365e62a436cdac7104f,3086999,39,243,243,370,4.2483646559509864,101
golden_p1_parallel_dual_split_e2bed66efe6448ca_evidence_2026-09-17,evidence,split,control,CLOUD_PROVIDER_AWS,us-east-1,CLOUD_PROVIDER_AWS/us-east-1,golden-p1-0-e0ddcc0aee55,run_golden_parallel_stream,parallel,static_e27,e2bed66efe6448ca87da45782181225c,golden_p1_parallel_dual_split,True,True,True,False,experiment,,c8bef7a9f5ebec70b4901dc54a2d83bb76f1ff4f53732fd5f08503c9de04ee5d,1812250232babd4f14360ab1c718b63d1c1081d7050884c7c0cd2eab8ed73a1d,1812250232babd4f14360ab1c718b63d1c1081d7050884c7c0cd2eab8ed73a1d,837a4072d249d975c3f2319637bd8ee415f9eb54110bf593d0777b2a485f86ee,a1efce21815cbbd836d9a0b9f9cb7960dbdde55bdbfb665915613795477d5777,e1135bf400e915a346e4d0d0,2026-09-16T22:33:29+00:00,ta-01M2PASYSCF2N8HTVTMKCYMADR,,,82eee1f4e2c442de,11374deaefc1483aa3ca293fde3a8e5c,cd79914fef4e437186f84a7f3d0e2ab7,fcdba31cf4444741a6592eaa0cb3c6b5,b06ba8e0-ee19-43d7-be96-afb6a4a870ec,2,2,in-01M2PASH81RX2HRVJ08DR8TP1F:1789603398913-0,im-Yrp2QuPKbto6qZ7JWKybDS,2026-09-17T00:03:17.368000+00:00,1789603397368,2026-09-17T00:03:17.368999+00:00,2026-09-17T00:03:57.817006+00:00,40447.596,,2026-09-17T00:03:17.037526+00:00,2026-09-17T00:03:58.637868+00:00,35.0,0,746.369,1,ok,6.65,71.423,18057.84,376.76,1.48,25.542,0,True,True,,True,False,1,3086999,A,B,B,A,True,False,True,False,True,True,True,True,True,,2110.174193,1448.498316,1446.074985,1425.839955,1450.96384,484.845572,2.465524,243,47.746158,22.357065,25.721182000000002,26.8240475,41.79034593999982,0,0,0,243,4,8044936192,243,243,243,2031872,33554432,33106733.300411522,0,243,7,0,242.28153713420033,1425.7513427734375,242.28153713420033,1183.4698056392372,243,8044936192,8,33554432,268435456,4,CREATED,18,470,YES,0,0,0,,,,,,,,2460.448283,2167.637932,2165.946311,2145.14827,2170.372358,734.372046,2.734426,370,44.796159,21.756080500000003,26.6354626,28.54545035,33.14385714,0,0,0,370,4,12309817472,370,370,370,4894304,33554432,33269776.951351352,0,370,7,0,402.68383863568306,2145.171875,402.68383863568306,1742.488036364317,370,12309817472,8,33554432,268435456,4,CREATED,18,724,YES,0,0,0,,,,,,,1895.492033,4917.284,False,False,none,none,none->none,NEITHER,6.012292,True,2.476823,True,2110.174193,True,1895.492033,True,2460.448283,True,243.370073,True,170.78119,True,5074.42786,True,0.011575,True,727.381205,True,220.302354,True,0.355925,True,golden-p1-0-e0ddcc0aee55,ab3c08a952521a2d20e2ca31a2deff3c72a45e9aacf95365e62a436cdac7104f,3086999,39,243,243,370,4.337460668180851,64
golden_p1_parallel_dual_split_e489f2729b1c40fb_evidence_2026-09-17,evidence,split,control,CLOUD_PROVIDER_GCP,us-west1,CLOUD_PROVIDER_GCP/us-west1,golden-p1-0-813f62916c5d,run_golden_parallel_stream,parallel,static_e27,e489f2729b1c40fb9013a100be4e9fb7,golden_p1_parallel_dual_split,True,True,True,False,experiment,,c8bef7a9f5ebec70b4901dc54a2d83bb76f1ff4f53732fd5f08503c9de04ee5d,1812250232babd4f14360ab1c718b63d1c1081d7050884c7c0cd2eab8ed73a1d,1812250232babd4f14360ab1c718b63d1c1081d7050884c7c0cd2eab8ed73a1d,837a4072d249d975c3f2319637bd8ee415f9eb54110bf593d0777b2a485f86ee,a1efce21815cbbd836d9a0b9f9cb7960dbdde55bdbfb665915613795477d5777,e1135bf400e915a346e4d0d0,2026-09-16T22:33:29+00:00,ta-01M2PPMBGPR4XN17YX1R5HSNJR,,,524a58d9d5784701,66654856d3324363a57c1114568b3daa,8c08da7419834e1498a0696912887ccc,d8a0114f21e44bfcb3454eeb05b72088,312524d9-e931-4999-9c46-cd242af778c5,2,2,in-01M2PPMBBR6ZREBM8RNYNQG78Z:1789615811961-0,im-Yrp2QuPKbto6qZ7JWKybDS,2026-09-17T03:30:09.897000+00:00,1789615809897,2026-09-17T03:30:09.897832+00:00,2026-09-17T03:30:42.758330+00:00,32860.342,,2026-09-17T03:30:09.392832+00:00,2026-09-17T03:30:43.828331+00:00,35.0,0,2043.653,1,ok,6.06,304.71,17571.81,1718.65,1.22,103.173,0,True,True,,True,False,1,3086999,B,A,A,B,True,False,True,False,True,True,True,True,True,,1498.615604,1078.773839,1078.0893,1054.478198,1080.610008,333.142243,1.836169,243,43.947233,16.870164,23.493411200000004,25.5443401,34.107611019999986,0,0,0,243,4,8044936192,243,243,243,2031872,33554432,33106733.300411522,0,243,7,0,175.3461431823671,,175.3461431823671,0.0,243,8044936192,8,33554432,268435456,4,CREATED,18,470,YES,0,0,0,,,,,,,,3260.377001,3064.52915,3061.063921,3055.256724,3065.43672,780.447318,0.90757,370,796.008264,16.1525685,38.4991791,75.41800990000006,322.8305435200007,4,4,0,370,4,12309817472,370,370,370,4894304,33554432,33269776.951351352,0,370,7,0,301.96959978342056,3055.341064453125,301.96959978342056,2753.3714646697044,370,12309817472,8,33554432,268435456,4,CREATED,18,724,YES,0,0,0,796.008264,796.008264,,,,,1283.88807,4810.617,False,False,none,none,none->none,NEITHER,4.407718,True,1.04404,True,1498.615604,True,1283.88807,True,3260.377001,True,350.368718,True,354.872986,True,4963.90383,True,0.0104,True,623.882312,True,158.152049,True,0.2611,True,golden-p1-0-813f62916c5d,ab3c08a952521a2d20e2ca31a2deff3c72a45e9aacf95365e62a436cdac7104f,3086999,39,243,243,370,4.174487639118307,118
golden_p1_parallel_dual_split_ea41e04c938b4d37_evidence_2026-09-16,evidence,split,control,CLOUD_PROVIDER_GCP,us-east1,CLOUD_PROVIDER_GCP/us-east1,golden-p1-0-1742b7c9b560,run_golden_parallel_stream,parallel,static_e27,ea41e04c938b4d37bcbdb0e88cc64a89,golden_p1_parallel_dual_split,True,True,True,False,experiment,,c8bef7a9f5ebec70b4901dc54a2d83bb76f1ff4f53732fd5f08503c9de04ee5d,1812250232babd4f14360ab1c718b63d1c1081d7050884c7c0cd2eab8ed73a1d,1812250232babd4f14360ab1c718b63d1c1081d7050884c7c0cd2eab8ed73a1d,837a4072d249d975c3f2319637bd8ee415f9eb54110bf593d0777b2a485f86ee,a1efce21815cbbd836d9a0b9f9cb7960dbdde55bdbfb665915613795477d5777,e1135bf400e915a346e4d0d0,2026-09-16T22:33:29+00:00,ta-01M2P96BH8ZNZMS19PE815S7QR,,,524a58d9d5784701,8fded0ab5f4d4042a5f3332ae6477a02,2c473f59f6e046b0b57420381f6887bc,ef2b475e7bda4ca9b5f0a53a954022c6,312524d9-e931-4999-9c46-cd242af778c5,2,2,in-01M2P96BEBHK802QF3B25XX9HG:1789601721804-0,im-Yrp2QuPKbto6qZ7JWKybDS,2026-09-16T23:35:20.267000+00:00,1789601720267,2026-09-16T23:35:20.267085+00:00,2026-09-16T23:35:49.160999+00:00,28893.893,,2026-09-16T23:35:19.956168+00:00,2026-09-16T23:35:49.902923+00:00,35.0,0,943.094,1,ok,6.06,129.523,17571.81,494.53,1.22,43.044,0,True,True,,True,False,1,3086999,A,B,B,A,True,False,True,False,True,True,True,True,True,,2598.543061,2079.021459,2068.462,2066.679068,2081.746018,433.338336,2.724559,243,1450.927682,8.600899,13.455737200000002,26.20068799999994,454.84520597999926,6,2,2,243,4,8044936192,243,243,243,2031872,33554432,33106733.300411522,0,243,7,0,175.90201627463102,2066.62109375,175.90201627463102,1890.719077475369,243,8044936192,8,33554432,268435456,4,CREATED,18,470,YES,0,0,0,328.885797,1450.927682,1450.927682,,,,,1747.419444,1546.549707,1542.832877,1538.482937,1548.470437,499.613184,1.92073,370,39.224459,15.1046945,23.397291000000003,27.069880050000002,34.382079100000006,0,0,0,370,4,12309817472,370,370,370,4894304,33554432,33269776.951351352,0,370,7,0,261.88352024555206,1538.5380859375,261.88352024555206,1276.654565691948,370,12309817472,8,33554432,268435456,4,CREATED,18,724,YES,0,0,0,,,,,,,1474.715996,4560.792,True,False,preadv_only,none,preadv_only->none,CLIP_SICK_ONLY,4.57874,True,2.0833,True,2598.543061,True,1474.715996,True,1747.419444,True,200.158076,True,1453.140744,True,4669.579102,True,0.00977,True,522.116841,True,160.892227,True,0.24505,True,golden-p1-0-1742b7c9b560,ab3c08a952521a2d20e2ca31a2deff3c72a45e9aacf95365e62a436cdac7104f,3086999,39,243,243,370,5.732119252730617,14
golden_p1_parallel_dual_split_ebc1f49ba9844e3b_evidence_2026-09-16,evidence,split,control,CLOUD_PROVIDER_GCP,us-central1,CLOUD_PROVIDER_GCP/us-central1,golden-p1-0-b42ae3093492,run_golden_parallel_stream,parallel,static_e27,ebc1f49ba9844e3bbaad313b0dc98f09,golden_p1_parallel_dual_split,True,True,True,False,experiment,,c8bef7a9f5ebec70b4901dc54a2d83bb76f1ff4f53732fd5f08503c9de04ee5d,1812250232babd4f14360ab1c718b63d1c1081d7050884c7c0cd2eab8ed73a1d,1812250232babd4f14360ab1c718b63d1c1081d7050884c7c0cd2eab8ed73a1d,837a4072d249d975c3f2319637bd8ee415f9eb54110bf593d0777b2a485f86ee,a1efce21815cbbd836d9a0b9f9cb7960dbdde55bdbfb665915613795477d5777,e1135bf400e915a346e4d0d0,2026-09-16T22:33:29+00:00,ta-01M2P93G613ZGNVRZ3QZCGEKNR,,,524a58d9d5784701,e0728759ac3b4af8b78bd5f4acba57a9,cf9f584805b64ffeaa628fb2c94b9fd3,2dd96b86ae65403ebd209039305f9b89,312524d9-e931-4999-9c46-cd242af778c5,2,2,in-01M2P93G2V10ZSTQXFPQH2SQ12:1789601628252-0,im-Yrp2QuPKbto6qZ7JWKybDS,2026-09-16T23:33:46.744000+00:00,1789601626744,2026-09-16T23:33:46.744971+00:00,2026-09-16T23:34:11.188641+00:00,24443.727,,2026-09-16T23:33:46.435085+00:00,2026-09-16T23:34:11.899805+00:00,35.0,0,763.003,1,ok,6.06,142.9,17571.81,412.75,1.22,58.358,0,True,True,,True,False,1,3086999,B,A,A,B,True,False,True,False,True,True,True,True,True,,1313.09246,873.755001,871.127211,865.586305,876.289359,377.078869,2.534358,243,28.338654,13.526232,16.648186000000003,17.651908999999993,25.909898199999983,0,0,0,243,4,8044936192,243,243,243,2031872,33554432,33106733.300411522,0,243,7,0,193.25871966779232,865.51953125,193.25871966779232,672.2608115822077,243,8044936192,8,33554432,268435456,4,CREATED,18,470,YES,0,0,0,,,,,,,,1557.550788,1361.123785,1359.659196,1349.331592,1363.410144,493.008014,2.286359,370,38.872618,14.337957,18.8347799,19.597065,20.88812349,0,0,0,370,4,12309817472,370,370,370,4894304,33554432,33269776.951351352,0,370,7,0,267.1286717504263,1349.3048095703125,267.1286717504263,1082.1761378198862,370,12309817472,8,33554432,268435456,4,CREATED,18,724,YES,0,0,0,,,,,,,1375.442743,4558.195,False,False,none,none,none->none,NEITHER,3.880848,True,1.330429,True,1313.09246,True,1375.442743,True,1557.550788,True,161.967682,True,77.929328,True,4665.106929,True,0.00926,True,530.355929,True,158.789863,True,0.26288,True,golden-p1-0-b42ae3093492,ab3c08a952521a2d20e2ca31a2deff3c72a45e9aacf95365e62a436cdac7104f,3086999,39,243,243,370,3.9847941090679404,142
golden_p1_parallel_dual_split_edd02e467b584538_evidence_2026-09-17,evidence,split,control,CLOUD_PROVIDER_GCP,us-central1,CLOUD_PROVIDER_GCP/us-central1,golden-p1-0-0c642e4dc5a7,run_golden_parallel_stream,parallel,static_e27,edd02e467b584538a813a6e8001d7ede,golden_p1_parallel_dual_split,True,True,True,False,experiment,,c8bef7a9f5ebec70b4901dc54a2d83bb76f1ff4f53732fd5f08503c9de04ee5d,1812250232babd4f14360ab1c718b63d1c1081d7050884c7c0cd2eab8ed73a1d,1812250232babd4f14360ab1c718b63d1c1081d7050884c7c0cd2eab8ed73a1d,837a4072d249d975c3f2319637bd8ee415f9eb54110bf593d0777b2a485f86ee,a1efce21815cbbd836d9a0b9f9cb7960dbdde55bdbfb665915613795477d5777,e1135bf400e915a346e4d0d0,2026-09-16T22:33:29+00:00,ta-01M2PNPYHZ69KV03Q7M7FS6ECR,,,524a58d9d5784701,2cdca6f01ea94a8fba34e313674e120a,84683888ead9463b995175b5d6db15e6,40ee638fe611421885d2f86f0adb5ac6,312524d9-e931-4999-9c46-cd242af778c5,2,2,in-01M2PNPYB07XWT5J73NMDXD86A:1789614848353-0,im-Yrp2QuPKbto6qZ7JWKybDS,2026-09-17T03:14:06.512000+00:00,1789614846512,2026-09-17T03:14:06.512556+00:00,2026-09-17T03:14:30.020249+00:00,23507.401,,2026-09-17T03:14:06.197725+00:00,2026-09-17T03:14:30.688287+00:00,35.0,0,853.478,1,ok,6.06,129.004,17571.81,518.13,1.22,43.285,0,True,True,,True,False,1,3086999,A,B,B,A,True,False,True,False,True,True,True,True,True,,1420.017485,986.366992,984.469702,978.895535,988.101922,344.285997,1.73493,243,41.095417,13.886306,25.240896000000006,32.508172099999975,39.48853819999999,0,0,0,243,4,8044936192,243,243,243,2031872,33554432,33106733.300411522,0,243,7,0,169.56627156585455,978.8735961914062,169.56627156585455,809.3073246255517,243,8044936192,8,33554432,268435456,4,CREATED,18,470,YES,0,0,0,,,,,,,,1603.817306,1402.894573,1401.491603,1395.151596,1404.633222,492.000351,1.738649,370,54.518997,13.3915145,20.3725831,28.86968455,37.993660590000005,0,0,0,370,4,12309817472,370,370,370,4894304,33554432,33269776.951351352,0,370,7,0,228.52374385297298,1395.112548828125,228.52374385297298,1166.588804975152,370,12309817472,8,33554432,268435456,4,CREATED,18,724,YES,0,0,0,,,,,,,1215.939414,4592.156,False,False,none,none,none->none,NEITHER,3.667439,True,1.151989,True,1420.017485,True,1215.939414,True,1603.817306,True,145.348928,True,82.700314,True,4699.959799,True,0.01079,True,521.110056,True,159.449241,True,0.32167,True,golden-p1-0-0c642e4dc5a7,ab3c08a952521a2d20e2ca31a2deff3c72a45e9aacf95365e62a436cdac7104f,3086999,39,243,243,370,4.127596630191589,130
golden_p1_parallel_dual_split_ee642a44adec4597_evidence_2026-09-16,evidence,split,control,CLOUD_PROVIDER_AWS,eu-south-2,CLOUD_PROVIDER_AWS/eu-south-2,golden-p1-0-4b3254147d4a,run_golden_parallel_stream,parallel,static_e27,ee642a44adec4597bad967902845725f,golden_p1_parallel_dual_split,True,True,True,False,experiment,,c8bef7a9f5ebec70b4901dc54a2d83bb76f1ff4f53732fd5f08503c9de04ee5d,1812250232babd4f14360ab1c718b63d1c1081d7050884c7c0cd2eab8ed73a1d,1812250232babd4f14360ab1c718b63d1c1081d7050884c7c0cd2eab8ed73a1d,837a4072d249d975c3f2319637bd8ee415f9eb54110bf593d0777b2a485f86ee,a1efce21815cbbd836d9a0b9f9cb7960dbdde55bdbfb665915613795477d5777,e1135bf400e915a346e4d0d0,2026-09-16T22:33:29+00:00,ta-01M2P6645PH9ABR6HJ7ABEGFJR,,,82eee1f4e2c442de,b1ce568615924ed9bea1a4d05440c0f7,20efb642951d479584f3161226789ff5,da4f8183dc2d48fd823cdd7b1a10e74d,b06ba8e0-ee19-43d7-be96-afb6a4a870ec,2,2,in-01M2P660PSTNKJCJY9NNVYMCJQ:1789598565083-0,im-Yrp2QuPKbto6qZ7JWKybDS,2026-09-16T22:42:43.613000+00:00,1789598563613,2026-09-16T22:42:43.613344+00:00,2026-09-16T22:43:18.263584+00:00,34650.622,,2026-09-16T22:42:43.286169+00:00,2026-09-16T22:43:18.967367+00:00,35.0,0,3290.206,1,ok,6.65,0.0,18057.84,1116.81,1.48,312.66,0,True,True,,True,False,1,3086999,A,B,B,A,True,False,True,False,True,True,True,True,True,,2165.776475,1556.575693,1554.824437,1517.801555,1559.234685,439.286685,2.658992,243,43.402109,23.831966,31.539385799999998,32.564768799999996,39.34242943999999,0,0,0,243,4,8044936192,243,243,243,2031872,33554432,33106733.300411522,0,243,7,0,233.68975938484073,1517.7056884765625,233.68975938484073,1284.0159290917218,243,8044936192,8,33554432,268435456,4,CREATED,18,470,YES,0,0,0,,,,,,,,2485.936012,2197.913202,2195.985999,2174.157827,2200.135612,675.070706,2.22241,370,55.888395,21.936432,28.0079443,29.395938150000003,34.36829823000001,0,0,0,370,4,12309817472,370,370,370,4894304,33554432,33269776.951351352,0,370,7,0,351.44297644495964,2174.184814453125,351.44297644495964,1822.7418380081654,370,12309817472,8,33554432,268435456,4,CREATED,18,724,YES,0,0,0,,,,,,,1940.109763,4842.906,False,False,none,none,none->none,NEITHER,6.035473,True,1.230001,True,2165.776475,True,1940.109763,True,2485.936012,True,223.590107,True,154.874635,True,4999.499957,True,0.014928,True,576.864894,True,216.149101,True,0.337333,True,golden-p1-0-4b3254147d4a,ab3c08a952521a2d20e2ca31a2deff3c72a45e9aacf95365e62a436cdac7104f,3086999,39,243,243,370,4.3284930683627225,69
golden_p1_parallel_dual_split_ef46ec04cd784245_evidence_2026-09-16,evidence,split,control,CLOUD_PROVIDER_GCP,us-south1,CLOUD_PROVIDER_GCP/us-south1,golden-p1-0-fc03c6c814e9,run_golden_parallel_stream,parallel,static_e27,ef46ec04cd784245a90461f2e1581f38,golden_p1_parallel_dual_split,True,True,True,False,experiment,,c8bef7a9f5ebec70b4901dc54a2d83bb76f1ff4f53732fd5f08503c9de04ee5d,1812250232babd4f14360ab1c718b63d1c1081d7050884c7c0cd2eab8ed73a1d,1812250232babd4f14360ab1c718b63d1c1081d7050884c7c0cd2eab8ed73a1d,837a4072d249d975c3f2319637bd8ee415f9eb54110bf593d0777b2a485f86ee,a1efce21815cbbd836d9a0b9f9cb7960dbdde55bdbfb665915613795477d5777,e1135bf400e915a346e4d0d0,2026-09-16T22:33:29+00:00,ta-01M2P6Y21Z9J34DVTTKPGK13BR,,,524a58d9d5784701,05dfd41e17384a7f897e93c0b7b3f32f,7d7a4f78f0ba459fb86400e5917aceb1,2758874b3eb748989e55b0a444913e94,312524d9-e931-4999-9c46-cd242af778c5,2,2,in-01M2P6Y1T23CXY4DATF95W2761:1789599352643-0,im-Yrp2QuPKbto6qZ7JWKybDS,2026-09-16T22:55:51.187000+00:00,1789599351187,2026-09-16T22:55:51.187127+00:00,2026-09-16T22:56:18.895719+00:00,27708.852,,2026-09-16T22:55:50.872027+00:00,2026-09-16T22:56:19.597799+00:00,35.0,0,992.637,1,ok,6.06,144.471,17571.81,640.36,1.22,204.163,0,True,True,,True,False,1,3086999,A,B,B,A,True,False,True,False,True,True,True,True,True,,1699.248603,1227.769012,1225.468812,1216.784344,1230.072482,374.977089,2.30347,243,93.142875,17.412477,28.770547000000004,33.830475,72.67109521999998,0,0,0,243,4,8044936192,243,243,243,2031872,33554432,33106733.300411522,0,243,7,0,178.60675240308046,1216.789306640625,178.60675240308046,1038.1825542375445,243,8044936192,8,33554432,268435456,4,CREATED,18,470,YES,0,0,0,,,,,,,,2090.803906,1886.07228,1883.985032,1874.515892,1886.80413,568.601707,0.73185,370,40.229573,18.9493765,29.549927,31.808474000000004,36.7935775,0,0,0,370,4,12309817472,370,370,370,4894304,33554432,33269776.951351352,0,370,7,0,259.6908797323704,1874.595458984375,259.6908797323704,1614.9045792520046,370,12309817472,8,33554432,268435456,4,CREATED,18,724,YES,0,0,0,,,,,,,1378.842146,4603.772,False,False,none,none,none->none,NEITHER,4.252399,True,1.26193,True,1699.248603,True,1378.842146,True,2090.803906,True,178.72538,True,556.524215,True,4713.73782,True,0.01044,True,587.483609,True,170.527391,True,0.30539,True,golden-p1-0-fc03c6c814e9,ab3c08a952521a2d20e2ca31a2deff3c72a45e9aacf95365e62a436cdac7104f,3086999,39,243,243,370,4.440064972436651,42
golden_p1_parallel_dual_split_efbb9cf9401842f2_evidence_2026-09-17,evidence,split,control,CLOUD_PROVIDER_GCP,us-east1,CLOUD_PROVIDER_GCP/us-east1,golden-p1-0-d8df15190c1e,run_golden_parallel_stream,parallel,static_e27,efbb9cf9401842f2b8280fff3b2c1eec,golden_p1_parallel_dual_split,True,True,True,False,experiment,,c8bef7a9f5ebec70b4901dc54a2d83bb76f1ff4f53732fd5f08503c9de04ee5d,1812250232babd4f14360ab1c718b63d1c1081d7050884c7c0cd2eab8ed73a1d,1812250232babd4f14360ab1c718b63d1c1081d7050884c7c0cd2eab8ed73a1d,837a4072d249d975c3f2319637bd8ee415f9eb54110bf593d0777b2a485f86ee,a1efce21815cbbd836d9a0b9f9cb7960dbdde55bdbfb665915613795477d5777,e1135bf400e915a346e4d0d0,2026-09-16T22:33:29+00:00,ta-01M2PKAY4F4DNYBRC6HF27GYGR,,,524a58d9d5784701,e5292b05400e4f1cb78de38a647750ec,dba4e5f10376487da7399edd80a5a83e,73b335ce2cc040fa90eac3ca5c45cdd8,312524d9-e931-4999-9c46-cd242af778c5,2,2,in-01M2PJWPZ1T66VXF0KFCZMRGRD:1789611891681-0,im-Yrp2QuPKbto6qZ7JWKybDS,2026-09-17T02:24:49.874000+00:00,1789611889874,2026-09-17T02:24:49.874283+00:00,2026-09-17T02:33:06.438674+00:00,496564.694,,2026-09-17T02:24:49.564544+00:00,2026-09-17T02:33:07.375504+00:00,35.0,0,2879.349,1,ok,6.06,1889.64,17571.81,2473.17,1.22,154.164,0,True,True,,True,False,1,3086999,B,A,A,B,True,False,True,False,True,True,True,True,True,,2928.566083,2424.47244,2419.250767,2402.604942,2427.287214,475.358897,2.814774,243,1735.525853,10.515046,17.654351600000002,21.3350889,742.5983582599899,4,3,3,243,4,8044936192,243,243,243,2031872,33554432,33106733.300411522,0,243,7,0,207.55881578847766,2402.2275390625,207.55881578847766,2194.6687232740223,243,8044936192,8,33554432,268435456,4,CREATED,18,470,YES,0,0,0,1735.525853,1735.525853,1735.525853,,,,,2103.549396,1877.921502,1872.016749,1844.626115,1880.942988,645.049351,3.021486,370,101.377201,17.5763265,26.88684210000001,31.0944948,42.058435040000006,0,0,0,370,4,12309817472,370,370,370,4894304,33554432,33269776.951351352,0,370,7,0,305.9673276245594,1841.32080078125,305.9673276245594,1535.3534731566906,370,12309817472,8,33554432,268435456,4,CREATED,18,724,YES,0,0,0,,,,,,,2237.663014,4791.992,True,False,preadv_only,none,preadv_only->none,CLIP_SICK_ONLY,4.90489,True,4.473165,True,2928.566083,True,2237.663014,True,2103.549396,True,346.094062,True,110.722052,True,4903.105724,True,0.011792,True,635.697381,True,168.284288,True,0.595122,True,golden-p1-0-d8df15190c1e,ab3c08a952521a2d20e2ca31a2deff3c72a45e9aacf95365e62a436cdac7104f,3086999,39,243,243,370,5.921553291485315,10
golden_p1_parallel_dual_split_f17eafad4db7485c_evidence_2026-09-17,evidence,split,control,CLOUD_PROVIDER_AWS,eu-south-2,CLOUD_PROVIDER_AWS/eu-south-2,golden-p1-0-9c18ee29b69b,run_golden_parallel_stream,parallel,static_e27,f17eafad4db7485cae3e63c1dc04fcdd,golden_p1_parallel_dual_split,True,True,True,False,experiment,,c8bef7a9f5ebec70b4901dc54a2d83bb76f1ff4f53732fd5f08503c9de04ee5d,1812250232babd4f14360ab1c718b63d1c1081d7050884c7c0cd2eab8ed73a1d,1812250232babd4f14360ab1c718b63d1c1081d7050884c7c0cd2eab8ed73a1d,837a4072d249d975c3f2319637bd8ee415f9eb54110bf593d0777b2a485f86ee,a1efce21815cbbd836d9a0b9f9cb7960dbdde55bdbfb665915613795477d5777,e1135bf400e915a346e4d0d0,2026-09-16T22:33:29+00:00,ta-01M2PM932QT2CRS8TGXB8Y1AWR,,,82eee1f4e2c442de,4222ad8d67e54910987fcc441aa72b9e,c17f0fc7979142f18f7a1c4124878eb1,b64e1f161cbe4f4b95738a8ca991a0fb,b06ba8e0-ee19-43d7-be96-afb6a4a870ec,2,2,in-01M2PM92D7X0HNKYK6FW1QXRA1:1789613345192-0,im-Yrp2QuPKbto6qZ7JWKybDS,2026-09-17T02:49:03.388000+00:00,1789613343388,2026-09-17T02:49:03.388046+00:00,2026-09-17T02:49:32.466059+00:00,29077.668,,2026-09-17T02:49:03.082465+00:00,2026-09-17T02:49:33.156379+00:00,35.0,0,857.11,1,ok,6.65,258.276,18057.84,483.99,1.48,113.71,0,True,True,,True,False,1,3086999,B,A,A,B,True,False,True,False,True,True,True,True,True,,2076.670007,1458.369219,1455.214374,1416.430362,1461.022279,470.07711,2.65306,243,45.010739,20.880649,26.984246600000002,28.431317699999997,44.629833119999994,0,0,0,243,4,8044936192,243,243,243,2031872,33554432,33106733.300411522,0,243,7,0,269.43020640313625,1416.325927734375,269.43020640313625,1146.8957213312387,243,8044936192,8,33554432,268435456,4,CREATED,18,470,YES,0,0,0,,,,,,,,2472.432015,2182.012185,2180.123755,2159.664269,2184.90175,647.319045,2.889565,370,46.395733,21.555801,27.4153627,28.5836885,32.537759120000004,0,0,0,370,4,12309817472,370,370,370,4894304,33554432,33269776.951351352,0,370,7,0,366.46953570842743,2159.716552734375,366.46953570842743,1793.2470170259476,370,12309817472,8,33554432,268435456,4,CREATED,18,724,YES,0,0,0,,,,,,,1876.187939,5044.841,False,False,none,none,none->none,NEITHER,6.128003,True,1.208623,True,2076.670007,True,1876.187939,True,2472.432015,True,228.908775,True,201.964868,True,5206.935299,True,0.023629,True,778.601484,True,222.754383,True,0.384724,True,golden-p1-0-9c18ee29b69b,ab3c08a952521a2d20e2ca31a2deff3c72a45e9aacf95365e62a436cdac7104f,3086999,39,243,243,370,4.317359134691112,71
golden_p1_parallel_dual_split_f20088a768da4bd4_evidence_2026-09-17,evidence,split,control,CLOUD_PROVIDER_GCP,us-west1,CLOUD_PROVIDER_GCP/us-west1,golden-p1-0-27fb0c70c6c7,run_golden_parallel_stream,parallel,static_e27,f20088a768da4bd48bc1e28d7c6abc22,golden_p1_parallel_dual_split,True,True,True,False,experiment,,c8bef7a9f5ebec70b4901dc54a2d83bb76f1ff4f53732fd5f08503c9de04ee5d,1812250232babd4f14360ab1c718b63d1c1081d7050884c7c0cd2eab8ed73a1d,1812250232babd4f14360ab1c718b63d1c1081d7050884c7c0cd2eab8ed73a1d,837a4072d249d975c3f2319637bd8ee415f9eb54110bf593d0777b2a485f86ee,a1efce21815cbbd836d9a0b9f9cb7960dbdde55bdbfb665915613795477d5777,e1135bf400e915a346e4d0d0,2026-09-16T22:33:29+00:00,ta-01M2PKR9T056FW9HKWWFHJHBXR,,,524a58d9d5784701,a68dd17417cd42099e4e463c0e0d1da0,578d7c059aaf43b59a5114598b735024,c55f9b146db04b13a51e731376ada8be,312524d9-e931-4999-9c46-cd242af778c5,2,2,in-01M2PKMYEZWVCWX5E92PGV4BWD:1789612685792-0,im-Yrp2QuPKbto6qZ7JWKybDS,2026-09-17T02:38:03.949000+00:00,1789612683949,2026-09-17T02:38:03.949819+00:00,2026-09-17T02:40:20.905817+00:00,136955.373,,2026-09-17T02:38:03.645274+00:00,2026-09-17T02:40:21.615495+00:00,35.0,0,976.536,1,ok,6.06,293.426,17571.81,666.51,1.22,155.633,0,True,True,,True,False,1,3086999,B,A,A,B,True,False,True,False,True,True,True,True,True,,1666.856228,1260.139401,1253.936668,1069.561311,1262.32814,364.583347,2.188739,243,332.791713,11.923627,18.9021608,21.5770916,41.09853923999985,1,0,0,243,4,8044936192,243,243,243,2031872,33554432,33106733.300411522,0,243,7,0,185.40364829450846,1069.4942626953125,185.40364829450846,884.090614400804,243,8044936192,8,33554432,268435456,4,CREATED,18,470,YES,0,0,0,332.791713,,,,,,,1953.195588,1755.991595,1754.131345,1740.772591,1756.868465,659.529574,0.87687,370,115.349286,14.7682645,29.180326000000008,34.44627645,61.398510480000006,0,0,0,370,4,12309817472,370,370,370,4894304,33554432,33269776.951351352,0,370,7,0,282.5488330051303,1740.8712158203125,282.5488330051303,1458.3223828151822,370,12309817472,8,33554432,268435456,4,CREATED,18,724,YES,0,0,0,,,,,,,1453.084093,5013.377,False,False,none,none,none->none,NEITHER,4.252769,True,1.17316,True,1666.856228,True,1453.084093,True,1953.195588,True,242.980254,True,136.216316,True,5121.845918,True,0.01119,True,629.357503,True,157.940467,True,0.29177,True,golden-p1-0-27fb0c70c6c7,ab3c08a952521a2d20e2ca31a2deff3c72a45e9aacf95365e62a436cdac7104f,3086999,39,243,243,370,4.799913431014805,33
golden_p1_parallel_dual_split_fbb2fb757b6d440d_evidence_2026-09-17,evidence,split,control,CLOUD_PROVIDER_GCP,us-east4,CLOUD_PROVIDER_GCP/us-east4,golden-p1-0-8cade6264875,run_golden_parallel_stream,parallel,static_e27,fbb2fb757b6d440d93ef8805be5fcb61,golden_p1_parallel_dual_split,True,True,True,False,experiment,,c8bef7a9f5ebec70b4901dc54a2d83bb76f1ff4f53732fd5f08503c9de04ee5d,1812250232babd4f14360ab1c718b63d1c1081d7050884c7c0cd2eab8ed73a1d,1812250232babd4f14360ab1c718b63d1c1081d7050884c7c0cd2eab8ed73a1d,837a4072d249d975c3f2319637bd8ee415f9eb54110bf593d0777b2a485f86ee,a1efce21815cbbd836d9a0b9f9cb7960dbdde55bdbfb665915613795477d5777,e1135bf400e915a346e4d0d0,2026-09-16T22:33:29+00:00,ta-01M2PMCC34XRK1MNWHXQDDDYBR,,,524a58d9d5784701,3e7c59fae85b47cfa91fe43c8b833b8d,ef09377939b7459e82c446ef0817365e,b8da985f20aa46499ac111a22212530d,312524d9-e931-4999-9c46-cd242af778c5,2,2,in-01M2PMAM02YZ79B28BS5PXGNTB:1789613395972-0,im-Yrp2QuPKbto6qZ7JWKybDS,2026-09-17T02:49:54.176000+00:00,1789613394176,2026-09-17T02:49:54.176252+00:00,2026-09-17T02:51:16.068712+00:00,81892.793,,2026-09-17T02:49:53.865121+00:00,2026-09-17T02:51:16.833236+00:00,35.0,0,778.276,1,ok,6.06,79.199,17571.81,447.47,1.22,21.185,0,True,True,,True,False,1,3086999,B,A,A,B,True,False,True,False,True,True,True,True,True,,1547.186766,1102.290009,1098.925339,1087.53521,1103.974159,344.144638,1.68415,243,38.73008,16.98361,23.848503000000004,27.23466309999999,33.76297479999996,0,0,0,243,4,8044936192,243,243,243,2031872,33554432,33106733.300411522,0,243,7,0,159.3530881255865,1087.5721435546875,159.3530881255865,928.219055429101,243,8044936192,8,33554432,268435456,4,CREATED,18,470,YES,0,0,0,,,,,,,,1989.361676,1793.5532,1791.78798,1783.81248,1796.52046,560.747059,2.96726,370,55.334008,18.60433,27.163473100000004,29.3352745,32.4978186,0,0,0,370,4,12309817472,370,370,370,4894304,33554432,33269776.951351352,0,370,7,0,260.9374400526285,1783.8470458984375,260.9374400526285,1522.909605845809,370,12309817472,8,33554432,268435456,4,CREATED,18,724,YES,0,0,0,,,,,,,1266.547385,4557.314,False,False,none,none,none->none,NEITHER,4.76896,True,1.14711,True,1547.186766,True,1266.547385,True,1989.361676,True,170.083186,True,131.851787,True,4663.183998,True,0.01143,True,646.746336,True,157.730437,True,0.28194,True,golden-p1-0-8cade6264875,ab3c08a952521a2d20e2ca31a2deff3c72a45e9aacf95365e62a436cdac7104f,3086999,39,243,243,370,4.151421210354692,124
