run_key,request_id,dataset,profile,app,commit,worktree,raw_path,cloud,region,dispatch_iso,start_ts,end_ts,duration_ms,overall_request_ms,sampler_total_wall_ms,clip_forward_total_ms,restore_total_ms,clip_load_ms,unet_load_ms,vae_load_ms,total_source_read_wall_ms,source_read_count,stage_span_ms,true_cold,valid,output_sha_match,expected_output_sha,observed_output_shas,snapshot_identity,config_identity,deployment_fingerprint,run_fingerprint,profile_config_fingerprint,image_id,workflow_sha256,qd_transport_arm,transport_block_bytes,transport_staging_slots,clip_residency,matched_to_h100,metric_availability,included_in_analysis
golden-p1-0-aec31a04f8fa,golden-p1-0-aec31a04f8fa,raw_attempt,golden_p1_parallel_io_v2_c0_persistent_fds_preadv_sickness_diag,batch-golden-c0-preadv-sickness,03ce24916958596717220167db496b1215544d09,golden-io-v2,.slim/worktrees/golden-io-v2/artifacts/phase_p1_parallel_golden_v1/cohort_2026-09-14_20-11-01_d05f19/attempt_0.json,,,2026-09-14T20:11:02.217000+00:00,2026-09-14T20:11:02.217080+00:00,2026-09-14T20:11:51.458580+00:00,49241.585,49241.585,4580.625,1505.022571,3.635,,,,,,,True,True,,ab3c08a952521a2d20e2ca31a2deff3c72a45e9aacf95365e62a436cdac7104f,ab3c08a952521a2d20e2ca31a2deff3c72a45e9aacf95365e62a436cdac7104f,,,d0413040a1584f873feecf19b5540f72166cf6adc2e6d647ff568c1214928cd6,2a966555506dc719446ed1e061cadb6499a2223375488ac98afb7a078f7b2b07,cf24ecde352d7df7b1f9c5098cbf9e326f12ba8e8a6d40a8a6a66001f6ca3b56,,e44389ea2eda82ba5e2328acc08307b6879ed6d4ea4b030727ab044704c0d3b5,static_e27,33554432,8,bf16,True,"{""copy_stream_span_available"": true, ""gpu_copy_fields_available"": true, ""index_stage_metrics"": false, ""raw_available"": true, ""raw_error"": null, ""source_transport_fields_available"": false, ""transport_records_present"": true}",True
golden-p1-0-56b73a41ceee,golden-p1-0-56b73a41ceee,raw_attempt,golden_p1_parallel_io_v2_c0_persistent_fds_preadv_sickness_v2,batch-tripwire-v2-p2hb,03ce24916958596717220167db496b1215544d09,golden-io-v2,.slim/worktrees/golden-io-v2/artifacts/phase_p1_parallel_golden_v1/cohort_2026-09-15_01-03-21_11210b/attempt_0.json,CLOUD_PROVIDER_GCP,us-east4,2026-09-15T01:03:21.657000+00:00,2026-09-15T01:03:21.657136+00:00,2026-09-15T01:03:44.555602+00:00,22898.828,22898.828,4635.726,1935.776852,2.597,,,,,,,True,True,True,ab3c08a952521a2d20e2ca31a2deff3c72a45e9aacf95365e62a436cdac7104f,ab3c08a952521a2d20e2ca31a2deff3c72a45e9aacf95365e62a436cdac7104f,244af150e38983a7a81db875ac6d2a1b7bc2b50cffdff030e8db236e77df3302,8216386389a59f95083ca88794a83a747d851851b04b962b66669fdc2a036955,f13b06436f3b0bce71c8615deb96493b6204e4f72c2cd49990454b64d06df0e8,0535571270ec36d5e7ffad716b3ae77f6b6f1be8a7c9f63f06556e45567cebfb,21a46964a580b67c5f9953433945051d06d1aaa7808098736613d4f85b20b7a9,im-PdoEbIwMse9wqNTHloOEhQ,e44389ea2eda82ba5e2328acc08307b6879ed6d4ea4b030727ab044704c0d3b5,static_e27,33554432,8,bf16,True,"{""copy_stream_span_available"": true, ""gpu_copy_fields_available"": true, ""index_stage_metrics"": false, ""raw_available"": true, ""raw_error"": null, ""source_transport_fields_available"": false, ""transport_records_present"": true}",True
golden-p1-0-3878952cf4b8,golden-p1-0-3878952cf4b8,raw_attempt,golden_p1_parallel_io_v2_c0_persistent_fds_preadv_sickness_v2,batch-tripwire-v2-p2hb2,03ce24916958596717220167db496b1215544d09,golden-io-v2,.slim/worktrees/golden-io-v2/artifacts/phase_p1_parallel_golden_v1/cohort_2026-09-15_01-17-57_74d0a9/attempt_0.json,CLOUD_PROVIDER_GCP,us-east1,2026-09-15T01:17:57.490000+00:00,2026-09-15T01:17:57.490967+00:00,2026-09-15T01:18:16.095711+00:00,18604.412,18604.412,4716.126,1622.705893,3.407,,,,,,,True,True,True,ab3c08a952521a2d20e2ca31a2deff3c72a45e9aacf95365e62a436cdac7104f,ab3c08a952521a2d20e2ca31a2deff3c72a45e9aacf95365e62a436cdac7104f,d52f5af2d86e7472acd9dcb61983b7844f54f9b76c0beb57c9630a583434af94,6393c29c99950a475ff09796321b158aa279b58ea60ae7d4ccf4a622a97e88df,7d8f0c09631f233fbc4b1df84ee59936afb2757eb5153b246216fa33306af24a,8724fd132728a6c30413afa697a3ec6e160fc5064719b230a8310ef7639c246f,1591c9c42e3c5f19e92dde20205f6ceedb99a03c5f75d3886dae4d19fbe3295c,im-Zz5IcyWpzZGYVPGlOF6jbL,e44389ea2eda82ba5e2328acc08307b6879ed6d4ea4b030727ab044704c0d3b5,static_e27,33554432,8,bf16,True,"{""copy_stream_span_available"": false, ""gpu_copy_fields_available"": true, ""index_stage_metrics"": false, ""raw_available"": true, ""raw_error"": null, ""source_transport_fields_available"": false, ""transport_records_present"": true}",True
golden-p1-0-87d40f7da13b,golden-p1-0-87d40f7da13b,raw_attempt,golden_p1_parallel_io_v2_c0_persistent_fds_preadv_sickness_v2,batch-tripwire-v2-p2hb2,03ce24916958596717220167db496b1215544d09,golden-io-v2,.slim/worktrees/golden-io-v2/artifacts/phase_p1_parallel_golden_v1/cohort_2026-09-15_01-19-14_b5811c/attempt_0.json,CLOUD_PROVIDER_GCP,us-east1,2026-09-15T01:19:14.581000+00:00,2026-09-15T01:19:14.581229+00:00,2026-09-15T01:19:31.535315+00:00,16954.128,16954.128,4603.831,1409.058188,3.045,,,,,,,True,True,True,ab3c08a952521a2d20e2ca31a2deff3c72a45e9aacf95365e62a436cdac7104f,ab3c08a952521a2d20e2ca31a2deff3c72a45e9aacf95365e62a436cdac7104f,d52f5af2d86e7472acd9dcb61983b7844f54f9b76c0beb57c9630a583434af94,6393c29c99950a475ff09796321b158aa279b58ea60ae7d4ccf4a622a97e88df,7d8f0c09631f233fbc4b1df84ee59936afb2757eb5153b246216fa33306af24a,8724fd132728a6c30413afa697a3ec6e160fc5064719b230a8310ef7639c246f,1591c9c42e3c5f19e92dde20205f6ceedb99a03c5f75d3886dae4d19fbe3295c,im-Zz5IcyWpzZGYVPGlOF6jbL,e44389ea2eda82ba5e2328acc08307b6879ed6d4ea4b030727ab044704c0d3b5,static_e27,33554432,8,bf16,True,"{""copy_stream_span_available"": true, ""gpu_copy_fields_available"": true, ""index_stage_metrics"": false, ""raw_available"": true, ""raw_error"": null, ""source_transport_fields_available"": false, ""transport_records_present"": true}",True
golden-p1-0-6d6ff51a176f,golden-p1-0-6d6ff51a176f,raw_attempt,golden_p1_parallel_io_v2_c0_persistent_fds_preadv_sickness_v2,batch-tripwire-v2-p2hb2,03ce24916958596717220167db496b1215544d09,golden-io-v2,.slim/worktrees/golden-io-v2/artifacts/phase_p1_parallel_golden_v1/cohort_2026-09-15_01-22-27_995949/attempt_0.json,CLOUD_PROVIDER_GCP,us-central1,2026-09-15T01:22:27.333000+00:00,2026-09-15T01:22:27.333681+00:00,2026-09-15T01:22:54.617507+00:00,27284.454,27284.454,5086.858,1759.723501,61.847,,,,,,,True,True,True,ab3c08a952521a2d20e2ca31a2deff3c72a45e9aacf95365e62a436cdac7104f,ab3c08a952521a2d20e2ca31a2deff3c72a45e9aacf95365e62a436cdac7104f,d52f5af2d86e7472acd9dcb61983b7844f54f9b76c0beb57c9630a583434af94,6393c29c99950a475ff09796321b158aa279b58ea60ae7d4ccf4a622a97e88df,7d8f0c09631f233fbc4b1df84ee59936afb2757eb5153b246216fa33306af24a,8724fd132728a6c30413afa697a3ec6e160fc5064719b230a8310ef7639c246f,1591c9c42e3c5f19e92dde20205f6ceedb99a03c5f75d3886dae4d19fbe3295c,im-Zz5IcyWpzZGYVPGlOF6jbL,e44389ea2eda82ba5e2328acc08307b6879ed6d4ea4b030727ab044704c0d3b5,static_e27,33554432,8,bf16,True,"{""copy_stream_span_available"": true, ""gpu_copy_fields_available"": true, ""index_stage_metrics"": false, ""raw_available"": true, ""raw_error"": null, ""source_transport_fields_available"": false, ""transport_records_present"": true}",True
golden-p1-0-e184521f9840,golden-p1-0-e184521f9840,raw_attempt,golden_p1_parallel_io_v2_c0_persistent_fds_preadv_sickness_v2,batch-tripwire-v2-p2hb2,03ce24916958596717220167db496b1215544d09,golden-io-v2,.slim/worktrees/golden-io-v2/artifacts/phase_p1_parallel_golden_v1/cohort_2026-09-15_01-23-01_a51bd7/attempt_0.json,CLOUD_PROVIDER_GCP,us-east1,2026-09-15T01:23:01.804000+00:00,2026-09-15T01:23:01.804875+00:00,2026-09-15T01:23:18.587441+00:00,16783.455,16783.455,4638.819,1387.826536,3.86,,,,,,,True,True,True,ab3c08a952521a2d20e2ca31a2deff3c72a45e9aacf95365e62a436cdac7104f,ab3c08a952521a2d20e2ca31a2deff3c72a45e9aacf95365e62a436cdac7104f,d52f5af2d86e7472acd9dcb61983b7844f54f9b76c0beb57c9630a583434af94,6393c29c99950a475ff09796321b158aa279b58ea60ae7d4ccf4a622a97e88df,7d8f0c09631f233fbc4b1df84ee59936afb2757eb5153b246216fa33306af24a,8724fd132728a6c30413afa697a3ec6e160fc5064719b230a8310ef7639c246f,1591c9c42e3c5f19e92dde20205f6ceedb99a03c5f75d3886dae4d19fbe3295c,im-Zz5IcyWpzZGYVPGlOF6jbL,e44389ea2eda82ba5e2328acc08307b6879ed6d4ea4b030727ab044704c0d3b5,static_e27,33554432,8,bf16,True,"{""copy_stream_span_available"": false, ""gpu_copy_fields_available"": true, ""index_stage_metrics"": false, ""raw_available"": true, ""raw_error"": null, ""source_transport_fields_available"": false, ""transport_records_present"": true}",True
golden-p1-0-98f00eda52f0,golden-p1-0-98f00eda52f0,raw_attempt,golden_p1_parallel_io_v2_c0_persistent_fds_preadv_sickness_v2,batch-tripwire-v2-p2hb2,03ce24916958596717220167db496b1215544d09,golden-io-v2,.slim/worktrees/golden-io-v2/artifacts/phase_p1_parallel_golden_v1/cohort_2026-09-15_01-23-24_9ff948/attempt_0.json,CLOUD_PROVIDER_GCP,us-east1,2026-09-15T01:23:24.962000+00:00,2026-09-15T01:23:24.963870+00:00,2026-09-15T01:23:42.516524+00:00,17552.903,17552.903,4690.207,1427.333147,3.825,,,,,,,True,True,True,ab3c08a952521a2d20e2ca31a2deff3c72a45e9aacf95365e62a436cdac7104f,ab3c08a952521a2d20e2ca31a2deff3c72a45e9aacf95365e62a436cdac7104f,d52f5af2d86e7472acd9dcb61983b7844f54f9b76c0beb57c9630a583434af94,6393c29c99950a475ff09796321b158aa279b58ea60ae7d4ccf4a622a97e88df,7d8f0c09631f233fbc4b1df84ee59936afb2757eb5153b246216fa33306af24a,8724fd132728a6c30413afa697a3ec6e160fc5064719b230a8310ef7639c246f,1591c9c42e3c5f19e92dde20205f6ceedb99a03c5f75d3886dae4d19fbe3295c,im-Zz5IcyWpzZGYVPGlOF6jbL,e44389ea2eda82ba5e2328acc08307b6879ed6d4ea4b030727ab044704c0d3b5,static_e27,33554432,8,bf16,True,"{""copy_stream_span_available"": false, ""gpu_copy_fields_available"": true, ""index_stage_metrics"": false, ""raw_available"": true, ""raw_error"": null, ""source_transport_fields_available"": false, ""transport_records_present"": true}",True
golden-p1-0-7eccccca75ad,golden-p1-0-7eccccca75ad,raw_attempt,golden_p1_parallel_io_v2_c0_persistent_fds_preadv_sickness_v2,batch-tripwire-v2-p2hb2,03ce24916958596717220167db496b1215544d09,golden-io-v2,.slim/worktrees/golden-io-v2/artifacts/phase_p1_parallel_golden_v1/cohort_2026-09-15_01-23-48_742416/attempt_0.json,CLOUD_PROVIDER_GCP,us-east1,2026-09-15T01:23:48.672000+00:00,2026-09-15T01:23:48.672144+00:00,2026-09-15T01:24:06.020360+00:00,17348.653,17348.653,4598.606,1382.497367,9.632,,,,,,,True,True,True,ab3c08a952521a2d20e2ca31a2deff3c72a45e9aacf95365e62a436cdac7104f,ab3c08a952521a2d20e2ca31a2deff3c72a45e9aacf95365e62a436cdac7104f,d52f5af2d86e7472acd9dcb61983b7844f54f9b76c0beb57c9630a583434af94,6393c29c99950a475ff09796321b158aa279b58ea60ae7d4ccf4a622a97e88df,7d8f0c09631f233fbc4b1df84ee59936afb2757eb5153b246216fa33306af24a,8724fd132728a6c30413afa697a3ec6e160fc5064719b230a8310ef7639c246f,1591c9c42e3c5f19e92dde20205f6ceedb99a03c5f75d3886dae4d19fbe3295c,im-Zz5IcyWpzZGYVPGlOF6jbL,e44389ea2eda82ba5e2328acc08307b6879ed6d4ea4b030727ab044704c0d3b5,static_e27,33554432,8,bf16,True,"{""copy_stream_span_available"": false, ""gpu_copy_fields_available"": true, ""index_stage_metrics"": false, ""raw_available"": true, ""raw_error"": null, ""source_transport_fields_available"": false, ""transport_records_present"": true}",True
golden-p1-0-5a7d7e0cdbbe,golden-p1-0-5a7d7e0cdbbe,raw_attempt,golden_p1_parallel_io_v2_c0_persistent_fds_preadv_sickness_v2,batch-tripwire-v2-p2hb2,03ce24916958596717220167db496b1215544d09,golden-io-v2,.slim/worktrees/golden-io-v2/artifacts/phase_p1_parallel_golden_v1/cohort_2026-09-15_01-28-40_233003/attempt_0.json,CLOUD_PROVIDER_GCP,us-east1,2026-09-15T01:28:41.049000+00:00,2026-09-15T01:28:41.049132+00:00,2026-09-15T01:28:58.567256+00:00,17518.245,17518.245,4659.496,1395.899695,3.077,,,,,,,True,True,True,ab3c08a952521a2d20e2ca31a2deff3c72a45e9aacf95365e62a436cdac7104f,ab3c08a952521a2d20e2ca31a2deff3c72a45e9aacf95365e62a436cdac7104f,d52f5af2d86e7472acd9dcb61983b7844f54f9b76c0beb57c9630a583434af94,6393c29c99950a475ff09796321b158aa279b58ea60ae7d4ccf4a622a97e88df,7d8f0c09631f233fbc4b1df84ee59936afb2757eb5153b246216fa33306af24a,8724fd132728a6c30413afa697a3ec6e160fc5064719b230a8310ef7639c246f,1591c9c42e3c5f19e92dde20205f6ceedb99a03c5f75d3886dae4d19fbe3295c,im-Zz5IcyWpzZGYVPGlOF6jbL,e44389ea2eda82ba5e2328acc08307b6879ed6d4ea4b030727ab044704c0d3b5,static_e27,33554432,8,bf16,True,"{""copy_stream_span_available"": true, ""gpu_copy_fields_available"": true, ""index_stage_metrics"": false, ""raw_available"": true, ""raw_error"": null, ""source_transport_fields_available"": false, ""transport_records_present"": true}",True
golden-p1-0-e58d36603cc3,golden-p1-0-e58d36603cc3,raw_attempt,golden_p1_parallel_io_v2_c0_persistent_fds_preadv_sickness_v2,batch-tripwire-v2-p2hb2,03ce24916958596717220167db496b1215544d09,golden-io-v2,.slim/worktrees/golden-io-v2/artifacts/phase_p1_parallel_golden_v1/cohort_2026-09-15_01-29-04_e4f001/attempt_0.json,CLOUD_PROVIDER_GCP,us-east1,2026-09-15T01:29:04.727000+00:00,2026-09-15T01:29:04.727628+00:00,2026-09-15T01:29:25.624180+00:00,20896.711,20896.711,4695.691,1492.546469,3.357,,,,,,,True,True,True,ab3c08a952521a2d20e2ca31a2deff3c72a45e9aacf95365e62a436cdac7104f,ab3c08a952521a2d20e2ca31a2deff3c72a45e9aacf95365e62a436cdac7104f,d52f5af2d86e7472acd9dcb61983b7844f54f9b76c0beb57c9630a583434af94,6393c29c99950a475ff09796321b158aa279b58ea60ae7d4ccf4a622a97e88df,7d8f0c09631f233fbc4b1df84ee59936afb2757eb5153b246216fa33306af24a,8724fd132728a6c30413afa697a3ec6e160fc5064719b230a8310ef7639c246f,1591c9c42e3c5f19e92dde20205f6ceedb99a03c5f75d3886dae4d19fbe3295c,im-Zz5IcyWpzZGYVPGlOF6jbL,e44389ea2eda82ba5e2328acc08307b6879ed6d4ea4b030727ab044704c0d3b5,static_e27,33554432,8,bf16,True,"{""copy_stream_span_available"": true, ""gpu_copy_fields_available"": true, ""index_stage_metrics"": false, ""raw_available"": true, ""raw_error"": null, ""source_transport_fields_available"": false, ""transport_records_present"": true}",True
golden-p1-0-b9bf7140880f,golden-p1-0-b9bf7140880f,raw_attempt,golden_p1_parallel_io_v2_c0_persistent_fds_preadv_sickness_v2,batch-tripwire-v2-p2hb2,03ce24916958596717220167db496b1215544d09,golden-io-v2,.slim/worktrees/golden-io-v2/artifacts/phase_p1_parallel_golden_v1/cohort_2026-09-15_01-29-31_06d346/attempt_0.json,CLOUD_PROVIDER_GCP,us-east1,2026-09-15T01:29:31.929000+00:00,2026-09-15T01:29:31.929523+00:00,2026-09-15T01:29:48.568546+00:00,16638.887,16638.887,4652.916,1415.452952,3.384,,,,,,,True,True,True,ab3c08a952521a2d20e2ca31a2deff3c72a45e9aacf95365e62a436cdac7104f,ab3c08a952521a2d20e2ca31a2deff3c72a45e9aacf95365e62a436cdac7104f,d52f5af2d86e7472acd9dcb61983b7844f54f9b76c0beb57c9630a583434af94,6393c29c99950a475ff09796321b158aa279b58ea60ae7d4ccf4a622a97e88df,7d8f0c09631f233fbc4b1df84ee59936afb2757eb5153b246216fa33306af24a,8724fd132728a6c30413afa697a3ec6e160fc5064719b230a8310ef7639c246f,1591c9c42e3c5f19e92dde20205f6ceedb99a03c5f75d3886dae4d19fbe3295c,im-Zz5IcyWpzZGYVPGlOF6jbL,e44389ea2eda82ba5e2328acc08307b6879ed6d4ea4b030727ab044704c0d3b5,static_e27,33554432,8,bf16,True,"{""copy_stream_span_available"": true, ""gpu_copy_fields_available"": true, ""index_stage_metrics"": false, ""raw_available"": true, ""raw_error"": null, ""source_transport_fields_available"": false, ""transport_records_present"": true}",True
golden-p1-0-4aaf2fa0facb,golden-p1-0-4aaf2fa0facb,raw_attempt,golden_p1_parallel_io_v2_c0_persistent_fds_preadv_sickness_v2,batch-tripwire-v2-p2hb2,03ce24916958596717220167db496b1215544d09,golden-io-v2,.slim/worktrees/golden-io-v2/artifacts/phase_p1_parallel_golden_v1/cohort_2026-09-15_01-29-54_bc1fc6/attempt_0.json,CLOUD_PROVIDER_GCP,us-central1,2026-09-15T01:29:54.850000+00:00,2026-09-15T01:29:54.851025+00:00,2026-09-15T01:30:15.318008+00:00,20467.754,20467.754,4653.858,1592.227526,5.03,,,,,,,True,True,True,ab3c08a952521a2d20e2ca31a2deff3c72a45e9aacf95365e62a436cdac7104f,ab3c08a952521a2d20e2ca31a2deff3c72a45e9aacf95365e62a436cdac7104f,d52f5af2d86e7472acd9dcb61983b7844f54f9b76c0beb57c9630a583434af94,6393c29c99950a475ff09796321b158aa279b58ea60ae7d4ccf4a622a97e88df,7d8f0c09631f233fbc4b1df84ee59936afb2757eb5153b246216fa33306af24a,8724fd132728a6c30413afa697a3ec6e160fc5064719b230a8310ef7639c246f,1591c9c42e3c5f19e92dde20205f6ceedb99a03c5f75d3886dae4d19fbe3295c,im-Zz5IcyWpzZGYVPGlOF6jbL,e44389ea2eda82ba5e2328acc08307b6879ed6d4ea4b030727ab044704c0d3b5,static_e27,33554432,8,bf16,True,"{""copy_stream_span_available"": true, ""gpu_copy_fields_available"": true, ""index_stage_metrics"": false, ""raw_available"": true, ""raw_error"": null, ""source_transport_fields_available"": false, ""transport_records_present"": true}",True
golden-p1-0-d5a5481edaa2,golden-p1-0-d5a5481edaa2,raw_attempt,golden_p1_parallel_io_v2_c0_persistent_fds_preadv_sickness_v2,batch-tripwire-v2-p2hb2,03ce24916958596717220167db496b1215544d09,golden-io-v2,.slim/worktrees/golden-io-v2/artifacts/phase_p1_parallel_golden_v1/cohort_2026-09-15_01-30-22_d1227e/attempt_0.json,CLOUD_PROVIDER_GCP,us-east1,2026-09-15T01:30:22.435000+00:00,2026-09-15T01:30:22.435047+00:00,2026-09-15T01:30:40.229682+00:00,17794.981,17794.981,4615.601,1377.516087,3.34,,,,,,,True,True,True,ab3c08a952521a2d20e2ca31a2deff3c72a45e9aacf95365e62a436cdac7104f,ab3c08a952521a2d20e2ca31a2deff3c72a45e9aacf95365e62a436cdac7104f,d52f5af2d86e7472acd9dcb61983b7844f54f9b76c0beb57c9630a583434af94,6393c29c99950a475ff09796321b158aa279b58ea60ae7d4ccf4a622a97e88df,7d8f0c09631f233fbc4b1df84ee59936afb2757eb5153b246216fa33306af24a,8724fd132728a6c30413afa697a3ec6e160fc5064719b230a8310ef7639c246f,1591c9c42e3c5f19e92dde20205f6ceedb99a03c5f75d3886dae4d19fbe3295c,im-Zz5IcyWpzZGYVPGlOF6jbL,e44389ea2eda82ba5e2328acc08307b6879ed6d4ea4b030727ab044704c0d3b5,static_e27,33554432,8,bf16,True,"{""copy_stream_span_available"": true, ""gpu_copy_fields_available"": true, ""index_stage_metrics"": false, ""raw_available"": true, ""raw_error"": null, ""source_transport_fields_available"": false, ""transport_records_present"": true}",True
golden-p1-0-e5b36917088e,golden-p1-0-e5b36917088e,raw_attempt,golden_p1_parallel_io_v2_c0_persistent_fds_preadv_sickness_v2,batch-tripwire-v2-p2hb2,03ce24916958596717220167db496b1215544d09,golden-io-v2,.slim/worktrees/golden-io-v2/artifacts/phase_p1_parallel_golden_v1/cohort_2026-09-15_01-30-46_ef8e78/attempt_0.json,CLOUD_PROVIDER_GCP,us-east1,2026-09-15T01:30:46.454000+00:00,2026-09-15T01:30:46.454876+00:00,2026-09-15T01:31:03.485371+00:00,17030.78,17030.78,4702.644,1389.328186,3.336,,,,,,,True,True,True,ab3c08a952521a2d20e2ca31a2deff3c72a45e9aacf95365e62a436cdac7104f,ab3c08a952521a2d20e2ca31a2deff3c72a45e9aacf95365e62a436cdac7104f,d52f5af2d86e7472acd9dcb61983b7844f54f9b76c0beb57c9630a583434af94,6393c29c99950a475ff09796321b158aa279b58ea60ae7d4ccf4a622a97e88df,7d8f0c09631f233fbc4b1df84ee59936afb2757eb5153b246216fa33306af24a,8724fd132728a6c30413afa697a3ec6e160fc5064719b230a8310ef7639c246f,1591c9c42e3c5f19e92dde20205f6ceedb99a03c5f75d3886dae4d19fbe3295c,im-Zz5IcyWpzZGYVPGlOF6jbL,e44389ea2eda82ba5e2328acc08307b6879ed6d4ea4b030727ab044704c0d3b5,static_e27,33554432,8,bf16,True,"{""copy_stream_span_available"": true, ""gpu_copy_fields_available"": true, ""index_stage_metrics"": false, ""raw_available"": true, ""raw_error"": null, ""source_transport_fields_available"": false, ""transport_records_present"": true}",True
golden-p1-0-84836ee91b4f,golden-p1-0-84836ee91b4f,raw_attempt,golden_p1_parallel_io_v2_c0_persistent_fds_preadv_sickness_v2,batch-tripwire-v2-p2hb2,03ce24916958596717220167db496b1215544d09,golden-io-v2,.slim/worktrees/golden-io-v2/artifacts/phase_p1_parallel_golden_v1/cohort_2026-09-15_01-31-36_22b4c3/attempt_0.json,CLOUD_PROVIDER_GCP,us-east1,2026-09-15T01:31:36.805000+00:00,2026-09-15T01:31:36.805709+00:00,2026-09-15T01:32:01.102604+00:00,24297.276,24297.276,4617.865,1558.071743,2.925,,,,,,,True,True,True,ab3c08a952521a2d20e2ca31a2deff3c72a45e9aacf95365e62a436cdac7104f,ab3c08a952521a2d20e2ca31a2deff3c72a45e9aacf95365e62a436cdac7104f,d52f5af2d86e7472acd9dcb61983b7844f54f9b76c0beb57c9630a583434af94,6393c29c99950a475ff09796321b158aa279b58ea60ae7d4ccf4a622a97e88df,7d8f0c09631f233fbc4b1df84ee59936afb2757eb5153b246216fa33306af24a,8724fd132728a6c30413afa697a3ec6e160fc5064719b230a8310ef7639c246f,1591c9c42e3c5f19e92dde20205f6ceedb99a03c5f75d3886dae4d19fbe3295c,im-Zz5IcyWpzZGYVPGlOF6jbL,e44389ea2eda82ba5e2328acc08307b6879ed6d4ea4b030727ab044704c0d3b5,static_e27,33554432,8,bf16,True,"{""copy_stream_span_available"": false, ""gpu_copy_fields_available"": true, ""index_stage_metrics"": false, ""raw_available"": true, ""raw_error"": null, ""source_transport_fields_available"": false, ""transport_records_present"": true}",True
golden-p1-0-ab62d27e8de5,golden-p1-0-ab62d27e8de5,raw_attempt,golden_p1_parallel_io_v2_c0_persistent_fds_preadv_sickness_v2,batch-tripwire-v2-p2hb2,03ce24916958596717220167db496b1215544d09,golden-io-v2,.slim/worktrees/golden-io-v2/artifacts/phase_p1_parallel_golden_v1/cohort_2026-09-15_01-32-07_ada044/attempt_0.json,CLOUD_PROVIDER_GCP,us-east1,2026-09-15T01:32:07.993000+00:00,2026-09-15T01:32:07.993245+00:00,2026-09-15T01:32:24.902356+00:00,16909.148,16909.148,4633.2,1376.827425,3.354,,,,,,,True,True,True,ab3c08a952521a2d20e2ca31a2deff3c72a45e9aacf95365e62a436cdac7104f,ab3c08a952521a2d20e2ca31a2deff3c72a45e9aacf95365e62a436cdac7104f,d52f5af2d86e7472acd9dcb61983b7844f54f9b76c0beb57c9630a583434af94,6393c29c99950a475ff09796321b158aa279b58ea60ae7d4ccf4a622a97e88df,7d8f0c09631f233fbc4b1df84ee59936afb2757eb5153b246216fa33306af24a,8724fd132728a6c30413afa697a3ec6e160fc5064719b230a8310ef7639c246f,1591c9c42e3c5f19e92dde20205f6ceedb99a03c5f75d3886dae4d19fbe3295c,im-Zz5IcyWpzZGYVPGlOF6jbL,e44389ea2eda82ba5e2328acc08307b6879ed6d4ea4b030727ab044704c0d3b5,static_e27,33554432,8,bf16,True,"{""copy_stream_span_available"": true, ""gpu_copy_fields_available"": true, ""index_stage_metrics"": false, ""raw_available"": true, ""raw_error"": null, ""source_transport_fields_available"": false, ""transport_records_present"": true}",True
golden-p1-0-f810e0626a2e,golden-p1-0-f810e0626a2e,raw_attempt,golden_p1_parallel_io_v2_c0_persistent_fds_preadv_sickness_v2,batch-tripwire-v2-p2hb2,03ce24916958596717220167db496b1215544d09,golden-io-v2,.slim/worktrees/golden-io-v2/artifacts/phase_p1_parallel_golden_v1/cohort_2026-09-15_01-32-30_d43203/attempt_0.json,CLOUD_PROVIDER_GCP,us-east1,2026-09-15T01:32:31.070000+00:00,2026-09-15T01:32:31.070344+00:00,2026-09-15T01:32:48.737253+00:00,17666.937,17666.937,4612.121,1330.977401,2.976,,,,,,,True,True,True,ab3c08a952521a2d20e2ca31a2deff3c72a45e9aacf95365e62a436cdac7104f,ab3c08a952521a2d20e2ca31a2deff3c72a45e9aacf95365e62a436cdac7104f,d52f5af2d86e7472acd9dcb61983b7844f54f9b76c0beb57c9630a583434af94,6393c29c99950a475ff09796321b158aa279b58ea60ae7d4ccf4a622a97e88df,7d8f0c09631f233fbc4b1df84ee59936afb2757eb5153b246216fa33306af24a,8724fd132728a6c30413afa697a3ec6e160fc5064719b230a8310ef7639c246f,1591c9c42e3c5f19e92dde20205f6ceedb99a03c5f75d3886dae4d19fbe3295c,im-Zz5IcyWpzZGYVPGlOF6jbL,e44389ea2eda82ba5e2328acc08307b6879ed6d4ea4b030727ab044704c0d3b5,static_e27,33554432,8,bf16,True,"{""copy_stream_span_available"": true, ""gpu_copy_fields_available"": true, ""index_stage_metrics"": false, ""raw_available"": true, ""raw_error"": null, ""source_transport_fields_available"": false, ""transport_records_present"": true}",True
golden-p1-0-d3801b4644ce,golden-p1-0-d3801b4644ce,sep14_golden_standard_cohort,golden_p1_parallel_io_v2_c0_persistent_fds_preadv_sickness_v2,batch-tripwire-v2-p2hb2,03ce24916958596717220167db496b1215544d09,golden-io-v2,.slim/worktrees/golden-io-v2/artifacts/phase_p1_parallel_golden_v1/cohort_2026-09-15_01-32-54_77bb71/attempt_0.json,CLOUD_PROVIDER_GCP,us-east1,2026-09-15T01:32:54.966000+00:00,2026-09-15T01:32:53+00:00,2026-09-15T01:33:13+00:00,17734.15,17734.15,4629.204,1462.52237,3.2,,,,,,10685.52,True,True,True,ab3c08a952521a2d20e2ca31a2deff3c72a45e9aacf95365e62a436cdac7104f,ab3c08a952521a2d20e2ca31a2deff3c72a45e9aacf95365e62a436cdac7104f,d52f5af2d86e7472acd9dcb61983b7844f54f9b76c0beb57c9630a583434af94,6393c29c99950a475ff09796321b158aa279b58ea60ae7d4ccf4a622a97e88df,b5832bea9e9be0e1ffbf1689d5f66aad4b83dd8b000e4fe34ebd5371e85727e3,8724fd132728a6c30413afa697a3ec6e160fc5064719b230a8310ef7639c246f,1591c9c42e3c5f19e92dde20205f6ceedb99a03c5f75d3886dae4d19fbe3295c,im-Zz5IcyWpzZGYVPGlOF6jbL,e44389ea2eda82ba5e2328acc08307b6879ed6d4ea4b030727ab044704c0d3b5,static_e27,33554432,8,bf16,True,"{""copy_stream_span_available"": true, ""gpu_copy_fields_available"": true, ""index_stage_metrics"": false, ""raw_available"": true, ""raw_error"": null, ""source_transport_fields_available"": false, ""transport_records_present"": true}",True
golden-p1-0-ff53758346c7,golden-p1-0-ff53758346c7,sep14_golden_standard_cohort,golden_p1_parallel_io_v2_c0_persistent_fds_preadv_sickness_v2,batch-tripwire-v2-p2hb2,03ce24916958596717220167db496b1215544d09,golden-io-v2,.slim/worktrees/golden-io-v2/artifacts/phase_p1_parallel_golden_v1/cohort_2026-09-15_01-33-18_38948b/attempt_0.json,CLOUD_PROVIDER_GCP,us-east1,2026-09-15T01:33:19.043000+00:00,2026-09-15T01:33:17+00:00,2026-09-15T01:33:38+00:00,19341.506,19341.506,4651.898,1414.305097,2.939,,,,,,12900.22,True,True,True,ab3c08a952521a2d20e2ca31a2deff3c72a45e9aacf95365e62a436cdac7104f,ab3c08a952521a2d20e2ca31a2deff3c72a45e9aacf95365e62a436cdac7104f,d52f5af2d86e7472acd9dcb61983b7844f54f9b76c0beb57c9630a583434af94,6393c29c99950a475ff09796321b158aa279b58ea60ae7d4ccf4a622a97e88df,b5832bea9e9be0e1ffbf1689d5f66aad4b83dd8b000e4fe34ebd5371e85727e3,8724fd132728a6c30413afa697a3ec6e160fc5064719b230a8310ef7639c246f,1591c9c42e3c5f19e92dde20205f6ceedb99a03c5f75d3886dae4d19fbe3295c,im-Zz5IcyWpzZGYVPGlOF6jbL,e44389ea2eda82ba5e2328acc08307b6879ed6d4ea4b030727ab044704c0d3b5,static_e27,33554432,8,bf16,True,"{""copy_stream_span_available"": false, ""gpu_copy_fields_available"": true, ""index_stage_metrics"": false, ""raw_available"": true, ""raw_error"": null, ""source_transport_fields_available"": false, ""transport_records_present"": true}",True
golden-p1-0-809e95614924,golden-p1-0-809e95614924,sep14_golden_standard_cohort,golden_p1_parallel_io_v2_c0_persistent_fds_preadv_sickness_v2,batch-tripwire-v2-p2hb2,03ce24916958596717220167db496b1215544d09,golden-io-v2,.slim/worktrees/golden-io-v2/artifacts/phase_p1_parallel_golden_v1/cohort_2026-09-15_01-33-45_1e57fa/attempt_0.json,CLOUD_PROVIDER_GCP,us-east1,2026-09-15T01:33:45.367000+00:00,2026-09-15T01:33:44+00:00,2026-09-15T01:34:03+00:00,17480.827,17480.827,4655.477,1468.776238,2.923,,,,,,10747.79,True,True,True,ab3c08a952521a2d20e2ca31a2deff3c72a45e9aacf95365e62a436cdac7104f,ab3c08a952521a2d20e2ca31a2deff3c72a45e9aacf95365e62a436cdac7104f,d52f5af2d86e7472acd9dcb61983b7844f54f9b76c0beb57c9630a583434af94,6393c29c99950a475ff09796321b158aa279b58ea60ae7d4ccf4a622a97e88df,b5832bea9e9be0e1ffbf1689d5f66aad4b83dd8b000e4fe34ebd5371e85727e3,8724fd132728a6c30413afa697a3ec6e160fc5064719b230a8310ef7639c246f,1591c9c42e3c5f19e92dde20205f6ceedb99a03c5f75d3886dae4d19fbe3295c,im-Zz5IcyWpzZGYVPGlOF6jbL,e44389ea2eda82ba5e2328acc08307b6879ed6d4ea4b030727ab044704c0d3b5,static_e27,33554432,8,bf16,True,"{""copy_stream_span_available"": true, ""gpu_copy_fields_available"": true, ""index_stage_metrics"": false, ""raw_available"": true, ""raw_error"": null, ""source_transport_fields_available"": false, ""transport_records_present"": true}",True
golden-p1-0-6b7f5d9ba8cf,golden-p1-0-6b7f5d9ba8cf,sep14_golden_standard_cohort,golden_p1_parallel_io_v2_c0_persistent_fds_preadv_sickness_v2,batch-tripwire-v2-p2hb2,03ce24916958596717220167db496b1215544d09,golden-io-v2,.slim/worktrees/golden-io-v2/artifacts/phase_p1_parallel_golden_v1/cohort_2026-09-15_01-34-31_cc64ae/attempt_0.json,CLOUD_PROVIDER_GCP,us-east1,2026-09-15T01:34:31.910000+00:00,2026-09-15T01:34:30+00:00,2026-09-15T01:34:50+00:00,17923.754,17923.754,4674.79,1453.337587,3.477,,,,,,10657.61,True,True,True,ab3c08a952521a2d20e2ca31a2deff3c72a45e9aacf95365e62a436cdac7104f,ab3c08a952521a2d20e2ca31a2deff3c72a45e9aacf95365e62a436cdac7104f,d52f5af2d86e7472acd9dcb61983b7844f54f9b76c0beb57c9630a583434af94,6393c29c99950a475ff09796321b158aa279b58ea60ae7d4ccf4a622a97e88df,b5832bea9e9be0e1ffbf1689d5f66aad4b83dd8b000e4fe34ebd5371e85727e3,8724fd132728a6c30413afa697a3ec6e160fc5064719b230a8310ef7639c246f,1591c9c42e3c5f19e92dde20205f6ceedb99a03c5f75d3886dae4d19fbe3295c,im-Zz5IcyWpzZGYVPGlOF6jbL,e44389ea2eda82ba5e2328acc08307b6879ed6d4ea4b030727ab044704c0d3b5,static_e27,33554432,8,bf16,True,"{""copy_stream_span_available"": false, ""gpu_copy_fields_available"": true, ""index_stage_metrics"": false, ""raw_available"": true, ""raw_error"": null, ""source_transport_fields_available"": false, ""transport_records_present"": true}",True
golden-p1-0-926b5957408a,golden-p1-0-926b5957408a,sep14_golden_standard_cohort,golden_p1_parallel_io_v2_c0_persistent_fds_preadv_sickness_v2,batch-tripwire-v2-p2hb2,03ce24916958596717220167db496b1215544d09,golden-io-v2,.slim/worktrees/golden-io-v2/artifacts/phase_p1_parallel_golden_v1/cohort_2026-09-15_01-34-55_12c039/attempt_0.json,CLOUD_PROVIDER_GCP,us-east1,2026-09-15T01:34:55.947000+00:00,2026-09-15T01:34:54+00:00,2026-09-15T01:35:12+00:00,16390.035,16390.035,4660.667,1465.844916,3.365,,,,,,10582.84,True,True,True,ab3c08a952521a2d20e2ca31a2deff3c72a45e9aacf95365e62a436cdac7104f,ab3c08a952521a2d20e2ca31a2deff3c72a45e9aacf95365e62a436cdac7104f,d52f5af2d86e7472acd9dcb61983b7844f54f9b76c0beb57c9630a583434af94,6393c29c99950a475ff09796321b158aa279b58ea60ae7d4ccf4a622a97e88df,b5832bea9e9be0e1ffbf1689d5f66aad4b83dd8b000e4fe34ebd5371e85727e3,8724fd132728a6c30413afa697a3ec6e160fc5064719b230a8310ef7639c246f,1591c9c42e3c5f19e92dde20205f6ceedb99a03c5f75d3886dae4d19fbe3295c,im-Zz5IcyWpzZGYVPGlOF6jbL,e44389ea2eda82ba5e2328acc08307b6879ed6d4ea4b030727ab044704c0d3b5,static_e27,33554432,8,bf16,True,"{""copy_stream_span_available"": true, ""gpu_copy_fields_available"": true, ""index_stage_metrics"": false, ""raw_available"": true, ""raw_error"": null, ""source_transport_fields_available"": false, ""transport_records_present"": true}",True
golden-p1-0-230f42acefef,golden-p1-0-230f42acefef,sep14_golden_standard_cohort,golden_p1_parallel_io_v2_c0_persistent_fds_preadv_sickness_v2,batch-tripwire-v2-p2hb2,03ce24916958596717220167db496b1215544d09,golden-io-v2,.slim/worktrees/golden-io-v2/artifacts/phase_p1_parallel_golden_v1/cohort_2026-09-15_01-35-18_89e43c/attempt_0.json,CLOUD_PROVIDER_GCP,us-east1,2026-09-15T01:35:18.380000+00:00,2026-09-15T01:35:17+00:00,2026-09-15T01:35:36+00:00,17728.608,17728.608,4632.48,1303.230154,3.035,,,,,,10359.31,True,True,True,ab3c08a952521a2d20e2ca31a2deff3c72a45e9aacf95365e62a436cdac7104f,ab3c08a952521a2d20e2ca31a2deff3c72a45e9aacf95365e62a436cdac7104f,d52f5af2d86e7472acd9dcb61983b7844f54f9b76c0beb57c9630a583434af94,6393c29c99950a475ff09796321b158aa279b58ea60ae7d4ccf4a622a97e88df,b5832bea9e9be0e1ffbf1689d5f66aad4b83dd8b000e4fe34ebd5371e85727e3,8724fd132728a6c30413afa697a3ec6e160fc5064719b230a8310ef7639c246f,1591c9c42e3c5f19e92dde20205f6ceedb99a03c5f75d3886dae4d19fbe3295c,im-Zz5IcyWpzZGYVPGlOF6jbL,e44389ea2eda82ba5e2328acc08307b6879ed6d4ea4b030727ab044704c0d3b5,static_e27,33554432,8,bf16,True,"{""copy_stream_span_available"": true, ""gpu_copy_fields_available"": true, ""index_stage_metrics"": false, ""raw_available"": true, ""raw_error"": null, ""source_transport_fields_available"": false, ""transport_records_present"": true}",True
golden-p1-0-0079be8b2af8,golden-p1-0-0079be8b2af8,sep14_golden_standard_cohort,golden_p1_parallel_io_v2_c0_persistent_fds_preadv_sickness_v2,batch-tripwire-v2-p2hb2,03ce24916958596717220167db496b1215544d09,golden-io-v2,.slim/worktrees/golden-io-v2/artifacts/phase_p1_parallel_golden_v1/cohort_2026-09-15_01-35-41_cee151/attempt_0.json,CLOUD_PROVIDER_GCP,us-east1,2026-09-15T01:35:42.232000+00:00,2026-09-15T01:35:41+00:00,2026-09-15T01:36:16+00:00,33540.454,33540.454,4683.498,1468.016876,3.055,,,,,,10761.87,True,True,True,ab3c08a952521a2d20e2ca31a2deff3c72a45e9aacf95365e62a436cdac7104f,ab3c08a952521a2d20e2ca31a2deff3c72a45e9aacf95365e62a436cdac7104f,d52f5af2d86e7472acd9dcb61983b7844f54f9b76c0beb57c9630a583434af94,6393c29c99950a475ff09796321b158aa279b58ea60ae7d4ccf4a622a97e88df,b5832bea9e9be0e1ffbf1689d5f66aad4b83dd8b000e4fe34ebd5371e85727e3,8724fd132728a6c30413afa697a3ec6e160fc5064719b230a8310ef7639c246f,1591c9c42e3c5f19e92dde20205f6ceedb99a03c5f75d3886dae4d19fbe3295c,im-Zz5IcyWpzZGYVPGlOF6jbL,e44389ea2eda82ba5e2328acc08307b6879ed6d4ea4b030727ab044704c0d3b5,static_e27,33554432,8,bf16,True,"{""copy_stream_span_available"": false, ""gpu_copy_fields_available"": true, ""index_stage_metrics"": false, ""raw_available"": true, ""raw_error"": null, ""source_transport_fields_available"": false, ""transport_records_present"": true}",True
golden-p1-0-4fb6c72eff36,golden-p1-0-4fb6c72eff36,sep14_golden_standard_cohort,golden_p1_parallel_io_v2_c0_persistent_fds_preadv_sickness_v2,batch-tripwire-v2-p2hb2,03ce24916958596717220167db496b1215544d09,golden-io-v2,.slim/worktrees/golden-io-v2/artifacts/phase_p1_parallel_golden_v1/cohort_2026-09-15_01-36-21_3027bb/attempt_0.json,CLOUD_PROVIDER_GCP,us-east1,2026-09-15T01:36:21.872000+00:00,2026-09-15T01:36:20+00:00,2026-09-15T01:36:40+00:00,17885.632,17885.632,4669.52,1440.92614,3.699,,,,,,10512.21,True,True,True,ab3c08a952521a2d20e2ca31a2deff3c72a45e9aacf95365e62a436cdac7104f,ab3c08a952521a2d20e2ca31a2deff3c72a45e9aacf95365e62a436cdac7104f,d52f5af2d86e7472acd9dcb61983b7844f54f9b76c0beb57c9630a583434af94,6393c29c99950a475ff09796321b158aa279b58ea60ae7d4ccf4a622a97e88df,b5832bea9e9be0e1ffbf1689d5f66aad4b83dd8b000e4fe34ebd5371e85727e3,8724fd132728a6c30413afa697a3ec6e160fc5064719b230a8310ef7639c246f,1591c9c42e3c5f19e92dde20205f6ceedb99a03c5f75d3886dae4d19fbe3295c,im-Zz5IcyWpzZGYVPGlOF6jbL,e44389ea2eda82ba5e2328acc08307b6879ed6d4ea4b030727ab044704c0d3b5,static_e27,33554432,8,bf16,True,"{""copy_stream_span_available"": true, ""gpu_copy_fields_available"": true, ""index_stage_metrics"": false, ""raw_available"": true, ""raw_error"": null, ""source_transport_fields_available"": false, ""transport_records_present"": true}",True
golden-p1-0-35051ba53800,golden-p1-0-35051ba53800,sep14_golden_standard_cohort,golden_p1_parallel_io_v2_c0_persistent_fds_preadv_sickness_v2,batch-tripwire-v2-p2hb2,03ce24916958596717220167db496b1215544d09,golden-io-v2,.slim/worktrees/golden-io-v2/artifacts/phase_p1_parallel_golden_v1/cohort_2026-09-15_01-36-45_a3a7b7/attempt_0.json,CLOUD_PROVIDER_GCP,us-east1,2026-09-15T01:36:45.846000+00:00,2026-09-15T01:36:44+00:00,2026-09-15T01:37:03+00:00,17747.368,17747.368,4699.444,1451.96127,3.055,,,,,,10850.04,True,True,True,ab3c08a952521a2d20e2ca31a2deff3c72a45e9aacf95365e62a436cdac7104f,ab3c08a952521a2d20e2ca31a2deff3c72a45e9aacf95365e62a436cdac7104f,d52f5af2d86e7472acd9dcb61983b7844f54f9b76c0beb57c9630a583434af94,6393c29c99950a475ff09796321b158aa279b58ea60ae7d4ccf4a622a97e88df,b5832bea9e9be0e1ffbf1689d5f66aad4b83dd8b000e4fe34ebd5371e85727e3,8724fd132728a6c30413afa697a3ec6e160fc5064719b230a8310ef7639c246f,1591c9c42e3c5f19e92dde20205f6ceedb99a03c5f75d3886dae4d19fbe3295c,im-Zz5IcyWpzZGYVPGlOF6jbL,e44389ea2eda82ba5e2328acc08307b6879ed6d4ea4b030727ab044704c0d3b5,static_e27,33554432,8,bf16,True,"{""copy_stream_span_available"": true, ""gpu_copy_fields_available"": true, ""index_stage_metrics"": false, ""raw_available"": true, ""raw_error"": null, ""source_transport_fields_available"": false, ""transport_records_present"": true}",True
golden-p1-0-8b606506e067,golden-p1-0-8b606506e067,sep14_golden_standard_cohort,golden_p1_parallel_io_v2_c0_persistent_fds_preadv_sickness_v2,batch-tripwire-v2-p2hb2,03ce24916958596717220167db496b1215544d09,golden-io-v2,.slim/worktrees/golden-io-v2/artifacts/phase_p1_parallel_golden_v1/cohort_2026-09-15_01-37-30_623afd/attempt_0.json,CLOUD_PROVIDER_GCP,us-east1,2026-09-15T01:37:30.482000+00:00,2026-09-15T01:37:29+00:00,2026-09-15T01:37:47+00:00,16832.183,16832.183,4617.92,1428.23592,3.38,,,,,,10467.06,True,True,True,ab3c08a952521a2d20e2ca31a2deff3c72a45e9aacf95365e62a436cdac7104f,ab3c08a952521a2d20e2ca31a2deff3c72a45e9aacf95365e62a436cdac7104f,d52f5af2d86e7472acd9dcb61983b7844f54f9b76c0beb57c9630a583434af94,6393c29c99950a475ff09796321b158aa279b58ea60ae7d4ccf4a622a97e88df,b5832bea9e9be0e1ffbf1689d5f66aad4b83dd8b000e4fe34ebd5371e85727e3,8724fd132728a6c30413afa697a3ec6e160fc5064719b230a8310ef7639c246f,1591c9c42e3c5f19e92dde20205f6ceedb99a03c5f75d3886dae4d19fbe3295c,im-Zz5IcyWpzZGYVPGlOF6jbL,e44389ea2eda82ba5e2328acc08307b6879ed6d4ea4b030727ab044704c0d3b5,static_e27,33554432,8,bf16,True,"{""copy_stream_span_available"": true, ""gpu_copy_fields_available"": true, ""index_stage_metrics"": false, ""raw_available"": true, ""raw_error"": null, ""source_transport_fields_available"": false, ""transport_records_present"": true}",True
golden-p1-0-f0c0a1539bac,golden-p1-0-f0c0a1539bac,sep14_golden_standard_cohort,golden_p1_parallel_io_v2_c0_persistent_fds_preadv_sickness_v2,batch-tripwire-v2-p2hb2,03ce24916958596717220167db496b1215544d09,golden-io-v2,.slim/worktrees/golden-io-v2/artifacts/phase_p1_parallel_golden_v1/cohort_2026-09-15_01-37-53_b27ca5/attempt_0.json,CLOUD_PROVIDER_GCP,us-east1,2026-09-15T01:37:53.509000+00:00,2026-09-15T01:37:52+00:00,2026-09-15T01:38:12+00:00,18145.622,18145.622,4669.44,1477.62462,3.054,,,,,,10679.1,True,True,True,ab3c08a952521a2d20e2ca31a2deff3c72a45e9aacf95365e62a436cdac7104f,ab3c08a952521a2d20e2ca31a2deff3c72a45e9aacf95365e62a436cdac7104f,d52f5af2d86e7472acd9dcb61983b7844f54f9b76c0beb57c9630a583434af94,6393c29c99950a475ff09796321b158aa279b58ea60ae7d4ccf4a622a97e88df,b5832bea9e9be0e1ffbf1689d5f66aad4b83dd8b000e4fe34ebd5371e85727e3,8724fd132728a6c30413afa697a3ec6e160fc5064719b230a8310ef7639c246f,1591c9c42e3c5f19e92dde20205f6ceedb99a03c5f75d3886dae4d19fbe3295c,im-Zz5IcyWpzZGYVPGlOF6jbL,e44389ea2eda82ba5e2328acc08307b6879ed6d4ea4b030727ab044704c0d3b5,static_e27,33554432,8,bf16,True,"{""copy_stream_span_available"": true, ""gpu_copy_fields_available"": true, ""index_stage_metrics"": false, ""raw_available"": true, ""raw_error"": null, ""source_transport_fields_available"": false, ""transport_records_present"": true}",True
golden-p1-0-f3eaf82a9f94,golden-p1-0-f3eaf82a9f94,sep14_golden_standard_cohort,golden_p1_parallel_io_v2_c0_persistent_fds_preadv_sickness_v2,batch-tripwire-v2-p2hb2,03ce24916958596717220167db496b1215544d09,golden-io-v2,.slim/worktrees/golden-io-v2/artifacts/phase_p1_parallel_golden_v1/cohort_2026-09-15_01-38-18_7c6bc7/attempt_0.json,CLOUD_PROVIDER_GCP,us-east1,2026-09-15T01:38:18.376000+00:00,2026-09-15T01:38:17+00:00,2026-09-15T01:38:36+00:00,17309.032,17309.032,4589.644,1414.820744,2.723,,,,,,10569.31,True,True,True,ab3c08a952521a2d20e2ca31a2deff3c72a45e9aacf95365e62a436cdac7104f,ab3c08a952521a2d20e2ca31a2deff3c72a45e9aacf95365e62a436cdac7104f,d52f5af2d86e7472acd9dcb61983b7844f54f9b76c0beb57c9630a583434af94,6393c29c99950a475ff09796321b158aa279b58ea60ae7d4ccf4a622a97e88df,b5832bea9e9be0e1ffbf1689d5f66aad4b83dd8b000e4fe34ebd5371e85727e3,8724fd132728a6c30413afa697a3ec6e160fc5064719b230a8310ef7639c246f,1591c9c42e3c5f19e92dde20205f6ceedb99a03c5f75d3886dae4d19fbe3295c,im-Zz5IcyWpzZGYVPGlOF6jbL,e44389ea2eda82ba5e2328acc08307b6879ed6d4ea4b030727ab044704c0d3b5,static_e27,33554432,8,bf16,True,"{""copy_stream_span_available"": true, ""gpu_copy_fields_available"": true, ""index_stage_metrics"": false, ""raw_available"": true, ""raw_error"": null, ""source_transport_fields_available"": false, ""transport_records_present"": true}",True
golden-p1-0-d76f2f378808,golden-p1-0-d76f2f378808,sep14_golden_standard_cohort,golden_p1_parallel_io_v2_c0_persistent_fds_preadv_sickness_v2,batch-tripwire-v2-p2hb2,03ce24916958596717220167db496b1215544d09,golden-io-v2,.slim/worktrees/golden-io-v2/artifacts/phase_p1_parallel_golden_v1/cohort_2026-09-15_01-38-41_a951bd/attempt_0.json,CLOUD_PROVIDER_GCP,us-east1,2026-09-15T01:38:41.711000+00:00,2026-09-15T01:38:40+00:00,2026-09-15T01:38:59+00:00,17673.543,17673.543,4709.746,1474.955478,3.939,,,,,,10524.54,True,True,True,ab3c08a952521a2d20e2ca31a2deff3c72a45e9aacf95365e62a436cdac7104f,ab3c08a952521a2d20e2ca31a2deff3c72a45e9aacf95365e62a436cdac7104f,d52f5af2d86e7472acd9dcb61983b7844f54f9b76c0beb57c9630a583434af94,6393c29c99950a475ff09796321b158aa279b58ea60ae7d4ccf4a622a97e88df,b5832bea9e9be0e1ffbf1689d5f66aad4b83dd8b000e4fe34ebd5371e85727e3,8724fd132728a6c30413afa697a3ec6e160fc5064719b230a8310ef7639c246f,1591c9c42e3c5f19e92dde20205f6ceedb99a03c5f75d3886dae4d19fbe3295c,im-Zz5IcyWpzZGYVPGlOF6jbL,e44389ea2eda82ba5e2328acc08307b6879ed6d4ea4b030727ab044704c0d3b5,static_e27,33554432,8,bf16,True,"{""copy_stream_span_available"": true, ""gpu_copy_fields_available"": true, ""index_stage_metrics"": false, ""raw_available"": true, ""raw_error"": null, ""source_transport_fields_available"": false, ""transport_records_present"": true}",True
golden-p1-0-58ae70aad00c,golden-p1-0-58ae70aad00c,sep14_golden_standard_cohort,golden_p1_parallel_io_v2_c0_persistent_fds_preadv_sickness_v2,batch-tripwire-v2-p2hb2,03ce24916958596717220167db496b1215544d09,golden-io-v2,.slim/worktrees/golden-io-v2/artifacts/phase_p1_parallel_golden_v1/cohort_2026-09-15_01-39-05_638dae/attempt_0.json,CLOUD_PROVIDER_GCP,us-east1,2026-09-15T01:39:05.429000+00:00,2026-09-15T01:39:04+00:00,2026-09-15T01:39:24+00:00,18442.616,18442.616,4661.619,1429.261483,3.394,,,,,,10517.5,True,True,True,ab3c08a952521a2d20e2ca31a2deff3c72a45e9aacf95365e62a436cdac7104f,ab3c08a952521a2d20e2ca31a2deff3c72a45e9aacf95365e62a436cdac7104f,d52f5af2d86e7472acd9dcb61983b7844f54f9b76c0beb57c9630a583434af94,6393c29c99950a475ff09796321b158aa279b58ea60ae7d4ccf4a622a97e88df,b5832bea9e9be0e1ffbf1689d5f66aad4b83dd8b000e4fe34ebd5371e85727e3,8724fd132728a6c30413afa697a3ec6e160fc5064719b230a8310ef7639c246f,1591c9c42e3c5f19e92dde20205f6ceedb99a03c5f75d3886dae4d19fbe3295c,im-Zz5IcyWpzZGYVPGlOF6jbL,e44389ea2eda82ba5e2328acc08307b6879ed6d4ea4b030727ab044704c0d3b5,static_e27,33554432,8,bf16,True,"{""copy_stream_span_available"": true, ""gpu_copy_fields_available"": true, ""index_stage_metrics"": false, ""raw_available"": true, ""raw_error"": null, ""source_transport_fields_available"": false, ""transport_records_present"": true}",True
golden-p1-0-2ec32a2b4d91,golden-p1-0-2ec32a2b4d91,sep14_golden_standard_cohort,golden_p1_parallel_io_v2_c0_persistent_fds_preadv_sickness_v2,batch-tripwire-v2-p2hb2,03ce24916958596717220167db496b1215544d09,golden-io-v2,.slim/worktrees/golden-io-v2/artifacts/phase_p1_parallel_golden_v1/cohort_2026-09-15_01-39-29_568aab/attempt_0.json,CLOUD_PROVIDER_GCP,us-east1,2026-09-15T01:39:29.934000+00:00,2026-09-15T01:39:28+00:00,2026-09-15T01:39:47+00:00,17102.908,17102.908,4641.497,1425.519083,3.61,,,,,,10418.03,True,True,True,ab3c08a952521a2d20e2ca31a2deff3c72a45e9aacf95365e62a436cdac7104f,ab3c08a952521a2d20e2ca31a2deff3c72a45e9aacf95365e62a436cdac7104f,d52f5af2d86e7472acd9dcb61983b7844f54f9b76c0beb57c9630a583434af94,6393c29c99950a475ff09796321b158aa279b58ea60ae7d4ccf4a622a97e88df,b5832bea9e9be0e1ffbf1689d5f66aad4b83dd8b000e4fe34ebd5371e85727e3,8724fd132728a6c30413afa697a3ec6e160fc5064719b230a8310ef7639c246f,1591c9c42e3c5f19e92dde20205f6ceedb99a03c5f75d3886dae4d19fbe3295c,im-Zz5IcyWpzZGYVPGlOF6jbL,e44389ea2eda82ba5e2328acc08307b6879ed6d4ea4b030727ab044704c0d3b5,static_e27,33554432,8,bf16,True,"{""copy_stream_span_available"": true, ""gpu_copy_fields_available"": true, ""index_stage_metrics"": false, ""raw_available"": true, ""raw_error"": null, ""source_transport_fields_available"": false, ""transport_records_present"": true}",True
golden-p1-0-025921aee230,golden-p1-0-025921aee230,sep14_golden_standard_cohort,golden_p1_parallel_io_v2_c0_persistent_fds_preadv_sickness_v2,batch-tripwire-v2-p2hb2,03ce24916958596717220167db496b1215544d09,golden-io-v2,.slim/worktrees/golden-io-v2/artifacts/phase_p1_parallel_golden_v1/cohort_2026-09-15_01-40-16_63b7db/attempt_0.json,CLOUD_PROVIDER_GCP,us-east1,2026-09-15T01:40:16.716000+00:00,2026-09-15T01:40:15+00:00,2026-09-15T01:40:45+00:00,28297.081,28297.081,4605.008,2749.792204,3.834,,,,,,21255.08,True,True,True,ab3c08a952521a2d20e2ca31a2deff3c72a45e9aacf95365e62a436cdac7104f,ab3c08a952521a2d20e2ca31a2deff3c72a45e9aacf95365e62a436cdac7104f,d52f5af2d86e7472acd9dcb61983b7844f54f9b76c0beb57c9630a583434af94,6393c29c99950a475ff09796321b158aa279b58ea60ae7d4ccf4a622a97e88df,b5832bea9e9be0e1ffbf1689d5f66aad4b83dd8b000e4fe34ebd5371e85727e3,8724fd132728a6c30413afa697a3ec6e160fc5064719b230a8310ef7639c246f,1591c9c42e3c5f19e92dde20205f6ceedb99a03c5f75d3886dae4d19fbe3295c,im-Zz5IcyWpzZGYVPGlOF6jbL,e44389ea2eda82ba5e2328acc08307b6879ed6d4ea4b030727ab044704c0d3b5,static_e27,33554432,8,bf16,True,"{""copy_stream_span_available"": true, ""gpu_copy_fields_available"": true, ""index_stage_metrics"": false, ""raw_available"": true, ""raw_error"": null, ""source_transport_fields_available"": false, ""transport_records_present"": true}",True
golden-p1-0-a1961a88e9a3,golden-p1-0-a1961a88e9a3,sep14_golden_standard_cohort,golden_p1_parallel_io_v2_c0_persistent_fds_preadv_sickness_v2,batch-tripwire-v2-p2hb2,03ce24916958596717220167db496b1215544d09,golden-io-v2,.slim/worktrees/golden-io-v2/artifacts/phase_p1_parallel_golden_v1/cohort_2026-09-15_01-40-51_09c65c/attempt_0.json,CLOUD_PROVIDER_GCP,us-east1,2026-09-15T01:40:52.055000+00:00,2026-09-15T01:40:50+00:00,2026-09-15T01:41:08+00:00,16472.344,16472.344,4684.865,1461.707434,3.353,,,,,,10497.74,True,True,True,ab3c08a952521a2d20e2ca31a2deff3c72a45e9aacf95365e62a436cdac7104f,ab3c08a952521a2d20e2ca31a2deff3c72a45e9aacf95365e62a436cdac7104f,d52f5af2d86e7472acd9dcb61983b7844f54f9b76c0beb57c9630a583434af94,6393c29c99950a475ff09796321b158aa279b58ea60ae7d4ccf4a622a97e88df,b5832bea9e9be0e1ffbf1689d5f66aad4b83dd8b000e4fe34ebd5371e85727e3,8724fd132728a6c30413afa697a3ec6e160fc5064719b230a8310ef7639c246f,1591c9c42e3c5f19e92dde20205f6ceedb99a03c5f75d3886dae4d19fbe3295c,im-Zz5IcyWpzZGYVPGlOF6jbL,e44389ea2eda82ba5e2328acc08307b6879ed6d4ea4b030727ab044704c0d3b5,static_e27,33554432,8,bf16,True,"{""copy_stream_span_available"": true, ""gpu_copy_fields_available"": true, ""index_stage_metrics"": false, ""raw_available"": true, ""raw_error"": null, ""source_transport_fields_available"": false, ""transport_records_present"": true}",True
golden-p1-0-3b1539f93fdc,golden-p1-0-3b1539f93fdc,sep14_golden_standard_cohort,golden_p1_parallel_io_v2_c0_persistent_fds_preadv_sickness_v2,batch-tripwire-v2-p2hb2,03ce24916958596717220167db496b1215544d09,golden-io-v2,.slim/worktrees/golden-io-v2/artifacts/phase_p1_parallel_golden_v1/cohort_2026-09-15_01-41-14_3abd16/attempt_0.json,CLOUD_PROVIDER_GCP,us-east1,2026-09-15T01:41:14.601000+00:00,2026-09-15T01:41:13+00:00,2026-09-15T01:41:31+00:00,16969.014,16969.014,4648.951,1422.846623,3.314,,,,,,10482.73,True,True,True,ab3c08a952521a2d20e2ca31a2deff3c72a45e9aacf95365e62a436cdac7104f,ab3c08a952521a2d20e2ca31a2deff3c72a45e9aacf95365e62a436cdac7104f,d52f5af2d86e7472acd9dcb61983b7844f54f9b76c0beb57c9630a583434af94,6393c29c99950a475ff09796321b158aa279b58ea60ae7d4ccf4a622a97e88df,b5832bea9e9be0e1ffbf1689d5f66aad4b83dd8b000e4fe34ebd5371e85727e3,8724fd132728a6c30413afa697a3ec6e160fc5064719b230a8310ef7639c246f,1591c9c42e3c5f19e92dde20205f6ceedb99a03c5f75d3886dae4d19fbe3295c,im-Zz5IcyWpzZGYVPGlOF6jbL,e44389ea2eda82ba5e2328acc08307b6879ed6d4ea4b030727ab044704c0d3b5,static_e27,33554432,8,bf16,True,"{""copy_stream_span_available"": true, ""gpu_copy_fields_available"": true, ""index_stage_metrics"": false, ""raw_available"": true, ""raw_error"": null, ""source_transport_fields_available"": false, ""transport_records_present"": true}",True
golden-p1-0-b8f41a2a2a00,golden-p1-0-b8f41a2a2a00,sep14_golden_standard_cohort,golden_p1_parallel_io_v2_c0_persistent_fds_preadv_sickness_v2,batch-tripwire-v2-p2hb2,03ce24916958596717220167db496b1215544d09,golden-io-v2,.slim/worktrees/golden-io-v2/artifacts/phase_p1_parallel_golden_v1/cohort_2026-09-15_01-41-37_ce562d/attempt_0.json,CLOUD_PROVIDER_GCP,us-east1,2026-09-15T01:41:37.574000+00:00,2026-09-15T01:41:36+00:00,2026-09-15T01:41:56+00:00,18592.863,18592.863,4645.538,1445.368002,3.458,,,,,,10940.77,True,True,True,ab3c08a952521a2d20e2ca31a2deff3c72a45e9aacf95365e62a436cdac7104f,ab3c08a952521a2d20e2ca31a2deff3c72a45e9aacf95365e62a436cdac7104f,d52f5af2d86e7472acd9dcb61983b7844f54f9b76c0beb57c9630a583434af94,6393c29c99950a475ff09796321b158aa279b58ea60ae7d4ccf4a622a97e88df,b5832bea9e9be0e1ffbf1689d5f66aad4b83dd8b000e4fe34ebd5371e85727e3,8724fd132728a6c30413afa697a3ec6e160fc5064719b230a8310ef7639c246f,1591c9c42e3c5f19e92dde20205f6ceedb99a03c5f75d3886dae4d19fbe3295c,im-Zz5IcyWpzZGYVPGlOF6jbL,e44389ea2eda82ba5e2328acc08307b6879ed6d4ea4b030727ab044704c0d3b5,static_e27,33554432,8,bf16,True,"{""copy_stream_span_available"": true, ""gpu_copy_fields_available"": true, ""index_stage_metrics"": false, ""raw_available"": true, ""raw_error"": null, ""source_transport_fields_available"": false, ""transport_records_present"": true}",True
golden-p1-0-840156848e82,golden-p1-0-840156848e82,sep14_golden_standard_cohort,golden_p1_parallel_io_v2_c0_persistent_fds_preadv_sickness_v2,batch-tripwire-v2-p2hb2,03ce24916958596717220167db496b1215544d09,golden-io-v2,.slim/worktrees/golden-io-v2/artifacts/phase_p1_parallel_golden_v1/cohort_2026-09-15_01-42-02_881845/attempt_0.json,CLOUD_PROVIDER_GCP,us-east1,2026-09-15T01:42:02.323000+00:00,2026-09-15T01:42:01+00:00,2026-09-15T01:42:20+00:00,17957.709,17957.709,4657.324,1378.933345,2.801,,,,,,10982.37,True,True,True,ab3c08a952521a2d20e2ca31a2deff3c72a45e9aacf95365e62a436cdac7104f,ab3c08a952521a2d20e2ca31a2deff3c72a45e9aacf95365e62a436cdac7104f,d52f5af2d86e7472acd9dcb61983b7844f54f9b76c0beb57c9630a583434af94,6393c29c99950a475ff09796321b158aa279b58ea60ae7d4ccf4a622a97e88df,b5832bea9e9be0e1ffbf1689d5f66aad4b83dd8b000e4fe34ebd5371e85727e3,8724fd132728a6c30413afa697a3ec6e160fc5064719b230a8310ef7639c246f,1591c9c42e3c5f19e92dde20205f6ceedb99a03c5f75d3886dae4d19fbe3295c,im-Zz5IcyWpzZGYVPGlOF6jbL,e44389ea2eda82ba5e2328acc08307b6879ed6d4ea4b030727ab044704c0d3b5,static_e27,33554432,8,bf16,True,"{""copy_stream_span_available"": true, ""gpu_copy_fields_available"": true, ""index_stage_metrics"": false, ""raw_available"": true, ""raw_error"": null, ""source_transport_fields_available"": false, ""transport_records_present"": true}",True
golden-p1-0-52888637d00f,golden-p1-0-52888637d00f,sep14_golden_standard_cohort,golden_p1_parallel_io_v2_c0_persistent_fds_preadv_sickness_v2,batch-tripwire-v2-p2hb2,03ce24916958596717220167db496b1215544d09,golden-io-v2,.slim/worktrees/golden-io-v2/artifacts/phase_p1_parallel_golden_v1/cohort_2026-09-15_01-42-26_ee0c46/attempt_0.json,CLOUD_PROVIDER_GCP,us-east1,2026-09-15T01:42:26.629000+00:00,2026-09-15T01:42:25+00:00,2026-09-15T01:42:44+00:00,17386.422,17386.422,4627.881,1375.769158,3.289,,,,,,10679.74,True,True,True,ab3c08a952521a2d20e2ca31a2deff3c72a45e9aacf95365e62a436cdac7104f,ab3c08a952521a2d20e2ca31a2deff3c72a45e9aacf95365e62a436cdac7104f,d52f5af2d86e7472acd9dcb61983b7844f54f9b76c0beb57c9630a583434af94,6393c29c99950a475ff09796321b158aa279b58ea60ae7d4ccf4a622a97e88df,b5832bea9e9be0e1ffbf1689d5f66aad4b83dd8b000e4fe34ebd5371e85727e3,8724fd132728a6c30413afa697a3ec6e160fc5064719b230a8310ef7639c246f,1591c9c42e3c5f19e92dde20205f6ceedb99a03c5f75d3886dae4d19fbe3295c,im-Zz5IcyWpzZGYVPGlOF6jbL,e44389ea2eda82ba5e2328acc08307b6879ed6d4ea4b030727ab044704c0d3b5,static_e27,33554432,8,bf16,True,"{""copy_stream_span_available"": true, ""gpu_copy_fields_available"": true, ""index_stage_metrics"": false, ""raw_available"": true, ""raw_error"": null, ""source_transport_fields_available"": false, ""transport_records_present"": true}",True
golden-p1-0-49a95ba2e801,golden-p1-0-49a95ba2e801,sep14_golden_standard_cohort,golden_p1_parallel_io_v2_c0_persistent_fds_preadv_sickness_v2,batch-tripwire-v2-p2hb2,03ce24916958596717220167db496b1215544d09,golden-io-v2,.slim/worktrees/golden-io-v2/artifacts/phase_p1_parallel_golden_v1/cohort_2026-09-15_01-43-17_56bbfc/attempt_0.json,CLOUD_PROVIDER_GCP,us-east1,2026-09-15T01:43:17.331000+00:00,2026-09-15T01:43:16+00:00,2026-09-15T01:43:36+00:00,18607.905,18607.905,4642.353,1519.827599,2.994,,,,,,10803.4,True,True,True,ab3c08a952521a2d20e2ca31a2deff3c72a45e9aacf95365e62a436cdac7104f,ab3c08a952521a2d20e2ca31a2deff3c72a45e9aacf95365e62a436cdac7104f,d52f5af2d86e7472acd9dcb61983b7844f54f9b76c0beb57c9630a583434af94,6393c29c99950a475ff09796321b158aa279b58ea60ae7d4ccf4a622a97e88df,b5832bea9e9be0e1ffbf1689d5f66aad4b83dd8b000e4fe34ebd5371e85727e3,8724fd132728a6c30413afa697a3ec6e160fc5064719b230a8310ef7639c246f,1591c9c42e3c5f19e92dde20205f6ceedb99a03c5f75d3886dae4d19fbe3295c,im-Zz5IcyWpzZGYVPGlOF6jbL,e44389ea2eda82ba5e2328acc08307b6879ed6d4ea4b030727ab044704c0d3b5,static_e27,33554432,8,bf16,True,"{""copy_stream_span_available"": false, ""gpu_copy_fields_available"": true, ""index_stage_metrics"": false, ""raw_available"": true, ""raw_error"": null, ""source_transport_fields_available"": false, ""transport_records_present"": true}",True
golden-p1-0-b7b866660915,golden-p1-0-b7b866660915,sep14_golden_standard_cohort,golden_p1_parallel_io_v2_c0_persistent_fds_preadv_sickness_v2,batch-tripwire-v2-p2hb2,03ce24916958596717220167db496b1215544d09,golden-io-v2,.slim/worktrees/golden-io-v2/artifacts/phase_p1_parallel_golden_v1/cohort_2026-09-15_01-43-42_77bde9/attempt_0.json,CLOUD_PROVIDER_GCP,us-east1,2026-09-15T01:43:42.294000+00:00,2026-09-15T01:43:41+00:00,2026-09-15T01:44:14+00:00,32299.972,32299.972,4683.049,1496.377739,3.795,,,,,,10718.59,True,True,True,ab3c08a952521a2d20e2ca31a2deff3c72a45e9aacf95365e62a436cdac7104f,ab3c08a952521a2d20e2ca31a2deff3c72a45e9aacf95365e62a436cdac7104f,d52f5af2d86e7472acd9dcb61983b7844f54f9b76c0beb57c9630a583434af94,6393c29c99950a475ff09796321b158aa279b58ea60ae7d4ccf4a622a97e88df,b5832bea9e9be0e1ffbf1689d5f66aad4b83dd8b000e4fe34ebd5371e85727e3,8724fd132728a6c30413afa697a3ec6e160fc5064719b230a8310ef7639c246f,1591c9c42e3c5f19e92dde20205f6ceedb99a03c5f75d3886dae4d19fbe3295c,im-Zz5IcyWpzZGYVPGlOF6jbL,e44389ea2eda82ba5e2328acc08307b6879ed6d4ea4b030727ab044704c0d3b5,static_e27,33554432,8,bf16,True,"{""copy_stream_span_available"": true, ""gpu_copy_fields_available"": true, ""index_stage_metrics"": false, ""raw_available"": true, ""raw_error"": null, ""source_transport_fields_available"": false, ""transport_records_present"": true}",True
golden-p1-0-8fc32b9537e3,golden-p1-0-8fc32b9537e3,sep14_golden_standard_cohort,golden_p1_parallel_io_v2_c0_persistent_fds_preadv_sickness_v2,batch-tripwire-v2-p2hb2,03ce24916958596717220167db496b1215544d09,golden-io-v2,.slim/worktrees/golden-io-v2/artifacts/phase_p1_parallel_golden_v1/cohort_2026-09-15_01-44-20_1152e1/attempt_0.json,CLOUD_PROVIDER_GCP,us-east1,2026-09-15T01:44:20.975000+00:00,2026-09-15T01:44:19+00:00,2026-09-15T01:44:38+00:00,17410.47,17410.47,4672.332,1425.989006,3.411,,,,,,10586.23,True,True,True,ab3c08a952521a2d20e2ca31a2deff3c72a45e9aacf95365e62a436cdac7104f,ab3c08a952521a2d20e2ca31a2deff3c72a45e9aacf95365e62a436cdac7104f,d52f5af2d86e7472acd9dcb61983b7844f54f9b76c0beb57c9630a583434af94,6393c29c99950a475ff09796321b158aa279b58ea60ae7d4ccf4a622a97e88df,b5832bea9e9be0e1ffbf1689d5f66aad4b83dd8b000e4fe34ebd5371e85727e3,8724fd132728a6c30413afa697a3ec6e160fc5064719b230a8310ef7639c246f,1591c9c42e3c5f19e92dde20205f6ceedb99a03c5f75d3886dae4d19fbe3295c,im-Zz5IcyWpzZGYVPGlOF6jbL,e44389ea2eda82ba5e2328acc08307b6879ed6d4ea4b030727ab044704c0d3b5,static_e27,33554432,8,bf16,True,"{""copy_stream_span_available"": true, ""gpu_copy_fields_available"": true, ""index_stage_metrics"": false, ""raw_available"": true, ""raw_error"": null, ""source_transport_fields_available"": false, ""transport_records_present"": true}",True
golden-p1-0-4ec95ca6726f,golden-p1-0-4ec95ca6726f,sep14_golden_standard_cohort,golden_p1_parallel_io_v2_c0_persistent_fds_preadv_sickness_v2,batch-tripwire-v2-p2hb2,03ce24916958596717220167db496b1215544d09,golden-io-v2,.slim/worktrees/golden-io-v2/artifacts/phase_p1_parallel_golden_v1/cohort_2026-09-15_01-44-44_79089c/attempt_0.json,CLOUD_PROVIDER_GCP,us-east1,2026-09-15T01:44:44.868000+00:00,2026-09-15T01:44:43+00:00,2026-09-15T01:45:02+00:00,17555.571,17555.571,4651.056,1495.442778,4.093,,,,,,10698.99,True,True,True,ab3c08a952521a2d20e2ca31a2deff3c72a45e9aacf95365e62a436cdac7104f,ab3c08a952521a2d20e2ca31a2deff3c72a45e9aacf95365e62a436cdac7104f,d52f5af2d86e7472acd9dcb61983b7844f54f9b76c0beb57c9630a583434af94,6393c29c99950a475ff09796321b158aa279b58ea60ae7d4ccf4a622a97e88df,b5832bea9e9be0e1ffbf1689d5f66aad4b83dd8b000e4fe34ebd5371e85727e3,8724fd132728a6c30413afa697a3ec6e160fc5064719b230a8310ef7639c246f,1591c9c42e3c5f19e92dde20205f6ceedb99a03c5f75d3886dae4d19fbe3295c,im-Zz5IcyWpzZGYVPGlOF6jbL,e44389ea2eda82ba5e2328acc08307b6879ed6d4ea4b030727ab044704c0d3b5,static_e27,33554432,8,bf16,True,"{""copy_stream_span_available"": true, ""gpu_copy_fields_available"": true, ""index_stage_metrics"": false, ""raw_available"": true, ""raw_error"": null, ""source_transport_fields_available"": false, ""transport_records_present"": true}",True
golden-p1-0-0f82c0cdad35,golden-p1-0-0f82c0cdad35,sep14_golden_standard_cohort,golden_p1_parallel_io_v2_c0_persistent_fds_preadv_sickness_v2,batch-tripwire-v2-p2hb2,03ce24916958596717220167db496b1215544d09,golden-io-v2,.slim/worktrees/golden-io-v2/artifacts/phase_p1_parallel_golden_v1/cohort_2026-09-15_01-45-08_0f3245/attempt_0.json,CLOUD_PROVIDER_GCP,us-east1,2026-09-15T01:45:08.999000+00:00,2026-09-15T01:45:07+00:00,2026-09-15T01:45:26+00:00,17171.017,17171.017,4619.147,1412.854011,3.863,,,,,,10462.07,True,True,True,ab3c08a952521a2d20e2ca31a2deff3c72a45e9aacf95365e62a436cdac7104f,ab3c08a952521a2d20e2ca31a2deff3c72a45e9aacf95365e62a436cdac7104f,d52f5af2d86e7472acd9dcb61983b7844f54f9b76c0beb57c9630a583434af94,6393c29c99950a475ff09796321b158aa279b58ea60ae7d4ccf4a622a97e88df,b5832bea9e9be0e1ffbf1689d5f66aad4b83dd8b000e4fe34ebd5371e85727e3,8724fd132728a6c30413afa697a3ec6e160fc5064719b230a8310ef7639c246f,1591c9c42e3c5f19e92dde20205f6ceedb99a03c5f75d3886dae4d19fbe3295c,im-Zz5IcyWpzZGYVPGlOF6jbL,e44389ea2eda82ba5e2328acc08307b6879ed6d4ea4b030727ab044704c0d3b5,static_e27,33554432,8,bf16,True,"{""copy_stream_span_available"": true, ""gpu_copy_fields_available"": true, ""index_stage_metrics"": false, ""raw_available"": true, ""raw_error"": null, ""source_transport_fields_available"": false, ""transport_records_present"": true}",True
golden-p1-0-178777776abf,golden-p1-0-178777776abf,sep14_golden_standard_cohort,golden_p1_parallel_io_v2_c0_persistent_fds_preadv_sickness_v2,batch-tripwire-v2-p2hb2,03ce24916958596717220167db496b1215544d09,golden-io-v2,.slim/worktrees/golden-io-v2/artifacts/phase_p1_parallel_golden_v1/cohort_2026-09-15_01-45-32_51aa0f/attempt_0.json,CLOUD_PROVIDER_GCP,us-east1,2026-09-15T01:45:32.643000+00:00,2026-09-15T01:45:31+00:00,2026-09-15T01:45:49+00:00,16833.552,16833.552,4648.979,1395.04925,2.97,,,,,,10434.99,True,True,True,ab3c08a952521a2d20e2ca31a2deff3c72a45e9aacf95365e62a436cdac7104f,ab3c08a952521a2d20e2ca31a2deff3c72a45e9aacf95365e62a436cdac7104f,d52f5af2d86e7472acd9dcb61983b7844f54f9b76c0beb57c9630a583434af94,6393c29c99950a475ff09796321b158aa279b58ea60ae7d4ccf4a622a97e88df,b5832bea9e9be0e1ffbf1689d5f66aad4b83dd8b000e4fe34ebd5371e85727e3,8724fd132728a6c30413afa697a3ec6e160fc5064719b230a8310ef7639c246f,1591c9c42e3c5f19e92dde20205f6ceedb99a03c5f75d3886dae4d19fbe3295c,im-Zz5IcyWpzZGYVPGlOF6jbL,e44389ea2eda82ba5e2328acc08307b6879ed6d4ea4b030727ab044704c0d3b5,static_e27,33554432,8,bf16,True,"{""copy_stream_span_available"": true, ""gpu_copy_fields_available"": true, ""index_stage_metrics"": false, ""raw_available"": true, ""raw_error"": null, ""source_transport_fields_available"": false, ""transport_records_present"": true}",True
golden-p1-0-d10ea2ee80bd,golden-p1-0-d10ea2ee80bd,raw_attempt,golden_p1_parallel_io_v2_c0_persistent_fds_preadv_sickness_v2,batch-golden-sep14-repro,03ce24916958596717220167db496b1215544d09,golden-sep14-repro,.slim/worktrees/golden-sep14-repro/artifacts/phase_p1_parallel_golden_v1/cohort_2026-09-16_00-44-13_a41832/attempt_0.json,CLOUD_PROVIDER_GCP,us-east1,2026-09-16T00:44:13.312000+00:00,2026-09-16T00:44:13.312553+00:00,2026-09-16T00:44:41.764327+00:00,28450.933,28450.933,4746.007,1973.171783,2.808,,,,,,,True,True,True,ab3c08a952521a2d20e2ca31a2deff3c72a45e9aacf95365e62a436cdac7104f,ab3c08a952521a2d20e2ca31a2deff3c72a45e9aacf95365e62a436cdac7104f,b2be422d81cae33f1036bf13de45fabe6639c9a6a91ef5e7a85f187a21b69c50,05ad04b49f8646d2b684f1d8b4832278491f9b2582940f8bd6d9b99ad10f5c2f,a57ed51ed92eb511d5d9d8c0f2d7cd09fe7973094d0e2900cba6b1e273066b07,e93e80bb71143223397eba15714060e9fdf828248bba0b51e73e07bb832c32bd,66786d29ca36d1e619fd7343308b99ec27bcd84e6d87f3ff7cb3610335678032,im-iQp2pNumkw79NmaY46mAAP,e44389ea2eda82ba5e2328acc08307b6879ed6d4ea4b030727ab044704c0d3b5,static_e27,33554432,8,bf16,True,"{""copy_stream_span_available"": true, ""gpu_copy_fields_available"": true, ""index_stage_metrics"": false, ""raw_available"": true, ""raw_error"": null, ""source_transport_fields_available"": false, ""transport_records_present"": true}",True
golden-p1-0-8a91d8d4179b,golden-p1-0-8a91d8d4179b,raw_attempt,golden_p1_parallel_io_v2_c0_persistent_fds_preadv_sickness_v2,batch-golden-sep14-repro,03ce24916958596717220167db496b1215544d09,golden-sep14-repro,.slim/worktrees/golden-sep14-repro/artifacts/phase_p1_parallel_golden_v1/cohort_2026-09-16_00-45-21_08a57f/attempt_0.json,CLOUD_PROVIDER_GCP,us-east1,2026-09-16T00:45:21.564000+00:00,2026-09-16T00:45:21.564060+00:00,2026-09-16T00:45:39.159488+00:00,17594.777,17594.777,4630.004,1395.833335,3.146,,,,,,,True,True,True,ab3c08a952521a2d20e2ca31a2deff3c72a45e9aacf95365e62a436cdac7104f,ab3c08a952521a2d20e2ca31a2deff3c72a45e9aacf95365e62a436cdac7104f,b2be422d81cae33f1036bf13de45fabe6639c9a6a91ef5e7a85f187a21b69c50,05ad04b49f8646d2b684f1d8b4832278491f9b2582940f8bd6d9b99ad10f5c2f,a57ed51ed92eb511d5d9d8c0f2d7cd09fe7973094d0e2900cba6b1e273066b07,e93e80bb71143223397eba15714060e9fdf828248bba0b51e73e07bb832c32bd,66786d29ca36d1e619fd7343308b99ec27bcd84e6d87f3ff7cb3610335678032,im-iQp2pNumkw79NmaY46mAAP,e44389ea2eda82ba5e2328acc08307b6879ed6d4ea4b030727ab044704c0d3b5,static_e27,33554432,8,bf16,True,"{""copy_stream_span_available"": false, ""gpu_copy_fields_available"": true, ""index_stage_metrics"": false, ""raw_available"": true, ""raw_error"": null, ""source_transport_fields_available"": false, ""transport_records_present"": true}",True
golden-p1-0-d7b1d252669c,golden-p1-0-d7b1d252669c,raw_attempt,golden_p1_parallel_io_v2_c0_persistent_fds_preadv_sickness_v2,batch-golden-sep14-repro,03ce24916958596717220167db496b1215544d09,golden-sep14-repro,.slim/worktrees/golden-sep14-repro/artifacts/phase_p1_parallel_golden_v1/cohort_2026-09-16_00-45-57_4b9ef3/attempt_0.json,CLOUD_PROVIDER_GCP,us-east1,2026-09-16T00:45:57.576000+00:00,2026-09-16T00:45:57.576793+00:00,2026-09-16T00:46:18.736716+00:00,21160.044,21160.044,4631.687,1484.265642,3.623,,,,,,,True,True,True,ab3c08a952521a2d20e2ca31a2deff3c72a45e9aacf95365e62a436cdac7104f,ab3c08a952521a2d20e2ca31a2deff3c72a45e9aacf95365e62a436cdac7104f,b2be422d81cae33f1036bf13de45fabe6639c9a6a91ef5e7a85f187a21b69c50,05ad04b49f8646d2b684f1d8b4832278491f9b2582940f8bd6d9b99ad10f5c2f,a57ed51ed92eb511d5d9d8c0f2d7cd09fe7973094d0e2900cba6b1e273066b07,e93e80bb71143223397eba15714060e9fdf828248bba0b51e73e07bb832c32bd,66786d29ca36d1e619fd7343308b99ec27bcd84e6d87f3ff7cb3610335678032,im-iQp2pNumkw79NmaY46mAAP,e44389ea2eda82ba5e2328acc08307b6879ed6d4ea4b030727ab044704c0d3b5,static_e27,33554432,8,bf16,True,"{""copy_stream_span_available"": true, ""gpu_copy_fields_available"": true, ""index_stage_metrics"": false, ""raw_available"": true, ""raw_error"": null, ""source_transport_fields_available"": false, ""transport_records_present"": true}",True
golden-p1-0-db91fddabdb5,golden-p1-0-db91fddabdb5,raw_attempt,golden_p1_parallel_io_v2_c0_persistent_fds_preadv_sickness_v2,batch-golden-sep14-repro,03ce24916958596717220167db496b1215544d09,golden-sep14-repro,.slim/worktrees/golden-sep14-repro/artifacts/phase_p1_parallel_golden_v1/cohort_2026-09-16_00-46-35_ded8a2/attempt_0.json,CLOUD_PROVIDER_GCP,us-east1,2026-09-16T00:46:35.928000+00:00,2026-09-16T00:46:35.928322+00:00,2026-09-16T00:46:53.394180+00:00,17466.43,17466.43,4637.876,1461.455669,3.915,,,,,,,True,True,True,ab3c08a952521a2d20e2ca31a2deff3c72a45e9aacf95365e62a436cdac7104f,ab3c08a952521a2d20e2ca31a2deff3c72a45e9aacf95365e62a436cdac7104f,b2be422d81cae33f1036bf13de45fabe6639c9a6a91ef5e7a85f187a21b69c50,05ad04b49f8646d2b684f1d8b4832278491f9b2582940f8bd6d9b99ad10f5c2f,a57ed51ed92eb511d5d9d8c0f2d7cd09fe7973094d0e2900cba6b1e273066b07,e93e80bb71143223397eba15714060e9fdf828248bba0b51e73e07bb832c32bd,66786d29ca36d1e619fd7343308b99ec27bcd84e6d87f3ff7cb3610335678032,im-iQp2pNumkw79NmaY46mAAP,e44389ea2eda82ba5e2328acc08307b6879ed6d4ea4b030727ab044704c0d3b5,static_e27,33554432,8,bf16,True,"{""copy_stream_span_available"": true, ""gpu_copy_fields_available"": true, ""index_stage_metrics"": false, ""raw_available"": true, ""raw_error"": null, ""source_transport_fields_available"": false, ""transport_records_present"": true}",True
golden-p1-0-954d3cf7b51e,golden-p1-0-954d3cf7b51e,raw_attempt,golden_p1_parallel_io_v2_c0_persistent_fds_preadv_sickness_v2,batch-golden-sep14-repro,03ce24916958596717220167db496b1215544d09,golden-sep14-repro,.slim/worktrees/golden-sep14-repro/artifacts/phase_p1_parallel_golden_v1/cohort_2026-09-16_00-47-08_d04894/attempt_0.json,CLOUD_PROVIDER_GCP,us-east1,2026-09-16T00:47:08.851000+00:00,2026-09-16T00:47:08.851062+00:00,2026-09-16T00:47:26.292147+00:00,17440.803,17440.803,4617.307,1437.990776,3.263,,,,,,,True,True,True,ab3c08a952521a2d20e2ca31a2deff3c72a45e9aacf95365e62a436cdac7104f,ab3c08a952521a2d20e2ca31a2deff3c72a45e9aacf95365e62a436cdac7104f,b2be422d81cae33f1036bf13de45fabe6639c9a6a91ef5e7a85f187a21b69c50,05ad04b49f8646d2b684f1d8b4832278491f9b2582940f8bd6d9b99ad10f5c2f,a57ed51ed92eb511d5d9d8c0f2d7cd09fe7973094d0e2900cba6b1e273066b07,e93e80bb71143223397eba15714060e9fdf828248bba0b51e73e07bb832c32bd,66786d29ca36d1e619fd7343308b99ec27bcd84e6d87f3ff7cb3610335678032,im-iQp2pNumkw79NmaY46mAAP,e44389ea2eda82ba5e2328acc08307b6879ed6d4ea4b030727ab044704c0d3b5,static_e27,33554432,8,bf16,True,"{""copy_stream_span_available"": true, ""gpu_copy_fields_available"": true, ""index_stage_metrics"": false, ""raw_available"": true, ""raw_error"": null, ""source_transport_fields_available"": false, ""transport_records_present"": true}",True
golden-p1-0-ed7ada1065ce,golden-p1-0-ed7ada1065ce,raw_attempt,golden_p1_parallel_io_v2_c0_persistent_fds_preadv_sickness_v2,batch-golden-sep14-repro,03ce24916958596717220167db496b1215544d09,golden-sep14-repro,.slim/worktrees/golden-sep14-repro/artifacts/phase_p1_parallel_golden_v1/cohort_2026-09-16_01-10-33_4d9805/attempt_0.json,CLOUD_PROVIDER_GCP,us-east1,2026-09-16T01:10:33.799000+00:00,2026-09-16T01:10:33.799081+00:00,2026-09-16T01:10:56.289197+00:00,22490.218,22490.218,4632.584,1433.984077,324.17,,,,,,,True,True,True,ab3c08a952521a2d20e2ca31a2deff3c72a45e9aacf95365e62a436cdac7104f,ab3c08a952521a2d20e2ca31a2deff3c72a45e9aacf95365e62a436cdac7104f,b2be422d81cae33f1036bf13de45fabe6639c9a6a91ef5e7a85f187a21b69c50,05ad04b49f8646d2b684f1d8b4832278491f9b2582940f8bd6d9b99ad10f5c2f,a57ed51ed92eb511d5d9d8c0f2d7cd09fe7973094d0e2900cba6b1e273066b07,e93e80bb71143223397eba15714060e9fdf828248bba0b51e73e07bb832c32bd,66786d29ca36d1e619fd7343308b99ec27bcd84e6d87f3ff7cb3610335678032,im-iQp2pNumkw79NmaY46mAAP,e44389ea2eda82ba5e2328acc08307b6879ed6d4ea4b030727ab044704c0d3b5,static_e27,33554432,8,bf16,True,"{""copy_stream_span_available"": true, ""gpu_copy_fields_available"": true, ""index_stage_metrics"": false, ""raw_available"": true, ""raw_error"": null, ""source_transport_fields_available"": false, ""transport_records_present"": true}",True
golden-p1-0-a6fb9d2c41aa,golden-p1-0-a6fb9d2c41aa,raw_attempt,golden_p1_parallel_io_v2_c0_persistent_fds_preadv_sickness_v2,batch-golden-sep14-repro,03ce24916958596717220167db496b1215544d09,golden-sep14-repro,.slim/worktrees/golden-sep14-repro/artifacts/phase_p1_parallel_golden_v1/cohort_2026-09-16_01-18-21_a967e2/attempt_0.json,CLOUD_PROVIDER_GCP,us-east1,2026-09-16T01:18:22.063000+00:00,2026-09-16T01:18:22.063873+00:00,2026-09-16T01:18:45.873512+00:00,23809.709,23809.709,5034.2,2799.737861,24.158,,,,,,,True,True,True,ab3c08a952521a2d20e2ca31a2deff3c72a45e9aacf95365e62a436cdac7104f,ab3c08a952521a2d20e2ca31a2deff3c72a45e9aacf95365e62a436cdac7104f,b2be422d81cae33f1036bf13de45fabe6639c9a6a91ef5e7a85f187a21b69c50,05ad04b49f8646d2b684f1d8b4832278491f9b2582940f8bd6d9b99ad10f5c2f,a57ed51ed92eb511d5d9d8c0f2d7cd09fe7973094d0e2900cba6b1e273066b07,e93e80bb71143223397eba15714060e9fdf828248bba0b51e73e07bb832c32bd,66786d29ca36d1e619fd7343308b99ec27bcd84e6d87f3ff7cb3610335678032,im-iQp2pNumkw79NmaY46mAAP,e44389ea2eda82ba5e2328acc08307b6879ed6d4ea4b030727ab044704c0d3b5,static_e27,33554432,8,bf16,True,"{""copy_stream_span_available"": true, ""gpu_copy_fields_available"": true, ""index_stage_metrics"": false, ""raw_available"": true, ""raw_error"": null, ""source_transport_fields_available"": false, ""transport_records_present"": true}",True
golden-p1-0-b3cb66233d1b,golden-p1-0-b3cb66233d1b,raw_attempt,golden_p1_parallel_io_v2_c0_persistent_fds_preadv_sickness_v2,batch-golden-sep14-repro,03ce24916958596717220167db496b1215544d09,golden-sep14-repro,.slim/worktrees/golden-sep14-repro/artifacts/phase_p1_parallel_golden_v1/cohort_2026-09-16_01-19-02_b8310e/attempt_0.json,CLOUD_PROVIDER_GCP,us-east1,2026-09-16T01:19:02.772000+00:00,2026-09-16T01:19:02.772137+00:00,2026-09-16T01:19:30.348289+00:00,27575.886,27575.886,4726.06,1439.904501,212.473,,,,,,,True,True,True,ab3c08a952521a2d20e2ca31a2deff3c72a45e9aacf95365e62a436cdac7104f,ab3c08a952521a2d20e2ca31a2deff3c72a45e9aacf95365e62a436cdac7104f,b2be422d81cae33f1036bf13de45fabe6639c9a6a91ef5e7a85f187a21b69c50,05ad04b49f8646d2b684f1d8b4832278491f9b2582940f8bd6d9b99ad10f5c2f,a57ed51ed92eb511d5d9d8c0f2d7cd09fe7973094d0e2900cba6b1e273066b07,e93e80bb71143223397eba15714060e9fdf828248bba0b51e73e07bb832c32bd,66786d29ca36d1e619fd7343308b99ec27bcd84e6d87f3ff7cb3610335678032,im-iQp2pNumkw79NmaY46mAAP,e44389ea2eda82ba5e2328acc08307b6879ed6d4ea4b030727ab044704c0d3b5,static_e27,33554432,8,bf16,True,"{""copy_stream_span_available"": true, ""gpu_copy_fields_available"": true, ""index_stage_metrics"": false, ""raw_available"": true, ""raw_error"": null, ""source_transport_fields_available"": false, ""transport_records_present"": true}",True
golden-p1-0-7adb0b1f489a,golden-p1-0-7adb0b1f489a,raw_attempt,golden_p1_parallel_io_v2_c0_persistent_fds_preadv_sickness_v2,batch-golden-sep14-repro,03ce24916958596717220167db496b1215544d09,golden-sep14-repro,.slim/worktrees/golden-sep14-repro/artifacts/phase_p1_parallel_golden_v1/cohort_2026-09-16_01-19-47_b0800d/attempt_0.json,CLOUD_PROVIDER_GCP,us-east1,2026-09-16T01:19:47.368000+00:00,2026-09-16T01:19:47.368768+00:00,2026-09-16T01:20:05.519719+00:00,18150.213,18150.213,4599.423,1387.30538,3.209,,,,,,,True,True,True,ab3c08a952521a2d20e2ca31a2deff3c72a45e9aacf95365e62a436cdac7104f,ab3c08a952521a2d20e2ca31a2deff3c72a45e9aacf95365e62a436cdac7104f,b2be422d81cae33f1036bf13de45fabe6639c9a6a91ef5e7a85f187a21b69c50,05ad04b49f8646d2b684f1d8b4832278491f9b2582940f8bd6d9b99ad10f5c2f,a57ed51ed92eb511d5d9d8c0f2d7cd09fe7973094d0e2900cba6b1e273066b07,e93e80bb71143223397eba15714060e9fdf828248bba0b51e73e07bb832c32bd,66786d29ca36d1e619fd7343308b99ec27bcd84e6d87f3ff7cb3610335678032,im-iQp2pNumkw79NmaY46mAAP,e44389ea2eda82ba5e2328acc08307b6879ed6d4ea4b030727ab044704c0d3b5,static_e27,33554432,8,bf16,True,"{""copy_stream_span_available"": false, ""gpu_copy_fields_available"": true, ""index_stage_metrics"": false, ""raw_available"": true, ""raw_error"": null, ""source_transport_fields_available"": false, ""transport_records_present"": true}",True
golden-p1-0-93cdf06a1843,golden-p1-0-93cdf06a1843,raw_attempt,golden_p1_parallel_io_v2_c0_persistent_fds_preadv_sickness_v2,batch-golden-sep14-repro,03ce24916958596717220167db496b1215544d09,golden-sep14-repro,.slim/worktrees/golden-sep14-repro/artifacts/phase_p1_parallel_golden_v1/cohort_2026-09-16_01-20-25_426027/attempt_0.json,CLOUD_PROVIDER_GCP,us-east1,2026-09-16T01:20:25.881000+00:00,2026-09-16T01:20:25.881517+00:00,2026-09-16T01:20:42.499384+00:00,16617.68,16617.68,4601.584,1426.77701,3.229,,,,,,,True,True,True,ab3c08a952521a2d20e2ca31a2deff3c72a45e9aacf95365e62a436cdac7104f,ab3c08a952521a2d20e2ca31a2deff3c72a45e9aacf95365e62a436cdac7104f,b2be422d81cae33f1036bf13de45fabe6639c9a6a91ef5e7a85f187a21b69c50,05ad04b49f8646d2b684f1d8b4832278491f9b2582940f8bd6d9b99ad10f5c2f,a57ed51ed92eb511d5d9d8c0f2d7cd09fe7973094d0e2900cba6b1e273066b07,e93e80bb71143223397eba15714060e9fdf828248bba0b51e73e07bb832c32bd,66786d29ca36d1e619fd7343308b99ec27bcd84e6d87f3ff7cb3610335678032,im-iQp2pNumkw79NmaY46mAAP,e44389ea2eda82ba5e2328acc08307b6879ed6d4ea4b030727ab044704c0d3b5,static_e27,33554432,8,bf16,True,"{""copy_stream_span_available"": true, ""gpu_copy_fields_available"": true, ""index_stage_metrics"": false, ""raw_available"": true, ""raw_error"": null, ""source_transport_fields_available"": false, ""transport_records_present"": true}",True
golden-p1-0-404a09c59049,golden-p1-0-404a09c59049,raw_attempt,golden_p1_parallel_sep14_v1_preadv_control,batch-sep14-v1-preadv-control,03ce24916958596717220167db496b1215544d09,golden-sep14-repro,.slim/worktrees/golden-sep14-repro/artifacts/phase_p1_parallel_golden_v1/cohort_2026-09-16_03-20-03_e473db/attempt_0.json,CLOUD_PROVIDER_GCP,us-east1,2026-09-16T03:20:04.172000+00:00,2026-09-16T03:20:04.172896+00:00,2026-09-16T03:20:22.626896+00:00,18453.817,18453.817,4671.392,1758.313421,3.034,1693.988,1556.227,,5266.935,158,,True,True,True,ab3c08a952521a2d20e2ca31a2deff3c72a45e9aacf95365e62a436cdac7104f,ab3c08a952521a2d20e2ca31a2deff3c72a45e9aacf95365e62a436cdac7104f,c97f34dbe0d7f50b751d3bab98ca669d32a166a989146caa872f6f208ab2b248,d0fb3ec2fc4bc3a2e2fcd64759ed5b3b4bb9a04eda6a51dd243f8359e508bc60,848c88307569bf50e9e08ad9bca8127ef5ac69a2773ff2c40d83c099270620b8,2550fe41f6da27aa55a06148a79aa7b2a34573d191bd0c01786413b35083ef27,b2298ed1393b84cadc3cd9ce7287e84380c28f6f0f9f64612a55e333d9b9e271,im-Rk3QrdAM6UzGQAvRPWnZop,e44389ea2eda82ba5e2328acc08307b6879ed6d4ea4b030727ab044704c0d3b5,static_e27,33554432,8,bf16,True,"{""copy_stream_span_available"": true, ""gpu_copy_fields_available"": true, ""index_stage_metrics"": true, ""raw_available"": true, ""raw_error"": null, ""source_transport_fields_available"": false, ""transport_records_present"": true}",True
golden-p1-0-7cdb3f044ff8,golden-p1-0-7cdb3f044ff8,raw_attempt,golden_p1_parallel_sep14_v2_preadv,batch-sep14-v2-preadv,03ce24916958596717220167db496b1215544d09,golden-sep14-repro,.slim/worktrees/golden-sep14-repro/artifacts/phase_p1_parallel_golden_v1/cohort_2026-09-16_03-46-03_fd425d/attempt_0.json,CLOUD_PROVIDER_AWS,eu-south-2,2026-09-16T03:46:03.998000+00:00,2026-09-16T03:46:03.998827+00:00,2026-09-16T03:46:36.743685+00:00,32745.388,32745.388,4971.52,2282.344276,4.491,4424.04,9225.285,,19972.374,158,,True,True,True,ab3c08a952521a2d20e2ca31a2deff3c72a45e9aacf95365e62a436cdac7104f,ab3c08a952521a2d20e2ca31a2deff3c72a45e9aacf95365e62a436cdac7104f,4ad4ed1cfe7669394193b1cc0fd8b9b2b47f5f7da8722f349fdea9716dd885bb,681cd3bf4e78a85628e06e8779cc1065b21215d63c9058ce570a2ba6332a173f,848c88307569bf50e9e08ad9bca8127ef5ac69a2773ff2c40d83c099270620b8,1006a35363f2eefabb02dc4351d1e4cc1990f98ed872729bdbde34b35f30076a,8a7bd7aea07e0e611915493b25e7b57176a2b329debef6d19c95dbfbc0a9e805,im-Rk3QrdAM6UzGQAvRPWnZop,e44389ea2eda82ba5e2328acc08307b6879ed6d4ea4b030727ab044704c0d3b5,static_e27,33554432,8,bf16,True,"{""copy_stream_span_available"": true, ""gpu_copy_fields_available"": true, ""index_stage_metrics"": true, ""raw_available"": true, ""raw_error"": null, ""source_transport_fields_available"": false, ""transport_records_present"": true}",True
golden-p1-0-8121d6640d8b,golden-p1-0-8121d6640d8b,raw_attempt,golden_p1_parallel_sep14_v1_preadv_control,batch-sep14-v1-preadv-control,03ce24916958596717220167db496b1215544d09,golden-sep14-repro,.slim/worktrees/golden-sep14-repro/artifacts/phase_p1_parallel_golden_v1/cohort_2026-09-16_03-47-08_2b4fed/attempt_0.json,CLOUD_PROVIDER_AWS,eu-south-2,2026-09-16T03:47:09.155000+00:00,2026-09-16T03:47:09.155428+00:00,2026-09-16T03:48:06.288228+00:00,57132.811,57132.811,4895.231,1917.923396,2.766,2905.671,2976.924,,9972.211,158,,True,True,True,ab3c08a952521a2d20e2ca31a2deff3c72a45e9aacf95365e62a436cdac7104f,ab3c08a952521a2d20e2ca31a2deff3c72a45e9aacf95365e62a436cdac7104f,c97f34dbe0d7f50b751d3bab98ca669d32a166a989146caa872f6f208ab2b248,d0fb3ec2fc4bc3a2e2fcd64759ed5b3b4bb9a04eda6a51dd243f8359e508bc60,848c88307569bf50e9e08ad9bca8127ef5ac69a2773ff2c40d83c099270620b8,2550fe41f6da27aa55a06148a79aa7b2a34573d191bd0c01786413b35083ef27,b2298ed1393b84cadc3cd9ce7287e84380c28f6f0f9f64612a55e333d9b9e271,im-Rk3QrdAM6UzGQAvRPWnZop,e44389ea2eda82ba5e2328acc08307b6879ed6d4ea4b030727ab044704c0d3b5,static_e27,33554432,8,bf16,True,"{""copy_stream_span_available"": true, ""gpu_copy_fields_available"": true, ""index_stage_metrics"": true, ""raw_available"": true, ""raw_error"": null, ""source_transport_fields_available"": false, ""transport_records_present"": true}",True
golden-p1-0-6343ad78ae9a,golden-p1-0-6343ad78ae9a,raw_attempt,golden_p1_parallel_sep14_v2_preadv,batch-sep14-v2-preadv,03ce24916958596717220167db496b1215544d09,golden-sep14-repro,.slim/worktrees/golden-sep14-repro/artifacts/phase_p1_parallel_golden_v1/cohort_2026-09-16_03-48-12_983850/attempt_0.json,CLOUD_PROVIDER_GCP,us-central1,2026-09-16T03:48:12.485000+00:00,2026-09-16T03:48:12.485783+00:00,2026-09-16T03:49:04.468856+00:00,51982.439,51982.439,4544.273,1304.378126,2.703,1819.828,1823.889,,5763.918,158,,True,True,True,ab3c08a952521a2d20e2ca31a2deff3c72a45e9aacf95365e62a436cdac7104f,ab3c08a952521a2d20e2ca31a2deff3c72a45e9aacf95365e62a436cdac7104f,4ad4ed1cfe7669394193b1cc0fd8b9b2b47f5f7da8722f349fdea9716dd885bb,681cd3bf4e78a85628e06e8779cc1065b21215d63c9058ce570a2ba6332a173f,848c88307569bf50e9e08ad9bca8127ef5ac69a2773ff2c40d83c099270620b8,1006a35363f2eefabb02dc4351d1e4cc1990f98ed872729bdbde34b35f30076a,8a7bd7aea07e0e611915493b25e7b57176a2b329debef6d19c95dbfbc0a9e805,im-Rk3QrdAM6UzGQAvRPWnZop,e44389ea2eda82ba5e2328acc08307b6879ed6d4ea4b030727ab044704c0d3b5,static_e27,33554432,8,bf16,True,"{""copy_stream_span_available"": false, ""gpu_copy_fields_available"": true, ""index_stage_metrics"": true, ""raw_available"": true, ""raw_error"": null, ""source_transport_fields_available"": false, ""transport_records_present"": true}",True
golden-p1-0-7f375f029112,golden-p1-0-7f375f029112,raw_attempt,golden_p1_parallel_sep14_v1_preadv_control,batch-sep14-v1-preadv-control,03ce24916958596717220167db496b1215544d09,golden-sep14-repro,.slim/worktrees/golden-sep14-repro/artifacts/phase_p1_parallel_golden_v1/cohort_2026-09-16_03-49-10_946800/attempt_0.json,CLOUD_PROVIDER_GCP,us-east1,2026-09-16T03:49:10.797000+00:00,2026-09-16T03:49:10.797709+00:00,2026-09-16T03:49:28.335572+00:00,17537.256,17537.256,4593.329,1461.604198,3.271,1663.215,1658.661,,5448.593,158,,True,True,True,ab3c08a952521a2d20e2ca31a2deff3c72a45e9aacf95365e62a436cdac7104f,ab3c08a952521a2d20e2ca31a2deff3c72a45e9aacf95365e62a436cdac7104f,c97f34dbe0d7f50b751d3bab98ca669d32a166a989146caa872f6f208ab2b248,d0fb3ec2fc4bc3a2e2fcd64759ed5b3b4bb9a04eda6a51dd243f8359e508bc60,848c88307569bf50e9e08ad9bca8127ef5ac69a2773ff2c40d83c099270620b8,2550fe41f6da27aa55a06148a79aa7b2a34573d191bd0c01786413b35083ef27,b2298ed1393b84cadc3cd9ce7287e84380c28f6f0f9f64612a55e333d9b9e271,im-Rk3QrdAM6UzGQAvRPWnZop,e44389ea2eda82ba5e2328acc08307b6879ed6d4ea4b030727ab044704c0d3b5,static_e27,33554432,8,bf16,True,"{""copy_stream_span_available"": true, ""gpu_copy_fields_available"": true, ""index_stage_metrics"": true, ""raw_available"": true, ""raw_error"": null, ""source_transport_fields_available"": false, ""transport_records_present"": true}",True
golden-p1-0-dae856040545,golden-p1-0-dae856040545,raw_attempt,golden_p1_parallel_sep14_v2_preadv,batch-sep14-v2-preadv,03ce24916958596717220167db496b1215544d09,golden-sep14-repro,.slim/worktrees/golden-sep14-repro/artifacts/phase_p1_parallel_golden_v1/cohort_2026-09-16_03-49-34_77bc81/attempt_0.json,CLOUD_PROVIDER_GCP,us-central1,2026-09-16T03:49:34.612000+00:00,2026-09-16T03:49:34.612146+00:00,2026-09-16T03:49:52.378664+00:00,17765.797,17765.797,4568.044,1381.557695,2.947,1799.208,1841.369,,5315.71,158,,True,True,True,ab3c08a952521a2d20e2ca31a2deff3c72a45e9aacf95365e62a436cdac7104f,ab3c08a952521a2d20e2ca31a2deff3c72a45e9aacf95365e62a436cdac7104f,4ad4ed1cfe7669394193b1cc0fd8b9b2b47f5f7da8722f349fdea9716dd885bb,681cd3bf4e78a85628e06e8779cc1065b21215d63c9058ce570a2ba6332a173f,848c88307569bf50e9e08ad9bca8127ef5ac69a2773ff2c40d83c099270620b8,1006a35363f2eefabb02dc4351d1e4cc1990f98ed872729bdbde34b35f30076a,8a7bd7aea07e0e611915493b25e7b57176a2b329debef6d19c95dbfbc0a9e805,im-Rk3QrdAM6UzGQAvRPWnZop,e44389ea2eda82ba5e2328acc08307b6879ed6d4ea4b030727ab044704c0d3b5,static_e27,33554432,8,bf16,True,"{""copy_stream_span_available"": false, ""gpu_copy_fields_available"": true, ""index_stage_metrics"": true, ""raw_available"": true, ""raw_error"": null, ""source_transport_fields_available"": false, ""transport_records_present"": true}",True
golden-p1-0-7a9656185048,golden-p1-0-7a9656185048,raw_attempt,golden_p1_parallel_sep14_v1_preadv_control,batch-sep14-v1-preadv-control,03ce24916958596717220167db496b1215544d09,golden-sep14-repro,.slim/worktrees/golden-sep14-repro/artifacts/phase_p1_parallel_golden_v1/cohort_2026-09-16_03-49-58_c450c6/attempt_0.json,CLOUD_PROVIDER_GCP,us-east1,2026-09-16T03:49:58.986000+00:00,2026-09-16T03:49:58.986328+00:00,2026-09-16T03:50:17.057540+00:00,18070.88,18070.88,4613.55,1423.171971,5.453,1686.928,1698.938,,5555.586,158,,True,True,True,ab3c08a952521a2d20e2ca31a2deff3c72a45e9aacf95365e62a436cdac7104f,ab3c08a952521a2d20e2ca31a2deff3c72a45e9aacf95365e62a436cdac7104f,c97f34dbe0d7f50b751d3bab98ca669d32a166a989146caa872f6f208ab2b248,d0fb3ec2fc4bc3a2e2fcd64759ed5b3b4bb9a04eda6a51dd243f8359e508bc60,848c88307569bf50e9e08ad9bca8127ef5ac69a2773ff2c40d83c099270620b8,2550fe41f6da27aa55a06148a79aa7b2a34573d191bd0c01786413b35083ef27,b2298ed1393b84cadc3cd9ce7287e84380c28f6f0f9f64612a55e333d9b9e271,im-Rk3QrdAM6UzGQAvRPWnZop,e44389ea2eda82ba5e2328acc08307b6879ed6d4ea4b030727ab044704c0d3b5,static_e27,33554432,8,bf16,True,"{""copy_stream_span_available"": true, ""gpu_copy_fields_available"": true, ""index_stage_metrics"": true, ""raw_available"": true, ""raw_error"": null, ""source_transport_fields_available"": false, ""transport_records_present"": true}",True
golden-p1-0-24dbfbae0936,golden-p1-0-24dbfbae0936,raw_attempt,golden_p1_parallel_sep14_v2_preadv,batch-sep14-v2-preadv,03ce24916958596717220167db496b1215544d09,golden-sep14-repro,.slim/worktrees/golden-sep14-repro/artifacts/phase_p1_parallel_golden_v1/cohort_2026-09-16_03-50-22_47303c/attempt_0.json,CLOUD_PROVIDER_GCP,us-central1,2026-09-16T03:50:23.206000+00:00,2026-09-16T03:50:23.206995+00:00,2026-09-16T03:50:41.201409+00:00,17994.684,17994.684,4552.313,1311.900128,2.921,1962.125,1994.489,,5990.416,158,,True,True,True,ab3c08a952521a2d20e2ca31a2deff3c72a45e9aacf95365e62a436cdac7104f,ab3c08a952521a2d20e2ca31a2deff3c72a45e9aacf95365e62a436cdac7104f,4ad4ed1cfe7669394193b1cc0fd8b9b2b47f5f7da8722f349fdea9716dd885bb,681cd3bf4e78a85628e06e8779cc1065b21215d63c9058ce570a2ba6332a173f,848c88307569bf50e9e08ad9bca8127ef5ac69a2773ff2c40d83c099270620b8,1006a35363f2eefabb02dc4351d1e4cc1990f98ed872729bdbde34b35f30076a,8a7bd7aea07e0e611915493b25e7b57176a2b329debef6d19c95dbfbc0a9e805,im-Rk3QrdAM6UzGQAvRPWnZop,e44389ea2eda82ba5e2328acc08307b6879ed6d4ea4b030727ab044704c0d3b5,static_e27,33554432,8,bf16,True,"{""copy_stream_span_available"": true, ""gpu_copy_fields_available"": true, ""index_stage_metrics"": true, ""raw_available"": true, ""raw_error"": null, ""source_transport_fields_available"": false, ""transport_records_present"": true}",True
golden-p1-0-faa5c9a68ec0,golden-p1-0-faa5c9a68ec0,raw_attempt,golden_p1_parallel_sep14_v1_preadv_control,batch-sep14-v1-preadv-control,03ce24916958596717220167db496b1215544d09,golden-sep14-repro,.slim/worktrees/golden-sep14-repro/artifacts/phase_p1_parallel_golden_v1/cohort_2026-09-16_03-50-47_d36b46/attempt_0.json,CLOUD_PROVIDER_GCP,us-east1,2026-09-16T03:50:47.353000+00:00,2026-09-16T03:50:47.353352+00:00,2026-09-16T03:51:03.896021+00:00,16542.385,16542.385,4577.037,1369.658622,3.17,1650.598,1698.074,,5467.349,158,,True,True,True,ab3c08a952521a2d20e2ca31a2deff3c72a45e9aacf95365e62a436cdac7104f,ab3c08a952521a2d20e2ca31a2deff3c72a45e9aacf95365e62a436cdac7104f,c97f34dbe0d7f50b751d3bab98ca669d32a166a989146caa872f6f208ab2b248,d0fb3ec2fc4bc3a2e2fcd64759ed5b3b4bb9a04eda6a51dd243f8359e508bc60,848c88307569bf50e9e08ad9bca8127ef5ac69a2773ff2c40d83c099270620b8,2550fe41f6da27aa55a06148a79aa7b2a34573d191bd0c01786413b35083ef27,b2298ed1393b84cadc3cd9ce7287e84380c28f6f0f9f64612a55e333d9b9e271,im-Rk3QrdAM6UzGQAvRPWnZop,e44389ea2eda82ba5e2328acc08307b6879ed6d4ea4b030727ab044704c0d3b5,static_e27,33554432,8,bf16,True,"{""copy_stream_span_available"": true, ""gpu_copy_fields_available"": true, ""index_stage_metrics"": true, ""raw_available"": true, ""raw_error"": null, ""source_transport_fields_available"": false, ""transport_records_present"": true}",True
golden-p1-0-1fbcc088cc79,golden-p1-0-1fbcc088cc79,raw_attempt,golden_p1_parallel_sep14_v2_preadv,batch-sep14-v2-preadv,03ce24916958596717220167db496b1215544d09,golden-sep14-repro,.slim/worktrees/golden-sep14-repro/artifacts/phase_p1_parallel_golden_v1/cohort_2026-09-16_03-51-09_46e327/attempt_0.json,CLOUD_PROVIDER_GCP,us-east1,2026-09-16T03:51:10.064000+00:00,2026-09-16T03:51:10.064418+00:00,2026-09-16T03:51:30.617564+00:00,20552.887,20552.887,4608.225,1350.090947,3.05,2725.148,3467.068,,9287.879,158,,True,True,True,ab3c08a952521a2d20e2ca31a2deff3c72a45e9aacf95365e62a436cdac7104f,ab3c08a952521a2d20e2ca31a2deff3c72a45e9aacf95365e62a436cdac7104f,4ad4ed1cfe7669394193b1cc0fd8b9b2b47f5f7da8722f349fdea9716dd885bb,681cd3bf4e78a85628e06e8779cc1065b21215d63c9058ce570a2ba6332a173f,848c88307569bf50e9e08ad9bca8127ef5ac69a2773ff2c40d83c099270620b8,1006a35363f2eefabb02dc4351d1e4cc1990f98ed872729bdbde34b35f30076a,8a7bd7aea07e0e611915493b25e7b57176a2b329debef6d19c95dbfbc0a9e805,im-Rk3QrdAM6UzGQAvRPWnZop,e44389ea2eda82ba5e2328acc08307b6879ed6d4ea4b030727ab044704c0d3b5,static_e27,33554432,8,bf16,True,"{""copy_stream_span_available"": true, ""gpu_copy_fields_available"": true, ""index_stage_metrics"": true, ""raw_available"": true, ""raw_error"": null, ""source_transport_fields_available"": false, ""transport_records_present"": true}",True
golden-p1-0-b0378db1bed7,golden-p1-0-b0378db1bed7,raw_attempt,golden_p1_parallel_sep14_v1_preadv_control,batch-sep14-v1-preadv-control,03ce24916958596717220167db496b1215544d09,golden-sep14-repro,.slim/worktrees/golden-sep14-repro/artifacts/phase_p1_parallel_golden_v1/cohort_2026-09-16_03-51-37_a470d2/attempt_0.json,CLOUD_PROVIDER_GCP,us-east1,2026-09-16T03:51:37.526000+00:00,2026-09-16T03:51:37.526874+00:00,2026-09-16T03:51:54.668813+00:00,17142.585,17142.585,4591.574,1355.42973,3.331,1794.683,1886.573,,6172.137,158,,True,True,True,ab3c08a952521a2d20e2ca31a2deff3c72a45e9aacf95365e62a436cdac7104f,ab3c08a952521a2d20e2ca31a2deff3c72a45e9aacf95365e62a436cdac7104f,c97f34dbe0d7f50b751d3bab98ca669d32a166a989146caa872f6f208ab2b248,d0fb3ec2fc4bc3a2e2fcd64759ed5b3b4bb9a04eda6a51dd243f8359e508bc60,848c88307569bf50e9e08ad9bca8127ef5ac69a2773ff2c40d83c099270620b8,2550fe41f6da27aa55a06148a79aa7b2a34573d191bd0c01786413b35083ef27,b2298ed1393b84cadc3cd9ce7287e84380c28f6f0f9f64612a55e333d9b9e271,im-Rk3QrdAM6UzGQAvRPWnZop,e44389ea2eda82ba5e2328acc08307b6879ed6d4ea4b030727ab044704c0d3b5,static_e27,33554432,8,bf16,True,"{""copy_stream_span_available"": true, ""gpu_copy_fields_available"": true, ""index_stage_metrics"": true, ""raw_available"": true, ""raw_error"": null, ""source_transport_fields_available"": false, ""transport_records_present"": true}",True
golden-p1-0-980f7058970d,golden-p1-0-980f7058970d,raw_attempt,golden_p1_parallel_sep14_v2_preadv,batch-sep14-v2-preadv,03ce24916958596717220167db496b1215544d09,golden-sep14-repro,.slim/worktrees/golden-sep14-repro/artifacts/phase_p1_parallel_golden_v1/cohort_2026-09-16_03-52-00_564b79/attempt_0.json,CLOUD_PROVIDER_AWS,us-east-1,2026-09-16T03:52:00.767000+00:00,2026-09-16T03:52:00.767171+00:00,2026-09-16T03:52:24.495211+00:00,23727.213,23727.213,4921.35,1897.196538,3.516,3582.721,4973.314,,12441.954,158,,True,True,True,ab3c08a952521a2d20e2ca31a2deff3c72a45e9aacf95365e62a436cdac7104f,ab3c08a952521a2d20e2ca31a2deff3c72a45e9aacf95365e62a436cdac7104f,4ad4ed1cfe7669394193b1cc0fd8b9b2b47f5f7da8722f349fdea9716dd885bb,681cd3bf4e78a85628e06e8779cc1065b21215d63c9058ce570a2ba6332a173f,848c88307569bf50e9e08ad9bca8127ef5ac69a2773ff2c40d83c099270620b8,1006a35363f2eefabb02dc4351d1e4cc1990f98ed872729bdbde34b35f30076a,8a7bd7aea07e0e611915493b25e7b57176a2b329debef6d19c95dbfbc0a9e805,im-Rk3QrdAM6UzGQAvRPWnZop,e44389ea2eda82ba5e2328acc08307b6879ed6d4ea4b030727ab044704c0d3b5,static_e27,33554432,8,bf16,True,"{""copy_stream_span_available"": true, ""gpu_copy_fields_available"": true, ""index_stage_metrics"": true, ""raw_available"": true, ""raw_error"": null, ""source_transport_fields_available"": false, ""transport_records_present"": true}",True
golden-p1-0-020f7146e990,golden-p1-0-020f7146e990,raw_attempt,golden_p1_parallel_sep14_v1_preadv_control,batch-sep14-v1-preadv-control,03ce24916958596717220167db496b1215544d09,golden-sep14-repro,.slim/worktrees/golden-sep14-repro/artifacts/phase_p1_parallel_golden_v1/cohort_2026-09-16_03-52-31_d52666/attempt_0.json,CLOUD_PROVIDER_GCP,us-east1,2026-09-16T03:52:31.610000+00:00,2026-09-16T03:52:31.610435+00:00,2026-09-16T03:52:48.708251+00:00,17097.692,17097.692,4591.181,1428.830619,3.139,1693.044,1774.772,,5749.997,158,,True,True,True,ab3c08a952521a2d20e2ca31a2deff3c72a45e9aacf95365e62a436cdac7104f,ab3c08a952521a2d20e2ca31a2deff3c72a45e9aacf95365e62a436cdac7104f,c97f34dbe0d7f50b751d3bab98ca669d32a166a989146caa872f6f208ab2b248,d0fb3ec2fc4bc3a2e2fcd64759ed5b3b4bb9a04eda6a51dd243f8359e508bc60,848c88307569bf50e9e08ad9bca8127ef5ac69a2773ff2c40d83c099270620b8,2550fe41f6da27aa55a06148a79aa7b2a34573d191bd0c01786413b35083ef27,b2298ed1393b84cadc3cd9ce7287e84380c28f6f0f9f64612a55e333d9b9e271,im-Rk3QrdAM6UzGQAvRPWnZop,e44389ea2eda82ba5e2328acc08307b6879ed6d4ea4b030727ab044704c0d3b5,static_e27,33554432,8,bf16,True,"{""copy_stream_span_available"": true, ""gpu_copy_fields_available"": true, ""index_stage_metrics"": true, ""raw_available"": true, ""raw_error"": null, ""source_transport_fields_available"": false, ""transport_records_present"": true}",True
golden-p1-0-4837dec882f3,golden-p1-0-4837dec882f3,raw_attempt,golden_p1_parallel_sep14_v2_preadv,batch-sep14-v2-preadv,03ce24916958596717220167db496b1215544d09,golden-sep14-repro,.slim/worktrees/golden-sep14-repro/artifacts/phase_p1_parallel_golden_v1/cohort_2026-09-16_03-52-54_d7dbbc/attempt_0.json,CLOUD_PROVIDER_GCP,us-central1,2026-09-16T03:52:54.950000+00:00,2026-09-16T03:52:54.950787+00:00,2026-09-16T03:55:35.569943+00:00,160619.39,160619.39,4604.424,1384.465514,3.025,3046.518,3502.373,,9364.8,158,,True,True,True,ab3c08a952521a2d20e2ca31a2deff3c72a45e9aacf95365e62a436cdac7104f,ab3c08a952521a2d20e2ca31a2deff3c72a45e9aacf95365e62a436cdac7104f,4ad4ed1cfe7669394193b1cc0fd8b9b2b47f5f7da8722f349fdea9716dd885bb,681cd3bf4e78a85628e06e8779cc1065b21215d63c9058ce570a2ba6332a173f,848c88307569bf50e9e08ad9bca8127ef5ac69a2773ff2c40d83c099270620b8,1006a35363f2eefabb02dc4351d1e4cc1990f98ed872729bdbde34b35f30076a,8a7bd7aea07e0e611915493b25e7b57176a2b329debef6d19c95dbfbc0a9e805,im-Rk3QrdAM6UzGQAvRPWnZop,e44389ea2eda82ba5e2328acc08307b6879ed6d4ea4b030727ab044704c0d3b5,static_e27,33554432,8,bf16,True,"{""copy_stream_span_available"": true, ""gpu_copy_fields_available"": true, ""index_stage_metrics"": true, ""raw_available"": true, ""raw_error"": null, ""source_transport_fields_available"": false, ""transport_records_present"": true}",True
golden-p1-0-b6f97818a236,golden-p1-0-b6f97818a236,raw_attempt,golden_p1_parallel_sep14_v1_preadv_control,batch-sep14-v1-preadv-control,03ce24916958596717220167db496b1215544d09,golden-sep14-repro,.slim/worktrees/golden-sep14-repro/artifacts/phase_p1_parallel_golden_v1/cohort_2026-09-16_03-55-42_12f711/attempt_0.json,CLOUD_PROVIDER_AWS,eu-south-2,2026-09-16T03:55:42.733000+00:00,2026-09-16T03:55:42.733445+00:00,2026-09-16T03:56:02.746512+00:00,20013.793,20013.793,4821.091,1811.884281,3.342,2744.744,2976.76,,9804.686,158,,True,True,True,ab3c08a952521a2d20e2ca31a2deff3c72a45e9aacf95365e62a436cdac7104f,ab3c08a952521a2d20e2ca31a2deff3c72a45e9aacf95365e62a436cdac7104f,c97f34dbe0d7f50b751d3bab98ca669d32a166a989146caa872f6f208ab2b248,d0fb3ec2fc4bc3a2e2fcd64759ed5b3b4bb9a04eda6a51dd243f8359e508bc60,848c88307569bf50e9e08ad9bca8127ef5ac69a2773ff2c40d83c099270620b8,2550fe41f6da27aa55a06148a79aa7b2a34573d191bd0c01786413b35083ef27,b2298ed1393b84cadc3cd9ce7287e84380c28f6f0f9f64612a55e333d9b9e271,im-Rk3QrdAM6UzGQAvRPWnZop,e44389ea2eda82ba5e2328acc08307b6879ed6d4ea4b030727ab044704c0d3b5,static_e27,33554432,8,bf16,True,"{""copy_stream_span_available"": true, ""gpu_copy_fields_available"": true, ""index_stage_metrics"": true, ""raw_available"": true, ""raw_error"": null, ""source_transport_fields_available"": false, ""transport_records_present"": true}",True
golden-p1-0-ac90a358d0cd,golden-p1-0-ac90a358d0cd,raw_attempt,golden_p1_parallel_sep14_v2_preadv,batch-sep14-v2-preadv,03ce24916958596717220167db496b1215544d09,golden-sep14-repro,.slim/worktrees/golden-sep14-repro/artifacts/phase_p1_parallel_golden_v1/cohort_2026-09-16_03-56-08_b0139a/attempt_0.json,CLOUD_PROVIDER_GCP,us-central1,2026-09-16T03:56:08.820000+00:00,2026-09-16T03:56:08.820231+00:00,2026-09-16T03:56:26.461930+00:00,17641.884,17641.884,4546.695,1425.548011,3.272,1767.122,1693.65,,5369.912,158,,True,True,True,ab3c08a952521a2d20e2ca31a2deff3c72a45e9aacf95365e62a436cdac7104f,ab3c08a952521a2d20e2ca31a2deff3c72a45e9aacf95365e62a436cdac7104f,4ad4ed1cfe7669394193b1cc0fd8b9b2b47f5f7da8722f349fdea9716dd885bb,681cd3bf4e78a85628e06e8779cc1065b21215d63c9058ce570a2ba6332a173f,848c88307569bf50e9e08ad9bca8127ef5ac69a2773ff2c40d83c099270620b8,1006a35363f2eefabb02dc4351d1e4cc1990f98ed872729bdbde34b35f30076a,8a7bd7aea07e0e611915493b25e7b57176a2b329debef6d19c95dbfbc0a9e805,im-Rk3QrdAM6UzGQAvRPWnZop,e44389ea2eda82ba5e2328acc08307b6879ed6d4ea4b030727ab044704c0d3b5,static_e27,33554432,8,bf16,True,"{""copy_stream_span_available"": true, ""gpu_copy_fields_available"": true, ""index_stage_metrics"": true, ""raw_available"": true, ""raw_error"": null, ""source_transport_fields_available"": false, ""transport_records_present"": true}",True
golden-p1-0-727f329a483e,golden-p1-0-727f329a483e,raw_attempt,golden_p1_parallel_sep14_v1_preadv_control,batch-sep14-v1-preadv-control,03ce24916958596717220167db496b1215544d09,golden-sep14-repro,.slim/worktrees/golden-sep14-repro/artifacts/phase_p1_parallel_golden_v1/cohort_2026-09-16_03-56-32_d5f0c9/attempt_0.json,CLOUD_PROVIDER_AWS,eu-south-2,2026-09-16T03:56:32.446000+00:00,2026-09-16T03:56:32.446827+00:00,2026-09-16T03:56:57.646668+00:00,25199.019,25199.019,4971.14,1872.63337,2.881,3988.695,5015.748,,13251.485,158,,True,True,True,ab3c08a952521a2d20e2ca31a2deff3c72a45e9aacf95365e62a436cdac7104f,ab3c08a952521a2d20e2ca31a2deff3c72a45e9aacf95365e62a436cdac7104f,c97f34dbe0d7f50b751d3bab98ca669d32a166a989146caa872f6f208ab2b248,d0fb3ec2fc4bc3a2e2fcd64759ed5b3b4bb9a04eda6a51dd243f8359e508bc60,848c88307569bf50e9e08ad9bca8127ef5ac69a2773ff2c40d83c099270620b8,2550fe41f6da27aa55a06148a79aa7b2a34573d191bd0c01786413b35083ef27,b2298ed1393b84cadc3cd9ce7287e84380c28f6f0f9f64612a55e333d9b9e271,im-Rk3QrdAM6UzGQAvRPWnZop,e44389ea2eda82ba5e2328acc08307b6879ed6d4ea4b030727ab044704c0d3b5,static_e27,33554432,8,bf16,True,"{""copy_stream_span_available"": true, ""gpu_copy_fields_available"": true, ""index_stage_metrics"": true, ""raw_available"": true, ""raw_error"": null, ""source_transport_fields_available"": false, ""transport_records_present"": true}",True
golden-p1-0-b79cbeddc384,golden-p1-0-b79cbeddc384,raw_attempt,golden_p1_parallel_sep14_v2_preadv,batch-sep14-v2-preadv,03ce24916958596717220167db496b1215544d09,golden-sep14-repro,.slim/worktrees/golden-sep14-repro/artifacts/phase_p1_parallel_golden_v1/cohort_2026-09-16_03-57-04_ca7acc/attempt_0.json,CLOUD_PROVIDER_GCP,us-east4,2026-09-16T03:57:05.012000+00:00,2026-09-16T03:57:05.012540+00:00,2026-09-16T03:57:25.687450+00:00,20674.292,20674.292,4566.728,1304.782244,2.874,2774.293,3189.183,,7213.65,158,,True,True,True,ab3c08a952521a2d20e2ca31a2deff3c72a45e9aacf95365e62a436cdac7104f,ab3c08a952521a2d20e2ca31a2deff3c72a45e9aacf95365e62a436cdac7104f,4ad4ed1cfe7669394193b1cc0fd8b9b2b47f5f7da8722f349fdea9716dd885bb,681cd3bf4e78a85628e06e8779cc1065b21215d63c9058ce570a2ba6332a173f,848c88307569bf50e9e08ad9bca8127ef5ac69a2773ff2c40d83c099270620b8,1006a35363f2eefabb02dc4351d1e4cc1990f98ed872729bdbde34b35f30076a,8a7bd7aea07e0e611915493b25e7b57176a2b329debef6d19c95dbfbc0a9e805,im-Rk3QrdAM6UzGQAvRPWnZop,e44389ea2eda82ba5e2328acc08307b6879ed6d4ea4b030727ab044704c0d3b5,static_e27,33554432,8,bf16,True,"{""copy_stream_span_available"": true, ""gpu_copy_fields_available"": true, ""index_stage_metrics"": true, ""raw_available"": true, ""raw_error"": null, ""source_transport_fields_available"": false, ""transport_records_present"": true}",True
golden-p1-0-0cfeb146cb48,golden-p1-0-0cfeb146cb48,raw_attempt,golden_p1_parallel_sep14_v1_preadv_control,batch-sep14-v1-preadv-control,03ce24916958596717220167db496b1215544d09,golden-sep14-repro,.slim/worktrees/golden-sep14-repro/artifacts/phase_p1_parallel_golden_v1/cohort_2026-09-16_03-57-32_07576c/attempt_0.json,CLOUD_PROVIDER_GCP,us-east1,2026-09-16T03:57:32.645000+00:00,2026-09-16T03:57:32.645205+00:00,2026-09-16T03:57:49.433453+00:00,16789.168,16789.168,4605.235,1462.636177,3.165,1759.96,1760.661,,5766.99,158,,True,True,True,ab3c08a952521a2d20e2ca31a2deff3c72a45e9aacf95365e62a436cdac7104f,ab3c08a952521a2d20e2ca31a2deff3c72a45e9aacf95365e62a436cdac7104f,c97f34dbe0d7f50b751d3bab98ca669d32a166a989146caa872f6f208ab2b248,d0fb3ec2fc4bc3a2e2fcd64759ed5b3b4bb9a04eda6a51dd243f8359e508bc60,848c88307569bf50e9e08ad9bca8127ef5ac69a2773ff2c40d83c099270620b8,2550fe41f6da27aa55a06148a79aa7b2a34573d191bd0c01786413b35083ef27,b2298ed1393b84cadc3cd9ce7287e84380c28f6f0f9f64612a55e333d9b9e271,im-Rk3QrdAM6UzGQAvRPWnZop,e44389ea2eda82ba5e2328acc08307b6879ed6d4ea4b030727ab044704c0d3b5,static_e27,33554432,8,bf16,True,"{""copy_stream_span_available"": true, ""gpu_copy_fields_available"": true, ""index_stage_metrics"": true, ""raw_available"": true, ""raw_error"": null, ""source_transport_fields_available"": false, ""transport_records_present"": true}",True
golden-p1-0-04ee10b6dc9e,golden-p1-0-04ee10b6dc9e,raw_attempt,golden_p1_parallel_sep14_v2_preadv,batch-sep14-v2-preadv,03ce24916958596717220167db496b1215544d09,golden-sep14-repro,.slim/worktrees/golden-sep14-repro/artifacts/phase_p1_parallel_golden_v1/cohort_2026-09-16_03-57-55_bc5067/attempt_0.json,CLOUD_PROVIDER_AWS,us-east-1,2026-09-16T03:57:55.435000+00:00,2026-09-16T03:57:55.436740+00:00,2026-09-16T03:58:18.423230+00:00,22987.259,22987.259,4857.368,1948.226454,3.773,3661.866,4302.223,,12599.286,158,,True,True,True,ab3c08a952521a2d20e2ca31a2deff3c72a45e9aacf95365e62a436cdac7104f,ab3c08a952521a2d20e2ca31a2deff3c72a45e9aacf95365e62a436cdac7104f,4ad4ed1cfe7669394193b1cc0fd8b9b2b47f5f7da8722f349fdea9716dd885bb,681cd3bf4e78a85628e06e8779cc1065b21215d63c9058ce570a2ba6332a173f,848c88307569bf50e9e08ad9bca8127ef5ac69a2773ff2c40d83c099270620b8,1006a35363f2eefabb02dc4351d1e4cc1990f98ed872729bdbde34b35f30076a,8a7bd7aea07e0e611915493b25e7b57176a2b329debef6d19c95dbfbc0a9e805,im-Rk3QrdAM6UzGQAvRPWnZop,e44389ea2eda82ba5e2328acc08307b6879ed6d4ea4b030727ab044704c0d3b5,static_e27,33554432,8,bf16,True,"{""copy_stream_span_available"": true, ""gpu_copy_fields_available"": true, ""index_stage_metrics"": true, ""raw_available"": true, ""raw_error"": null, ""source_transport_fields_available"": false, ""transport_records_present"": true}",True
golden-p1-0-f801e07be1f5,golden-p1-0-f801e07be1f5,raw_attempt,golden_p1_parallel_sep14_v1_preadv_control,batch-sep14-v1-preadv-control,03ce24916958596717220167db496b1215544d09,golden-sep14-repro,.slim/worktrees/golden-sep14-repro/artifacts/phase_p1_parallel_golden_v1/cohort_2026-09-16_03-58-25_dcd776/attempt_0.json,CLOUD_PROVIDER_AWS,eu-south-2,2026-09-16T03:58:25.807000+00:00,2026-09-16T03:58:25.807660+00:00,2026-09-16T03:58:46.708241+00:00,20900.825,20900.825,4872.812,1924.639544,3.114,2910.594,3113.346,,10334.897,158,,True,True,True,ab3c08a952521a2d20e2ca31a2deff3c72a45e9aacf95365e62a436cdac7104f,ab3c08a952521a2d20e2ca31a2deff3c72a45e9aacf95365e62a436cdac7104f,c97f34dbe0d7f50b751d3bab98ca669d32a166a989146caa872f6f208ab2b248,d0fb3ec2fc4bc3a2e2fcd64759ed5b3b4bb9a04eda6a51dd243f8359e508bc60,848c88307569bf50e9e08ad9bca8127ef5ac69a2773ff2c40d83c099270620b8,2550fe41f6da27aa55a06148a79aa7b2a34573d191bd0c01786413b35083ef27,b2298ed1393b84cadc3cd9ce7287e84380c28f6f0f9f64612a55e333d9b9e271,im-Rk3QrdAM6UzGQAvRPWnZop,e44389ea2eda82ba5e2328acc08307b6879ed6d4ea4b030727ab044704c0d3b5,static_e27,33554432,8,bf16,True,"{""copy_stream_span_available"": true, ""gpu_copy_fields_available"": true, ""index_stage_metrics"": true, ""raw_available"": true, ""raw_error"": null, ""source_transport_fields_available"": false, ""transport_records_present"": true}",True
golden-p1-0-1d1d64bce937,golden-p1-0-1d1d64bce937,raw_attempt,golden_p1_parallel_sep14_v2_preadv,batch-sep14-v2-preadv,03ce24916958596717220167db496b1215544d09,golden-sep14-repro,.slim/worktrees/golden-sep14-repro/artifacts/phase_p1_parallel_golden_v1/cohort_2026-09-16_03-58-52_94c338/attempt_0.json,CLOUD_PROVIDER_AWS,us-east-1,2026-09-16T03:58:52.592000+00:00,2026-09-16T03:58:52.592853+00:00,2026-09-16T03:59:15.527826+00:00,22935.128,22935.128,4895.253,1962.638038,3.333,3592.942,4988.466,,13149.959,158,,True,True,True,ab3c08a952521a2d20e2ca31a2deff3c72a45e9aacf95365e62a436cdac7104f,ab3c08a952521a2d20e2ca31a2deff3c72a45e9aacf95365e62a436cdac7104f,4ad4ed1cfe7669394193b1cc0fd8b9b2b47f5f7da8722f349fdea9716dd885bb,681cd3bf4e78a85628e06e8779cc1065b21215d63c9058ce570a2ba6332a173f,848c88307569bf50e9e08ad9bca8127ef5ac69a2773ff2c40d83c099270620b8,1006a35363f2eefabb02dc4351d1e4cc1990f98ed872729bdbde34b35f30076a,8a7bd7aea07e0e611915493b25e7b57176a2b329debef6d19c95dbfbc0a9e805,im-Rk3QrdAM6UzGQAvRPWnZop,e44389ea2eda82ba5e2328acc08307b6879ed6d4ea4b030727ab044704c0d3b5,static_e27,33554432,8,bf16,True,"{""copy_stream_span_available"": false, ""gpu_copy_fields_available"": true, ""index_stage_metrics"": true, ""raw_available"": true, ""raw_error"": null, ""source_transport_fields_available"": false, ""transport_records_present"": true}",True
golden-p1-0-7561d953693b,golden-p1-0-7561d953693b,raw_attempt,golden_p1_parallel_sep14_v1_preadv_control,batch-sep14-v1-preadv-control,03ce24916958596717220167db496b1215544d09,golden-sep14-repro,.slim/worktrees/golden-sep14-repro/artifacts/phase_p1_parallel_golden_v1/cohort_2026-09-16_03-59-22_be59f5/attempt_0.json,CLOUD_PROVIDER_GCP,us-east1,2026-09-16T03:59:22.955000+00:00,2026-09-16T03:59:22.955348+00:00,2026-09-16T03:59:39.436765+00:00,16481.743,16481.743,4606.187,1414.190445,2.888,1513.673,1594.48,,5054.352,158,,True,True,True,ab3c08a952521a2d20e2ca31a2deff3c72a45e9aacf95365e62a436cdac7104f,ab3c08a952521a2d20e2ca31a2deff3c72a45e9aacf95365e62a436cdac7104f,c97f34dbe0d7f50b751d3bab98ca669d32a166a989146caa872f6f208ab2b248,d0fb3ec2fc4bc3a2e2fcd64759ed5b3b4bb9a04eda6a51dd243f8359e508bc60,848c88307569bf50e9e08ad9bca8127ef5ac69a2773ff2c40d83c099270620b8,2550fe41f6da27aa55a06148a79aa7b2a34573d191bd0c01786413b35083ef27,b2298ed1393b84cadc3cd9ce7287e84380c28f6f0f9f64612a55e333d9b9e271,im-Rk3QrdAM6UzGQAvRPWnZop,e44389ea2eda82ba5e2328acc08307b6879ed6d4ea4b030727ab044704c0d3b5,static_e27,33554432,8,bf16,True,"{""copy_stream_span_available"": true, ""gpu_copy_fields_available"": true, ""index_stage_metrics"": true, ""raw_available"": true, ""raw_error"": null, ""source_transport_fields_available"": false, ""transport_records_present"": true}",True
golden-p1-0-b9dfb78a2ee3,golden-p1-0-b9dfb78a2ee3,raw_attempt,golden_p1_parallel_sep14_v2_preadv,batch-sep14-v2-preadv,03ce24916958596717220167db496b1215544d09,golden-sep14-repro,.slim/worktrees/golden-sep14-repro/artifacts/phase_p1_parallel_golden_v1/cohort_2026-09-16_03-59-45_cd027b/attempt_0.json,CLOUD_PROVIDER_GCP,us-east1,2026-09-16T03:59:45.623000+00:00,2026-09-16T03:59:45.623932+00:00,2026-09-16T04:00:36.707788+00:00,51083.169,51083.169,4606.363,1372.391482,2.888,2840.963,3284.02,,10155.877,158,,True,True,True,ab3c08a952521a2d20e2ca31a2deff3c72a45e9aacf95365e62a436cdac7104f,ab3c08a952521a2d20e2ca31a2deff3c72a45e9aacf95365e62a436cdac7104f,4ad4ed1cfe7669394193b1cc0fd8b9b2b47f5f7da8722f349fdea9716dd885bb,681cd3bf4e78a85628e06e8779cc1065b21215d63c9058ce570a2ba6332a173f,848c88307569bf50e9e08ad9bca8127ef5ac69a2773ff2c40d83c099270620b8,1006a35363f2eefabb02dc4351d1e4cc1990f98ed872729bdbde34b35f30076a,8a7bd7aea07e0e611915493b25e7b57176a2b329debef6d19c95dbfbc0a9e805,im-Rk3QrdAM6UzGQAvRPWnZop,e44389ea2eda82ba5e2328acc08307b6879ed6d4ea4b030727ab044704c0d3b5,static_e27,33554432,8,bf16,True,"{""copy_stream_span_available"": true, ""gpu_copy_fields_available"": true, ""index_stage_metrics"": true, ""raw_available"": true, ""raw_error"": null, ""source_transport_fields_available"": false, ""transport_records_present"": true}",True
golden-p1-0-fcb16da2da97,golden-p1-0-fcb16da2da97,raw_attempt,golden_p1_parallel_sep14_v1_preadv_control,batch-sep14-v1-preadv-control,03ce24916958596717220167db496b1215544d09,golden-sep14-repro,.slim/worktrees/golden-sep14-repro/artifacts/phase_p1_parallel_golden_v1/cohort_2026-09-16_04-00-43_281fd9/attempt_0.json,CLOUD_PROVIDER_AWS,eu-south-2,2026-09-16T04:00:43.504000+00:00,2026-09-16T04:00:43.504080+00:00,2026-09-16T04:01:06.069274+00:00,22565.648,22565.648,4869.583,1916.179723,2.974,4217.741,3073.216,,11733.295,158,,True,True,True,ab3c08a952521a2d20e2ca31a2deff3c72a45e9aacf95365e62a436cdac7104f,ab3c08a952521a2d20e2ca31a2deff3c72a45e9aacf95365e62a436cdac7104f,c97f34dbe0d7f50b751d3bab98ca669d32a166a989146caa872f6f208ab2b248,d0fb3ec2fc4bc3a2e2fcd64759ed5b3b4bb9a04eda6a51dd243f8359e508bc60,848c88307569bf50e9e08ad9bca8127ef5ac69a2773ff2c40d83c099270620b8,2550fe41f6da27aa55a06148a79aa7b2a34573d191bd0c01786413b35083ef27,b2298ed1393b84cadc3cd9ce7287e84380c28f6f0f9f64612a55e333d9b9e271,im-Rk3QrdAM6UzGQAvRPWnZop,e44389ea2eda82ba5e2328acc08307b6879ed6d4ea4b030727ab044704c0d3b5,static_e27,33554432,8,bf16,True,"{""copy_stream_span_available"": true, ""gpu_copy_fields_available"": true, ""index_stage_metrics"": true, ""raw_available"": true, ""raw_error"": null, ""source_transport_fields_available"": false, ""transport_records_present"": true}",True
golden-p1-0-1d77bc958a69,golden-p1-0-1d77bc958a69,raw_attempt,golden_p1_parallel_sep14_v2_preadv,batch-sep14-v2-preadv,03ce24916958596717220167db496b1215544d09,golden-sep14-repro,.slim/worktrees/golden-sep14-repro/artifacts/phase_p1_parallel_golden_v1/cohort_2026-09-16_04-01-11_e55f39/attempt_0.json,CLOUD_PROVIDER_AWS,us-east-1,2026-09-16T04:01:12.305000+00:00,2026-09-16T04:01:12.305109+00:00,2026-09-16T04:01:35.466140+00:00,23161.538,23161.538,4957.398,1935.73436,4.051,3590.202,5255.426,,14014.973,158,,True,True,True,ab3c08a952521a2d20e2ca31a2deff3c72a45e9aacf95365e62a436cdac7104f,ab3c08a952521a2d20e2ca31a2deff3c72a45e9aacf95365e62a436cdac7104f,4ad4ed1cfe7669394193b1cc0fd8b9b2b47f5f7da8722f349fdea9716dd885bb,681cd3bf4e78a85628e06e8779cc1065b21215d63c9058ce570a2ba6332a173f,848c88307569bf50e9e08ad9bca8127ef5ac69a2773ff2c40d83c099270620b8,1006a35363f2eefabb02dc4351d1e4cc1990f98ed872729bdbde34b35f30076a,8a7bd7aea07e0e611915493b25e7b57176a2b329debef6d19c95dbfbc0a9e805,im-Rk3QrdAM6UzGQAvRPWnZop,e44389ea2eda82ba5e2328acc08307b6879ed6d4ea4b030727ab044704c0d3b5,static_e27,33554432,8,bf16,True,"{""copy_stream_span_available"": true, ""gpu_copy_fields_available"": true, ""index_stage_metrics"": true, ""raw_available"": true, ""raw_error"": null, ""source_transport_fields_available"": false, ""transport_records_present"": true}",True
golden-p1-0-51c8904e356a,golden-p1-0-51c8904e356a,raw_attempt,golden_p1_parallel_sep14_v1_preadv_control,batch-sep14-v1-preadv-control,03ce24916958596717220167db496b1215544d09,golden-sep14-repro,.slim/worktrees/golden-sep14-repro/artifacts/phase_p1_parallel_golden_v1/cohort_2026-09-16_04-01-41_570ce6/attempt_0.json,CLOUD_PROVIDER_GCP,us-east1,2026-09-16T04:01:42.206000+00:00,2026-09-16T04:01:42.206284+00:00,2026-09-16T04:02:00.967850+00:00,18761.838,18761.838,4639.74,1312.232349,2.734,1612.938,3170.298,,7691.453,158,,True,True,True,ab3c08a952521a2d20e2ca31a2deff3c72a45e9aacf95365e62a436cdac7104f,ab3c08a952521a2d20e2ca31a2deff3c72a45e9aacf95365e62a436cdac7104f,c97f34dbe0d7f50b751d3bab98ca669d32a166a989146caa872f6f208ab2b248,d0fb3ec2fc4bc3a2e2fcd64759ed5b3b4bb9a04eda6a51dd243f8359e508bc60,848c88307569bf50e9e08ad9bca8127ef5ac69a2773ff2c40d83c099270620b8,2550fe41f6da27aa55a06148a79aa7b2a34573d191bd0c01786413b35083ef27,b2298ed1393b84cadc3cd9ce7287e84380c28f6f0f9f64612a55e333d9b9e271,im-Rk3QrdAM6UzGQAvRPWnZop,e44389ea2eda82ba5e2328acc08307b6879ed6d4ea4b030727ab044704c0d3b5,static_e27,33554432,8,bf16,True,"{""copy_stream_span_available"": true, ""gpu_copy_fields_available"": true, ""index_stage_metrics"": true, ""raw_available"": true, ""raw_error"": null, ""source_transport_fields_available"": false, ""transport_records_present"": true}",True
golden-p1-0-229c91525881,golden-p1-0-229c91525881,raw_attempt,golden_p1_parallel_sep14_v2_preadv,batch-sep14-v2-preadv,03ce24916958596717220167db496b1215544d09,golden-sep14-repro,.slim/worktrees/golden-sep14-repro/artifacts/phase_p1_parallel_golden_v1/cohort_2026-09-16_04-02-07_a8f4e6/attempt_0.json,CLOUD_PROVIDER_AWS,us-east-1,2026-09-16T04:02:07.746000+00:00,2026-09-16T04:02:07.746477+00:00,2026-09-16T04:02:27.210597+00:00,19464.41,19464.41,4907.743,1934.96713,3.499,2882.174,2957.438,,9986.206,158,,True,True,True,ab3c08a952521a2d20e2ca31a2deff3c72a45e9aacf95365e62a436cdac7104f,ab3c08a952521a2d20e2ca31a2deff3c72a45e9aacf95365e62a436cdac7104f,4ad4ed1cfe7669394193b1cc0fd8b9b2b47f5f7da8722f349fdea9716dd885bb,681cd3bf4e78a85628e06e8779cc1065b21215d63c9058ce570a2ba6332a173f,848c88307569bf50e9e08ad9bca8127ef5ac69a2773ff2c40d83c099270620b8,1006a35363f2eefabb02dc4351d1e4cc1990f98ed872729bdbde34b35f30076a,8a7bd7aea07e0e611915493b25e7b57176a2b329debef6d19c95dbfbc0a9e805,im-Rk3QrdAM6UzGQAvRPWnZop,e44389ea2eda82ba5e2328acc08307b6879ed6d4ea4b030727ab044704c0d3b5,static_e27,33554432,8,bf16,True,"{""copy_stream_span_available"": true, ""gpu_copy_fields_available"": true, ""index_stage_metrics"": true, ""raw_available"": true, ""raw_error"": null, ""source_transport_fields_available"": false, ""transport_records_present"": true}",True
golden-p1-0-6496a7dc5efd,golden-p1-0-6496a7dc5efd,raw_attempt,golden_p1_parallel_sep14_v1_preadv_control,batch-sep14-v1-preadv-control,03ce24916958596717220167db496b1215544d09,golden-sep14-repro,.slim/worktrees/golden-sep14-repro/artifacts/phase_p1_parallel_golden_v1/cohort_2026-09-16_04-02-33_ea09f2/attempt_0.json,CLOUD_PROVIDER_GCP,us-east1,2026-09-16T04:02:33.369000+00:00,2026-09-16T04:02:33.369065+00:00,2026-09-16T04:02:50.035856+00:00,16666.814,16666.814,4621.402,1432.878607,3.514,1648.624,1558.014,,5061.355,158,,True,True,True,ab3c08a952521a2d20e2ca31a2deff3c72a45e9aacf95365e62a436cdac7104f,ab3c08a952521a2d20e2ca31a2deff3c72a45e9aacf95365e62a436cdac7104f,c97f34dbe0d7f50b751d3bab98ca669d32a166a989146caa872f6f208ab2b248,d0fb3ec2fc4bc3a2e2fcd64759ed5b3b4bb9a04eda6a51dd243f8359e508bc60,848c88307569bf50e9e08ad9bca8127ef5ac69a2773ff2c40d83c099270620b8,2550fe41f6da27aa55a06148a79aa7b2a34573d191bd0c01786413b35083ef27,b2298ed1393b84cadc3cd9ce7287e84380c28f6f0f9f64612a55e333d9b9e271,im-Rk3QrdAM6UzGQAvRPWnZop,e44389ea2eda82ba5e2328acc08307b6879ed6d4ea4b030727ab044704c0d3b5,static_e27,33554432,8,bf16,True,"{""copy_stream_span_available"": false, ""gpu_copy_fields_available"": true, ""index_stage_metrics"": true, ""raw_available"": true, ""raw_error"": null, ""source_transport_fields_available"": false, ""transport_records_present"": true}",True
golden-p1-0-2ba1412d59a4,golden-p1-0-2ba1412d59a4,raw_attempt,golden_p1_parallel_sep14_v2_preadv,batch-sep14-v2-preadv,03ce24916958596717220167db496b1215544d09,golden-sep14-repro,.slim/worktrees/golden-sep14-repro/artifacts/phase_p1_parallel_golden_v1/cohort_2026-09-16_04-02-55_8efd8f/attempt_0.json,CLOUD_PROVIDER_GCP,us-east1,2026-09-16T04:02:55.699000+00:00,2026-09-16T04:02:55.699310+00:00,2026-09-16T04:03:12.686462+00:00,16987.453,16987.453,4596.92,1357.233709,3.17,1507.29,1501.778,,4694.899,158,,True,True,True,ab3c08a952521a2d20e2ca31a2deff3c72a45e9aacf95365e62a436cdac7104f,ab3c08a952521a2d20e2ca31a2deff3c72a45e9aacf95365e62a436cdac7104f,4ad4ed1cfe7669394193b1cc0fd8b9b2b47f5f7da8722f349fdea9716dd885bb,681cd3bf4e78a85628e06e8779cc1065b21215d63c9058ce570a2ba6332a173f,848c88307569bf50e9e08ad9bca8127ef5ac69a2773ff2c40d83c099270620b8,1006a35363f2eefabb02dc4351d1e4cc1990f98ed872729bdbde34b35f30076a,8a7bd7aea07e0e611915493b25e7b57176a2b329debef6d19c95dbfbc0a9e805,im-Rk3QrdAM6UzGQAvRPWnZop,e44389ea2eda82ba5e2328acc08307b6879ed6d4ea4b030727ab044704c0d3b5,static_e27,33554432,8,bf16,True,"{""copy_stream_span_available"": true, ""gpu_copy_fields_available"": true, ""index_stage_metrics"": true, ""raw_available"": true, ""raw_error"": null, ""source_transport_fields_available"": false, ""transport_records_present"": true}",True
