[v2.host_memory] stage=prompt_executor_start current_mib=absent peak_mib=absent limit_mib=absent process_rss_mib=13149.5 process_maxrss_mib=35737.1 oom_count=absent oom_kill_count=absent status=ok cgroup_path=absent cgroup_mount=absent
[v2.cpu_snapshot_models] cpu_snapshot_models_present=1 clip_present=1 unet_present=0 cpu_snapshot_active=0
[v2.cpu_snapshot_request] status=present_but_inactive clip_present=1 unet_present=0 action=clip_vae_only_request_activation
[v2.cpu_snapshot_request] status=clip_vae_only_bind clip_source=cpu_snapshot vae_source=cpu_snapshot unet_source=normal_loader clip_object_id=47537760655248 vae_object_id=47537776803408
[v2.cpu_snapshot_request] status=reused reason=clip_vae_only
[v2.unet_identity_chain] stage=snapshot request_id=v2-benchmark-0-cab9f03d260f unet_object_id=0
[v2.unet_identity_chain] stage=bridge request_id=v2-benchmark-0-cab9f03d260f unet_object_id=0
[v2.snapshot_activation_invariant] profile=inherit models_container_present=1 clip_present=1 unet_present=0 snapshot_enabled_by_config=1 cpu_snapshot_container_active=1 loader_bridge_active=1 execution_prefill_allowed=0 status=pass reason=ok
[v2.execution_prefill] snapshot_active=1 env_raw=critical scheduled=1
[v2.execution_unet] scheduled=1 snapshot_unet_absent=1 request_id=v2-benchmark-0-cab9f03d260f
[v2.plan_proof] schema=1 payload=yes validated=True outputs=2 out_ids=107,935:931 wf_hash=2e43d4c0ba3b82c0 recomputed=2e43d4c0ba3b82c0 match=True dep_complete=True consumed=False cert_decision=legacy
[v2.plan_proof.registry] workflow_class_count=31 host_proved_count=31 snapshot_proved_count=31 missing_host=0 missing_snapshot=0 identity_mismatch=0 workflow_registry_match=1 reason=
[v2.plan_proof] parity proof_present=1 proof_complete=1 proof_valid=1 dep_match=1 gen_match=1 wf_reg_match=1 reg_full_match=0 dep_proof_match=1 eligible=1 reason=ok consumed=False
[v2.exec] res4lyf_dummy_init_disabled=1 reported_injected=1 actual_injected=1
[preflight.model_reads] restore_preload_active=0 selected_clip=/root/comfy/ComfyUI/models/text_encoders/qwen_3_4b.safetensors
[v2.clip_conditioning_cache] event=mode flag=COMFYMODAL_V2_CLIP_CONDITIONING_CACHE enabled=1 root=/root/prompt_cache_vol/exact_conditioning max_entries=64 max_bytes=536870912
[v2.generation_identity] custom_nodes_generation='fbecafb8ae72728ebc36d581…' raw_empty=false source=persisted_record runtime_state_generation='' api_object_id=47531661585936 deployment_combined_hash=1bd881d798947977
[v2.plan_proof] decision=plan_validation_fast_path consumed=1 workflow_hash_match=1 validation_hash_match=1 plan_complete=1 snapshot_complete=1 snapshot_valid=1 dep_match=1 gen_match=1 wf_reg_match=1 dependency_match=1 repair_changed=0 outputs_nonempty=1 eligible=1
[active_read] registered owner=graph_loader key=/__modal/volumes/vo-QI6fCKykvocVkUBVGsuZgm/diffusion_models/z_image_turbo_bf16.s active_read_id=a89af82e80ee48d9 restored_instance_id=bbac8f802e78478d9562927823069b4c restore_session_id=3557768c9edc422880c3c518c04348c0 request_id= start_wall_unix_ns=1786585620647117312 start_monotonic_ns=2065974139803 start_thread_time_ns=0 start_process_time_ns=103460000000 native_tid=75 active_read_path_hash=8d2256b3cff6bbd2 active_read_file_size=12309866400 active_read_st_dev=30 active_read_st_ino=101 active_read_governor_enabled=0 active_read_priority=100 active_read_size_bytes=12309866400 active_read_size_mb=11739.6 active_read_is_large=1 active_read_classification_source=file_size active_read_queue_enter_ms=0.0 active_read_queue_exit_ms=0.0 active_read_queue_wait_ms=0.0 active_read_large_slots_used_at_enter=0 active_read_large_slots_used_at_start=0 active_read_concurrent_large_reads_at_start=1 active_read_attached_existing_future=0 active_read_duplicate_prevented=0
[v2.host_memory] stage=peak_execution current_mib=absent peak_mib=absent limit_mib=absent process_rss_mib=24890.8 process_maxrss_mib=35737.1 oom_count=absent oom_kill_count=absent status=ok cgroup_path=absent cgroup_mount=absent
[v2.startup_stage] stage=first_prompt_executor_invocation event=start wall_unix_ns=1786585620663618141 monotonic_ns=2065990641422
[v2.unet_early_activation] event=mode mode=late env_raw=late restored_instance_id=bbac8f802e78478d9562927823069b4c restore_session_id=3557768c9edc422880c3c518c04348c0
[v2.unet_early_activation] event=skipped request_id=v2-benchmark-0-cab9f03d260f mode=late trigger=conditioning_cache_hit reason=cpu_snapshot_mode_inactive eligible=0
[v2.clip_conditioning_cache] decision=exact_hit key_hash=e24059626b0f3d17f0ba656e18d396b1449e52b9b046a4cf35d5f7874baafa2f identity_status=valid encode_calls=0 schema_version=1 validation_scope=clip_model_workflow_custom_nodes_schema_format_side_conditioning_inputs entries=1 request_id=v2-benchmark-0-cab9f03d260f
[active_read] completed owner=graph_loader key=/__modal/volumes/vo-QI6fCKykvocVkUBVGsuZgm/diffusion_models/z_image_turbo_bf16.s active_read_id=a89af82e80ee48d9 restored_instance_id=bbac8f802e78478d restore_session_id=3557768c9edc422880c3c518c04348c0 complete_wall_unix_ns=1786585621799760384 complete_monotonic_ns=2067126781400 complete_thread_time_ns=1000000000 complete_process_time_ns=105030000000 complete_native_tid=75 wall_ms=1152.642 thread_cpu_ms=1000.0 process_cpu_ms=1570.0 majf=None minf=None inblock=None nvcsw=None nivcsw=None read_bytes=None rchar=None path_hash=8d2256b3cff6bbd2 file_size=12309866400 st_dev=30 st_ino=101
[v2.active_read_diag] active_read_id=a89af82e80ee48d9 owner=graph_loader request_id= restore_session_id=3557768c9edc422880c3c518c04348c0 path_hash=8d2256b3cff6bbd2 wall_ms=1152.642 thread_cpu_ms=1000.0 process_cpu_ms=1570.0 read_bytes=not_observed_in_this_thread rchar=not_observed_in_this_thread minor_faults=None major_faults=None context_switches=None/None counter_status=unsupported legacy_counter_status=unsupported thread_cpu_status=unsupported process_cpu_status=unsupported io_status=unsupported page_fault_status=unsupported block_input_status=unsupported context_switch_status=unsupported native_thread_id=75
[v2.vae_early_activation] event=mode mode=sampling_end env_raw=sampling_end restored_instance_id=bbac8f802e78478d9562927823069b4c restore_session_id=3557768c9edc422880c3c518c04348c0
[v2.cpu_owner] operation=CLIPTextEncode role=CLIP wall_ms=5.939 process_cpu_ms=10.000 effective_cores=1.684 native_threads_start=51 native_threads_peak=52 native_threads_end=51
[v2.native_fast_disk_unet] decision=defer reason=ok stage=to patcher_class=comfy.model_patcher.ModelPatcher patcher_dynamic=0 param_count=453 parameter_bytes=12309817472 dtype_distribution={'torch.bfloat16': 453} device_distribution={'cpu': 453} cpu_params=453 cpu_buffers=1 get_model_ms=233.864 ctor_ms=0.339 bind_ms=None to_wall_ms=None to_device_ms=None to_device_ms_label=unavailable
[v2.experiment] experiment=unet_transfer arm=pinned_staging implementation_version=1 selector=request source=env settings={"chunk_mb":512,"pinned_staging":true}
[v2.native_fast_disk_unet] decision=complete reason=ok stage=load_model_weights patcher_class=comfy.model_patcher.ModelPatcher patcher_dynamic=0 param_count=453 parameter_bytes=12309817472 dtype_distribution={'torch.bfloat16': 453} device_distribution={'cuda': 453} cpu_params=0 cpu_buffers=0 get_model_ms=233.864 ctor_ms=0.339 bind_ms=67.929 to_wall_ms=3208.981 to_device_ms=2928.204 to_device_ms_label=synchronized_device
[v2.unet_runtime_state] stage=normal_loader_ready unet_identity=z_image_turbo_bf16.safetensors requested_weight_dtype=default effective_weight_dtype=default state={"current_device":"cuda:0","diffusion_model_object_id":"47538108316688","diffusion_model_type":"NextDiT","first_buffer_device":"absent","first_buffer_dtype":"absent","first_parameter_device":"cuda:0","first_parameter_dtype":"torch.bfloat16","forward_module":"NextDiT","forward_qualname":"NextDiT.forward","load_device":"cuda:0","loaded_models_member":"0","manual_cast_dtype":"absent","model_dtype":"torch.bfloat16","model_loaded_weight_memory":"0","model_lowvram":"False","model_lowvram_patch_counter":"0","model_object_id":"47537777771024","model_options_keys":["transformer_options"],"model_type":"Lumina2","object_patch_count":0,"offload_device":"cuda:0","patch_count":0,"patcher_object_id":"47538103625616","patcher_type":"ModelPatcher","transformer_options_keys":["wrappers"],"weight_dtype":"absent"}
standard
WARNING:root:[FeatureInjLatent] Reference latent: shape=torch.Size([1, 16, 240, 136])
[v2.sampler_boundary] event=sampler_lane_requested sampler_node_id=1242 sampler_node_class=ClownsharKSampler_Beta blocking_owner=absent
[v2.sampler_boundary] event=sampler_lane_acquired sampler_node_id=1242 sampler_node_class=ClownsharKSampler_Beta wait_ms=0.093 blocking_owner=absent
[CacheDiT] Transformer class: NextDiT (module: comfy.ldm.lumina.model)
[v2.gpu_load_boundary] event=load_models_gpu_start request_id=v2-benchmark-0-cab9f03d260f restored_instance_id=bbac8f802e78478d9562927823069b4c restore_session_id=3557768c9edc422880c3c518c04348c0 roles=UNET model_count=1 contains_registered_unet=1 caller_classification=graph_model_loading gpu_allocated_before=12416794624 gpu_reserved_before=12626952192
[v2.gpu_load_boundary] event=load_models_gpu_end request_id=v2-benchmark-0-cab9f03d260f restored_instance_id=bbac8f802e78478d9562927823069b4c restore_session_id=3557768c9edc422880c3c518c04348c0 roles=UNET model_count=1 caller_classification=graph_model_loading wall_ms=50.737 gpu_allocated_after=12416798720 gpu_allocated_delta_bytes=4096
[v2.cpu_owner] operation=load_models_gpu role=other wall_ms=51.890 process_cpu_ms=160.000 effective_cores=3.083 native_threads_start=62 native_threads_peak=63 native_threads_end=62
[v2.unet_identity_chain] check=stage_pair stage_a=bridge stage_b=sampler request_id=v2-benchmark-0-cab9f03d260f patcher_a_object_id=47538103625616 diffusion_a_object_id=47538108316688 patcher_b_object_id=47537930143632 diffusion_b_object_id=47538108316688 ok=1 reason=ok
[v2.unet_gpu_residency] sampler_wrapper_before_sample request_id=v2-benchmark-0-cab9f03d260f enforce=0 status=gpu_resident unet_object_id=47537930143632 parameter_count=453 gpu_parameter_count=453 cpu_parameter_count=0 meta_parameter_count=0 unknown_parameter_count=0 gpu_parameter_fraction=1.0 load_device=cuda:0 current_device=absent diffusion_model_current_device=absent model_cache_size=2 unet_in_model_cache=1 gpu_allocated_bytes=12420976640 gpu_reserved_bytes=12647923712
[v2.sampler_stall_watchdog] stage=armed request_id=v2-benchmark-0-cab9f03d260f restored_instance_id=bbac8f802e78478d9562927823069b4c sampler_node_id=1242 sampler_class=ClownsharKSampler_Beta patcher_object_id=47537930143632 diffusion_model_object_id=47538108316688 unet_object_id=47537930143632 first_forward_timeout_s=5.0 first_step_timeout_s=15.0
[v2.sampler_boundary] event=sampling_start request_id=v2-benchmark-0-cab9f03d260f restored_instance_id=bbac8f802e78478d9562927823069b4c node_id=1242 node_class=ClownsharKSampler_Beta steps=8 patcher_object_id=47537930143632 diffusion_model_object_id=47538108316688 diffusion_model_device=absent diffusion_model_current_device=absent gpu_allocated_bytes=12420976640 gpu_reserved_bytes=12647923712
(RES4LYF) rk_type: res_2s

[v2.unet_forward_boundary] event=first_unet_forward request_id=v2-benchmark-0-cab9f03d260f diffusion_model_object_id=47538108316688 patcher_object_id=47538103625616 model_object_id=47537777771024 x_device=cuda:0 x_dtype=torch.bfloat16 elapsed_ms=180.629
[v2.sampler_parity] UNET weight_dtype=torch.bfloat16 UNET compute_dtype=torch.bfloat16 manual_cast_dtype=None CacheDiT target=NextDiT CacheDiT attachment_count=1 CacheDiT fallback=0
[1A  0%|          | 0/8 [00:00<?, ?it/s]WARNING:root:[FeatureInjLatent] step=1 | progress=0.00 | eff_str=0.250 | no mask
WARNING:root:[FeatureInjLatent] step=2 | progress=0.01 | eff_str=0.214 | no mask
[v2.sampler_boundary] event=first_sampler_step request_id=v2-benchmark-0-cab9f03d260f restored_instance_id=bbac8f802e78478d9562927823069b4c node_id=1242 node_class=ClownsharKSampler_Beta steps=8 patcher_object_id=47537930143632 diffusion_model_object_id=47538108316688 diffusion_model_device=absent diffusion_model_current_device=absent gpu_allocated_bytes=12420976640 gpu_reserved_bytes=12647923712

[1A 12%|█▎        | 1/8 [00:01<00:08,  1.16s/it]WARNING:root:[FeatureInjLatent] step=3 | progress=0.03 | eff_str=0.178 | no mask

[1A 25%|██▌       | 2/8 [00:02<00:06,  1.02s/it]
[1A 38%|███▊      | 3/8 [00:02<00:03,  1.30it/s]
[1A 50%|█████     | 4/8 [00:03<00:02,  1.54it/s]
[1A 62%|██████▎   | 5/8 [00:03<00:01,  1.71it/s]
[1A 75%|███████▌  | 6/8 [00:03<00:01,  1.85it/s]
[1A 88%|████████▊ | 7/8 [00:04<00:00,  1.95it/s]
[1A100%|██████████| 8/8 [00:04<00:00,  2.03it/s]100%|██████████| 8/8 [00:04<00:00,  1.65it/s]
[v2.sampler_boundary] event=sampling_end request_id=v2-benchmark-0-cab9f03d260f restored_instance_id=bbac8f802e78478d9562927823069b4c node_id=1242 node_class=ClownsharKSampler_Beta steps=8 patcher_object_id=47537930143632 diffusion_model_object_id=47538108316688 diffusion_model_device=absent diffusion_model_current_device=absent gpu_allocated_bytes=12420976640 gpu_reserved_bytes=12647923712 duration_ms=4908.336
[v2.vae_early_activation] event=scheduled request_id=v2-benchmark-0-cab9f03d260f mode=sampling_end trigger=sampling_end key_hash=8098e77a0d6309151c4e4b29 source=snapshot_vae vae_identity_hash=dd8f11d04333e24d vae_policy_version=1 vae_weight_dtype=bfloat16 vae_compute_dtype=bfloat16_native vae_memory_format=contiguous vae_prefetch_mode=off c5_impl_version=1.0.0 torch=2.13.0+cu130 cuda=13.0 arch=sm_75;sm_80;sm_86;sm_90;sm_100;sm_120 restored_instance_id=bbac8f802e78478d9562927823069b4c restore_session_id=3557768c9edc422880c3c518c04348c0
[v2.vae_early_activation] event=load_start request_id=v2-benchmark-0-cab9f03d260f mode=sampling_end key_hash=8098e77a0d6309151c4e4b29 source=snapshot_vae vae_object_id=47537776803408 vae_patcher_object_id=47537806984656
[v2.gpu_load_boundary] event=load_models_gpu_start request_id=absent restored_instance_id=bbac8f802e78478d9562927823069b4c restore_session_id=3557768c9edc422880c3c518c04348c0 roles=modelpatcher model_count=1 contains_registered_unet=0 caller_classification=restore_vae_preparation gpu_allocated_before=12455659008 gpu_reserved_before=14828961792
[v2.gpu_load_boundary] event=load_models_gpu_end request_id=absent restored_instance_id=bbac8f802e78478d9562927823069b4c restore_session_id=3557768c9edc422880c3c518c04348c0 roles=modelpatcher model_count=1 caller_classification=restore_vae_preparation wall_ms=886.5 gpu_allocated_after=12626652160 gpu_allocated_delta_bytes=170993152
[v2.vae_early_activation] event=terminal request_id=v2-benchmark-0-cab9f03d260f mode=sampling_end key_hash=8098e77a0d6309151c4e4b29 status=ready reason=ok error=absent transfer_count=1 vae_policy_version=1 vae_weight_dtype=bfloat16 vae_compute_dtype=bfloat16_native vae_memory_format=contiguous vae_prefetch_mode=off c5_impl_version=1.0.0 source=snapshot_vae
[v2.vae_early_activation] event=consumed request_id=v2-benchmark-0-cab9f03d260f mode=sampling_end key_hash=8098e77a0d6309151c4e4b29 join_wait_ms=39.179 status=ready source=snapshot_vae
[v2.gpu_load_boundary] event=load_models_gpu_start request_id=v2-benchmark-0-cab9f03d260f restored_instance_id=bbac8f802e78478d9562927823069b4c restore_session_id=3557768c9edc422880c3c518c04348c0 roles=modelpatcher model_count=1 contains_registered_unet=0 caller_classification=graph_model_loading gpu_allocated_before=12626652160 gpu_reserved_before=12838764544
[v2.gpu_load_boundary] event=load_models_gpu_end request_id=v2-benchmark-0-cab9f03d260f restored_instance_id=bbac8f802e78478d9562927823069b4c restore_session_id=3557768c9edc422880c3c518c04348c0 roles=modelpatcher model_count=1 caller_classification=graph_model_loading wall_ms=21.322 gpu_allocated_after=12626652160 gpu_allocated_delta_bytes=0
[production.rgthree.encode] side=b (B-only) shape=(1, 1920, 1088, 3) dtype=torch.uint8
[v2.opt.output_encode] total_ms=573.878 png_compress_ms=552.429 gpu_to_cpu_ms=0.009
[production.rgthree] node_id=107 a_count=0 b_count=1 encoded_unique=1 logical_outputs=1 return_a=0 temp_files_written=0 encode_ms=576.8
[v2.startup_stage] stage=first_prompt_executor_invocation event=end wall_unix_ns=1786585632269656268 monotonic_ns=2077596679598 duration_ms=11606.038
[v2.pre_sampler_stages] request_id=v2-benchmark-0-cab9f03d260f restored_instance_id=bbac8f802e78478d9562927823069b4c restore_session_id=3557768c9edc422880c3c518c04348c0 container_session_id=0142d9812047446e modal_input_id=in-01KZWCT11665Z50BTT1FNV9Z2B:1786585613351-0 modal_task_id=ta-01KZWCT1P6A1295NEPNRVSY3GR pid=2 boot_id=cf0510ab-cdc7-45a6-83f6-134cbf2c0383 hostname=modal total_nodes=43 first_output_node=107:ComfyModalProductionImageComparerOutput first_executing_node=987:Any Switch (rgthree) sampler_stage_status=sampler_active method_entry_to_graph_start_ms=16.415 graph_setup_ms=41.574 certificate_ms=0.0 cert_identity_build_ms=0.0 cert_cache_hit=0 cert_volume_reload_ms=0.0 cert_file_read_ms=0.0 cert_json_parse_validate_ms=0.0 cert_total_ms=0.0 legacy_preflight_ms=0.0 prompt_validation_ms=0.0 certificate_skipped_preflight=1 certificate_skipped_prompt_validation=1 preflight_ms=0.0 validation_ms=0.0 missing_node_repair_ms=0.191 production_registry_setup_ms=0.033 production_registry_profile_setup_ms=0.033 pregraph_setup_ms=0.592 executor_reset_ms=0.273 sampler_lane_wait_ms=0.061 residual_before_invoke_ms=15.277 method_entry_to_runtime_configuration_ms=16.371 call_to_exec_start_ms=0.583 exec_start_to_cached_ms=1211.111 cached_to_first_executing_ms=149.863 call_to_cached_ms=1211.693 call_to_first_node_ms=1361.556 first_node_to_clip_ms=3.029 clip_to_sampler_node_ms=3358.241 sampler_node_to_sampler_start_ms=135.571 sampler_node_to_lane_acquired_ms=0.119 lane_acquired_to_actual_stage_ms=135.452 pre_sampler_total_ms=4916.355 measured_children_ms=4859.242 residual_ms=57.113 reconciliation_status=ok add_message=True send_sync=True has_sampler=True sampler_count=1 lane_acquired=True
[v2.opt.output_delivery] hash_ms=1.439 descriptor_ms=None
[v2.opt.output_delivery] hash_ms=1.439 descriptor_ms=0.025
[v2.startup_stage] stage=first_durable_result event=ready wall_unix_ns=1786585632279508991 monotonic_ns=2077606532332 output_persisted=1
[v2.output] hashes=1 base64_encode=0 base64_decode=0 commit_ms=0.0 commit_status=skipped overlap_ms=0.0 serialized_bytes=2216
[v2.host_memory] stage=result_complete current_mib=absent peak_mib=absent limit_mib=absent process_rss_mib=14710.3 process_maxrss_mib=35737.1 oom_count=absent oom_kill_count=absent status=ok cgroup_path=absent cgroup_mount=absent
[v2.activation_diagnosis] request_id=v2-benchmark-0-cab9f03d260f cpu_snapshot_container_active=True execution_prefill_scheduled=True residency_diagnostics_enabled=0 clip_encode_calls=0 clip_encode_graph_calls=0 clip_encode_prefill_calls=0 clip_encode_wall_ms=0 clip_encode_graph_wall_ms=0 clip_encode_prefill_wall_ms=0 clip_encode_process_cpu_ms=0 load_models_gpu_calls=2 unet_gpu_load_calls=1 load_models_gpu_wall_ms=72.059 activation_receipt_count=3 gpu_allocated_delta_bytes=4096 cpu_peak_cores=12.085 cpu_above_16_ms=0.0 cpu_above_19_ms=0.0 cpu_longest_above_19_ms=absent cpu_overlap_graph_clip_ms=0.0 cpu_overlap_prefill_clip_ms=0.0 cpu_overlap_gpu_load_ms=0.0 clip_to_sampler_node_ms=3358.241 sampler_node_to_sampler_start_ms=135.571 diagnostic_accounted_ms=absent diagnostic_unattributed_ms=absent restore_requested_torch_intraop_threads=absent restore_actual_torch_intraop_threads=12 restore_torch_interop_threads=14 restore_torch_thread_limit_status=baseline_passthrough
[v2.process_cpu_spike] status=ok peak_effective_cores=12.085 duration_above_16_ms=0.000 duration_above_19_ms=0.000 longest_above_19_ms=0.000 sample_count=208
[v2.remote_request_origin.remote] request_id=v2-benchmark-0-cab9f03d260f trigger_source=benchmark ui_trigger_unix_ms=1786585586749 local_receive_unix_ns=1786585586749649920 modal_generator_create_start_unix_ns=1786585613593648600 modal_submission_attempt_unix_ns=absent modal_generator_created_unix_ns=absent modal_first_iteration_start_unix_ns=absent modal_first_remote_event_unix_ns=absent modal_method_entry_unix_ns=1786585620605571328 prompt_executor_invoke_start_unix_ns=1786585620663526144 trigger_to_dispatch_ms=0.65 dispatch_to_modal_entry_ms=None modal_entry_to_executor_ms=57.958 trigger_to_executor_ms=33914.526 modal_input_id=in-01KZWCT11665Z50BTT1FNV9Z2B:1786585613351-0 modal_task_id=ta-01KZWCT1P6A1295NEPNRVSY3GR
[v2.critical_path] python_resume_to_restore_enter_ms=0.0 restore_total_ms=454.016 restore_exit_to_run_enter_ms=13.692 run_enter_to_plan_received_ms=14.863 plan_received_to_executor_invoke_ms=43.095 executor_invoke_to_first_node_ms=1361.438 first_node_to_sampler_node_ms=3361.237 sampler_node_to_sampler_start_ms=135.571 pre_sampler_unattributed_ms=absent
[v2.cgroup_cpu_spike] status=unavailable reason=no readable cpu.stat candidates=/sys/fs/cgroup/cpu.stat errors=resolve_cgroup_v2_base: returned no readable cgroup base;probe2 path=/sys/fs/cgroup/cpu.stat: FileNotFoundError: [Errno 2] No such file or directory: '/sys/fs/cgroup/cpu.stat';parse_proc_cgroup: no unified 0:: entry
[v2.gpu_allocation] cuda_version=13.0 gpu_actual_name=NVIDIA RTX PRO 6000 Blackwell Server Edition gpu_compute_capability=12.0 gpu_requested_order=RTX-PRO-6000 gpu_vram_total_mib=97250 torch_version=2.13.0+cu130
V2 COLD WATERFALL - REMOTE/PARTIAL (awaiting host reconciliation)
Request: v2-benchmark-0-cab9f03d260f  Instance: bbac8f802e78478d9562927823069b4c  GPU: ['RTX-PRO-6000']  Fresh: YES
TOTAL WALL:        -   (command->response minus Modal scheduling)
SCHEDULING:        -   (informational - excluded from % and bars)
COMMAND->RESPONSE:  45.558s

+-----+------------------------------------------------+------------+------------+---------+---------------------------------------+
 # | Stage                                          | Duration |     Cum. |      % | Relative wall time
+-----+------------------------------------------------+------------+------------+---------+---------------------------------------+
  1 | Local preparation                              |     0.001s |     0.001s |   0.001% | +                                    
  2 | Modal handle and submission                    |          - |          - |       - |                                      
  3 | Modal scheduling + pre-Python restore (awai... |          - |          - |       - |                                      
  4 | Modal pre-Python snapshot restoration          |          - |          - |       - |                                      
  5 | Python/application restore                     |     0.456s |     0.457s |   1.001% | #                                    
  6 | Restore-to-method entry                        |     0.014s |     0.470s |   0.030% | #                                    
  7 | ~ Method entry to UNET ownership claim         |          - |          - |       - |                                      
  8 | ~ UNET claim to ready (worker load)            |          - |          - |       - |                                      
  9 |   detail: Checkpoint read                      |     3.212s |          - |   7.051% |                                      
 10 |   detail: Read end ? construction done         |     0.234s |          - |   0.514% |                                      
 11 |   detail: Bind                                 |     0.068s |          - |   0.149% |                                      
 12 |   detail: Synchronized H2D                     |     2.928s |          - |   6.427% |                                      
 13 |   detail: H2D end ? UNET ready                 |     0.002s |          - |   0.004% |                                      
 14 |   detail: UNET ready ? sampler demand          |          - |          - |       - |                                      
 15 |   detail: Sampler demand ? join complete       |          - |          - |       - |                                      
 16 |   detail: Join complete ? sampling             |          - |          - |       - |                                      
 17 | Remote method setup                            |     0.058s |     0.528s |   0.127% | #                                    
 18 |   detail: method entry to graph start          |     0.016s |          - |   0.036% |                                      
 19 |   detail: method entry to runtime configura... |     0.016s |          - |   0.036% |                                      
 20 |   detail: runtime configuration                |     0.000s |          - |   0.000% |                                      
 21 |   detail: graph setup                          |     0.042s |          - |   0.091% |                                      
 22 |   detail: certificate                          |     0.000s |          - |   0.000% |                                      
 23 |   detail: preflight                            |     0.000s |          - |   0.000% |                                      
 24 |   detail: validation                           |     0.000s |          - |   0.000% |                                      
 25 |   detail: legacy runtime resolution            |     0.000s |          - |   0.000% |                                      
 26 |   detail: preload check                        |     0.002s |          - |   0.004% |                                      
 27 |   detail: missing-node repair                  |     0.000s |          - |   0.000% |                                      
 28 |   detail: production registry setup            |     0.000s |          - |   0.000% |                                      
 29 |   detail: pregraph setup                       |     0.001s |          - |   0.001% |                                      
 30 |   detail: executor reset                       |     0.000s |          - |   0.001% |                                      
 31 |   detail: residual before executor invoke      |     0.015s |          - |   0.034% |                                      
 32 |   detail: pre-sampler total                    |     4.916s |          - |  10.792% |                                      
 33 |   detail: measured pre-sampler children        |     4.859s |          - |  10.666% |                                      
 34 |   detail: pre-sampler residual                 |     0.057s |          - |   0.125% |                                      
 35 |   detail: UNET quiesce wait (diagnostic)       |          - |          - |       - |                                      
 36 |   detail: UNET transfer queue delay            |          - |          - |       - |                                      
 37 |   detail: UNET synchronized transfer           |          - |          - |       - |                                      
 38 |   detail: UNET scheduled ? worker start        |          - |          - |       - |                                      
 39 |   detail: Worker start ? checkpoint read start |          - |          - |       - |                                      
 40 | PromptExecutor/cache setup                     |     1.362s |     1.890s |   2.989% | #                                    
 41 |   detail: PromptExecutor invoke to execution   |     0.001s |          - |   0.001% |                                      
 42 |   detail: execution to cached                  |     1.211s |          - |   2.658% |                                      
 43 |   detail: cached to first node                 |     0.150s |          - |   0.329% |                                      
 44 |   detail: graph/prefill activity               |          - |          - |       - |                                      
 45 |   detail: CPU owner: CLIPTextEncode [CLIP]     |     0.006s |          - |   0.013% |                                      
 46 |   detail: CPU owner: load_models_gpu [other]   |     0.052s |          - |   0.114% |                                      
 47 |   detail: Node: Any Switch (rgthree)           |     0.000s |          - |   0.001% |                                      
 48 |   detail: Node: VAELoader                      |     0.001s |          - |   0.003% |                                      
 49 |   detail: Node: ClownOptions_ExtraOptions_Beta |     0.000s |          - |   0.000% |                                      
 50 |   detail: Node: ImpactIfNone                   |     0.000s |          - |   0.000% |                                      
 51 |   detail: Node: easy ifElse                    |     0.000s |          - |   0.000% |                                      
 52 |   detail: Node: easy int                       |     0.000s |          - |   0.000% |                                      
 53 |   detail: Node: easy ifElse                    |     0.000s |          - |   0.000% |                                      
 54 |   detail: Node: PrimitiveStringMultiline       |     0.000s |          - |   0.001% |                                      
 55 |   detail: Node: JoinStrings                    |     0.000s |          - |   0.000% |                                      
 56 |   detail: Node: CLIPLoader                     |     0.001s |          - |   0.002% |                                      
 57 |   detail: Node: CLIPTextEncode                 |     0.006s |          - |   0.013% |                                      
 58 |   detail: Node: ConditioningZeroOut            |     0.001s |          - |   0.002% |                                      
 59 |   detail: Node: PairConditioningSetProperties  |     0.000s |          - |   0.000% |                                      
 60 |   detail: Node: CustomCombo                    |     0.000s |          - |   0.001% |                                      
 61 |   detail: Node: SimpleMath+                    |     0.000s |          - |   0.000% |                                      
 62 |   detail: Node: ImpactSwitch                   |     0.064s |          - |   0.140% |                                      
 63 |   detail: Node: UNETLoader                     |     3.231s |          - |   7.093% |                                      
 64 |   detail: Node: ModelSamplingAuraFlow          |     0.002s |          - |   0.005% |                                      
 65 |   detail: Node: CacheDiT_Model_Optimizer       |     0.000s |          - |   0.001% |                                      
 66 |   detail: Node: PathchSageAttentionKJ          |     0.000s |          - |   0.000% |                                      
 67 |   detail: Node: easy float                     |     0.000s |          - |   0.000% |                                      
 68 |   detail: Node: easy int                       |     0.000s |          - |   0.000% |                                      
 69 |   detail: Node: easy ifElse                    |     0.000s |          - |   0.000% |                                      
 70 |   detail: Node: StringToCombo|LP               |     0.000s |          - |   0.000% |                                      
 71 |   detail: Node: easy ifElse                    |     0.000s |          - |   0.000% |                                      
 72 |   detail: Node: CustomCombo                    |     0.000s |          - |   0.000% |                                      
 73 |   detail: Node: easy stringToIntList           |     0.000s |          - |   0.000% |                                      
 74 |   detail: Node: easy indexAnything             |     0.000s |          - |   0.000% |                                      
 75 |   detail: Node: easy stringToIntList           |     0.000s |          - |   0.000% |                                      
 76 |   detail: Node: easy indexAnything             |     0.000s |          - |   0.000% |                                      
 77 |   detail: Node: EmptyImage                     |     0.008s |          - |   0.018% |                                      
 78 |   detail: Node: ImageRotate                    |     0.002s |          - |   0.004% |                                      
 79 |   detail: Node: ImpactSwitch                   |     0.038s |          - |   0.083% |                                      
 80 |   detail: Node: easy imageSize                 |     0.000s |          - |   0.000% |                                      
 81 |   detail: Node: EmptySD3LatentImage            |     0.001s |          - |   0.002% |                                      
 82 |   detail: Node: Any Switch (rgthree)           |     0.000s |          - |   0.000% |                                      
 83 |   detail: Node: LGNoiseInjectionLatent         |     0.001s |          - |   0.001% |                                      
 84 |   detail: Node: ClownsharKSampler_Beta         |     0.143s |          - |   0.314% |                                      
 85 |   detail: PromptExecutor internal/unattributed |          - |          - |       - |                                      
 86 | First node to CLIP                             |     0.003s |     1.893s |   0.007% | #                                    
 87 | CLIP to sampler node                           |     3.358s |     5.251s |   7.371% | ###                                  
 88 | Sampler graph-join wait                        |          - |          - |       - |                                      
 89 | Sampler node to sampling                       |     0.135s |     5.387s |   0.297% | #                                    
 90 |   detail: sampler lane wait                    |     0.000s |          - |   0.000% |                                      
 91 |   detail: sampler node to lane acquired        |     0.000s |          - |   0.000% |                                      
 92 |   detail: lane acquired to actual stage        |     0.135s |          - |   0.297% |                                      
 93 | Sampling                                       |     4.908s |    10.295s |  10.774% | ####                                 
 94 | Post-sampling transition                       |     0.851s |    11.146s |   1.867% | #                                    
 95 |   detail: Sampling end ? VAE scheduled         |     0.000s |          - |   0.001% |                                      
 96 |   detail: VAE scheduled ? worker/load start    |     0.002s |          - |   0.003% |                                      
 97 | VAE                                            |     0.411s |    11.556s |   0.902% | #                                    
 98 |   detail: VAE load/H2D                         |     0.888s |          - |   1.949% |                                      
 99 |   detail: VAE ready ? consumed                 |     0.000s |          - |   0.001% |                                      
 100 |   detail: Consumed ? decode start              |    INVALID |          - |       - |                                      
 101 | Output encode / descriptor                     |     0.587s |    12.144s |   1.289% | #                                    
 102 |   detail: output encode                        |          - |          - |       - |                                      
 103 |   detail: output commit                        |          - |          - |       - |                                      
 104 |   detail: VAE end ? output encode start        |     0.001s |          - |   0.001% |                                      
 105 |   detail: PNG encode                           |     0.580s |          - |   1.273% |                                      
 106 |   detail: Descriptor/materialization           |     0.007s |          - |   0.016% |                                      
 107 | Remote result handoff                          |          - |          - |       - |                                      
 108 |   detail: Remote result emitted                |          - |          - |       - |                                      
 109 |   detail: Deferred persistence after yield     |          - |          - |       - |                                      
 110 | Remote/local return                            |     0.027s |    12.170s |   0.059% | +                                    
 111 |   detail: Local receipt ? caller return        |          - |          - |       - |                                      
 112 | Residual (unattributed)                        |    33.387s |    45.558s |  73.286% | ===========================          
+-----+------------------------------------------------+------------+------------+---------+---------------------------------------+
    | ACCOUNTED     |    12.170s |            |  26.714% | .....................................
    | RECONCILIATION |    33.387s |            |            | .....................................
    | TOTAL WALL |          - |            |       - |                                      
    | COMMAND -> RESPONSE |    45.558s |            |  100.0% | #####################################
    | TOP-LEVEL ACCOUNTED |    12.170s |            |  26.714% | .....................................
    | GLOBAL RESIDUAL |    33.387s |            |            | .....................................
    | RESIDUAL %     |    73.286% |            |            | .....................................
    | RECONCILIATION STATUS | EXCEEDS_TOLERANCE |            |            | .....................................
    | CONTROLLABLE APPLICATION WALL |    12.170s |            |            | .....................................
    | PLATFORM/MODAL WALL |     0.000s |            |            | .....................................
Boundary flags: modal_restore_begin_unavailable (modal_scheduling covers submission->python_resume combined), submission_boundary_unavailable (submission boundary absent; scheduling spans cannot start at the local submit)
REMOTE/PARTIAL WATERFALL - awaiting host reconciliation (missing: missing_submission, missing_modal_restore_begin, missing_local_result_receipt)
+-----+------------------------------------------------+------------+------------+---------+---------------------------------------+
Warnings:
  - global residual 33387.067ms (73.29%) of command-to-response unaccounted
  - reconciliation exceeds tolerance: 33387.067ms > 113.894ms
Restoring Function from memory snapshot.
[v2.startup_stage] stage=post_snapshot_restore event=start wall_unix_ns=1786585661207088036 monotonic_ns=2106534120698
[v2.snapshot_timing] snapshot_callback_age_at_restore_ms=2067946.97 snapshot_callback_to_command_start_ms=unavailable command_start_to_restore_start_ms=unavailable request_latency_included=0 source=snapshot_callback_return_to_restore_start
[v2.snapshot_model_eviction] stage=restore_observed marker=1 cpu_snapshot_models_present=1 clip_present=1 unet_present=0 retained_role=clip_vae retained_model_id=0 retained_model_type= rss_after_restore_mib=11305.6171875 native_thread_count=46 torch_intraop=12 torch_interop=14 wall_unix_ns=1786585661212279072
[v2.snapshot_model_eviction] stage=restore_release_retained retain_role=clip_vae status=container_retained container_present=1 clip_present=1 vae_present=1 unet_present=0 retained_slot_release=0 retained_model_id=0 retained_alive_after_release=0 rss_before_release_mib=absent rss_after_gc_mib=absent rss_after_trim_mib=absent rss_drop_mib=absent malloc_trim_status=absent malloc_trim_result=absent restore_release_start_wall_unix_ns=1786585661212446872 restore_release_end_wall_unix_ns=1786585661212446872 wall_unix_ns=1786585661212446872
[v2.residency_config] enabled=0
[v2.host_memory] stage=restore_start current_mib=absent peak_mib=absent limit_mib=absent process_rss_mib=11588.3 process_maxrss_mib=35737.1 oom_count=absent oom_kill_count=absent status=ok cgroup_path=absent cgroup_mount=absent
[v2.runtime_shape] stage=after_restore runtime_shape_fingerprint=f504e296c398bdcb2c4c07e2 runtime_shape_label=None thread_policy=TBASE snapshot_model_order=O0 cpu_request=12 memory_request=32768 native_thread_count=46 configured_omp=None configured_mkl=None configured_openblas=None configured_numexpr=None malloc_arena_max=None native_library_settings={'OMP_NUM_THREADS': '12', 'MKL_NUM_THREADS': '12', 'OPENBLAS_NUM_THREADS': '12', 'NUMEXPR_NUM_THREADS': None, 'MALLOC_ARENA_MAX': None} torch_intraop_threads=12 torch_interop_threads=14 actual_torch_intraop_threads=12 actual_torch_interop_threads=14 requested_torch_intraop_threads=None requested_torch_interop_threads=None requested_vs_actual_match=True status=baseline_passthrough error=
[v2.opt.gpu_state] total_memory_ms=267.432
[comfyapp] gpu_state restored vram=97250MB ram=1048576MB vram_state=VRAMState.HIGH_VRAM in 269.2ms
[restore.cuda_context] available=1 device_index=0 device=NVIDIA RTX PRO 6000 Blackwell Server Edition sync_ms=1.594 total_ms=1.706
[v2.sage_restore] decision=snapshot_exact_skip discovery_called=0 verify_ms=0.119
[v2.custom_node_restore] decision=snapshot_exact_skip callback_called=0 source=persisted_record check_ms=0.767
[v2.startup_stage] stage=snapshot_execution_seed event=start wall_unix_ns=1786585661682943419 monotonic_ns=2107009968921
[v2.seed_restore] source=startup_minimal schema=2 topology_available=0 workflow_hash= loader_signatures=0
[v2.startup_stage] stage=snapshot_execution_seed event=end wall_unix_ns=1786585661684735108 monotonic_ns=2107011760470 duration_ms=1.792
[v2.generation_identity] method=restore custom_nodes_generation='fbecafb8ae72728ebc36d581…' raw_empty=false source=persisted_record runtime_state_generation='' api_object_id=47531661585936 deployment_combined_hash=1bd881d798947977
[v2.prefill_config] env=critical parsed=critical cpu_snapshot_container_active=0 native_fast_disk_unet_execution_active=0
[v2.restore_breakdown] bootstrap_ms=405.083 unet_cache_patch_ms=None clip_prepare_submit_ms=None clip_worker_wait_ms=None unet_spec_extract_ms=None bg_unet_submit_ms=None restore_finalize_ms=0.08
[v2.clip_stages] worker_queue_ms=None load_torch_file_ms=None read_to_ready_ms=None post_read_cpu_prepare_ms=None gpu_wait_ms=None gpu_commit_ms=None read_end_to_ready_ms=None worker_total_ms=None worker_close_wait_ms=None restore_finalization_ms=0.08
[v2.restoration_identity] restored_instance_id=c2648489a0474b2196b94d52e888fe09 restore_session_id=f9fc679f895744e3b05ed7d2ca61b20c container_session_id=0142d9812047446e modal_task_id=ta-01KZWCVAXGAJ8AZYK7EDWKMECR modal_image_id=im-8KexmbMytHCmXTxTMl6pl9 modal_cloud=CLOUD_PROVIDER_GCP modal_region=us-east4 pid=2 hostname=modal restore_total_ms=472.862 remote_python_resume_wall_unix_ns=1786585661207011584 restore_method_start_wall_unix_ns=1786585661207011584 restore_method_end_wall_unix_ns=1786585661685437696 modal_method_entry_wall_unix_ns=absent restore_status=success restore_method_status=success 
[v2.lifecycle] method=restore snap=False container_session=0142d9812047446e restore_count=1 restore_total_ms=472.862 remote_python_resume_wall_unix_ns=1786585661207011584 restore_method_start_wall_unix_ns=1786585661207011584 restore_method_end_wall_unix_ns=1786585661685437696 modal_method_entry_wall_unix_ns=absent restore_status=success restore_method_status=success status=restored
[v2.host_memory] stage=restore_complete current_mib=absent peak_mib=absent limit_mib=absent process_rss_mib=13149.2 process_maxrss_mib=35737.1 oom_count=absent oom_kill_count=absent status=ok cgroup_path=absent cgroup_mount=absent
[v2.gpu_allocation] cuda_version=13.0 gpu_actual_name=NVIDIA RTX PRO 6000 Blackwell Server Edition gpu_compute_capability=12.0 gpu_requested_order=RTX-PRO-6000 gpu_vram_total_mib=97250 torch_version=2.13.0+cu130
[v2.startup_stage] stage=post_snapshot_restore event=end wall_unix_ns=1786585661688640165 monotonic_ns=2107015667557 duration_ms=481.547
[v2.startup_stage] stage=first_remote_method_entry event=entry wall_unix_ns=1786585661698838208 monotonic_ns=2107025865270
[v2.env_profile] effective_profile=inherit container_profile=inherit request_override=inherit request_override_applied=0 source=request-inherit-noop
[v2.request_variance_env] COMFYMODAL_V2_UNET_PINNED_STAGING=1
[v2.local_submission_breakdown.remote] request_id=v2-benchmark-1-5a0947eb2774 local_receive_to_worker_start_ms=0.0 worker_start_to_normalize_start_ms=0.0 normalize_production_options_ms=0.0 normalize_end_to_trace_construct_start_ms=0.0 runtime_trace_construct_ms=0.0 trace_construct_to_options_copy_start_ms=0.0 benchmark_options_copy_ms=0.0 options_copy_to_client_id_start_ms=0.0 client_id_generation_ms=0.0 client_id_end_to_plan_call_ms=0.0 plan_call_to_function_entry_ms=0.0 worker_start_to_plan_build_ms=0.0 local_receive_to_plan_build_start_ms=0.0 worker_queue_ms=0.0 plan_build_ms=15.0 plan_build_to_execute_plan_entry_ms=0.0 execute_plan_entry_to_plan_materialization_ms=0.0 plan_materialization_ms=0.0 plan_materialization_to_active_profile_ms=0.0 active_profile_ms=16.0 restore_plan_build_ms=absent restore_publish_ms=absent restore_publish_to_transport_entry_ms=absent transport_entry_to_handle_lookup_ms=0.0 handle_lookup_ms=absent payload_materialization_ms=0.0 payload_size_measurement_ms=0.0 payload_size_to_serialize_end_ms=0.0 payload_ready_to_modal_call_ms=0.0 local_receive_to_modal_call_ms=31.0 generator_create_ms=absent generator_created_to_first_iteration_ms=absent local_receive_to_actual_submission_ms=absent measured_children_ms=absent residual_ms=absent reconciliation_status=incomplete profile_cache_hit=False profile_remote_call_performed=False profile_checker_matched=False restore_publish_cache_hit=absent restore_remote_call_performed=absent handle_cache_hit=absent plan_to_dict_count=1 payload_bytes=19359 active_profile_local_ms=0.0 active_profile_cache_lookup_ms=0.0 active_profile_checker_ms=0.0 active_profile_setter_ms=0.0 active_profile_total_ms=0.0 created_modal_client=False performed_cls_from_name=False constructed_class_instance=False input_image_count=0 workflow_node_count=43 unmeasured_boundary=absent
[v2.seed_restore] source=invocation_plan schema=2 topology_available=1 workflow_hash=2e43d4c0ba3b82c0 loader_nodes=3 sampler_nodes=1 reachable_nodes=43 static_signatures=43
[v2.runtime_shape] stage=request_entry runtime_shape_fingerprint=f504e296c398bdcb2c4c07e2 runtime_shape_label=None thread_policy=TBASE snapshot_model_order=O0 cpu_request=12 memory_request=32768 native_thread_count=48 configured_omp=None configured_mkl=None configured_openblas=None configured_numexpr=None malloc_arena_max=None native_library_settings={'OMP_NUM_THREADS': '12', 'MKL_NUM_THREADS': '12', 'OPENBLAS_NUM_THREADS': '12', 'NUMEXPR_NUM_THREADS': None, 'MALLOC_ARENA_MAX': None} torch_intraop_threads=12 torch_interop_threads=14 actual_torch_intraop_threads=12 actual_torch_interop_threads=14 requested_torch_intraop_threads=None requested_torch_interop_threads=None requested_vs_actual_match=True status=baseline_passthrough error=
[v2.method_entry_gap] restore_to_method_ms=10.229 first_line_to_running_log_ms=8.182 same_process=True identity_mismatch_reasons=none remote_python_resume_wall_unix_ns=1786585661207011584 restore_method_start_wall_unix_ns=1786585661207011584 restore_method_end_wall_unix_ns=1786585661685437696 modal_method_entry_wall_unix_ns=1786585661698829056 restore_end_to_modal_method_ms=13.384
[v2.snapshot_timing] snapshot_callback_age_at_restore_ms=2067946.97 snapshot_callback_to_command_start_ms=2062008.704 command_start_to_restore_start_ms=5938.012 command_start_to_python_resume_ms=5938.012 command_start_to_restore_end_ms=6416.438 request_latency_included=0_for_callback_age
[v2.host_memory] stage=prompt_executor_start current_mib=absent peak_mib=absent limit_mib=absent process_rss_mib=13149.5 process_maxrss_mib=35737.1 oom_count=absent oom_kill_count=absent status=ok cgroup_path=absent cgroup_mount=absent
[v2.cpu_snapshot_models] cpu_snapshot_models_present=1 clip_present=1 unet_present=0 cpu_snapshot_active=0
[v2.cpu_snapshot_request] status=present_but_inactive clip_present=1 unet_present=0 action=clip_vae_only_request_activation
[v2.cpu_snapshot_request] status=clip_vae_only_bind clip_source=cpu_snapshot vae_source=cpu_snapshot unet_source=normal_loader clip_object_id=47537760655248 vae_object_id=47537776803408
[v2.cpu_snapshot_request] status=reused reason=clip_vae_only
[v2.unet_identity_chain] stage=snapshot request_id=v2-benchmark-1-5a0947eb2774 unet_object_id=0
[v2.unet_identity_chain] stage=bridge request_id=v2-benchmark-1-5a0947eb2774 unet_object_id=0
[v2.snapshot_activation_invariant] profile=inherit models_container_present=1 clip_present=1 unet_present=0 snapshot_enabled_by_config=1 cpu_snapshot_container_active=1 loader_bridge_active=1 execution_prefill_allowed=0 status=pass reason=ok
[v2.execution_prefill] snapshot_active=1 env_raw=critical scheduled=1
[v2.execution_unet] scheduled=1 snapshot_unet_absent=1 request_id=v2-benchmark-1-5a0947eb2774
[v2.plan_proof] schema=1 payload=yes validated=True outputs=2 out_ids=107,935:931 wf_hash=2e43d4c0ba3b82c0 recomputed=2e43d4c0ba3b82c0 match=True dep_complete=True consumed=False cert_decision=legacy
[v2.plan_proof.registry] workflow_class_count=31 host_proved_count=31 snapshot_proved_count=31 missing_host=0 missing_snapshot=0 identity_mismatch=0 workflow_registry_match=1 reason=
[v2.plan_proof] parity proof_present=1 proof_complete=1 proof_valid=1 dep_match=1 gen_match=1 wf_reg_match=1 reg_full_match=0 dep_proof_match=1 eligible=1 reason=ok consumed=False
[v2.exec] res4lyf_dummy_init_disabled=1 reported_injected=1 actual_injected=1
[preflight.model_reads] restore_preload_active=0 selected_clip=/root/comfy/ComfyUI/models/text_encoders/qwen_3_4b.safetensors
[v2.clip_conditioning_cache] event=mode flag=COMFYMODAL_V2_CLIP_CONDITIONING_CACHE enabled=1 root=/root/prompt_cache_vol/exact_conditioning max_entries=64 max_bytes=536870912
[active_read] registered owner=graph_loader key=/__modal/volumes/vo-QI6fCKykvocVkUBVGsuZgm/diffusion_models/z_image_turbo_bf16.s active_read_id=fd99e672cfb04903 restored_instance_id=c2648489a0474b2196b94d52e888fe09 restore_session_id=f9fc679f895744e3b05ed7d2ca61b20c request_id= start_wall_unix_ns=1786585661740931072 start_monotonic_ns=2107067947952 start_thread_time_ns=10000000 start_process_time_ns=103850000000 native_tid=75 active_read_path_hash=8d2256b3cff6bbd2 active_read_file_size=12309866400 active_read_st_dev=30 active_read_st_ino=101 active_read_governor_enabled=0 active_read_priority=100 active_read_size_bytes=12309866400 active_read_size_mb=11739.6 active_read_is_large=1 active_read_classification_source=file_size active_read_queue_enter_ms=0.0 active_read_queue_exit_ms=0.0 active_read_queue_wait_ms=0.0 active_read_large_slots_used_at_enter=0 active_read_large_slots_used_at_start=0 active_read_concurrent_large_reads_at_start=1 active_read_attached_existing_future=0 active_read_duplicate_prevented=0
[v2.generation_identity] custom_nodes_generation='fbecafb8ae72728ebc36d581…' raw_empty=false source=persisted_record runtime_state_generation='' api_object_id=47531661585936 deployment_combined_hash=1bd881d798947977
[v2.plan_proof] decision=plan_validation_fast_path consumed=1 workflow_hash_match=1 validation_hash_match=1 plan_complete=1 snapshot_complete=1 snapshot_valid=1 dep_match=1 gen_match=1 wf_reg_match=1 dependency_match=1 repair_changed=0 outputs_nonempty=1 eligible=1
[v2.host_memory] stage=peak_execution current_mib=absent peak_mib=absent limit_mib=absent process_rss_mib=24890.8 process_maxrss_mib=35737.1 oom_count=absent oom_kill_count=absent status=ok cgroup_path=absent cgroup_mount=absent
[v2.startup_stage] stage=first_prompt_executor_invocation event=start wall_unix_ns=1786585661779649694 monotonic_ns=2107106683496
[v2.unet_early_activation] event=mode mode=late env_raw=late restored_instance_id=c2648489a0474b2196b94d52e888fe09 restore_session_id=f9fc679f895744e3b05ed7d2ca61b20c
[v2.unet_early_activation] event=skipped request_id=v2-benchmark-1-5a0947eb2774 mode=late trigger=conditioning_cache_hit reason=cpu_snapshot_mode_inactive eligible=0
[v2.clip_conditioning_cache] decision=exact_hit key_hash=e24059626b0f3d17f0ba656e18d396b1449e52b9b046a4cf35d5f7874baafa2f identity_status=valid encode_calls=0 schema_version=1 validation_scope=clip_model_workflow_custom_nodes_schema_format_side_conditioning_inputs entries=1 request_id=v2-benchmark-1-5a0947eb2774
[active_read] completed owner=graph_loader key=/__modal/volumes/vo-QI6fCKykvocVkUBVGsuZgm/diffusion_models/z_image_turbo_bf16.s active_read_id=fd99e672cfb04903 restored_instance_id=c2648489a0474b21 restore_session_id=f9fc679f895744e3b05ed7d2ca61b20c complete_wall_unix_ns=1786585662727708416 complete_monotonic_ns=2108054729537 complete_thread_time_ns=920000000 complete_process_time_ns=104950000000 complete_native_tid=75 wall_ms=986.782 thread_cpu_ms=910.0 process_cpu_ms=1100.0 majf=None minf=None inblock=None nvcsw=None nivcsw=None read_bytes=None rchar=None path_hash=8d2256b3cff6bbd2 file_size=12309866400 st_dev=30 st_ino=101
[v2.active_read_diag] active_read_id=fd99e672cfb04903 owner=graph_loader request_id= restore_session_id=f9fc679f895744e3b05ed7d2ca61b20c path_hash=8d2256b3cff6bbd2 wall_ms=986.782 thread_cpu_ms=910.0 process_cpu_ms=1100.0 read_bytes=not_observed_in_this_thread rchar=not_observed_in_this_thread minor_faults=None major_faults=None context_switches=None/None counter_status=unsupported legacy_counter_status=unsupported thread_cpu_status=unsupported process_cpu_status=unsupported io_status=unsupported page_fault_status=unsupported block_input_status=unsupported context_switch_status=unsupported native_thread_id=75
[v2.vae_early_activation] event=mode mode=sampling_end env_raw=sampling_end restored_instance_id=c2648489a0474b2196b94d52e888fe09 restore_session_id=f9fc679f895744e3b05ed7d2ca61b20c
[v2.cpu_owner] operation=CLIPTextEncode role=CLIP wall_ms=2.412 process_cpu_ms=0.000 effective_cores=0.000 native_threads_start=51 native_threads_peak=52 native_threads_end=51
[v2.native_fast_disk_unet] decision=defer reason=ok stage=to patcher_class=comfy.model_patcher.ModelPatcher patcher_dynamic=0 param_count=453 parameter_bytes=12309817472 dtype_distribution={'torch.bfloat16': 453} device_distribution={'cpu': 453} cpu_params=453 cpu_buffers=1 get_model_ms=237.124 ctor_ms=0.422 bind_ms=None to_wall_ms=None to_device_ms=None to_device_ms_label=unavailable
[v2.experiment] experiment=unet_transfer arm=pinned_staging implementation_version=1 selector=request source=env settings={"chunk_mb":512,"pinned_staging":true}
[v2.native_fast_disk_unet] decision=complete reason=ok stage=load_model_weights patcher_class=comfy.model_patcher.ModelPatcher patcher_dynamic=0 param_count=453 parameter_bytes=12309817472 dtype_distribution={'torch.bfloat16': 453} device_distribution={'cuda': 453} cpu_params=0 cpu_buffers=0 get_model_ms=237.124 ctor_ms=0.422 bind_ms=75.205 to_wall_ms=2942.637 to_device_ms=2711.263 to_device_ms_label=synchronized_device
[v2.unet_runtime_state] stage=normal_loader_ready unet_identity=z_image_turbo_bf16.safetensors requested_weight_dtype=default effective_weight_dtype=default state={"current_device":"cuda:0","diffusion_model_object_id":"47538108316688","diffusion_model_type":"NextDiT","first_buffer_device":"absent","first_buffer_dtype":"absent","first_parameter_device":"cuda:0","first_parameter_dtype":"torch.bfloat16","forward_module":"NextDiT","forward_qualname":"NextDiT.forward","load_device":"cuda:0","loaded_models_member":"0","manual_cast_dtype":"absent","model_dtype":"torch.bfloat16","model_loaded_weight_memory":"0","model_lowvram":"False","model_lowvram_patch_counter":"0","model_object_id":"47537776747984","model_options_keys":["transformer_options"],"model_type":"Lumina2","object_patch_count":0,"offload_device":"cuda:0","patch_count":0,"patcher_object_id":"47537930042448","patcher_type":"ModelPatcher","transformer_options_keys":["wrappers"],"weight_dtype":"absent"}
standard
WARNING:root:[FeatureInjLatent] Reference latent: shape=torch.Size([1, 16, 240, 136])
[v2.sampler_boundary] event=sampler_lane_requested sampler_node_id=1242 sampler_node_class=ClownsharKSampler_Beta blocking_owner=absent
[v2.sampler_boundary] event=sampler_lane_acquired sampler_node_id=1242 sampler_node_class=ClownsharKSampler_Beta wait_ms=0.082 blocking_owner=absent
[CacheDiT] Transformer class: NextDiT (module: comfy.ldm.lumina.model)
[v2.gpu_load_boundary] event=load_models_gpu_start request_id=v2-benchmark-1-5a0947eb2774 restored_instance_id=c2648489a0474b2196b94d52e888fe09 restore_session_id=f9fc679f895744e3b05ed7d2ca61b20c roles=UNET model_count=1 contains_registered_unet=1 caller_classification=graph_model_loading gpu_allocated_before=12416794624 gpu_reserved_before=12626952192
[v2.gpu_load_boundary] event=load_models_gpu_end request_id=v2-benchmark-1-5a0947eb2774 restored_instance_id=c2648489a0474b2196b94d52e888fe09 restore_session_id=f9fc679f895744e3b05ed7d2ca61b20c roles=UNET model_count=1 caller_classification=graph_model_loading wall_ms=60.094 gpu_allocated_after=12416798720 gpu_allocated_delta_bytes=4096
[v2.cpu_owner] operation=load_models_gpu role=other wall_ms=61.402 process_cpu_ms=60.000 effective_cores=0.977 native_threads_start=62 native_threads_peak=63 native_threads_end=62
[v2.unet_identity_chain] check=stage_pair stage_a=bridge stage_b=sampler request_id=v2-benchmark-1-5a0947eb2774 patcher_a_object_id=47537930042448 diffusion_a_object_id=47538108316688 patcher_b_object_id=47537932376464 diffusion_b_object_id=47538108316688 ok=1 reason=ok
[v2.unet_gpu_residency] sampler_wrapper_before_sample request_id=v2-benchmark-1-5a0947eb2774 enforce=0 status=gpu_resident unet_object_id=47537932376464 parameter_count=453 gpu_parameter_count=453 cpu_parameter_count=0 meta_parameter_count=0 unknown_parameter_count=0 gpu_parameter_fraction=1.0 load_device=cuda:0 current_device=absent diffusion_model_current_device=absent model_cache_size=2 unet_in_model_cache=1 gpu_allocated_bytes=12420976640 gpu_reserved_bytes=12647923712
[v2.sampler_stall_watchdog] stage=armed request_id=v2-benchmark-1-5a0947eb2774 restored_instance_id=c2648489a0474b2196b94d52e888fe09 sampler_node_id=1242 sampler_class=ClownsharKSampler_Beta patcher_object_id=47537932376464 diffusion_model_object_id=47538108316688 unet_object_id=47537932376464 first_forward_timeout_s=5.0 first_step_timeout_s=15.0
[v2.sampler_boundary] event=sampling_start request_id=v2-benchmark-1-5a0947eb2774 restored_instance_id=c2648489a0474b2196b94d52e888fe09 node_id=1242 node_class=ClownsharKSampler_Beta steps=8 patcher_object_id=47537932376464 diffusion_model_object_id=47538108316688 diffusion_model_device=absent diffusion_model_current_device=absent gpu_allocated_bytes=12420976640 gpu_reserved_bytes=12647923712
(RES4LYF) rk_type: res_2s

[v2.unet_forward_boundary] event=first_unet_forward request_id=v2-benchmark-1-5a0947eb2774 diffusion_model_object_id=47538108316688 patcher_object_id=47537930042448 model_object_id=47537776747984 x_device=cuda:0 x_dtype=torch.bfloat16 elapsed_ms=181.1
[v2.sampler_parity] UNET weight_dtype=torch.bfloat16 UNET compute_dtype=torch.bfloat16 manual_cast_dtype=None CacheDiT target=NextDiT CacheDiT attachment_count=1 CacheDiT fallback=0
[1A  0%|          | 0/8 [00:00<?, ?it/s]WARNING:root:[FeatureInjLatent] step=1 | progress=0.00 | eff_str=0.250 | no mask
WARNING:root:[FeatureInjLatent] step=2 | progress=0.01 | eff_str=0.214 | no mask
[v2.sampler_boundary] event=first_sampler_step request_id=v2-benchmark-1-5a0947eb2774 restored_instance_id=c2648489a0474b2196b94d52e888fe09 node_id=1242 node_class=ClownsharKSampler_Beta steps=8 patcher_object_id=47537932376464 diffusion_model_object_id=47538108316688 diffusion_model_device=absent diffusion_model_current_device=absent gpu_allocated_bytes=12420976640 gpu_reserved_bytes=12647923712

[1A 12%|█▎        | 1/8 [00:01<00:08,  1.15s/it]WARNING:root:[FeatureInjLatent] step=3 | progress=0.03 | eff_str=0.178 | no mask

[1A 25%|██▌       | 2/8 [00:02<00:06,  1.01s/it]
[1A 38%|███▊      | 3/8 [00:02<00:03,  1.30it/s]
[1A 50%|█████     | 4/8 [00:03<00:02,  1.54it/s]
[1A 62%|██████▎   | 5/8 [00:03<00:01,  1.71it/s]
[1A 75%|███████▌  | 6/8 [00:03<00:01,  1.85it/s]
[1A 88%|████████▊ | 7/8 [00:04<00:00,  1.95it/s]
[1A100%|██████████| 8/8 [00:04<00:00,  2.03it/s]
[1A100%|██████████| 8/8 [00:04<00:00,  1.65it/s]
[v2.sampler_boundary] event=sampling_end request_id=v2-benchmark-1-5a0947eb2774 restored_instance_id=c2648489a0474b2196b94d52e888fe09 node_id=1242 node_class=ClownsharKSampler_Beta steps=8 patcher_object_id=47537932376464 diffusion_model_object_id=47538108316688 diffusion_model_device=absent diffusion_model_current_device=absent gpu_allocated_bytes=12420976640 gpu_reserved_bytes=12647923712 duration_ms=4899.117
[v2.vae_early_activation] event=scheduled request_id=v2-benchmark-1-5a0947eb2774 mode=sampling_end trigger=sampling_end key_hash=8dc288aaec5be54f5278a5ed source=snapshot_vae vae_identity_hash=dd8f11d04333e24d vae_policy_version=1 vae_weight_dtype=bfloat16 vae_compute_dtype=bfloat16_native vae_memory_format=contiguous vae_prefetch_mode=off c5_impl_version=1.0.0 torch=2.13.0+cu130 cuda=13.0 arch=sm_75;sm_80;sm_86;sm_90;sm_100;sm_120 restored_instance_id=c2648489a0474b2196b94d52e888fe09 restore_session_id=f9fc679f895744e3b05ed7d2ca61b20c
[v2.vae_early_activation] event=load_start request_id=v2-benchmark-1-5a0947eb2774 mode=sampling_end key_hash=8dc288aaec5be54f5278a5ed source=snapshot_vae vae_object_id=47537776803408 vae_patcher_object_id=47537806984656
[v2.gpu_load_boundary] event=load_models_gpu_start request_id=absent restored_instance_id=c2648489a0474b2196b94d52e888fe09 restore_session_id=f9fc679f895744e3b05ed7d2ca61b20c roles=modelpatcher model_count=1 contains_registered_unet=0 caller_classification=restore_vae_preparation gpu_allocated_before=12455659008 gpu_reserved_before=14828961792
[v2.gpu_load_boundary] event=load_models_gpu_end request_id=absent restored_instance_id=c2648489a0474b2196b94d52e888fe09 restore_session_id=f9fc679f895744e3b05ed7d2ca61b20c roles=modelpatcher model_count=1 caller_classification=restore_vae_preparation wall_ms=931.479 gpu_allocated_after=12626652160 gpu_allocated_delta_bytes=170993152
[v2.vae_early_activation] event=terminal request_id=v2-benchmark-1-5a0947eb2774 mode=sampling_end key_hash=8dc288aaec5be54f5278a5ed status=ready reason=ok error=absent transfer_count=1 vae_policy_version=1 vae_weight_dtype=bfloat16 vae_compute_dtype=bfloat16_native vae_memory_format=contiguous vae_prefetch_mode=off c5_impl_version=1.0.0 source=snapshot_vae
[v2.vae_early_activation] event=consumed request_id=v2-benchmark-1-5a0947eb2774 mode=sampling_end key_hash=8dc288aaec5be54f5278a5ed join_wait_ms=41.17 status=ready source=snapshot_vae
[v2.gpu_load_boundary] event=load_models_gpu_start request_id=v2-benchmark-1-5a0947eb2774 restored_instance_id=c2648489a0474b2196b94d52e888fe09 restore_session_id=f9fc679f895744e3b05ed7d2ca61b20c roles=modelpatcher model_count=1 contains_registered_unet=0 caller_classification=graph_model_loading gpu_allocated_before=12626652160 gpu_reserved_before=12838764544
[v2.gpu_load_boundary] event=load_models_gpu_end request_id=v2-benchmark-1-5a0947eb2774 restored_instance_id=c2648489a0474b2196b94d52e888fe09 restore_session_id=f9fc679f895744e3b05ed7d2ca61b20c roles=modelpatcher model_count=1 caller_classification=graph_model_loading wall_ms=31.486 gpu_allocated_after=12626652160 gpu_allocated_delta_bytes=0
[production.rgthree.encode] side=b (B-only) shape=(1, 1920, 1088, 3) dtype=torch.uint8
[v2.opt.output_encode] total_ms=577.624 png_compress_ms=560.079 gpu_to_cpu_ms=0.01
[production.rgthree] node_id=107 a_count=0 b_count=1 encoded_unique=1 logical_outputs=1 return_a=0 temp_files_written=0 encode_ms=581.1
[v2.startup_stage] stage=first_prompt_executor_invocation event=end wall_unix_ns=1786585673002082034 monotonic_ns=2118329105192 duration_ms=11222.422
[v2.pre_sampler_stages] request_id=v2-benchmark-1-5a0947eb2774 restored_instance_id=c2648489a0474b2196b94d52e888fe09 restore_session_id=f9fc679f895744e3b05ed7d2ca61b20c container_session_id=0142d9812047446e modal_input_id=in-01KZWCV9N2H63SAJZ04EWYF28P:1786585654946-0 modal_task_id=ta-01KZWCVAXGAJ8AZYK7EDWKMECR pid=2 boot_id=cf0510ab-cdc7-45a6-83f6-134cbf2c0383 hostname=modal total_nodes=43 first_output_node=107:ComfyModalProductionImageComparerOutput first_executing_node=987:Any Switch (rgthree) sampler_stage_status=sampler_active method_entry_to_graph_start_ms=18.837 graph_setup_ms=61.888 certificate_ms=0.0 cert_identity_build_ms=0.0 cert_cache_hit=0 cert_volume_reload_ms=0.0 cert_file_read_ms=0.0 cert_json_parse_validate_ms=0.0 cert_total_ms=0.0 legacy_preflight_ms=0.0 prompt_validation_ms=0.0 certificate_skipped_preflight=1 certificate_skipped_prompt_validation=1 preflight_ms=0.0 validation_ms=0.0 missing_node_repair_ms=0.161 production_registry_setup_ms=0.043 production_registry_profile_setup_ms=0.043 pregraph_setup_ms=0.62 executor_reset_ms=0.299 sampler_lane_wait_ms=0.062 residual_before_invoke_ms=24.156 method_entry_to_runtime_configuration_ms=18.777 call_to_exec_start_ms=0.627 exec_start_to_cached_ms=1039.781 cached_to_first_executing_ms=136.122 call_to_cached_ms=1040.408 call_to_first_node_ms=1176.53 first_node_to_clip_ms=3.45 clip_to_sampler_node_ms=3108.826 sampler_node_to_sampler_start_ms=135.211 sampler_node_to_lane_acquired_ms=0.106 lane_acquired_to_actual_stage_ms=135.106 pre_sampler_total_ms=4504.669 measured_children_ms=4424.861 residual_ms=79.808 reconciliation_status=ok add_message=True send_sync=True has_sampler=True sampler_count=1 lane_acquired=True
[v2.opt.output_delivery] hash_ms=1.463 descriptor_ms=None
[v2.opt.output_delivery] hash_ms=1.463 descriptor_ms=0.023
[v2.startup_stage] stage=first_durable_result event=ready wall_unix_ns=1786585673011725918 monotonic_ns=2118338749075 output_persisted=1
[v2.output] hashes=1 base64_encode=0 base64_decode=0 commit_ms=0.0 commit_status=skipped overlap_ms=0.0 serialized_bytes=2212
[v2.host_memory] stage=result_complete current_mib=absent peak_mib=absent limit_mib=absent process_rss_mib=14710.3 process_maxrss_mib=35737.1 oom_count=absent oom_kill_count=absent status=ok cgroup_path=absent cgroup_mount=absent
[v2.activation_diagnosis] request_id=v2-benchmark-1-5a0947eb2774 cpu_snapshot_container_active=True execution_prefill_scheduled=True residency_diagnostics_enabled=0 clip_encode_calls=0 clip_encode_graph_calls=0 clip_encode_prefill_calls=0 clip_encode_wall_ms=0 clip_encode_graph_wall_ms=0 clip_encode_prefill_wall_ms=0 clip_encode_process_cpu_ms=0 load_models_gpu_calls=2 unet_gpu_load_calls=1 load_models_gpu_wall_ms=91.58 activation_receipt_count=3 gpu_allocated_delta_bytes=4096 cpu_peak_cores=12.542 cpu_above_16_ms=0.0 cpu_above_19_ms=0.0 cpu_longest_above_19_ms=absent cpu_overlap_graph_clip_ms=0.0 cpu_overlap_prefill_clip_ms=0.0 cpu_overlap_gpu_load_ms=0.0 clip_to_sampler_node_ms=3108.826 sampler_node_to_sampler_start_ms=135.211 diagnostic_accounted_ms=absent diagnostic_unattributed_ms=absent restore_requested_torch_intraop_threads=absent restore_actual_torch_intraop_threads=12 restore_torch_interop_threads=14 restore_torch_thread_limit_status=baseline_passthrough
[v2.process_cpu_spike] status=ok peak_effective_cores=12.542 duration_above_16_ms=0.000 duration_above_19_ms=0.000 longest_above_19_ms=0.000 sample_count=205
[v2.remote_request_origin.remote] request_id=v2-benchmark-1-5a0947eb2774 trigger_source=benchmark ui_trigger_unix_ms=1786585655269 local_receive_unix_ns=1786585655269648896 modal_generator_create_start_unix_ns=1786585655299149600 modal_submission_attempt_unix_ns=absent modal_generator_created_unix_ns=absent modal_first_iteration_start_unix_ns=absent modal_first_remote_event_unix_ns=absent modal_method_entry_unix_ns=1786585661698829056 prompt_executor_invoke_start_unix_ns=1786585661779457536 trigger_to_dispatch_ms=0.649 dispatch_to_modal_entry_ms=None modal_entry_to_executor_ms=80.652 trigger_to_executor_ms=6510.458 modal_input_id=in-01KZWCV9N2H63SAJZ04EWYF28P:1786585654946-0 modal_task_id=ta-01KZWCVAXGAJ8AZYK7EDWKMECR
[v2.critical_path] python_resume_to_restore_enter_ms=0.0 restore_total_ms=472.862 restore_exit_to_run_enter_ms=13.384 run_enter_to_plan_received_ms=15.643 plan_received_to_executor_invoke_ms=65.009 executor_invoke_to_first_node_ms=1176.409 first_node_to_sampler_node_ms=3112.261 sampler_node_to_sampler_start_ms=135.211 pre_sampler_unattributed_ms=absent
[v2.cgroup_cpu_spike] status=unavailable reason=no readable cpu.stat candidates=/sys/fs/cgroup/cpu.stat errors=resolve_cgroup_v2_base: returned no readable cgroup base;probe2 path=/sys/fs/cgroup/cpu.stat: FileNotFoundError: [Errno 2] No such file or directory: '/sys/fs/cgroup/cpu.stat';parse_proc_cgroup: no unified 0:: entry
[v2.gpu_allocation] cuda_version=13.0 gpu_actual_name=NVIDIA RTX PRO 6000 Blackwell Server Edition gpu_compute_capability=12.0 gpu_requested_order=RTX-PRO-6000 gpu_vram_total_mib=97250 torch_version=2.13.0+cu130
V2 COLD WATERFALL - REMOTE/PARTIAL (awaiting host reconciliation)
Request: v2-benchmark-1-5a0947eb2774  Instance: c2648489a0474b2196b94d52e888fe09  GPU: ['RTX-PRO-6000']  Fresh: YES
TOTAL WALL:        -   (command->response minus Modal scheduling)
SCHEDULING:        -   (informational - excluded from % and bars)
COMMAND->RESPONSE:  17.772s

+-----+------------------------------------------------+------------+------------+---------+---------------------------------------+
 # | Stage                                          | Duration |     Cum. |      % | Relative wall time
+-----+------------------------------------------------+------------+------------+---------+---------------------------------------+
  1 | Local preparation                              |     0.001s |     0.001s |   0.004% | +                                    
  2 | Modal handle and submission                    |          - |          - |       - |                                      
  3 | Modal scheduling + pre-Python restore (awai... |          - |          - |       - |                                      
  4 | Modal pre-Python snapshot restoration          |          - |          - |       - |                                      
  5 | Python/application restore                     |     0.478s |     0.479s |   2.692% | #                                    
  6 | Restore-to-method entry                        |     0.013s |     0.492s |   0.075% | #                                    
  7 | ~ Method entry to UNET ownership claim         |          - |          - |       - |                                      
  8 | ~ UNET claim to ready (worker load)            |          - |          - |       - |                                      
  9 |   detail: Checkpoint read                      |     2.946s |          - |  16.575% |                                      
 10 |   detail: Read end ? construction done         |     0.238s |          - |   1.337% |                                      
 11 |   detail: Bind                                 |     0.075s |          - |   0.424% |                                      
 12 |   detail: Synchronized H2D                     |     2.711s |          - |  15.256% |                                      
 13 |   detail: H2D end ? UNET ready                 |     0.002s |          - |   0.010% |                                      
 14 |   detail: UNET ready ? sampler demand          |          - |          - |       - |                                      
 15 |   detail: Sampler demand ? join complete       |          - |          - |       - |                                      
 16 |   detail: Join complete ? sampling             |          - |          - |       - |                                      
 17 | Remote method setup                            |     0.081s |     0.573s |   0.454% | #                                    
 18 |   detail: method entry to graph start          |     0.019s |          - |   0.106% |                                      
 19 |   detail: method entry to runtime configura... |     0.019s |          - |   0.106% |                                      
 20 |   detail: runtime configuration                |     0.000s |          - |   0.000% |                                      
 21 |   detail: graph setup                          |     0.062s |          - |   0.348% |                                      
 22 |   detail: certificate                          |     0.000s |          - |   0.000% |                                      
 23 |   detail: preflight                            |     0.000s |          - |   0.000% |                                      
 24 |   detail: validation                           |     0.000s |          - |   0.000% |                                      
 25 |   detail: legacy runtime resolution            |     0.000s |          - |   0.000% |                                      
 26 |   detail: preload check                        |     0.002s |          - |   0.009% |                                      
 27 |   detail: missing-node repair                  |     0.000s |          - |   0.001% |                                      
 28 |   detail: production registry setup            |     0.000s |          - |   0.000% |                                      
 29 |   detail: pregraph setup                       |     0.001s |          - |   0.003% |                                      
 30 |   detail: executor reset                       |     0.000s |          - |   0.002% |                                      
 31 |   detail: residual before executor invoke      |     0.024s |          - |   0.136% |                                      
 32 |   detail: pre-sampler total                    |     4.505s |          - |  25.347% |                                      
 33 |   detail: measured pre-sampler children        |     4.425s |          - |  24.898% |                                      
 34 |   detail: pre-sampler residual                 |     0.080s |          - |   0.449% |                                      
 35 |   detail: UNET quiesce wait (diagnostic)       |          - |          - |       - |                                      
 36 |   detail: UNET transfer queue delay            |          - |          - |       - |                                      
 37 |   detail: UNET synchronized transfer           |          - |          - |       - |                                      
 38 |   detail: UNET scheduled ? worker start        |          - |          - |       - |                                      
 39 |   detail: Worker start ? checkpoint read start |          - |          - |       - |                                      
 40 | PromptExecutor/cache setup                     |     1.177s |     1.750s |   6.620% | ##                                   
 41 |   detail: PromptExecutor invoke to execution   |     0.001s |          - |   0.004% |                                      
 42 |   detail: execution to cached                  |     1.040s |          - |   5.851% |                                      
 43 |   detail: cached to first node                 |     0.136s |          - |   0.766% |                                      
 44 |   detail: graph/prefill activity               |          - |          - |       - |                                      
 45 |   detail: CPU owner: CLIPTextEncode [CLIP]     |     0.002s |          - |   0.014% |                                      
 46 |   detail: CPU owner: load_models_gpu [other]   |     0.061s |          - |   0.346% |                                      
 47 |   detail: Node: Any Switch (rgthree)           |     0.000s |          - |   0.001% |                                      
 48 |   detail: Node: VAELoader                      |     0.001s |          - |   0.007% |                                      
 49 |   detail: Node: ClownOptions_ExtraOptions_Beta |     0.000s |          - |   0.001% |                                      
 50 |   detail: Node: ImpactIfNone                   |     0.000s |          - |   0.001% |                                      
 51 |   detail: Node: easy ifElse                    |     0.000s |          - |   0.001% |                                      
 52 |   detail: Node: easy int                       |     0.000s |          - |   0.000% |                                      
 53 |   detail: Node: easy ifElse                    |     0.000s |          - |   0.000% |                                      
 54 |   detail: Node: PrimitiveStringMultiline       |     0.000s |          - |   0.002% |                                      
 55 |   detail: Node: JoinStrings                    |     0.000s |          - |   0.000% |                                      
 56 |   detail: Node: CLIPLoader                     |     0.001s |          - |   0.006% |                                      
 57 |   detail: Node: CLIPTextEncode                 |     0.007s |          - |   0.038% |                                      
 58 |   detail: Node: ConditioningZeroOut            |     0.001s |          - |   0.007% |                                      
 59 |   detail: Node: PairConditioningSetProperties  |     0.000s |          - |   0.001% |                                      
 60 |   detail: Node: CustomCombo                    |     0.000s |          - |   0.001% |                                      
 61 |   detail: Node: SimpleMath+                    |     0.000s |          - |   0.002% |                                      
 62 |   detail: Node: ImpactSwitch                   |     0.070s |          - |   0.391% |                                      
 63 |   detail: Node: UNETLoader                     |     2.966s |          - |  16.689% |                                      
 64 |   detail: Node: ModelSamplingAuraFlow          |     0.002s |          - |   0.012% |                                      
 65 |   detail: Node: CacheDiT_Model_Optimizer       |     0.000s |          - |   0.001% |                                      
 66 |   detail: Node: PathchSageAttentionKJ          |     0.000s |          - |   0.001% |                                      
 67 |   detail: Node: easy float                     |     0.000s |          - |   0.000% |                                      
 68 |   detail: Node: easy int                       |     0.000s |          - |   0.000% |                                      
 69 |   detail: Node: easy ifElse                    |     0.000s |          - |   0.001% |                                      
 70 |   detail: Node: StringToCombo|LP               |     0.000s |          - |   0.000% |                                      
 71 |   detail: Node: easy ifElse                    |     0.000s |          - |   0.000% |                                      
 72 |   detail: Node: CustomCombo                    |     0.000s |          - |   0.001% |                                      
 73 |   detail: Node: easy stringToIntList           |     0.000s |          - |   0.000% |                                      
 74 |   detail: Node: easy indexAnything             |     0.000s |          - |   0.001% |                                      
 75 |   detail: Node: easy stringToIntList           |     0.000s |          - |   0.000% |                                      
 76 |   detail: Node: easy indexAnything             |     0.000s |          - |   0.000% |                                      
 77 |   detail: Node: EmptyImage                     |     0.022s |          - |   0.125% |                                      
 78 |   detail: Node: ImageRotate                    |     0.001s |          - |   0.007% |                                      
 79 |   detail: Node: ImpactSwitch                   |     0.034s |          - |   0.192% |                                      
 80 |   detail: Node: easy imageSize                 |     0.000s |          - |   0.001% |                                      
 81 |   detail: Node: EmptySD3LatentImage            |     0.001s |          - |   0.006% |                                      
 82 |   detail: Node: Any Switch (rgthree)           |     0.000s |          - |   0.001% |                                      
 83 |   detail: Node: LGNoiseInjectionLatent         |     0.001s |          - |   0.003% |                                      
 84 |   detail: Node: ClownsharKSampler_Beta         |     0.143s |          - |   0.803% |                                      
 85 |   detail: PromptExecutor internal/unattributed |          - |          - |       - |                                      
 86 | First node to CLIP                             |     0.003s |     1.753s |   0.019% | #                                    
 87 | CLIP to sampler node                           |     3.109s |     4.862s |  17.493% | ######                               
 88 | Sampler graph-join wait                        |          - |          - |       - |                                      
 89 | Sampler node to sampling                       |     0.135s |     4.997s |   0.760% | #                                    
 90 |   detail: sampler lane wait                    |     0.000s |          - |   0.000% |                                      
 91 |   detail: sampler node to lane acquired        |     0.000s |          - |   0.001% |                                      
 92 |   detail: lane acquired to actual stage        |     0.135s |          - |   0.760% |                                      
 93 | Sampling                                       |     4.899s |     9.896s |  27.567% | ##########                           
 94 | Post-sampling transition                       |     0.899s |    10.795s |   5.060% | ##                                   
 95 |   detail: Sampling end ? VAE scheduled         |     0.000s |          - |   0.002% |                                      
 96 |   detail: VAE scheduled ? worker/load start    |     0.007s |          - |   0.039% |                                      
 97 | VAE                                            |     0.418s |    11.213s |   2.352% | #                                    
 98 |   detail: VAE load/H2D                         |     0.933s |          - |   5.250% |                                      
 99 |   detail: VAE ready ? consumed                 |     0.000s |          - |   0.002% |                                      
 100 |   detail: Consumed ? decode start              |    INVALID |          - |       - |                                      
 101 | Output encode / descriptor                     |     0.591s |    11.805s |   3.327% | #                                    
 102 |   detail: output encode                        |          - |          - |       - |                                      
 103 |   detail: output commit                        |          - |          - |       - |                                      
 104 |   detail: VAE end ? output encode start        |     0.001s |          - |   0.004% |                                      
 105 |   detail: PNG encode                           |     0.585s |          - |   3.289% |                                      
 106 |   detail: Descriptor/materialization           |     0.007s |          - |   0.038% |                                      
 107 | Remote result handoff                          |          - |          - |       - |                                      
 108 |   detail: Remote result emitted                |          - |          - |       - |                                      
 109 |   detail: Deferred persistence after yield     |          - |          - |       - |                                      
 110 | Remote/local return                            |     0.029s |    11.834s |   0.163% | +                                    
 111 |   detail: Local receipt ? caller return        |          - |          - |       - |                                      
 112 | Residual (unattributed)                        |     5.938s |    17.772s |  33.414% | ============                         
+-----+------------------------------------------------+------------+------------+---------+---------------------------------------+
    | ACCOUNTED     |    11.834s |            |  66.586% | .....................................
    | RECONCILIATION |     5.938s |            |            | .....................................
    | TOTAL WALL |          - |            |       - |                                      
    | COMMAND -> RESPONSE |    17.772s |            |  100.0% | #####################################
    | TOP-LEVEL ACCOUNTED |    11.834s |            |  66.586% | .....................................
    | GLOBAL RESIDUAL |     5.938s |            |            | .....................................
    | RESIDUAL %     |    33.414% |            |            | .....................................
    | RECONCILIATION STATUS | EXCEEDS_TOLERANCE |            |            | .....................................
    | CONTROLLABLE APPLICATION WALL |    11.834s |            |            | .....................................
    | PLATFORM/MODAL WALL |     0.000s |            |            | .....................................
Boundary flags: modal_restore_begin_unavailable (modal_scheduling covers submission->python_resume combined), submission_boundary_unavailable (submission boundary absent; scheduling spans cannot start at the local submit)
REMOTE/PARTIAL WATERFALL - awaiting host reconciliation (missing: missing_submission, missing_modal_restore_begin, missing_local_result_receipt)
+-----+------------------------------------------------+------------+------------+---------+---------------------------------------+
Warnings:
  - global residual 5938.220ms (33.41%) of command-to-response unaccounted
  - reconciliation exceeds tolerance: 5938.220ms > 44.429ms
Function 'ModalRuntimeEntrypointV2.*' (fu-xjIsj5XkfF18HqyQZSHqZT) is waiting to be scheduled on a GPU_RTX_PRO_6000 worker. Relaxing requirements (cpu=12, memory=32.8GiB) may lead to faster scheduling
Restoring Function from memory snapshot.
[v2.startup_stage] stage=post_snapshot_restore event=start wall_unix_ns=1786585775306278966 monotonic_ns=2220633310618
[v2.snapshot_timing] snapshot_callback_age_at_restore_ms=2182046.193 snapshot_callback_to_command_start_ms=unavailable command_start_to_restore_start_ms=unavailable request_latency_included=0 source=snapshot_callback_return_to_restore_start
[v2.snapshot_model_eviction] stage=restore_observed marker=1 cpu_snapshot_models_present=1 clip_present=1 unet_present=0 retained_role=clip_vae retained_model_id=0 retained_model_type= rss_after_restore_mib=11305.6171875 native_thread_count=46 torch_intraop=12 torch_interop=14 wall_unix_ns=1786585775311591912
[v2.snapshot_model_eviction] stage=restore_release_retained retain_role=clip_vae status=container_retained container_present=1 clip_present=1 vae_present=1 unet_present=0 retained_slot_release=0 retained_model_id=0 retained_alive_after_release=0 rss_before_release_mib=absent rss_after_gc_mib=absent rss_after_trim_mib=absent rss_drop_mib=absent malloc_trim_status=absent malloc_trim_result=absent restore_release_start_wall_unix_ns=1786585775311779902 restore_release_end_wall_unix_ns=1786585775311779902 wall_unix_ns=1786585775311779902
[v2.residency_config] enabled=0
[v2.host_memory] stage=restore_start current_mib=absent peak_mib=absent limit_mib=absent process_rss_mib=11588.3 process_maxrss_mib=35737.1 oom_count=absent oom_kill_count=absent status=ok cgroup_path=absent cgroup_mount=absent
[v2.runtime_shape] stage=after_restore runtime_shape_fingerprint=f504e296c398bdcb2c4c07e2 runtime_shape_label=None thread_policy=TBASE snapshot_model_order=O0 cpu_request=12 memory_request=32768 native_thread_count=46 configured_omp=None configured_mkl=None configured_openblas=None configured_numexpr=None malloc_arena_max=None native_library_settings={'OMP_NUM_THREADS': '12', 'MKL_NUM_THREADS': '12', 'OPENBLAS_NUM_THREADS': '12', 'NUMEXPR_NUM_THREADS': None, 'MALLOC_ARENA_MAX': None} torch_intraop_threads=12 torch_interop_threads=14 actual_torch_intraop_threads=12 actual_torch_interop_threads=14 requested_torch_intraop_threads=None requested_torch_interop_threads=None requested_vs_actual_match=True status=baseline_passthrough error=
[v2.opt.gpu_state] total_memory_ms=200.937
[comfyapp] gpu_state restored vram=97250MB ram=1048576MB vram_state=VRAMState.HIGH_VRAM in 203.2ms
[restore.cuda_context] available=1 device_index=0 device=NVIDIA RTX PRO 6000 Blackwell Server Edition sync_ms=1.725 total_ms=1.816
[v2.sage_restore] decision=snapshot_exact_skip discovery_called=0 verify_ms=0.119
[v2.custom_node_restore] decision=snapshot_exact_skip callback_called=0 source=persisted_record check_ms=1.149
[v2.startup_stage] stage=snapshot_execution_seed event=start wall_unix_ns=1786585775823495530 monotonic_ns=2221150523012
[v2.seed_restore] source=startup_minimal schema=2 topology_available=0 workflow_hash= loader_signatures=0
[v2.startup_stage] stage=snapshot_execution_seed event=end wall_unix_ns=1786585775826609868 monotonic_ns=2221153635240 duration_ms=3.112
[v2.generation_identity] method=restore custom_nodes_generation='fbecafb8ae72728ebc36d581…' raw_empty=false source=persisted_record runtime_state_generation='' api_object_id=47531661585936 deployment_combined_hash=1bd881d798947977
[v2.prefill_config] env=critical parsed=critical cpu_snapshot_container_active=0 native_fast_disk_unet_execution_active=0
[v2.restore_breakdown] bootstrap_ms=440.188 unet_cache_patch_ms=None clip_prepare_submit_ms=None clip_worker_wait_ms=None unet_spec_extract_ms=None bg_unet_submit_ms=None restore_finalize_ms=0.162
[v2.clip_stages] worker_queue_ms=None load_torch_file_ms=None read_to_ready_ms=None post_read_cpu_prepare_ms=None gpu_wait_ms=None gpu_commit_ms=None read_end_to_ready_ms=None worker_total_ms=None worker_close_wait_ms=None restore_finalization_ms=0.162
[v2.restoration_identity] restored_instance_id=36f03657c03144eb966982363cc73327 restore_session_id=a6c59143c7d9450cbdc779deb09b8a36 container_session_id=0142d9812047446e modal_task_id=ta-01KZWCYSG0TF8C8CRX8NWQ4WVR modal_image_id=im-8KexmbMytHCmXTxTMl6pl9 modal_cloud=CLOUD_PROVIDER_GCP modal_region=us-east4 pid=2 hostname=modal restore_total_ms=515.829 remote_python_resume_wall_unix_ns=1786585775306218240 restore_method_start_wall_unix_ns=1786585775306218240 restore_method_end_wall_unix_ns=1786585775827949824 modal_method_entry_wall_unix_ns=absent restore_status=success restore_method_status=success 
[v2.lifecycle] method=restore snap=False container_session=0142d9812047446e restore_count=1 restore_total_ms=515.829 remote_python_resume_wall_unix_ns=1786585775306218240 restore_method_start_wall_unix_ns=1786585775306218240 restore_method_end_wall_unix_ns=1786585775827949824 modal_method_entry_wall_unix_ns=absent restore_status=success restore_method_status=success status=restored
[v2.host_memory] stage=restore_complete current_mib=absent peak_mib=absent limit_mib=absent process_rss_mib=13149.2 process_maxrss_mib=35737.1 oom_count=absent oom_kill_count=absent status=ok cgroup_path=absent cgroup_mount=absent
[v2.gpu_allocation] cuda_version=13.0 gpu_actual_name=NVIDIA RTX PRO 6000 Blackwell Server Edition gpu_compute_capability=12.0 gpu_requested_order=RTX-PRO-6000 gpu_vram_total_mib=97250 torch_version=2.13.0+cu130
[v2.startup_stage] stage=post_snapshot_restore event=end wall_unix_ns=1786585775831093895 monotonic_ns=2221158121327 duration_ms=524.811
[v2.startup_stage] stage=first_remote_method_entry event=entry wall_unix_ns=1786585775842233547 monotonic_ns=2221169260609
[v2.env_profile] effective_profile=inherit container_profile=inherit request_override=inherit request_override_applied=0 source=request-inherit-noop
[v2.request_variance_env] COMFYMODAL_V2_VAE_EARLY_START_MS=250
[v2.local_submission_breakdown.remote] request_id=v2-benchmark-0-5738fe14e581 local_receive_to_worker_start_ms=25812.0 worker_start_to_normalize_start_ms=0.0 normalize_production_options_ms=0.0 normalize_end_to_trace_construct_start_ms=0.0 runtime_trace_construct_ms=0.0 trace_construct_to_options_copy_start_ms=0.0 benchmark_options_copy_ms=0.0 options_copy_to_client_id_start_ms=0.0 client_id_generation_ms=0.0 client_id_end_to_plan_call_ms=0.0 plan_call_to_function_entry_ms=0.0 worker_start_to_plan_build_ms=0.0 local_receive_to_plan_build_start_ms=25812.0 worker_queue_ms=0.0 plan_build_ms=94.0 plan_build_to_execute_plan_entry_ms=0.0 execute_plan_entry_to_plan_materialization_ms=0.0 plan_materialization_ms=0.0 plan_materialization_to_active_profile_ms=0.0 active_profile_ms=0.0 restore_plan_build_ms=absent restore_publish_ms=absent restore_publish_to_transport_entry_ms=absent transport_entry_to_handle_lookup_ms=0.0 handle_lookup_ms=absent payload_materialization_ms=0.0 payload_size_measurement_ms=0.0 payload_size_to_serialize_end_ms=0.0 payload_ready_to_modal_call_ms=0.0 local_receive_to_modal_call_ms=25906.0 generator_create_ms=absent generator_created_to_first_iteration_ms=absent local_receive_to_actual_submission_ms=absent measured_children_ms=absent residual_ms=absent reconciliation_status=incomplete profile_cache_hit=False profile_remote_call_performed=False profile_checker_matched=False restore_publish_cache_hit=absent restore_remote_call_performed=absent handle_cache_hit=absent plan_to_dict_count=1 payload_bytes=19458 active_profile_local_ms=0.0 active_profile_cache_lookup_ms=0.0 active_profile_checker_ms=0.0 active_profile_setter_ms=0.0 active_profile_total_ms=0.0 created_modal_client=False performed_cls_from_name=False constructed_class_instance=False input_image_count=0 workflow_node_count=43 unmeasured_boundary=absent
[v2.seed_restore] source=invocation_plan schema=2 topology_available=1 workflow_hash=2e43d4c0ba3b82c0 loader_nodes=3 sampler_nodes=1 reachable_nodes=43 static_signatures=43
[v2.runtime_shape] stage=request_entry runtime_shape_fingerprint=f504e296c398bdcb2c4c07e2 runtime_shape_label=None thread_policy=TBASE snapshot_model_order=O0 cpu_request=12 memory_request=32768 native_thread_count=48 configured_omp=None configured_mkl=None configured_openblas=None configured_numexpr=None malloc_arena_max=None native_library_settings={'OMP_NUM_THREADS': '12', 'MKL_NUM_THREADS': '12', 'OPENBLAS_NUM_THREADS': '12', 'NUMEXPR_NUM_THREADS': None, 'MALLOC_ARENA_MAX': None} torch_intraop_threads=12 torch_interop_threads=14 actual_torch_intraop_threads=12 actual_torch_interop_threads=14 requested_torch_intraop_threads=None requested_torch_interop_threads=None requested_vs_actual_match=True status=baseline_passthrough error=
[v2.method_entry_gap] restore_to_method_ms=11.16 first_line_to_running_log_ms=7.749 same_process=True identity_mismatch_reasons=none remote_python_resume_wall_unix_ns=1786585775306218240 restore_method_start_wall_unix_ns=1786585775306218240 restore_method_end_wall_unix_ns=1786585775827949824 modal_method_entry_wall_unix_ns=1786585775842224640 restore_end_to_modal_method_ms=14.264
[v2.snapshot_timing] snapshot_callback_age_at_restore_ms=2182046.193 snapshot_callback_to_command_start_ms=2119261.704 command_start_to_restore_start_ms=62784.218 command_start_to_python_resume_ms=62784.218 command_start_to_restore_end_ms=63305.95 request_latency_included=0_for_callback_age
[v2.host_memory] stage=prompt_executor_start current_mib=absent peak_mib=absent limit_mib=absent process_rss_mib=13149.5 process_maxrss_mib=35737.1 oom_count=absent oom_kill_count=absent status=ok cgroup_path=absent cgroup_mount=absent
[v2.cpu_snapshot_models] cpu_snapshot_models_present=1 clip_present=1 unet_present=0 cpu_snapshot_active=0
[v2.cpu_snapshot_request] status=present_but_inactive clip_present=1 unet_present=0 action=clip_vae_only_request_activation
[v2.cpu_snapshot_request] status=clip_vae_only_bind clip_source=cpu_snapshot vae_source=cpu_snapshot unet_source=normal_loader clip_object_id=47537760655248 vae_object_id=47537776803408
[v2.cpu_snapshot_request] status=reused reason=clip_vae_only
[v2.unet_identity_chain] stage=snapshot request_id=v2-benchmark-0-5738fe14e581 unet_object_id=0
[v2.unet_identity_chain] stage=bridge request_id=v2-benchmark-0-5738fe14e581 unet_object_id=0
[v2.snapshot_activation_invariant] profile=inherit models_container_present=1 clip_present=1 unet_present=0 snapshot_enabled_by_config=1 cpu_snapshot_container_active=1 loader_bridge_active=1 execution_prefill_allowed=0 status=pass reason=ok
[v2.execution_prefill] snapshot_active=1 env_raw=critical scheduled=1
[v2.execution_unet] scheduled=1 snapshot_unet_absent=1 request_id=v2-benchmark-0-5738fe14e581
[v2.plan_proof] schema=1 payload=yes validated=True outputs=2 out_ids=107,935:931 wf_hash=2e43d4c0ba3b82c0 recomputed=2e43d4c0ba3b82c0 match=True dep_complete=True consumed=False cert_decision=legacy
[v2.plan_proof.registry] workflow_class_count=31 host_proved_count=31 snapshot_proved_count=31 missing_host=0 missing_snapshot=0 identity_mismatch=0 workflow_registry_match=1 reason=
[v2.plan_proof] parity proof_present=1 proof_complete=1 proof_valid=1 dep_match=1 gen_match=1 wf_reg_match=1 reg_full_match=0 dep_proof_match=1 eligible=1 reason=ok consumed=False
[v2.exec] res4lyf_dummy_init_disabled=1 reported_injected=1 actual_injected=1
[preflight.model_reads] restore_preload_active=0 selected_clip=/root/comfy/ComfyUI/models/text_encoders/qwen_3_4b.safetensors
[v2.clip_conditioning_cache] event=mode flag=COMFYMODAL_V2_CLIP_CONDITIONING_CACHE enabled=1 root=/root/prompt_cache_vol/exact_conditioning max_entries=64 max_bytes=536870912[active_read] registered owner=graph_loader key=/__modal/volumes/vo-QI6fCKykvocVkUBVGsuZgm/diffusion_models/z_image_turbo_bf16.s active_read_id=22cd314045f24794 restored_instance_id=36f03657c03144eb966982363cc73327 restore_session_id=a6c59143c7d9450cbdc779deb09b8a36 request_id= start_wall_unix_ns=1786585775885801984 start_monotonic_ns=2221212819807 start_thread_time_ns=20000000 start_process_time_ns=103530000000 native_tid=75 active_read_path_hash=8d2256b3cff6bbd2 active_read_file_size=12309866400 active_read_st_dev=30 active_read_st_ino=101 active_read_governor_enabled=0 active_read_priority=100 active_read_size_bytes=12309866400 active_read_size_mb=11739.6 active_read_is_large=1 active_read_classification_source=file_size active_read_queue_enter_ms=0.0 active_read_queue_exit_ms=0.0 active_read_queue_wait_ms=0.0 active_read_large_slots_used_at_enter=0 active_read_large_slots_used_at_start=0 active_read_concurrent_large_reads_at_start=1 active_read_attached_existing_future=0 active_read_duplicate_prevented=0[v2.generation_identity] custom_nodes_generation='fbecafb8ae72728ebc36d581…' raw_empty=false source=persisted_record runtime_state_generation='' api_object_id=47531661585936 deployment_combined_hash=1bd881d798947977


[v2.plan_proof] decision=plan_validation_fast_path consumed=1 workflow_hash_match=1 validation_hash_match=1 plan_complete=1 snapshot_complete=1 snapshot_valid=1 dep_match=1 gen_match=1 wf_reg_match=1 dependency_match=1 repair_changed=0 outputs_nonempty=1 eligible=1
[v2.host_memory] stage=peak_execution current_mib=absent peak_mib=absent limit_mib=absent process_rss_mib=24890.8 process_maxrss_mib=35737.1 oom_count=absent oom_kill_count=absent status=ok cgroup_path=absent cgroup_mount=absent
[v2.startup_stage] stage=first_prompt_executor_invocation event=start wall_unix_ns=1786585775902708653 monotonic_ns=2221229735865
[v2.unet_early_activation] event=mode mode=late env_raw=late restored_instance_id=36f03657c03144eb966982363cc73327 restore_session_id=a6c59143c7d9450cbdc779deb09b8a36
[v2.unet_early_activation] event=skipped request_id=v2-benchmark-0-5738fe14e581 mode=late trigger=conditioning_cache_hit reason=cpu_snapshot_mode_inactive eligible=0
[v2.clip_conditioning_cache] decision=exact_hit key_hash=e24059626b0f3d17f0ba656e18d396b1449e52b9b046a4cf35d5f7874baafa2f identity_status=valid encode_calls=0 schema_version=1 validation_scope=clip_model_workflow_custom_nodes_schema_format_side_conditioning_inputs entries=1 request_id=v2-benchmark-0-5738fe14e581
[active_read] completed owner=graph_loader key=/__modal/volumes/vo-QI6fCKykvocVkUBVGsuZgm/diffusion_models/z_image_turbo_bf16.s active_read_id=22cd314045f24794 restored_instance_id=36f03657c03144eb restore_session_id=a6c59143c7d9450cbdc779deb09b8a36 complete_wall_unix_ns=1786585776858591232 complete_monotonic_ns=2222185612194 complete_thread_time_ns=890000000 complete_process_time_ns=104600000000 complete_native_tid=75 wall_ms=972.792 thread_cpu_ms=870.0 process_cpu_ms=1070.0 majf=None minf=None inblock=None nvcsw=None nivcsw=None read_bytes=None rchar=None path_hash=8d2256b3cff6bbd2 file_size=12309866400 st_dev=30 st_ino=101
[v2.active_read_diag] active_read_id=22cd314045f24794 owner=graph_loader request_id= restore_session_id=a6c59143c7d9450cbdc779deb09b8a36 path_hash=8d2256b3cff6bbd2 wall_ms=972.792 thread_cpu_ms=870.0 process_cpu_ms=1070.0 read_bytes=not_observed_in_this_thread rchar=not_observed_in_this_thread minor_faults=None major_faults=None context_switches=None/None counter_status=unsupported legacy_counter_status=unsupported thread_cpu_status=unsupported process_cpu_status=unsupported io_status=unsupported page_fault_status=unsupported block_input_status=unsupported context_switch_status=unsupported native_thread_id=75
[v2.native_fast_disk_unet] decision=defer reason=ok stage=to patcher_class=comfy.model_patcher.ModelPatcher patcher_dynamic=0 param_count=453 parameter_bytes=12309817472 dtype_distribution={'torch.bfloat16': 453} device_distribution={'cpu': 453} cpu_params=453 cpu_buffers=1 get_model_ms=211.727 ctor_ms=10.313 bind_ms=None to_wall_ms=None to_device_ms=None to_device_ms_label=unavailable
[v2.vae_early_activation] event=mode mode=sampling_end env_raw=sampling_end restored_instance_id=36f03657c03144eb966982363cc73327 restore_session_id=a6c59143c7d9450cbdc779deb09b8a36
[v2.cpu_owner] operation=CLIPTextEncode role=CLIP wall_ms=3.829 process_cpu_ms=0.000 effective_cores=0.000 native_threads_start=51 native_threads_peak=52 native_threads_end=51
[v2.native_fast_disk_unet] decision=complete reason=ok stage=load_model_weights patcher_class=comfy.model_patcher.ModelPatcher patcher_dynamic=0 param_count=453 parameter_bytes=12309817472 dtype_distribution={'torch.bfloat16': 453} device_distribution={'cuda': 453} cpu_params=0 cpu_buffers=0 get_model_ms=211.727 ctor_ms=10.313 bind_ms=97.548 to_wall_ms=2168.952 to_device_ms=2168.998 to_device_ms_label=synchronized_device
[v2.unet_runtime_state] stage=normal_loader_ready unet_identity=z_image_turbo_bf16.safetensors requested_weight_dtype=default effective_weight_dtype=default state={"current_device":"cuda:0","diffusion_model_object_id":"47538108316688","diffusion_model_type":"NextDiT","first_buffer_device":"absent","first_buffer_dtype":"absent","first_parameter_device":"cuda:0","first_parameter_dtype":"torch.bfloat16","forward_module":"NextDiT","forward_qualname":"NextDiT.forward","load_device":"cuda:0","loaded_models_member":"0","manual_cast_dtype":"absent","model_dtype":"torch.bfloat16","model_loaded_weight_memory":"0","model_lowvram":"False","model_lowvram_patch_counter":"0","model_object_id":"47538103547664","model_options_keys":["transformer_options"],"model_type":"Lumina2","object_patch_count":0,"offload_device":"cuda:0","patch_count":0,"patcher_object_id":"47538103768848","patcher_type":"ModelPatcher","transformer_options_keys":["wrappers"],"weight_dtype":"absent"}
standard
WARNING:root:[FeatureInjLatent] Reference latent: shape=torch.Size([1, 16, 240, 136])
[v2.sampler_boundary] event=sampler_lane_requested sampler_node_id=1242 sampler_node_class=ClownsharKSampler_Beta blocking_owner=absent
[v2.sampler_boundary] event=sampler_lane_acquired sampler_node_id=1242 sampler_node_class=ClownsharKSampler_Beta wait_ms=0.226 blocking_owner=absent
[CacheDiT] Transformer class: NextDiT (module: comfy.ldm.lumina.model)
[v2.gpu_load_boundary] event=load_models_gpu_start request_id=v2-benchmark-0-5738fe14e581 restored_instance_id=36f03657c03144eb966982363cc73327 restore_session_id=a6c59143c7d9450cbdc779deb09b8a36 roles=UNET model_count=1 contains_registered_unet=1 caller_classification=graph_model_loading gpu_allocated_before=12416794624 gpu_reserved_before=12624855040
[v2.gpu_load_boundary] event=load_models_gpu_end request_id=v2-benchmark-0-5738fe14e581 restored_instance_id=36f03657c03144eb966982363cc73327 restore_session_id=a6c59143c7d9450cbdc779deb09b8a36 roles=UNET model_count=1 caller_classification=graph_model_loading wall_ms=59.549 gpu_allocated_after=12416798720 gpu_allocated_delta_bytes=4096
[v2.cpu_owner] operation=load_models_gpu role=other wall_ms=60.647 process_cpu_ms=180.000 effective_cores=2.968 native_threads_start=51 native_threads_peak=52 native_threads_end=51
[v2.unet_identity_chain] check=stage_pair stage_a=bridge stage_b=sampler request_id=v2-benchmark-0-5738fe14e581 patcher_a_object_id=47538103768848 diffusion_a_object_id=47538108316688 patcher_b_object_id=47538103675088 diffusion_b_object_id=47538108316688 ok=1 reason=ok
[v2.unet_gpu_residency] sampler_wrapper_before_sample request_id=v2-benchmark-0-5738fe14e581 enforce=0 status=gpu_resident unet_object_id=47538103675088 parameter_count=453 gpu_parameter_count=453 cpu_parameter_count=0 meta_parameter_count=0 unknown_parameter_count=0 gpu_parameter_fraction=1.0 load_device=cuda:0 current_device=absent diffusion_model_current_device=absent model_cache_size=2 unet_in_model_cache=1 gpu_allocated_bytes=12420976640 gpu_reserved_bytes=12626952192
[v2.sampler_stall_watchdog] stage=armed request_id=v2-benchmark-0-5738fe14e581 restored_instance_id=36f03657c03144eb966982363cc73327 sampler_node_id=1242 sampler_class=ClownsharKSampler_Beta patcher_object_id=47538103675088 diffusion_model_object_id=47538108316688 unet_object_id=47538103675088 first_forward_timeout_s=5.0 first_step_timeout_s=15.0
[v2.vae_early_activation] event=scheduled request_id=v2-benchmark-0-5738fe14e581 mode=sampling_end trigger=early_start key_hash=71d1ba92c089f7c0421eef65 source=snapshot_vae vae_identity_hash=dd8f11d04333e24d vae_policy_version=1 vae_weight_dtype=bfloat16 vae_compute_dtype=bfloat16_native vae_memory_format=contiguous vae_prefetch_mode=off c5_impl_version=1.0.0 torch=2.13.0+cu130 cuda=13.0 arch=sm_75;sm_80;sm_86;sm_90;sm_100;sm_120 restored_instance_id=36f03657c03144eb966982363cc73327 restore_session_id=a6c59143c7d9450cbdc779deb09b8a36
[v2.experiment] experiment=vae_overlap arm=early_250 implementation_version=1 selector=request source=env settings={"early_start_ms":250,"expected_sampling_ms":4900}
[v2.sampler_boundary] event=sampling_start request_id=v2-benchmark-0-5738fe14e581 restored_instance_id=36f03657c03144eb966982363cc73327 node_id=1242 node_class=ClownsharKSampler_Beta steps=8 patcher_object_id=47538103675088 diffusion_model_object_id=47538108316688 diffusion_model_device=absent diffusion_model_current_device=absent gpu_allocated_bytes=12420976640 gpu_reserved_bytes=12626952192
(RES4LYF) rk_type: res_2s

[v2.unet_forward_boundary] event=first_unet_forward request_id=v2-benchmark-0-5738fe14e581 diffusion_model_object_id=47538108316688 patcher_object_id=47538103768848 model_object_id=47538103547664 x_device=cuda:0 x_dtype=torch.bfloat16 elapsed_ms=184.055
[v2.sampler_parity] UNET weight_dtype=torch.bfloat16 UNET compute_dtype=torch.bfloat16 manual_cast_dtype=None CacheDiT target=NextDiT CacheDiT attachment_count=1 CacheDiT fallback=0
[1A  0%|          | 0/8 [00:00<?, ?it/s]WARNING:root:[FeatureInjLatent] step=1 | progress=0.00 | eff_str=0.250 | no mask
WARNING:root:[FeatureInjLatent] step=2 | progress=0.01 | eff_str=0.214 | no mask
[v2.sampler_boundary] event=first_sampler_step request_id=v2-benchmark-0-5738fe14e581 restored_instance_id=36f03657c03144eb966982363cc73327 node_id=1242 node_class=ClownsharKSampler_Beta steps=8 patcher_object_id=47538103675088 diffusion_model_object_id=47538108316688 diffusion_model_device=absent diffusion_model_current_device=absent gpu_allocated_bytes=12420976640 gpu_reserved_bytes=12626952192

[1A 12%|█▎        | 1/8 [00:01<00:08,  1.15s/it]WARNING:root:[FeatureInjLatent] step=3 | progress=0.03 | eff_str=0.178 | no mask

[1A 25%|██▌       | 2/8 [00:02<00:06,  1.01s/it]
[1A 38%|███▊      | 3/8 [00:02<00:03,  1.30it/s]
[1A 50%|█████     | 4/8 [00:03<00:02,  1.54it/s]
[1A 62%|██████▎   | 5/8 [00:03<00:01,  1.72it/s]
[1A 75%|███████▌  | 6/8 [00:03<00:01,  1.86it/s]
[v2.vae_early_activation] event=load_start request_id=v2-benchmark-0-5738fe14e581 mode=sampling_end trigger=early_start key_hash=71d1ba92c089f7c0421eef65 source=snapshot_vae vae_object_id=47537776803408
[1A 88%|████████▊ | 7/8 [00:04<00:00,  1.96it/s]
[1A100%|██████████| 8/8 [00:04<00:00,  2.00it/s]
[1A100%|██████████| 8/8 [00:04<00:00,  1.64it/s]
[v2.sampler_boundary] event=sampling_end request_id=v2-benchmark-0-5738fe14e581 restored_instance_id=36f03657c03144eb966982363cc73327 node_id=1242 node_class=ClownsharKSampler_Beta steps=8 patcher_object_id=47538103675088 diffusion_model_object_id=47538108316688 diffusion_model_device=absent diffusion_model_current_device=absent gpu_allocated_bytes=12420976640 gpu_reserved_bytes=12626952192 duration_ms=4924.408
[v2.vae_early_activation] event=terminal request_id=v2-benchmark-0-5738fe14e581 mode=sampling_end key_hash=71d1ba92c089f7c0421eef65 status=ready reason=ok error=absent transfer_count=1 vae_policy_version=1 vae_weight_dtype=bfloat16 vae_compute_dtype=bfloat16_native vae_memory_format=contiguous vae_prefetch_mode=off c5_impl_version=1.0.0 source=snapshot_vae
[v2.vae_early_activation] event=consumed request_id=v2-benchmark-0-5738fe14e581 mode=sampling_end key_hash=71d1ba92c089f7c0421eef65 join_wait_ms=15.835 status=ready source=snapshot_vae
[v2.gpu_load_boundary] event=load_models_gpu_start request_id=v2-benchmark-0-5738fe14e581 restored_instance_id=36f03657c03144eb966982363cc73327 restore_session_id=a6c59143c7d9450cbdc779deb09b8a36 roles=modelpatcher model_count=1 contains_registered_unet=0 caller_classification=graph_model_loading gpu_allocated_before=12624808960 gpu_reserved_before=14990442496
[v2.gpu_load_boundary] event=load_models_gpu_end request_id=v2-benchmark-0-5738fe14e581 restored_instance_id=36f03657c03144eb966982363cc73327 restore_session_id=a6c59143c7d9450cbdc779deb09b8a36 roles=modelpatcher model_count=1 caller_classification=graph_model_loading wall_ms=52.331 gpu_allocated_after=12624808960 gpu_allocated_delta_bytes=0
[production.rgthree.encode] side=b (B-only) shape=(1, 1920, 1088, 3) dtype=torch.uint8
[v2.opt.output_encode] total_ms=579.575 png_compress_ms=557.465 gpu_to_cpu_ms=0.01
[production.rgthree] node_id=107 a_count=0 b_count=1 encoded_unique=1 logical_outputs=1 return_a=0 temp_files_written=0 encode_ms=582.4
[v2.startup_stage] stage=first_prompt_executor_invocation event=end wall_unix_ns=1786585786233948725 monotonic_ns=2231560971867 duration_ms=10331.236
[v2.pre_sampler_stages] request_id=v2-benchmark-0-5738fe14e581 restored_instance_id=36f03657c03144eb966982363cc73327 restore_session_id=a6c59143c7d9450cbdc779deb09b8a36 container_session_id=0142d9812047446e modal_input_id=in-01KZWCXTV1GPYFE9DJMANKWTX5:1786585738081-0 modal_task_id=ta-01KZWCYSG0TF8C8CRX8NWQ4WVR pid=2 boot_id=cf0510ab-cdc7-45a6-83f6-134cbf2c0383 hostname=modal total_nodes=43 first_output_node=107:ComfyModalProductionImageComparerOutput first_executing_node=987:Any Switch (rgthree) sampler_stage_status=sampler_active method_entry_to_graph_start_ms=19.345 graph_setup_ms=41.067 certificate_ms=0.0 cert_identity_build_ms=0.0 cert_cache_hit=0 cert_volume_reload_ms=0.0 cert_file_read_ms=0.0 cert_json_parse_validate_ms=0.0 cert_total_ms=0.0 legacy_preflight_ms=0.0 prompt_validation_ms=0.0 certificate_skipped_preflight=1 certificate_skipped_prompt_validation=1 preflight_ms=0.0 validation_ms=0.0 missing_node_repair_ms=0.181 production_registry_setup_ms=0.044 production_registry_profile_setup_ms=0.044 pregraph_setup_ms=0.466 executor_reset_ms=0.168 sampler_lane_wait_ms=0.153 residual_before_invoke_ms=7.064 method_entry_to_runtime_configuration_ms=19.279 call_to_exec_start_ms=0.645 exec_start_to_cached_ms=1047.974 cached_to_first_executing_ms=155.18 call_to_cached_ms=1048.619 call_to_first_node_ms=1203.799 first_node_to_clip_ms=3.755 clip_to_sampler_node_ms=2314.675 sampler_node_to_sampler_start_ms=144.792 sampler_node_to_lane_acquired_ms=0.249 lane_acquired_to_actual_stage_ms=144.543 pre_sampler_total_ms=3727.39 measured_children_ms=3667.821 residual_ms=59.569 reconciliation_status=ok add_message=True send_sync=True has_sampler=True sampler_count=1 lane_acquired=True
[v2.opt.output_delivery] hash_ms=1.455 descriptor_ms=None
[v2.opt.output_delivery] hash_ms=1.455 descriptor_ms=0.021
[v2.startup_stage] stage=first_durable_result event=ready wall_unix_ns=1786585786242779658 monotonic_ns=2231569802780 output_persisted=1
[v2.output] hashes=1 base64_encode=0 base64_decode=0 commit_ms=0.0 commit_status=skipped overlap_ms=0.0 serialized_bytes=2213
[v2.host_memory] stage=result_complete current_mib=absent peak_mib=absent limit_mib=absent process_rss_mib=14199.9 process_maxrss_mib=35737.1 oom_count=absent oom_kill_count=absent status=ok cgroup_path=absent cgroup_mount=absent
[v2.activation_diagnosis] request_id=v2-benchmark-0-5738fe14e581 cpu_snapshot_container_active=True execution_prefill_scheduled=True residency_diagnostics_enabled=0 clip_encode_calls=0 clip_encode_graph_calls=0 clip_encode_prefill_calls=0 clip_encode_wall_ms=0 clip_encode_graph_wall_ms=0 clip_encode_prefill_wall_ms=0 clip_encode_process_cpu_ms=0 load_models_gpu_calls=2 unet_gpu_load_calls=1 load_models_gpu_wall_ms=111.88 activation_receipt_count=4 gpu_allocated_delta_bytes=4096 cpu_peak_cores=7.305 cpu_above_16_ms=0.0 cpu_above_19_ms=0.0 cpu_longest_above_19_ms=absent cpu_overlap_graph_clip_ms=0.0 cpu_overlap_prefill_clip_ms=0.0 cpu_overlap_gpu_load_ms=0.0 clip_to_sampler_node_ms=2314.675 sampler_node_to_sampler_start_ms=144.792 diagnostic_accounted_ms=absent diagnostic_unattributed_ms=absent restore_requested_torch_intraop_threads=absent restore_actual_torch_intraop_threads=12 restore_torch_interop_threads=14 restore_torch_thread_limit_status=baseline_passthrough
[v2.process_cpu_spike] status=ok peak_effective_cores=7.305 duration_above_16_ms=0.000 duration_above_19_ms=0.000 longest_above_19_ms=0.000 sample_count=183
[v2.remote_request_origin.remote] request_id=v2-benchmark-0-5738fe14e581 trigger_source=benchmark ui_trigger_unix_ms=1786585712522 local_receive_unix_ns=1786585712522648576 modal_generator_create_start_unix_ns=1786585738433648700 modal_submission_attempt_unix_ns=absent modal_generator_created_unix_ns=absent modal_first_iteration_start_unix_ns=absent modal_first_remote_event_unix_ns=absent modal_method_entry_unix_ns=1786585775842224640 prompt_executor_invoke_start_unix_ns=1786585775902582272 trigger_to_dispatch_ms=0.649 dispatch_to_modal_entry_ms=None modal_entry_to_executor_ms=60.369 trigger_to_executor_ms=63380.582 modal_input_id=in-01KZWCXTV1GPYFE9DJMANKWTX5:1786585738081-0 modal_task_id=ta-01KZWCYSG0TF8C8CRX8NWQ4WVR
[v2.critical_path] python_resume_to_restore_enter_ms=0.0 restore_total_ms=515.829 restore_exit_to_run_enter_ms=14.264 run_enter_to_plan_received_ms=17.061 plan_received_to_executor_invoke_ms=43.308 executor_invoke_to_first_node_ms=1203.589 first_node_to_sampler_node_ms=2318.497 sampler_node_to_sampler_start_ms=144.792 pre_sampler_unattributed_ms=absent
[v2.cgroup_cpu_spike] status=unavailable reason=no readable cpu.stat candidates=/sys/fs/cgroup/cpu.stat errors=resolve_cgroup_v2_base: returned no readable cgroup base;probe2 path=/sys/fs/cgroup/cpu.stat: FileNotFoundError: [Errno 2] No such file or directory: '/sys/fs/cgroup/cpu.stat';parse_proc_cgroup: no unified 0:: entry
[v2.gpu_allocation] cuda_version=13.0 gpu_actual_name=NVIDIA RTX PRO 6000 Blackwell Server Edition gpu_compute_capability=12.0 gpu_requested_order=RTX-PRO-6000 gpu_vram_total_mib=97250 torch_version=2.13.0+cu130
V2 COLD WATERFALL - REMOTE/PARTIAL (awaiting host reconciliation)
Request: v2-benchmark-0-5738fe14e581  Instance: 36f03657c03144eb966982363cc73327  GPU: ['RTX-PRO-6000']  Fresh: YES
TOTAL WALL:        -   (command->response minus Modal scheduling)
SCHEDULING:        -   (informational - excluded from % and bars)
COMMAND->RESPONSE:  73.747s

+-----+------------------------------------------------+------------+------------+---------+---------------------------------------+
 # | Stage                                          | Duration |     Cum. |      % | Relative wall time
+-----+------------------------------------------------+------------+------------+---------+---------------------------------------+
  1 | Local preparation                              |     0.001s |     0.001s |   0.001% | +                                    
  2 | Modal handle and submission                    |          - |          - |       - |                                      
  3 | Modal scheduling + pre-Python restore (awai... |          - |          - |       - |                                      
  4 | Modal pre-Python snapshot restoration          |          - |          - |       - |                                      
  5 | Python/application restore                     |     0.522s |     0.522s |   0.707% | #                                    
  6 | Restore-to-method entry                        |     0.014s |     0.537s |   0.019% | #                                    
  7 | ~ Method entry to UNET ownership claim         |          - |          - |       - |                                      
  8 | ~ UNET claim to ready (worker load)            |          - |          - |       - |                                      
  9 |   detail: Checkpoint read                      |     2.172s |          - |   2.946% |                                      
 10 |   detail: Read end ? construction done         |     0.222s |          - |   0.301% |                                      
 11 |   detail: Bind                                 |     0.098s |          - |   0.132% |                                      
 12 |   detail: Synchronized H2D                     |     2.169s |          - |   2.941% |                                      
 13 |   detail: H2D end ? UNET ready                 |     0.002s |          - |   0.003% |                                      
 14 |   detail: UNET ready ? sampler demand          |          - |          - |       - |                                      
 15 |   detail: Sampler demand ? join complete       |          - |          - |       - |                                      
 16 |   detail: Join complete ? sampling             |          - |          - |       - |                                      
 17 | Remote method setup                            |     0.060s |     0.597s |   0.082% | #                                    
 18 |   detail: method entry to graph start          |     0.019s |          - |   0.026% |                                      
 19 |   detail: method entry to runtime configura... |     0.019s |          - |   0.026% |                                      
 20 |   detail: runtime configuration                |     0.000s |          - |   0.000% |                                      
 21 |   detail: graph setup                          |     0.041s |          - |   0.056% |                                      
 22 |   detail: certificate                          |     0.000s |          - |   0.000% |                                      
 23 |   detail: preflight                            |     0.000s |          - |   0.000% |                                      
 24 |   detail: validation                           |     0.000s |          - |   0.000% |                                      
 25 |   detail: legacy runtime resolution            |     0.000s |          - |   0.000% |                                      
 26 |   detail: preload check                        |     0.002s |          - |   0.002% |                                      
 27 |   detail: missing-node repair                  |     0.000s |          - |   0.000% |                                      
 28 |   detail: production registry setup            |     0.000s |          - |   0.000% |                                      
 29 |   detail: pregraph setup                       |     0.000s |          - |   0.001% |                                      
 30 |   detail: executor reset                       |     0.000s |          - |   0.000% |                                      
 31 |   detail: residual before executor invoke      |     0.007s |          - |   0.010% |                                      
 32 |   detail: pre-sampler total                    |     3.727s |          - |   5.054% |                                      
 33 |   detail: measured pre-sampler children        |     3.668s |          - |   4.974% |                                      
 34 |   detail: pre-sampler residual                 |     0.060s |          - |   0.081% |                                      
 35 |   detail: UNET quiesce wait (diagnostic)       |          - |          - |       - |                                      
 36 |   detail: UNET transfer queue delay            |          - |          - |       - |                                      
 37 |   detail: UNET synchronized transfer           |          - |          - |       - |                                      
 38 |   detail: UNET scheduled ? worker start        |          - |          - |       - |                                      
 39 |   detail: Worker start ? checkpoint read start |          - |          - |       - |                                      
 40 | PromptExecutor/cache setup                     |     1.204s |     1.801s |   1.632% | #                                    
 41 |   detail: PromptExecutor invoke to execution   |     0.001s |          - |   0.001% |                                      
 42 |   detail: execution to cached                  |     1.048s |          - |   1.421% |                                      
 43 |   detail: cached to first node                 |     0.155s |          - |   0.210% |                                      
 44 |   detail: graph/prefill activity               |          - |          - |       - |                                      
 45 |   detail: CPU owner: CLIPTextEncode [CLIP]     |     0.004s |          - |   0.005% |                                      
 46 |   detail: CPU owner: load_models_gpu [other]   |     0.061s |          - |   0.082% |                                      
 47 |   detail: Node: Any Switch (rgthree)           |     0.000s |          - |   0.000% |                                      
 48 |   detail: Node: VAELoader                      |     0.002s |          - |   0.002% |                                      
 49 |   detail: Node: ClownOptions_ExtraOptions_Beta |     0.000s |          - |   0.000% |                                      
 50 |   detail: Node: ImpactIfNone                   |     0.000s |          - |   0.000% |                                      
 51 |   detail: Node: easy ifElse                    |     0.000s |          - |   0.000% |                                      
 52 |   detail: Node: easy int                       |     0.000s |          - |   0.000% |                                      
 53 |   detail: Node: easy ifElse                    |     0.000s |          - |   0.000% |                                      
 54 |   detail: Node: PrimitiveStringMultiline       |     0.000s |          - |   0.000% |                                      
 55 |   detail: Node: JoinStrings                    |     0.000s |          - |   0.000% |                                      
 56 |   detail: Node: CLIPLoader                     |     0.001s |          - |   0.001% |                                      
 57 |   detail: Node: CLIPTextEncode                 |     0.005s |          - |   0.006% |                                      
 58 |   detail: Node: ConditioningZeroOut            |     0.002s |          - |   0.003% |                                      
 59 |   detail: Node: PairConditioningSetProperties  |     0.000s |          - |   0.000% |                                      
 60 |   detail: Node: CustomCombo                    |     0.000s |          - |   0.000% |                                      
 61 |   detail: Node: SimpleMath+                    |     0.000s |          - |   0.000% |                                      
 62 |   detail: Node: ImpactSwitch                   |     0.071s |          - |   0.096% |                                      
 63 |   detail: Node: UNETLoader                     |     2.185s |          - |   2.963% |                                      
 64 |   detail: Node: ModelSamplingAuraFlow          |     0.002s |          - |   0.003% |                                      
 65 |   detail: Node: CacheDiT_Model_Optimizer       |     0.000s |          - |   0.000% |                                      
 66 |   detail: Node: PathchSageAttentionKJ          |     0.000s |          - |   0.000% |                                      
 67 |   detail: Node: easy float                     |     0.000s |          - |   0.000% |                                      
 68 |   detail: Node: easy int                       |     0.000s |          - |   0.000% |                                      
 69 |   detail: Node: easy ifElse                    |     0.000s |          - |   0.000% |                                      
 70 |   detail: Node: StringToCombo|LP               |     0.000s |          - |   0.000% |                                      
 71 |   detail: Node: easy ifElse                    |     0.000s |          - |   0.000% |                                      
 72 |   detail: Node: CustomCombo                    |     0.000s |          - |   0.000% |                                      
 73 |   detail: Node: easy stringToIntList           |     0.000s |          - |   0.000% |                                      
 74 |   detail: Node: easy indexAnything             |     0.000s |          - |   0.000% |                                      
 75 |   detail: Node: easy stringToIntList           |     0.000s |          - |   0.000% |                                      
 76 |   detail: Node: easy indexAnything             |     0.000s |          - |   0.000% |                                      
 77 |   detail: Node: EmptyImage                     |     0.009s |          - |   0.012% |                                      
 78 |   detail: Node: ImageRotate                    |     0.001s |          - |   0.002% |                                      
 79 |   detail: Node: ImpactSwitch                   |     0.034s |          - |   0.047% |                                      
 80 |   detail: Node: easy imageSize                 |     0.000s |          - |   0.000% |                                      
 81 |   detail: Node: EmptySD3LatentImage            |     0.001s |          - |   0.001% |                                      
 82 |   detail: Node: Any Switch (rgthree)           |     0.000s |          - |   0.000% |                                      
 83 |   detail: Node: LGNoiseInjectionLatent         |     0.001s |          - |   0.001% |                                      
 84 |   detail: Node: ClownsharKSampler_Beta         |     0.153s |          - |   0.207% |                                      
 85 |   detail: PromptExecutor internal/unattributed |          - |          - |       - |                                      
 86 | First node to CLIP                             |     0.004s |     1.805s |   0.005% | #                                    
 87 | CLIP to sampler node                           |     2.315s |     4.119s |   3.139% | #                                    
 88 | Sampler graph-join wait                        |          - |          - |       - |                                      
 89 | Sampler node to sampling                       |     0.145s |     4.264s |   0.196% | #                                    
 90 |   detail: sampler lane wait                    |     0.000s |          - |   0.000% |                                      
 91 |   detail: sampler node to lane acquired        |     0.000s |          - |   0.000% |                                      
 92 |   detail: lane acquired to actual stage        |     0.145s |          - |   0.196% |                                      
 93 | Sampling                                       |     4.924s |     9.188s |   6.677% | ##                                   
 94 | Post-sampling transition                       |     0.753s |     9.941s |   1.022% | #                                    
 95 |   detail: Sampling end ? VAE scheduled         |    INVALID |          - |       - |                                      
 96 |   detail: VAE scheduled ? worker/load start    |     4.898s |          - |   6.641% |                                      
 97 | VAE                                            |     0.404s |    10.345s |   0.547% | #                                    
 98 |   detail: VAE load/H2D                         |     0.795s |          - |   1.079% |                                      
 99 |   detail: VAE ready ? consumed                 |     0.000s |          - |   0.001% |                                      
 100 |   detail: Consumed ? decode start              |    INVALID |          - |       - |                                      
 101 | Output encode / descriptor                     |     0.592s |    10.936s |   0.802% | #                                    
 102 |   detail: output encode                        |          - |          - |       - |                                      
 103 |   detail: output commit                        |          - |          - |       - |                                      
 104 |   detail: VAE end ? output encode start        |     0.001s |          - |   0.001% |                                      
 105 |   detail: PNG encode                           |     0.586s |          - |   0.794% |                                      
 106 |   detail: Descriptor/materialization           |     0.006s |          - |   0.008% |                                      
 107 | Remote result handoff                          |          - |          - |       - |                                      
 108 |   detail: Remote result emitted                |          - |          - |       - |                                      
 109 |   detail: Deferred persistence after yield     |          - |          - |       - |                                      
 110 | Remote/local return                            |     0.026s |    10.963s |   0.036% | +                                    
 111 |   detail: Local receipt ? caller return        |          - |          - |       - |                                      
 112 | Residual (unattributed)                        |    62.785s |    73.747s |  85.135% | ===============================      
+-----+------------------------------------------------+------------+------------+---------+---------------------------------------+
    | ACCOUNTED     |    10.963s |            |  14.865% | .....................................
    | RECONCILIATION |    62.785s |            |            | .....................................
    | TOTAL WALL |          - |            |       - |                                      
    | COMMAND -> RESPONSE |    73.747s |            |  100.0% | #####################################
    | TOP-LEVEL ACCOUNTED |    10.963s |            |  14.865% | .....................................
    | GLOBAL RESIDUAL |    62.785s |            |            | .....................................
    | RESIDUAL %     |    85.135% |            |            | .....................................
    | RECONCILIATION STATUS | EXCEEDS_TOLERANCE |            |            | .....................................
    | CONTROLLABLE APPLICATION WALL |    10.963s |            |            | .....................................
    | PLATFORM/MODAL WALL |     0.000s |            |            | .....................................
Boundary flags: modal_restore_begin_unavailable (modal_scheduling covers submission->python_resume combined), submission_boundary_unavailable (submission boundary absent; scheduling spans cannot start at the local submit)
REMOTE/PARTIAL WATERFALL - awaiting host reconciliation (missing: missing_submission, missing_modal_restore_begin, missing_local_result_receipt)
+-----+------------------------------------------------+------------+------------+---------+---------------------------------------+
Warnings:
  - global residual 62784.581ms (85.13%) of command-to-response unaccounted
  - reconciliation exceeds tolerance: 62784.581ms > 184.368ms
Restoring Function from memory snapshot.
[v2.startup_stage] stage=post_snapshot_restore event=start wall_unix_ns=1786585905231177660 monotonic_ns=590231932552
[v2.snapshot_timing] snapshot_callback_age_at_restore_ms=554841.77 snapshot_callback_to_command_start_ms=unavailable command_start_to_restore_start_ms=unavailable request_latency_included=0 source=snapshot_callback_return_to_restore_start
[v2.snapshot_model_eviction] stage=restore_observed marker=1 cpu_snapshot_models_present=1 clip_present=1 unet_present=0 retained_role=clip_vae retained_model_id=0 retained_model_type= rss_after_restore_mib=11495.109375 native_thread_count=46 torch_intraop=12 torch_interop=14 wall_unix_ns=1786585907585736963
[v2.snapshot_model_eviction] stage=restore_release_retained retain_role=clip_vae status=container_retained container_present=1 clip_present=1 vae_present=1 unet_present=0 retained_slot_release=0 retained_model_id=0 retained_alive_after_release=0 rss_before_release_mib=absent rss_after_gc_mib=absent rss_after_trim_mib=absent rss_drop_mib=absent malloc_trim_status=absent malloc_trim_result=absent restore_release_start_wall_unix_ns=1786585907585947643 restore_release_end_wall_unix_ns=1786585907585947643 wall_unix_ns=1786585907585947643
[v2.residency_config] enabled=0
[v2.host_memory] stage=restore_start current_mib=absent peak_mib=absent limit_mib=absent process_rss_mib=11777.8 process_maxrss_mib=35701.1 oom_count=absent oom_kill_count=absent status=ok cgroup_path=absent cgroup_mount=absent
[v2.runtime_shape] stage=after_restore runtime_shape_fingerprint=f504e296c398bdcb2c4c07e2 runtime_shape_label=None thread_policy=TBASE snapshot_model_order=O0 cpu_request=12 memory_request=32768 native_thread_count=46 configured_omp=None configured_mkl=None configured_openblas=None configured_numexpr=None malloc_arena_max=None native_library_settings={'OMP_NUM_THREADS': '12', 'MKL_NUM_THREADS': '12', 'OPENBLAS_NUM_THREADS': '12', 'NUMEXPR_NUM_THREADS': None, 'MALLOC_ARENA_MAX': None} torch_intraop_threads=12 torch_interop_threads=14 actual_torch_intraop_threads=12 actual_torch_interop_threads=14 requested_torch_intraop_threads=None requested_torch_interop_threads=None requested_vs_actual_match=True status=baseline_passthrough error=
[v2.opt.gpu_state] total_memory_ms=2119.286
[comfyapp] gpu_state restored vram=97250MB ram=1048576MB vram_state=VRAMState.HIGH_VRAM in 2121.7ms
[restore.cuda_context] available=1 device_index=0 device=NVIDIA RTX PRO 6000 Blackwell Server Edition sync_ms=2.92 total_ms=3.087
[v2.sage_restore] decision=snapshot_exact_skip discovery_called=0 verify_ms=0.495
[v2.custom_node_restore] decision=snapshot_exact_skip callback_called=0 source=persisted_record check_ms=1.073
[v2.startup_stage] stage=snapshot_execution_seed event=start wall_unix_ns=1786585910241582916 monotonic_ns=595242338104
[v2.seed_restore] source=startup_minimal schema=2 topology_available=0 workflow_hash= loader_signatures=0
[v2.startup_stage] stage=snapshot_execution_seed event=end wall_unix_ns=1786585910245207374 monotonic_ns=595245962502 duration_ms=3.624
[v2.generation_identity] method=restore custom_nodes_generation='fbecafb8ae72728ebc36d581…' raw_empty=false source=persisted_record runtime_state_generation='' api_object_id=47368319473040 deployment_combined_hash=1bd881d798947977
[v2.prefill_config] env=critical parsed=critical cpu_snapshot_container_active=0 native_fast_disk_unet_execution_active=0
[v2.restore_breakdown] bootstrap_ms=2270.558 unet_cache_patch_ms=None clip_prepare_submit_ms=None clip_worker_wait_ms=None unet_spec_extract_ms=None bg_unet_submit_ms=None restore_finalize_ms=0.141
[v2.clip_stages] worker_queue_ms=None load_torch_file_ms=None read_to_ready_ms=None post_read_cpu_prepare_ms=None gpu_wait_ms=None gpu_commit_ms=None read_end_to_ready_ms=None worker_total_ms=None worker_close_wait_ms=None restore_finalization_ms=0.141
[v2.restoration_identity] restored_instance_id=62f670d9ca384675b117356eb6971f1c restore_session_id=b870a2a252cf46f387c9f1eba0ff25ad container_session_id=a416429a49c8434d modal_task_id=ta-01KZWD2T8YNYTPR95V3JPM278R modal_image_id=im-8KexmbMytHCmXTxTMl6pl9 modal_cloud=CLOUD_PROVIDER_GCP modal_region=us-east4 pid=2 hostname=modal restore_total_ms=2660.51 remote_python_resume_wall_unix_ns=1786585905231149824 restore_method_start_wall_unix_ns=1786585905231149824 restore_method_end_wall_unix_ns=1786585910246540544 modal_method_entry_wall_unix_ns=absent restore_status=success restore_method_status=success 
[v2.lifecycle] method=restore snap=False container_session=a416429a49c8434d restore_count=1 restore_total_ms=2660.51 remote_python_resume_wall_unix_ns=1786585905231149824 restore_method_start_wall_unix_ns=1786585905231149824 restore_method_end_wall_unix_ns=1786585910246540544 modal_method_entry_wall_unix_ns=absent restore_status=success restore_method_status=success status=restored
[v2.host_memory] stage=restore_complete current_mib=absent peak_mib=absent limit_mib=absent process_rss_mib=13339.2 process_maxrss_mib=35701.1 oom_count=absent oom_kill_count=absent status=ok cgroup_path=absent cgroup_mount=absent
[v2.gpu_allocation] cuda_version=13.0 gpu_actual_name=NVIDIA RTX PRO 6000 Blackwell Server Edition gpu_compute_capability=12.0 gpu_requested_order=RTX-PRO-6000 gpu_vram_total_mib=97250 torch_version=2.13.0+cu130
[v2.startup_stage] stage=post_snapshot_restore event=end wall_unix_ns=1786585910250110131 monotonic_ns=595250864999 duration_ms=5018.932
[v2.startup_stage] stage=first_remote_method_entry event=entry wall_unix_ns=1786585910261821225 monotonic_ns=595262576243
[v2.env_profile] effective_profile=inherit container_profile=inherit request_override=inherit request_override_applied=0 source=request-inherit-noop
[v2.request_variance_env] COMFYMODAL_V2_VAE_EARLY_START_MS=500
[v2.local_submission_breakdown.remote] request_id=v2-benchmark-0-e14c074f79ef local_receive_to_worker_start_ms=18641.0 worker_start_to_normalize_start_ms=0.0 normalize_production_options_ms=0.0 normalize_end_to_trace_construct_start_ms=0.0 runtime_trace_construct_ms=0.0 trace_construct_to_options_copy_start_ms=0.0 benchmark_options_copy_ms=0.0 options_copy_to_client_id_start_ms=0.0 client_id_generation_ms=0.0 client_id_end_to_plan_call_ms=0.0 plan_call_to_function_entry_ms=0.0 worker_start_to_plan_build_ms=0.0 local_receive_to_plan_build_start_ms=18641.0 worker_queue_ms=0.0 plan_build_ms=78.0 plan_build_to_execute_plan_entry_ms=0.0 execute_plan_entry_to_plan_materialization_ms=0.0 plan_materialization_ms=0.0 plan_materialization_to_active_profile_ms=0.0 active_profile_ms=0.0 restore_plan_build_ms=absent restore_publish_ms=absent restore_publish_to_transport_entry_ms=absent transport_entry_to_handle_lookup_ms=0.0 handle_lookup_ms=absent payload_materialization_ms=0.0 payload_size_measurement_ms=0.0 payload_size_to_serialize_end_ms=0.0 payload_ready_to_modal_call_ms=0.0 local_receive_to_modal_call_ms=18719.0 generator_create_ms=absent generator_created_to_first_iteration_ms=absent local_receive_to_actual_submission_ms=absent measured_children_ms=absent residual_ms=absent reconciliation_status=incomplete profile_cache_hit=False profile_remote_call_performed=False profile_checker_matched=False restore_publish_cache_hit=absent restore_remote_call_performed=absent handle_cache_hit=absent plan_to_dict_count=1 payload_bytes=19458 active_profile_local_ms=0.0 active_profile_cache_lookup_ms=0.0 active_profile_checker_ms=0.0 active_profile_setter_ms=0.0 active_profile_total_ms=0.0 created_modal_client=False performed_cls_from_name=False constructed_class_instance=False input_image_count=0 workflow_node_count=43 unmeasured_boundary=absent
[v2.seed_restore] source=invocation_plan schema=2 topology_available=1 workflow_hash=2e43d4c0ba3b82c0 loader_nodes=3 sampler_nodes=1 reachable_nodes=43 static_signatures=43
[v2.runtime_shape] stage=request_entry runtime_shape_fingerprint=f504e296c398bdcb2c4c07e2 runtime_shape_label=None thread_policy=TBASE snapshot_model_order=O0 cpu_request=12 memory_request=32768 native_thread_count=48 configured_omp=None configured_mkl=None configured_openblas=None configured_numexpr=None malloc_arena_max=None native_library_settings={'OMP_NUM_THREADS': '12', 'MKL_NUM_THREADS': '12', 'OPENBLAS_NUM_THREADS': '12', 'NUMEXPR_NUM_THREADS': None, 'MALLOC_ARENA_MAX': None} torch_intraop_threads=12 torch_interop_threads=14 actual_torch_intraop_threads=12 actual_torch_interop_threads=14 requested_torch_intraop_threads=None requested_torch_interop_threads=None requested_vs_actual_match=True status=baseline_passthrough error=
[v2.method_entry_gap] restore_to_method_ms=11.729 first_line_to_running_log_ms=7.931 same_process=True identity_mismatch_reasons=none remote_python_resume_wall_unix_ns=1786585905231149824 restore_method_start_wall_unix_ns=1786585905231149824 restore_method_end_wall_unix_ns=1786585910246540544 modal_method_entry_wall_unix_ns=1786585910261804800 restore_end_to_modal_method_ms=15.262
[v2.snapshot_timing] snapshot_callback_age_at_restore_ms=554841.77 snapshot_callback_to_command_start_ms=530675.513 command_start_to_restore_start_ms=24166.15 command_start_to_python_resume_ms=24166.15 command_start_to_restore_end_ms=29181.541 request_latency_included=0_for_callback_age
[v2.host_memory] stage=prompt_executor_start current_mib=absent peak_mib=absent limit_mib=absent process_rss_mib=13339.5 process_maxrss_mib=35701.1 oom_count=absent oom_kill_count=absent status=ok cgroup_path=absent cgroup_mount=absent
[v2.cpu_snapshot_models] cpu_snapshot_models_present=1 clip_present=1 unet_present=0 cpu_snapshot_active=0
[v2.cpu_snapshot_request] status=present_but_inactive clip_present=1 unet_present=0 action=clip_vae_only_request_activation
[v2.cpu_snapshot_request] status=clip_vae_only_bind clip_source=cpu_snapshot vae_source=cpu_snapshot unet_source=normal_loader clip_object_id=47371660142288 vae_object_id=47371571475216
[v2.cpu_snapshot_request] status=reused reason=clip_vae_only
[v2.unet_identity_chain] stage=snapshot request_id=v2-benchmark-0-e14c074f79ef unet_object_id=0
[v2.unet_identity_chain] stage=bridge request_id=v2-benchmark-0-e14c074f79ef unet_object_id=0
[v2.snapshot_activation_invariant] profile=inherit models_container_present=1 clip_present=1 unet_present=0 snapshot_enabled_by_config=1 cpu_snapshot_container_active=1 loader_bridge_active=1 execution_prefill_allowed=0 status=pass reason=ok
[v2.execution_prefill] snapshot_active=1 env_raw=critical scheduled=1
[v2.execution_unet] scheduled=1 snapshot_unet_absent=1 request_id=v2-benchmark-0-e14c074f79ef
[v2.plan_proof] schema=1 payload=yes validated=True outputs=2 out_ids=107,935:931 wf_hash=2e43d4c0ba3b82c0 recomputed=2e43d4c0ba3b82c0 match=True dep_complete=True consumed=False cert_decision=legacy
[v2.plan_proof.registry] workflow_class_count=31 host_proved_count=31 snapshot_proved_count=31 missing_host=0 missing_snapshot=0 identity_mismatch=0 workflow_registry_match=1 reason=
[v2.plan_proof] parity proof_present=1 proof_complete=1 proof_valid=1 dep_match=1 gen_match=1 wf_reg_match=1 reg_full_match=0 dep_proof_match=1 eligible=1 reason=ok consumed=False
[v2.exec] res4lyf_dummy_init_disabled=1 reported_injected=1 actual_injected=1
[preflight.model_reads] restore_preload_active=0 selected_clip=/root/comfy/ComfyUI/models/text_encoders/qwen_3_4b.safetensors
[v2.generation_identity] custom_nodes_generation='fbecafb8ae72728ebc36d581…' raw_empty=false source=persisted_record runtime_state_generation='' api_object_id=47368319473040 deployment_combined_hash=1bd881d798947977
[v2.plan_proof] decision=plan_validation_fast_path consumed=1 workflow_hash_match=1 validation_hash_match=1 plan_complete=1 snapshot_complete=1 snapshot_valid=1 dep_match=1 gen_match=1 wf_reg_match=1 dependency_match=1 repair_changed=0 outputs_nonempty=1 eligible=1
[active_read] registered owner=graph_loader key=/__modal/volumes/vo-QI6fCKykvocVkUBVGsuZgm/diffusion_models/z_image_turbo_bf16.s active_read_id=d9e95dadb74d4947 restored_instance_id=62f670d9ca384675b117356eb6971f1c restore_session_id=b870a2a252cf46f387c9f1eba0ff25ad request_id= start_wall_unix_ns=1786585910305118208 start_monotonic_ns=595305872659 start_thread_time_ns=10000000 start_process_time_ns=112200000000 native_tid=75 active_read_path_hash=8d2256b3cff6bbd2 active_read_file_size=12309866400 active_read_st_dev=30 active_read_st_ino=103 active_read_governor_enabled=0 active_read_priority=100 active_read_size_bytes=12309866400 active_read_size_mb=11739.6 active_read_is_large=1 active_read_classification_source=file_size active_read_queue_enter_ms=0.0 active_read_queue_exit_ms=0.0 active_read_queue_wait_ms=0.0 active_read_large_slots_used_at_enter=0 active_read_large_slots_used_at_start=0 active_read_concurrent_large_reads_at_start=1 active_read_attached_existing_future=0 active_read_duplicate_prevented=0
[v2.clip_conditioning_cache] event=mode flag=COMFYMODAL_V2_CLIP_CONDITIONING_CACHE enabled=1 root=/root/prompt_cache_vol/exact_conditioning max_entries=64 max_bytes=536870912
[v2.host_memory] stage=peak_execution current_mib=absent peak_mib=absent limit_mib=absent process_rss_mib=25082.6 process_maxrss_mib=35701.1 oom_count=absent oom_kill_count=absent status=ok cgroup_path=absent cgroup_mount=absent
[v2.startup_stage] stage=first_prompt_executor_invocation event=start wall_unix_ns=1786585910326306639 monotonic_ns=595327061507
[v2.unet_early_activation] event=mode mode=late env_raw=late restored_instance_id=62f670d9ca384675b117356eb6971f1c restore_session_id=b870a2a252cf46f387c9f1eba0ff25ad
[v2.unet_early_activation] event=skipped request_id=v2-benchmark-0-e14c074f79ef mode=late trigger=conditioning_cache_hit reason=cpu_snapshot_mode_inactive eligible=0
[v2.clip_conditioning_cache] decision=exact_hit key_hash=e24059626b0f3d17f0ba656e18d396b1449e52b9b046a4cf35d5f7874baafa2f identity_status=valid encode_calls=0 schema_version=1 validation_scope=clip_model_workflow_custom_nodes_schema_format_side_conditioning_inputs entries=1 request_id=v2-benchmark-0-e14c074f79ef
[active_read] completed owner=graph_loader key=/__modal/volumes/vo-QI6fCKykvocVkUBVGsuZgm/diffusion_models/z_image_turbo_bf16.s active_read_id=d9e95dadb74d4947 restored_instance_id=62f670d9ca384675 restore_session_id=b870a2a252cf46f387c9f1eba0ff25ad complete_wall_unix_ns=1786585911532353024 complete_monotonic_ns=596533105501 complete_thread_time_ns=1130000000 complete_process_time_ns=113610000000 complete_native_tid=75 wall_ms=1227.233 thread_cpu_ms=1120.0 process_cpu_ms=1410.0 majf=None minf=None inblock=None nvcsw=None nivcsw=None read_bytes=None rchar=None path_hash=8d2256b3cff6bbd2 file_size=12309866400 st_dev=30 st_ino=103
[v2.active_read_diag] active_read_id=d9e95dadb74d4947 owner=graph_loader request_id= restore_session_id=b870a2a252cf46f387c9f1eba0ff25ad path_hash=8d2256b3cff6bbd2 wall_ms=1227.233 thread_cpu_ms=1120.0 process_cpu_ms=1410.0 read_bytes=not_observed_in_this_thread rchar=not_observed_in_this_thread minor_faults=None major_faults=None context_switches=None/None counter_status=unsupported legacy_counter_status=unsupported thread_cpu_status=unsupported process_cpu_status=unsupported io_status=unsupported page_fault_status=unsupported block_input_status=unsupported context_switch_status=unsupported native_thread_id=75
[v2.vae_early_activation] event=mode mode=sampling_end env_raw=sampling_end restored_instance_id=62f670d9ca384675b117356eb6971f1c restore_session_id=b870a2a252cf46f387c9f1eba0ff25ad
[v2.cpu_owner] operation=CLIPTextEncode role=CLIP wall_ms=2.373 process_cpu_ms=0.000 effective_cores=0.000 native_threads_start=51 native_threads_peak=52 native_threads_end=51
[v2.native_fast_disk_unet] decision=defer reason=ok stage=to patcher_class=comfy.model_patcher.ModelPatcher patcher_dynamic=0 param_count=453 parameter_bytes=12309817472 dtype_distribution={'torch.bfloat16': 453} device_distribution={'cpu': 453} cpu_params=453 cpu_buffers=1 get_model_ms=288.029 ctor_ms=0.171 bind_ms=None to_wall_ms=None to_device_ms=None to_device_ms_label=unavailable
[v2.native_fast_disk_unet] decision=complete reason=ok stage=load_model_weights patcher_class=comfy.model_patcher.ModelPatcher patcher_dynamic=0 param_count=453 parameter_bytes=12309817472 dtype_distribution={'torch.bfloat16': 453} device_distribution={'cuda': 453} cpu_params=0 cpu_buffers=0 get_model_ms=288.029 ctor_ms=0.171 bind_ms=17.947 to_wall_ms=7381.375 to_device_ms=7381.339 to_device_ms_label=synchronized_device
[v2.unet_runtime_state] stage=normal_loader_ready unet_identity=z_image_turbo_bf16.safetensors requested_weight_dtype=default effective_weight_dtype=default state={"current_device":"cuda:0","diffusion_model_object_id":"47371988969808","diffusion_model_type":"NextDiT","first_buffer_device":"absent","first_buffer_dtype":"absent","first_parameter_device":"cuda:0","first_parameter_dtype":"torch.bfloat16","forward_module":"NextDiT","forward_qualname":"NextDiT.forward","load_device":"cuda:0","loaded_models_member":"0","manual_cast_dtype":"absent","model_dtype":"torch.bfloat16","model_loaded_weight_memory":"0","model_lowvram":"False","model_lowvram_patch_counter":"0","model_object_id":"47371971158864","model_options_keys":["transformer_options"],"model_type":"Lumina2","object_patch_count":0,"offload_device":"cuda:0","patch_count":0,"patcher_object_id":"47371988588496","patcher_type":"ModelPatcher","transformer_options_keys":["wrappers"],"weight_dtype":"absent"}
standard
WARNING:root:[FeatureInjLatent] Reference latent: shape=torch.Size([1, 16, 240, 136])
[v2.sampler_boundary] event=sampler_lane_requested sampler_node_id=1242 sampler_node_class=ClownsharKSampler_Beta blocking_owner=absent
[v2.sampler_boundary] event=sampler_lane_acquired sampler_node_id=1242 sampler_node_class=ClownsharKSampler_Beta wait_ms=0.081 blocking_owner=absent
[CacheDiT] Transformer class: NextDiT (module: comfy.ldm.lumina.model)
[v2.gpu_load_boundary] event=load_models_gpu_start request_id=v2-benchmark-0-e14c074f79ef restored_instance_id=62f670d9ca384675b117356eb6971f1c restore_session_id=b870a2a252cf46f387c9f1eba0ff25ad roles=UNET model_count=1 contains_registered_unet=1 caller_classification=graph_model_loading gpu_allocated_before=12416794624 gpu_reserved_before=12624855040
[v2.gpu_load_boundary] event=load_models_gpu_end request_id=v2-benchmark-0-e14c074f79ef restored_instance_id=62f670d9ca384675b117356eb6971f1c restore_session_id=b870a2a252cf46f387c9f1eba0ff25ad roles=UNET model_count=1 caller_classification=graph_model_loading wall_ms=60.343 gpu_allocated_after=12416798720 gpu_allocated_delta_bytes=4096
[v2.cpu_owner] operation=load_models_gpu role=other wall_ms=61.267 process_cpu_ms=200.000 effective_cores=3.264 native_threads_start=51 native_threads_peak=52 native_threads_end=51
[v2.unet_identity_chain] check=stage_pair stage_a=bridge stage_b=sampler request_id=v2-benchmark-0-e14c074f79ef patcher_a_object_id=47371988588496 diffusion_a_object_id=47371988969808 patcher_b_object_id=47371716136592 diffusion_b_object_id=47371988969808 ok=1 reason=ok
[v2.unet_gpu_residency] sampler_wrapper_before_sample request_id=v2-benchmark-0-e14c074f79ef enforce=0 status=gpu_resident unet_object_id=47371716136592 parameter_count=453 gpu_parameter_count=453 cpu_parameter_count=0 meta_parameter_count=0 unknown_parameter_count=0 gpu_parameter_fraction=1.0 load_device=cuda:0 current_device=absent diffusion_model_current_device=absent model_cache_size=2 unet_in_model_cache=1 gpu_allocated_bytes=12420976640 gpu_reserved_bytes=12626952192
[v2.sampler_stall_watchdog] stage=armed request_id=v2-benchmark-0-e14c074f79ef restored_instance_id=62f670d9ca384675b117356eb6971f1c sampler_node_id=1242 sampler_class=ClownsharKSampler_Beta patcher_object_id=47371716136592 diffusion_model_object_id=47371988969808 unet_object_id=47371716136592 first_forward_timeout_s=5.0 first_step_timeout_s=15.0
[v2.vae_early_activation] event=scheduled request_id=v2-benchmark-0-e14c074f79ef mode=sampling_end trigger=early_start key_hash=8854852b463565429024dd09 source=snapshot_vae vae_identity_hash=dd8f11d04333e24d vae_policy_version=1 vae_weight_dtype=bfloat16 vae_compute_dtype=bfloat16_native vae_memory_format=contiguous vae_prefetch_mode=off c5_impl_version=1.0.0 torch=2.13.0+cu130 cuda=13.0 arch=sm_75;sm_80;sm_86;sm_90;sm_100;sm_120 restored_instance_id=62f670d9ca384675b117356eb6971f1c restore_session_id=b870a2a252cf46f387c9f1eba0ff25ad
[v2.experiment] experiment=vae_overlap arm=early_500 implementation_version=1 selector=request source=env settings={"early_start_ms":500,"expected_sampling_ms":4900}
[v2.sampler_boundary] event=sampling_start request_id=v2-benchmark-0-e14c074f79ef restored_instance_id=62f670d9ca384675b117356eb6971f1c node_id=1242 node_class=ClownsharKSampler_Beta steps=8 patcher_object_id=47371716136592 diffusion_model_object_id=47371988969808 diffusion_model_device=absent diffusion_model_current_device=absent gpu_allocated_bytes=12420976640 gpu_reserved_bytes=12626952192
(RES4LYF) rk_type: res_2s

[v2.unet_forward_boundary] event=first_unet_forward request_id=v2-benchmark-0-e14c074f79ef diffusion_model_object_id=47371988969808 patcher_object_id=47371988588496 model_object_id=47371971158864 x_device=cuda:0 x_dtype=torch.bfloat16 elapsed_ms=205.91
[v2.sampler_parity] UNET weight_dtype=torch.bfloat16 UNET compute_dtype=torch.bfloat16 manual_cast_dtype=None CacheDiT target=NextDiT CacheDiT attachment_count=1 CacheDiT fallback=0
[1A  0%|          | 0/8 [00:00<?, ?it/s]WARNING:root:[FeatureInjLatent] step=1 | progress=0.00 | eff_str=0.250 | no mask
WARNING:root:[FeatureInjLatent] step=2 | progress=0.01 | eff_str=0.214 | no mask
[v2.sampler_boundary] event=first_sampler_step request_id=v2-benchmark-0-e14c074f79ef restored_instance_id=62f670d9ca384675b117356eb6971f1c node_id=1242 node_class=ClownsharKSampler_Beta steps=8 patcher_object_id=47371716136592 diffusion_model_object_id=47371988969808 diffusion_model_device=absent diffusion_model_current_device=absent gpu_allocated_bytes=12420976640 gpu_reserved_bytes=12626952192

[1A 12%|█▎        | 1/8 [00:01<00:08,  1.16s/it]WARNING:root:[FeatureInjLatent] step=3 | progress=0.03 | eff_str=0.178 | no mask

[1A 25%|██▌       | 2/8 [00:02<00:06,  1.02s/it]
[1A 38%|███▊      | 3/8 [00:02<00:03,  1.31it/s]
[1A 50%|█████     | 4/8 [00:03<00:02,  1.55it/s]
[1A 62%|██████▎   | 5/8 [00:03<00:01,  1.72it/s]
[v2.vae_early_activation] event=load_start request_id=v2-benchmark-0-e14c074f79ef mode=sampling_end trigger=early_start key_hash=8854852b463565429024dd09 source=snapshot_vae vae_object_id=47371571475216
[1A 75%|███████▌  | 6/8 [00:03<00:01,  1.86it/s]
[1A 88%|████████▊ | 7/8 [00:04<00:00,  1.94it/s]
[1A100%|██████████| 8/8 [00:04<00:00,  1.99it/s]100%|██████████| 8/8 [00:04<00:00,  1.64it/s]
[v2.sampler_boundary] event=sampling_end request_id=v2-benchmark-0-e14c074f79ef restored_instance_id=62f670d9ca384675b117356eb6971f1c node_id=1242 node_class=ClownsharKSampler_Beta steps=8 patcher_object_id=47371716136592 diffusion_model_object_id=47371988969808 diffusion_model_device=absent diffusion_model_current_device=absent gpu_allocated_bytes=12420976640 gpu_reserved_bytes=12626952192 duration_ms=4927.17
[v2.vae_early_activation] event=terminal request_id=v2-benchmark-0-e14c074f79ef mode=sampling_end key_hash=8854852b463565429024dd09 status=ready reason=ok error=absent transfer_count=1 vae_policy_version=1 vae_weight_dtype=bfloat16 vae_compute_dtype=bfloat16_native vae_memory_format=contiguous vae_prefetch_mode=off c5_impl_version=1.0.0 source=snapshot_vae
[v2.vae_early_activation] event=consumed request_id=v2-benchmark-0-e14c074f79ef mode=sampling_end key_hash=8854852b463565429024dd09 join_wait_ms=0.051 status=ready source=snapshot_vae
[v2.gpu_load_boundary] event=load_models_gpu_start request_id=v2-benchmark-0-e14c074f79ef restored_instance_id=62f670d9ca384675b117356eb6971f1c restore_session_id=b870a2a252cf46f387c9f1eba0ff25ad roles=modelpatcher model_count=1 contains_registered_unet=0 caller_classification=graph_model_loading gpu_allocated_before=12624808960 gpu_reserved_before=14990442496
[v2.gpu_load_boundary] event=load_models_gpu_end request_id=v2-benchmark-0-e14c074f79ef restored_instance_id=62f670d9ca384675b117356eb6971f1c restore_session_id=b870a2a252cf46f387c9f1eba0ff25ad roles=modelpatcher model_count=1 caller_classification=graph_model_loading wall_ms=38.879 gpu_allocated_after=12624808960 gpu_allocated_delta_bytes=0
[production.rgthree.encode] side=b (B-only) shape=(1, 1920, 1088, 3) dtype=torch.uint8
[v2.opt.output_encode] total_ms=578.195 png_compress_ms=554.549 gpu_to_cpu_ms=0.009
[production.rgthree] node_id=107 a_count=0 b_count=1 encoded_unique=1 logical_outputs=1 return_a=0 temp_files_written=0 encode_ms=580.9
[v2.startup_stage] stage=first_prompt_executor_invocation event=end wall_unix_ns=1786585926125819408 monotonic_ns=611126574300 duration_ms=15799.513
[v2.pre_sampler_stages] request_id=v2-benchmark-0-e14c074f79ef restored_instance_id=62f670d9ca384675b117356eb6971f1c restore_session_id=b870a2a252cf46f387c9f1eba0ff25ad container_session_id=a416429a49c8434d modal_input_id=in-01KZWD2RGRMRMGEXQH3CRXVP5M:1786585899545-0 modal_task_id=ta-01KZWD2T8YNYTPR95V3JPM278R pid=2 boot_id=a41aed6f-9562-4de2-b90f-a16d8714f8dd hostname=modal total_nodes=43 first_output_node=107:ComfyModalProductionImageComparerOutput first_executing_node=987:Any Switch (rgthree) sampler_stage_status=sampler_active method_entry_to_graph_start_ms=17.451 graph_setup_ms=46.96 certificate_ms=0.0 cert_identity_build_ms=0.0 cert_cache_hit=0 cert_volume_reload_ms=0.0 cert_file_read_ms=0.0 cert_json_parse_validate_ms=0.0 cert_total_ms=0.0 legacy_preflight_ms=0.0 prompt_validation_ms=0.0 certificate_skipped_preflight=1 certificate_skipped_prompt_validation=1 preflight_ms=0.0 validation_ms=0.0 missing_node_repair_ms=0.147 production_registry_setup_ms=0.03 production_registry_profile_setup_ms=0.03 pregraph_setup_ms=0.422 executor_reset_ms=0.203 sampler_lane_wait_ms=0.054 residual_before_invoke_ms=21.315 method_entry_to_runtime_configuration_ms=17.409 call_to_exec_start_ms=0.812 exec_start_to_cached_ms=1283.848 cached_to_first_executing_ms=145.928 call_to_cached_ms=1284.66 call_to_first_node_ms=1430.588 first_node_to_clip_ms=2.615 clip_to_sampler_node_ms=7544.298 sampler_node_to_sampler_start_ms=132.193 sampler_node_to_lane_acquired_ms=0.119 lane_acquired_to_actual_stage_ms=132.074 pre_sampler_total_ms=9174.063 measured_children_ms=9110.317 residual_ms=63.746 reconciliation_status=ok add_message=True send_sync=True has_sampler=True sampler_count=1 lane_acquired=True
[v2.opt.output_delivery] hash_ms=1.45 descriptor_ms=None
[v2.opt.output_delivery] hash_ms=1.45 descriptor_ms=0.025
[v2.startup_stage] stage=first_durable_result event=ready wall_unix_ns=1786585926134106473 monotonic_ns=611134861335 output_persisted=1
[v2.output] hashes=1 base64_encode=0 base64_decode=0 commit_ms=0.0 commit_status=skipped overlap_ms=0.0 serialized_bytes=2215
[v2.host_memory] stage=result_complete current_mib=absent peak_mib=absent limit_mib=absent process_rss_mib=14176.9 process_maxrss_mib=35701.1 oom_count=absent oom_kill_count=absent status=ok cgroup_path=absent cgroup_mount=absent
[v2.activation_diagnosis] request_id=v2-benchmark-0-e14c074f79ef cpu_snapshot_container_active=True execution_prefill_scheduled=True residency_diagnostics_enabled=0 clip_encode_calls=0 clip_encode_graph_calls=0 clip_encode_prefill_calls=0 clip_encode_wall_ms=0 clip_encode_graph_wall_ms=0 clip_encode_prefill_wall_ms=0 clip_encode_process_cpu_ms=0 load_models_gpu_calls=2 unet_gpu_load_calls=1 load_models_gpu_wall_ms=99.222 activation_receipt_count=4 gpu_allocated_delta_bytes=4096 cpu_peak_cores=7.369 cpu_above_16_ms=0.0 cpu_above_19_ms=0.0 cpu_longest_above_19_ms=absent cpu_overlap_graph_clip_ms=0.0 cpu_overlap_prefill_clip_ms=0.0 cpu_overlap_gpu_load_ms=0.0 clip_to_sampler_node_ms=7544.298 sampler_node_to_sampler_start_ms=132.193 diagnostic_accounted_ms=absent diagnostic_unattributed_ms=absent restore_requested_torch_intraop_threads=absent restore_actual_torch_intraop_threads=12 restore_torch_interop_threads=14 restore_torch_thread_limit_status=baseline_passthrough
[v2.process_cpu_spike] status=ok peak_effective_cores=7.369 duration_above_16_ms=0.000 duration_above_19_ms=0.000 longest_above_19_ms=0.000 sample_count=292
[v2.remote_request_origin.remote] request_id=v2-benchmark-0-e14c074f79ef trigger_source=benchmark ui_trigger_unix_ms=1786585881065 local_receive_unix_ns=1786585881065973504 modal_generator_create_start_unix_ns=1786585899787775700 modal_submission_attempt_unix_ns=absent modal_generator_created_unix_ns=absent modal_first_iteration_start_unix_ns=absent modal_first_remote_event_unix_ns=absent modal_method_entry_unix_ns=1786585910261804800 prompt_executor_invoke_start_unix_ns=1786585910326168832 trigger_to_dispatch_ms=0.974 dispatch_to_modal_entry_ms=None modal_entry_to_executor_ms=64.368 trigger_to_executor_ms=29261.169 modal_input_id=in-01KZWD2RGRMRMGEXQH3CRXVP5M:1786585899545-0 modal_task_id=ta-01KZWD2T8YNYTPR95V3JPM278R
[v2.critical_path] python_resume_to_restore_enter_ms=0.0 restore_total_ms=2660.51 restore_exit_to_run_enter_ms=15.262 run_enter_to_plan_received_ms=14.904 plan_received_to_executor_invoke_ms=49.464 executor_invoke_to_first_node_ms=1430.432 first_node_to_sampler_node_ms=7546.955 sampler_node_to_sampler_start_ms=132.193 pre_sampler_unattributed_ms=absent
[v2.cgroup_cpu_spike] status=unavailable reason=no readable cpu.stat candidates=/sys/fs/cgroup/cpu.stat errors=resolve_cgroup_v2_base: returned no readable cgroup base;probe2 path=/sys/fs/cgroup/cpu.stat: FileNotFoundError: [Errno 2] No such file or directory: '/sys/fs/cgroup/cpu.stat';parse_proc_cgroup: no unified 0:: entry
[v2.gpu_allocation] cuda_version=13.0 gpu_actual_name=NVIDIA RTX PRO 6000 Blackwell Server Edition gpu_compute_capability=12.0 gpu_requested_order=RTX-PRO-6000 gpu_vram_total_mib=97250 torch_version=2.13.0+cu130
V2 COLD WATERFALL - REMOTE/PARTIAL (awaiting host reconciliation)
Request: v2-benchmark-0-e14c074f79ef  Instance: 62f670d9ca384675b117356eb6971f1c  GPU: ['RTX-PRO-6000']  Fresh: YES
TOTAL WALL:        -   (command->response minus Modal scheduling)
SCHEDULING:        -   (informational - excluded from % and bars)
COMMAND->RESPONSE:  45.097s

+-----+------------------------------------------------+------------+------------+---------+---------------------------------------+
 # | Stage                                          | Duration |     Cum. |      % | Relative wall time
+-----+------------------------------------------------+------------+------------+---------+---------------------------------------+
  1 | Local preparation                              |     0.001s |     0.001s |   0.002% | +                                    
  2 | Modal handle and submission                    |          - |          - |       - |                                      
  3 | Modal scheduling + pre-Python restore (awai... |          - |          - |       - |                                      
  4 | Modal pre-Python snapshot restoration          |          - |          - |       - |                                      
  5 | Python/application restore                     |     5.015s |     5.016s |  11.121% | ####                                 
  6 | Restore-to-method entry                        |     0.015s |     5.032s |   0.034% | #                                    
  7 | ~ Method entry to UNET ownership claim         |          - |          - |       - |                                      
  8 | ~ UNET claim to ready (worker load)            |          - |          - |       - |                                      
  9 |   detail: Checkpoint read                      |     7.385s |          - |  16.375% |                                      
 10 |   detail: Read end ? construction done         |     0.288s |          - |   0.639% |                                      
 11 |   detail: Bind                                 |     0.018s |          - |   0.040% |                                      
 12 |   detail: Synchronized H2D                     |     7.381s |          - |  16.368% |                                      
 13 |   detail: H2D end ? UNET ready                 |     0.002s |          - |   0.004% |                                      
 14 |   detail: UNET ready ? sampler demand          |          - |          - |       - |                                      
 15 |   detail: Sampler demand ? join complete       |          - |          - |       - |                                      
 16 |   detail: Join complete ? sampling             |          - |          - |       - |                                      
 17 | Remote method setup                            |     0.064s |     5.096s |   0.143% | #                                    
 18 |   detail: method entry to graph start          |     0.017s |          - |   0.039% |                                      
 19 |   detail: method entry to runtime configura... |     0.017s |          - |   0.039% |                                      
 20 |   detail: runtime configuration                |     0.000s |          - |   0.000% |                                      
 21 |   detail: graph setup                          |     0.047s |          - |   0.104% |                                      
 22 |   detail: certificate                          |     0.000s |          - |   0.000% |                                      
 23 |   detail: preflight                            |     0.000s |          - |   0.000% |                                      
 24 |   detail: validation                           |     0.000s |          - |   0.000% |                                      
 25 |   detail: legacy runtime resolution            |     0.000s |          - |   0.000% |                                      
 26 |   detail: preload check                        |     0.001s |          - |   0.003% |                                      
 27 |   detail: missing-node repair                  |     0.000s |          - |   0.000% |                                      
 28 |   detail: production registry setup            |     0.000s |          - |   0.000% |                                      
 29 |   detail: pregraph setup                       |     0.000s |          - |   0.001% |                                      
 30 |   detail: executor reset                       |     0.000s |          - |   0.000% |                                      
 31 |   detail: residual before executor invoke      |     0.021s |          - |   0.047% |                                      
 32 |   detail: pre-sampler total                    |     9.174s |          - |  20.343% |                                      
 33 |   detail: measured pre-sampler children        |     9.110s |          - |  20.201% |                                      
 34 |   detail: pre-sampler residual                 |     0.064s |          - |   0.141% |                                      
 35 |   detail: UNET quiesce wait (diagnostic)       |          - |          - |       - |                                      
 36 |   detail: UNET transfer queue delay            |          - |          - |       - |                                      
 37 |   detail: UNET synchronized transfer           |          - |          - |       - |                                      
 38 |   detail: UNET scheduled ? worker start        |          - |          - |       - |                                      
 39 |   detail: Worker start ? checkpoint read start |          - |          - |       - |                                      
 40 | PromptExecutor/cache setup                     |     1.431s |     6.527s |   3.172% | #                                    
 41 |   detail: PromptExecutor invoke to execution   |     0.001s |          - |   0.002% |                                      
 42 |   detail: execution to cached                  |     1.284s |          - |   2.847% |                                      
 43 |   detail: cached to first node                 |     0.146s |          - |   0.324% |                                      
 44 |   detail: graph/prefill activity               |          - |          - |       - |                                      
 45 |   detail: CPU owner: CLIPTextEncode [CLIP]     |     0.002s |          - |   0.005% |                                      
 46 |   detail: CPU owner: load_models_gpu [other]   |     0.061s |          - |   0.136% |                                      
 47 |   detail: Node: Any Switch (rgthree)           |     0.000s |          - |   0.001% |                                      
 48 |   detail: Node: VAELoader                      |     0.001s |          - |   0.002% |                                      
 49 |   detail: Node: ClownOptions_ExtraOptions_Beta |     0.000s |          - |   0.000% |                                      
 50 |   detail: Node: ImpactIfNone                   |     0.000s |          - |   0.000% |                                      
 51 |   detail: Node: easy ifElse                    |     0.000s |          - |   0.000% |                                      
 52 |   detail: Node: easy int                       |     0.000s |          - |   0.000% |                                      
 53 |   detail: Node: easy ifElse                    |     0.000s |          - |   0.000% |                                      
 54 |   detail: Node: PrimitiveStringMultiline       |     0.000s |          - |   0.001% |                                      
 55 |   detail: Node: JoinStrings                    |     0.000s |          - |   0.000% |                                      
 56 |   detail: Node: CLIPLoader                     |     0.001s |          - |   0.002% |                                      
 57 |   detail: Node: CLIPTextEncode                 |     0.003s |          - |   0.006% |                                      
 58 |   detail: Node: ConditioningZeroOut            |     0.003s |          - |   0.006% |                                      
 59 |   detail: Node: PairConditioningSetProperties  |     0.000s |          - |   0.001% |                                      
 60 |   detail: Node: CustomCombo                    |     0.000s |          - |   0.001% |                                      
 61 |   detail: Node: SimpleMath+                    |     0.000s |          - |   0.000% |                                      
 62 |   detail: Node: ImpactSwitch                   |     0.045s |          - |   0.099% |                                      
 63 |   detail: Node: UNETLoader                     |     7.431s |          - |  16.477% |                                      
 64 |   detail: Node: ModelSamplingAuraFlow          |     0.002s |          - |   0.005% |                                      
 65 |   detail: Node: CacheDiT_Model_Optimizer       |     0.000s |          - |   0.001% |                                      
 66 |   detail: Node: PathchSageAttentionKJ          |     0.000s |          - |   0.000% |                                      
 67 |   detail: Node: easy float                     |     0.000s |          - |   0.000% |                                      
 68 |   detail: Node: easy int                       |     0.000s |          - |   0.000% |                                      
 69 |   detail: Node: easy ifElse                    |     0.000s |          - |   0.000% |                                      
 70 |   detail: Node: StringToCombo|LP               |     0.000s |          - |   0.000% |                                      
 71 |   detail: Node: easy ifElse                    |     0.000s |          - |   0.000% |                                      
 72 |   detail: Node: CustomCombo                    |     0.000s |          - |   0.001% |                                      
 73 |   detail: Node: easy stringToIntList           |     0.000s |          - |   0.000% |                                      
 74 |   detail: Node: easy indexAnything             |     0.000s |          - |   0.000% |                                      
 75 |   detail: Node: easy stringToIntList           |     0.000s |          - |   0.000% |                                      
 76 |   detail: Node: easy indexAnything             |     0.000s |          - |   0.000% |                                      
 77 |   detail: Node: EmptyImage                     |     0.017s |          - |   0.037% |                                      
 78 |   detail: Node: ImageRotate                    |     0.001s |          - |   0.003% |                                      
 79 |   detail: Node: ImpactSwitch                   |     0.038s |          - |   0.084% |                                      
 80 |   detail: Node: easy imageSize                 |     0.000s |          - |   0.000% |                                      
 81 |   detail: Node: EmptySD3LatentImage            |     0.001s |          - |   0.001% |                                      
 82 |   detail: Node: Any Switch (rgthree)           |     0.000s |          - |   0.000% |                                      
 83 |   detail: Node: LGNoiseInjectionLatent         |     0.000s |          - |   0.001% |                                      
 84 |   detail: Node: ClownsharKSampler_Beta         |     0.139s |          - |   0.308% |                                      
 85 |   detail: PromptExecutor internal/unattributed |          - |          - |       - |                                      
 86 | First node to CLIP                             |     0.003s |     6.529s |   0.006% | #                                    
 87 | CLIP to sampler node                           |     7.544s |    14.074s |  16.729% | ######                               
 88 | Sampler graph-join wait                        |          - |          - |       - |                                      
 89 | Sampler node to sampling                       |     0.132s |    14.206s |   0.293% | #                                    
 90 |   detail: sampler lane wait                    |     0.000s |          - |   0.000% |                                      
 91 |   detail: sampler node to lane acquired        |     0.000s |          - |   0.000% |                                      
 92 |   detail: lane acquired to actual stage        |     0.132s |          - |   0.293% |                                      
 93 | Sampling                                       |     4.926s |    19.132s |  10.923% | ####                                 
 94 | Post-sampling transition                       |     0.820s |    19.951s |   1.818% | #                                    
 95 |   detail: Sampling end ? VAE scheduled         |    INVALID |          - |       - |                                      
 96 |   detail: VAE scheduled ? worker/load start    |     4.440s |          - |   9.844% |                                      
 97 | VAE                                            |     0.362s |    20.314s |   0.803% | #                                    
 98 |   detail: VAE load/H2D                         |     0.488s |          - |   1.083% |                                      
 99 |   detail: VAE ready ? consumed                 |     0.819s |          - |   1.816% |                                      
 100 |   detail: Consumed ? decode start              |     0.000s |          - |   0.000% |                                      
 101 | Output encode / descriptor                     |     0.590s |    20.903s |   1.307% | #                                    
 102 |   detail: output encode                        |          - |          - |       - |                                      
 103 |   detail: output commit                        |          - |          - |       - |                                      
 104 |   detail: VAE end ? output encode start        |     0.001s |          - |   0.001% |                                      
 105 |   detail: PNG encode                           |     0.584s |          - |   1.294% |                                      
 106 |   detail: Descriptor/materialization           |     0.006s |          - |   0.013% |                                      
 107 | Remote result handoff                          |          - |          - |       - |                                      
 108 |   detail: Remote result emitted                |          - |          - |       - |                                      
 109 |   detail: Deferred persistence after yield     |          - |          - |       - |                                      
 110 | Remote/local return                            |     0.028s |    20.931s |   0.062% | +                                    
 111 |   detail: Local receipt ? caller return        |          - |          - |       - |                                      
 112 | Residual (unattributed)                        |    24.166s |    45.097s |  53.586% | ====================                 
+-----+------------------------------------------------+------------+------------+---------+---------------------------------------+
    | ACCOUNTED     |    20.931s |            |  46.414% | .....................................
    | RECONCILIATION |    24.166s |            |            | .....................................
    | TOTAL WALL |          - |            |       - |                                      
    | COMMAND -> RESPONSE |    45.097s |            |  100.0% | #####################################
    | TOP-LEVEL ACCOUNTED |    20.931s |            |  46.414% | .....................................
    | GLOBAL RESIDUAL |    24.166s |            |            | .....................................
    | RESIDUAL %     |    53.586% |            |            | .....................................
    | RECONCILIATION STATUS | EXCEEDS_TOLERANCE |            |            | .....................................
    | CONTROLLABLE APPLICATION WALL |    20.931s |            |            | .....................................
    | PLATFORM/MODAL WALL |     0.000s |            |            | .....................................
Boundary flags: modal_restore_begin_unavailable (modal_scheduling covers submission->python_resume combined), submission_boundary_unavailable (submission boundary absent; scheduling spans cannot start at the local submit)
REMOTE/PARTIAL WATERFALL - awaiting host reconciliation (missing: missing_submission, missing_modal_restore_begin, missing_local_result_receipt)
+-----+------------------------------------------------+------------+------------+---------+---------------------------------------+
Warnings:
  - global residual 24165.952ms (53.59%) of command-to-response unaccounted
  - reconciliation exceeds tolerance: 24165.952ms > 112.743ms
Creating CPU memory snapshot for Function.
[v2.startup_stage] stage=container_python_import event=start wall_unix_ns=1786585985498094208 monotonic_ns=1584809564
[critical_path.flags] critical_path=1 unet_phase=1 validation_phase=1 coordinator=0 coordinator_diag=1 source=module_import
[exact_prefill.remote] enabled=1 source=env
[timing_trace] module loaded __file__=/root/timing_trace.py TRACE_VERSION=2.0.0
[timing_trace] module directory in sys.path: /root
[modal-client] 2026-08-13T01:53:07+0000 Warning: function name 'ComfyAPI_H100.*' collision! Overriding existing function [comfyapp].ComfyAPI_H100.* with new function [comfyapp].ComfyAPI_H100.*
[v2.region_pin] region=unpinned cloud=unpinned source=COMFYMODAL_V2_REGION/COMFYMODAL_V2_CLOUD
[v2.startup_stage] stage=snap_true_enter event=start wall_unix_ns=1786585987859764652 monotonic_ns=3946479790
[v2.startup_stage] stage=container_python_import event=end wall_unix_ns=1786585987859922537 monotonic_ns=3946638177 duration_ms=2361.829
[v2.host_memory] stage=restore_start current_mib=absent peak_mib=absent limit_mib=absent process_rss_mib=120.6 process_maxrss_mib=129.7 oom_count=absent oom_kill_count=absent status=ok cgroup_path=absent cgroup_mount=absent
[v2.runtime_shape] stage=image_runtime_initialization runtime_shape_fingerprint=f504e296c398bdcb2c4c07e2 runtime_shape_label=None thread_policy=TBASE snapshot_model_order=O0 cpu_request=12 memory_request=32768 native_thread_count=13 configured_omp=None configured_mkl=None configured_openblas=None configured_numexpr=None malloc_arena_max=None native_library_settings={'OMP_NUM_THREADS': '12', 'MKL_NUM_THREADS': '12', 'OPENBLAS_NUM_THREADS': '12', 'NUMEXPR_NUM_THREADS': None, 'MALLOC_ARENA_MAX': None} torch_intraop_threads=12 torch_interop_threads=28 actual_torch_intraop_threads=12 actual_torch_interop_threads=28 requested_torch_intraop_threads=None requested_torch_interop_threads=None requested_vs_actual_match=True status=baseline_passthrough error= before={'torch_intraop_threads': 12, 'torch_interop_threads': 28}
[v2.startup_stage] stage=snap_true_enter event=end wall_unix_ns=1786585990459305391 monotonic_ns=6546019344 duration_ms=2599.54
[v2.snapshot_target] static_fingerprint=b632d07ab6dad1f18cb39f39c28171f903d3c6a6297236e3a124b3eb540f3107 app=stable-modal-comfy-v2-restore-only-shadow class=ModalRuntimeEntrypointV2 gpu=RTX-PRO-6000 cpu=12 memory=32768 runtime_shape_fingerprint=f504e296c398bdcb2c4c07e2 snapshot_model_order=O0
[v2.snapshot_runtime] image_id=im-8KexmbMytHCmXTxTMl6pl9 cloud=CLOUD_PROVIDER_AWS region=eu-central-1 container_session_id=931caa22faae4d3f
[v2.manager] network_mode=offline configs=1
[v2.startup_stage] stage=custom_node_source_copy event=start wall_unix_ns=1786585990992100507 monotonic_ns=7078814520
[v2.custom_node_filter] total_source_dirs=39 accepted_dirs=24 duplicate_comfymodal_dirs=14 duplicate_names=[comfyui-modal-aws-rtx6000,comfyui-modal-c1-c5-c6-c8-tail,comfyui-modal-east1-composition,comfyui-modal-exact-clip-conditioning-cache,comfyui-modal-memory-regression-fix,comfyui-modal-pagesfile-probe,comfyui-modal-persistent-modal-handle,comfyui-modal-persistent-submission-v2,comfyui-modal-restore-structure,comfyui-modal-sub13-diagnostic,comfyui-modal-teardown-billing-tail,comfyui-modal-vae-runtime-path,comfyui-modal-vae-snapshot-seed,comyui-modal-pagesfile-probe]
[v2.custom_node_startup] decision=snapshot_exact_skip callback_called=0 source=persisted_record generation=fbecafb8ae72728e
[v2.custom_node_generation_parity] baked_generation=fbecafb8ae72728ebc36d581b8356e39 persisted_generation=fbecafb8ae72728ebc36d581b8356e39 pre_sync_actual_generation= post_sync_actual_generation= persisted_source=persisted_record sync_performed=0 sync_direction=none sync_reason=exact_match baked_matches_persisted=1 baked_matches_pre_sync_actual=- baked_matches_post_sync_actual=- persisted_matches_post_sync_actual=- final_authoritative_generation=fbecafb8ae72728ebc36d581b8356e39 final_authority_source=persisted_record proof_freeze_generation=fbecafb8ae72728ebc36d581b8356e39 proof_generation_match=1
[v2.startup_stage] stage=custom_node_source_copy event=end wall_unix_ns=1786585991712191577 monotonic_ns=7798906102 duration_ms=720.092
[v2.startup_stage] stage=comfyui_path_startup event=start wall_unix_ns=1786585991712361506 monotonic_ns=7799075453
[v2.startup_stage] stage=comfyui_path_startup event=end wall_unix_ns=1786585991712428308 monotonic_ns=7799142223 duration_ms=0.067
[v2.startup_stage] stage=backend_startup event=start wall_unix_ns=1786585991712481279 monotonic_ns=7799195199
[v2.runtime_shape] stage=snapshot_pre_capture runtime_shape_fingerprint=f504e296c398bdcb2c4c07e2 runtime_shape_label=None thread_policy=TBASE snapshot_model_order=O0 cpu_request=12 memory_request=32768 native_thread_count=13 configured_omp=None configured_mkl=None configured_openblas=None configured_numexpr=None malloc_arena_max=None native_library_settings={'OMP_NUM_THREADS': '12', 'MKL_NUM_THREADS': '12', 'OPENBLAS_NUM_THREADS': '12', 'NUMEXPR_NUM_THREADS': None, 'MALLOC_ARENA_MAX': None} torch_intraop_threads=12 torch_interop_threads=28 actual_torch_intraop_threads=12 actual_torch_interop_threads=28 requested_torch_intraop_threads=None requested_torch_interop_threads=None requested_vs_actual_match=True status=baseline_passthrough error= before={'torch_intraop_threads': 12, 'torch_interop_threads': 28}
[comfyapp] total_ram=1024.0G  cache_ram=24.0G
[v2.startup_stage] stage=custom_node_import event=start wall_unix_ns=1786585999513712362 monotonic_ns=15600427262
(RES4LYF) Init
(RES4LYF) Importing beta samplers.
(RES4LYF) Importing legacy samplers.
WARNING:/root/comfy/ComfyUI/custom_nodes/comfyui-lora-manager.py.config:No valid loras folders found in ComfyUI configuration
WARNING:/root/comfy/ComfyUI/custom_nodes/comfyui-lora-manager.py.config:No valid embeddings folders found in ComfyUI configuration
WARNING:/root/comfy/ComfyUI/custom_nodes/comfyui-lora-manager.py.vue_widget_builder:Node.js/npm not found. Cannot build Vue widgets. Please install Node.js or build manually: cd vue-widgets && npm run build
/usr/local/lib/python3.11/site-packages/sam3/model/sam3_video_inference.py:835: UserWarning: CUDA is not available or torch_xla is imported. Disabling autocast.
  @torch.autocast(device_type="cuda", dtype=torch.bfloat16)
/usr/local/lib/python3.11/site-packages/sam3/model/sam3_video_inference.py:943: UserWarning: CUDA is not available or torch_xla is imported. Disabling autocast.
  @torch.autocast(device_type="cuda", dtype=torch.bfloat16)
[exact_prefill.local] enabled=1 source=env
[comfyui-modal] Routes registered: /comfymodal/prompt, /comfymodal/model/install, /comfymodal/models/batch-install, /comfymodal/models/inject, /comfymodal/models/inject-all, /comfymodal/health, /comfymodal/object_info, /comfymodal/cancel/{id}, /comfymodal/models, /comfymodal/sync/status, /comfymodal/sync/models, /comfymodal/sync/custom-nodes, /comfymodal/runtime/resync, /comfymodal/runtime/state, /comfymodal/comparison/*, /comfymodal/experiments/*, /comfymodal/presets/*, /comfymodal/assets/{id}, /comfymodal/run-history/*, /comfymodal/deploy-warmup/*, /comfymodal/history/*
warning: The `fitz` API is deprecated and will be removed in future. Use `import pymupdf` instead.
LOADED 5 FONTS


███╗   ███╗ █████╗  ██████╗██╗  ██╗██╗███╗   ██╗███████╗               
████╗ ████║██╔══██╗██╔════╝██║  ██║██║████╗  ██║██╔════╝               
██╔████╔██║███████║██║     ███████║██║██╔██╗ ██║█████╗                 
██║╚██╔╝██║██╔══██║██║     ██╔══██║██║██║╚██╗██║██╔══╝                 
██║ ╚═╝ ██║██║  ██║╚██████╗██║  ██║██║██║ ╚████║███████╗               
╚═╝     ╚═╝╚═╝  ╚═╝ ╚═════╝╚═╝  ╚═╝╚═╝╚═╝  ╚═══╝╚══════╝               
                                                                       
██████╗ ███████╗██╗     ██╗   ██╗███████╗██╗ ██████╗ ███╗   ██╗███████╗
██╔══██╗██╔════╝██║     ██║   ██║██╔════╝██║██╔═══██╗████╗  ██║██╔════╝
██║  ██║█████╗  ██║     ██║   ██║███████╗██║██║   ██║██╔██╗ ██║███████╗
██║  ██║██╔══╝  ██║     ██║   ██║╚════██║██║██║   ██║██║╚██╗██║╚════██║
██████╔╝███████╗███████╗╚██████╔╝███████║██║╚██████╔╝██║ ╚████║███████║
╚═════╝ ╚══════╝╚══════╝ ╚═════╝ ╚══════╝╚═╝ ╚═════╝ ╚═╝  ╚═══╝╚══════╝
                                                                       


[36;20m[/root/comfy/ComfyUI/custom_nodes/comfyui_controlnet_aux] | INFO -> Using ckpts path: /root/comfy/ComfyUI/custom_nodes/comfyui_controlnet_aux/ckpts[0m
[36;20m[/root/comfy/ComfyUI/custom_nodes/comfyui_controlnet_aux] | INFO -> Using symlinks: False[0m
[36;20m[/root/comfy/ComfyUI/custom_nodes/comfyui_controlnet_aux] | INFO -> Using ort providers: ['CUDAExecutionProvider', 'DirectMLExecutionProvider', 'OpenVINOExecutionProvider', 'ROCMExecutionProvider', 'CPUExecutionProvider', 'CoreMLExecutionProvider'][0m
DWPose: Onnxruntime with acceleration providers detected

[92m[rgthree-comfy] Loaded 48 epic nodes. 🎉[0m

[33m[rgthree-comfy] ComfyUI's new Node 2.0 rendering may be incompatible with some rgthree-comfy nodes and features, breaking some rendering as well as losing the ability to access a node's properties (a vital part of many nodes). It also appears to run MUCH more slowly spiking CPU usage and causing jankiness and unresponsiveness, especially with large workflows. Personally I am not planning to use the new Nodes 2.0 and, unfortunately, am not able to invest the time to investigate and overhaul rgthree-comfy where needed. If you have issues when Nodes 2.0 is enabled, I'd urge you to switch it off as well and join me in hoping ComfyUI is not planning to deprecate the existing, stable canvas rendering all together.
[0m
⚠️  SeedVR2 optimizations check: SageAttention ❌ | Flash Attention ❌ | Triton ✅
💡 Optional: pip install sageattention flash-attn
⚠️ Memory check failed: No GPU backend available (CUDA/MPS) - No available backend!
WARNING:root:Traceback (most recent call last):
  File "/root/comfy/ComfyUI/nodes.py", line 2212, in load_custom_node
    module_spec.loader.exec_module(module)
  File "<frozen importlib._bootstrap_external>", line 940, in exec_module
  File "<frozen importlib._bootstrap>", line 241, in _call_with_frames_removed
  File "/root/comfy/ComfyUI/custom_nodes/ComfyUI-SeedVR2_VideoUpscaler/__init__.py", line 7, in <module>
    from .src.interfaces import comfy_entrypoint, SeedVR2Extension
  File "/root/comfy/ComfyUI/custom_nodes/ComfyUI-SeedVR2_VideoUpscaler/src/interfaces/__init__.py", line 8, in <module>
    from .video_upscaler import SeedVR2VideoUpscaler
  File "/root/comfy/ComfyUI/custom_nodes/ComfyUI-SeedVR2_VideoUpscaler/src/interfaces/video_upscaler.py", line 10, in <module>
    from ..utils.downloads import download_weight
  File "/root/comfy/ComfyUI/custom_nodes/ComfyUI-SeedVR2_VideoUpscaler/src/utils/downloads.py", line 14, in <module>
    from .model_registry import MODEL_REGISTRY, DEFAULT_VAE
  File "/root/comfy/ComfyUI/custom_nodes/ComfyUI-SeedVR2_VideoUpscaler/src/utils/model_registry.py", line 14, in <module>
    from ..models.video_vae_v3.modules.attn_video_vae import VideoAutoencoderKLWrapper
  File "/root/comfy/ComfyUI/custom_nodes/ComfyUI-SeedVR2_VideoUpscaler/src/models/video_vae_v3/modules/attn_video_vae.py", line 20, in <module>
    from diffusers.models.autoencoders.vae import DecoderOutput, DiagonalGaussianDistribution
  File "/usr/local/lib/python3.11/site-packages/diffusers/models/autoencoders/__init__.py", line 1, in <module>
    from .autoencoder_asym_kl import AsymmetricAutoencoderKL
  File "/usr/local/lib/python3.11/site-packages/diffusers/models/autoencoders/autoencoder_asym_kl.py", line 23, in <module>
    from .vae import AutoencoderMixin, DecoderOutput, DiagonalGaussianDistribution, Encoder, MaskConditionDecoder
  File "/usr/local/lib/python3.11/site-packages/diffusers/models/autoencoders/vae.py", line 25, in <module>
    from ..unets.unet_2d_blocks import (
  File "/usr/local/lib/python3.11/site-packages/diffusers/models/unets/__init__.py", line 6, in <module>
    from .unet_2d import UNet2DModel
  File "/usr/local/lib/python3.11/site-packages/diffusers/models/unets/unet_2d.py", line 24, in <module>
    from .unet_2d_blocks import UNetMidBlock2D, get_down_block, get_up_block
  File "/usr/local/lib/python3.11/site-packages/diffusers/models/unets/unet_2d_blocks.py", line 36, in <module>
    from ..transformers.dual_transformer_2d import DualTransformer2DModel
  File "/usr/local/lib/python3.11/site-packages/diffusers/models/transformers/__init__.py", line 20, in <module>
    from .transformer_bria import BriaTransformer2DModel
  File "/usr/local/lib/python3.11/site-packages/diffusers/models/transformers/transformer_bria.py", line 14, in <module>
    from ..attention_dispatch import dispatch_attention_fn
  File "/usr/local/lib/python3.11/site-packages/diffusers/models/attention_dispatch.py", line 92, in <module>
    from sageattention import (
  File "/usr/local/lib/python3.11/site-packages/sageattention/__init__.py", line 1, in <module>
    from .core import sageattn, sageattn_varlen
  File "/usr/local/lib/python3.11/site-packages/sageattention/core.py", line 47, in <module>
    from .quant import per_block_int8 as per_block_int8_cuda
  File "/usr/local/lib/python3.11/site-packages/sageattention/quant.py", line 20, in <module>
    from . import _fused
  File "/root/comfyapp.py", line 17789, in find_spec
    raise ImportError(
ImportError: [comfyapp] blocked CUDA module import 'sageattention._fused' during snap=True to keep snapshot clean

WARNING:root:Cannot import /root/comfy/ComfyUI/custom_nodes/ComfyUI-SeedVR2_VideoUpscaler module for custom nodes: [comfyapp] blocked CUDA module import 'sageattention._fused' during snap=True to keep snapshot clean
WARNING:root:[Impact Pack] custom_wildcards path not found: C:\Users\parla\OneDrive\Documents\AI HUB\ComfyUI June Install\ComfyUI\custom_nodes\comfyui-impact-pack\custom_wildcards. Using default path.
[34m[ComfyUI-Easy-Use] server: [0mv1.3.6 [92mLoaded[0m
[34m[ComfyUI-Easy-Use] web root: [0m/root/comfy/ComfyUI/custom_nodes/comfyui-easy-use/web_version/v2 [92mLoaded[0m
### ComfyUI-Workflow-Encrypt: Copy .js from '/root/comfy/ComfyUI/custom_nodes/comfyui-workflow-encrypt/js/comfyui-workflow-encrypt.js' to '/root/comfy/ComfyUI/web/extensions/comfyui-workflow-encrypt'
[v2.startup_stage] stage=custom_node_import event=end wall_unix_ns=1786586014730159327 monotonic_ns=30816871790 duration_ms=15216.445 slow_import_summary_source=comfyui.nodes.init_external_custom_nodes
[comfyapp] custom_node_import_health: registered=2397 volume_syncable=24 comfy_entries=28 comfy_symlinks=0 failures=0 snapshot_deferred=0
[comfyapp] custom_node_import_health: volume_dirs=['ComfyUI-CacheDiT', 'ComfyUI-Flux2Klein-Enhancer', 'ComfyUI-KJNodes', 'ComfyUI-SeedVR2_VideoUpscaler', 'ComfyUI_LayerStyle', 'RES4LYF', 'cg-use-everywhere', 'comfyui-custom-scripts', 'comfyui-detail-daemon', 'comfyui-easy-use', 'comfyui-impact-pack', 'comfyui-levelpixel', 'comfyui-lora-manager', 'comfyui-manager', 'comfyui-modal', 'comfyui-workflow-encrypt', 'comfyui_controlnet_aux', 'comfyui_essentials', 'comfyui_fill-nodes', 'comfyui_image_metadata_extension', 'comfyui_lg_samplingutils', 'comfyui_sam3', 'masquerade-nodes-comfyui', 'rgthree-comfy']
[comfyapp] sage_policy module=model_optimization_nodes.py found=True patched=True baked_cuda_available=False duration=6.4ms
[comfyapp] in-process backend initialized in 23.080s
[v2.startup_stage] stage=backend_startup event=end wall_unix_ns=1786586014801761189 monotonic_ns=30888475814 duration_ms=23089.281
[v2.sage_snapshot] action=discover_and_patch module=/root/comfy/ComfyUI/custom_nodes/ComfyUI-KJNodes.nodes.model_optimization_nodes target=patch_kjnodes_get_sage_func.<locals>.wrapped_get_sage_func mode=patched_at_snapshot version=comfymodal-sage-v1
[v2.generation_identity] method=startup custom_nodes_generation='fbecafb8ae72728ebc36d581…' raw_empty=false source=persisted_record runtime_state_generation='' api_object_id=47432681091408 deployment_combined_hash=1bd881d798947977
[v2.startup_stage] stage=certificate_snapshot_retention event=start wall_unix_ns=1786586014816689365 monotonic_ns=30903403783
[v2.cert_snapshot] status=fallback reason=seed_missing
[v2.startup_stage] stage=certificate_snapshot_retention event=end wall_unix_ns=1786586014816952107 monotonic_ns=30903666736 duration_ms=0.263 status=fallback reason=seed_missing
[v2.startup_stage] stage=dependency_validation event=start wall_unix_ns=1786586014817098383 monotonic_ns=30903812531
[v2.startup_stage] stage=baked_manifest_read event=start wall_unix_ns=1786586014817132354 monotonic_ns=30903846347
[v2.startup_stage] stage=baked_manifest_read event=end wall_unix_ns=1786586014817675266 monotonic_ns=30904389688 duration_ms=0.543
[dep_manifest] persisted identity=e996435d47bc4512... combined_hash=1bd881d798947977... elapsed_ms=1540.5
[v2.dep_manifest] startup build/persist done in 1541.2ms identity=e996435d47bc4512 combined_hash=1bd881d798947977 cn_gen=fbecafb8ae72728e repair_mode=fail_fast baked_ok=1 ident_ok=1
[v2.startup_stage] stage=dependency_validation event=end wall_unix_ns=1786586016358369982 monotonic_ns=32445084675 duration_ms=1541.272
[v2.deployment_proof] schema=1 complete=True reason=ok dep_hash=1bd881d798947977 baked_gen=fbecafb8ae72728e gen_ok=1 reg_fp=True dep_identity=True repair_mode=n/a
[comfyapp] snapshot_preload_profile source=none - no warmup profile configured
[v2.runtime_shape] stage=snapshot_pre_capture runtime_shape_fingerprint=f504e296c398bdcb2c4c07e2 runtime_shape_label=None thread_policy=TBASE snapshot_model_order=O0 cpu_request=12 memory_request=32768 native_thread_count=35 configured_omp=None configured_mkl=None configured_openblas=None configured_numexpr=None malloc_arena_max=None native_library_settings={'OMP_NUM_THREADS': '12', 'MKL_NUM_THREADS': '12', 'OPENBLAS_NUM_THREADS': '12', 'NUMEXPR_NUM_THREADS': None, 'MALLOC_ARENA_MAX': None} torch_intraop_threads=12 torch_interop_threads=28 actual_torch_intraop_threads=12 actual_torch_interop_threads=28 requested_torch_intraop_threads=None requested_torch_interop_threads=None requested_vs_actual_match=True status=baseline_passthrough error= before={'torch_intraop_threads': 12, 'torch_interop_threads': 28}
[v2.startup_stage] stage=clip_snapshot_load event=start wall_unix_ns=1786586016549990856 monotonic_ns=32636704814
[active_read] registered owner=graph_loader key=/__modal/volumes/vo-QI6fCKykvocVkUBVGsuZgm/text_encoders/qwen_3_4b.safetensors active_read_id=156aa35829624b95 restored_instance_id= restore_session_id= request_id= start_wall_unix_ns=1786586016552138240 start_monotonic_ns=32638851239 start_thread_time_ns=28180000000 start_process_time_ns=31890000000 native_tid=2 active_read_path_hash=18da7c5b6a0c3132 active_read_file_size=8044982048 active_read_st_dev=30 active_read_st_ino=85 active_read_governor_enabled=0 active_read_priority=80 active_read_size_bytes=8044982048 active_read_size_mb=7672.3 active_read_is_large=1 active_read_classification_source=file_size active_read_queue_enter_ms=0.0 active_read_queue_exit_ms=0.0 active_read_queue_wait_ms=0.0 active_read_large_slots_used_at_enter=0 active_read_large_slots_used_at_start=0 active_read_concurrent_large_reads_at_start=1 active_read_attached_existing_future=0 active_read_duplicate_prevented=0
[active_read] completed owner=graph_loader key=/__modal/volumes/vo-QI6fCKykvocVkUBVGsuZgm/text_encoders/qwen_3_4b.safetensors active_read_id=156aa35829624b95 restored_instance_id= restore_session_id= complete_wall_unix_ns=1786586021873353472 complete_monotonic_ns=37960065573 complete_thread_time_ns=31260000000 complete_process_time_ns=66890000000 complete_native_tid=2 wall_ms=5321.214 thread_cpu_ms=3080.0 process_cpu_ms=35000.0 majf=None minf=None inblock=None nvcsw=None nivcsw=None read_bytes=None rchar=None path_hash=18da7c5b6a0c3132 file_size=8044982048 st_dev=30 st_ino=85
[v2.active_read_diag] active_read_id=156aa35829624b95 owner=graph_loader request_id= restore_session_id= path_hash=18da7c5b6a0c3132 wall_ms=5321.214 thread_cpu_ms=3080.0 process_cpu_ms=35000.0 read_bytes=not_observed_in_this_thread rchar=not_observed_in_this_thread minor_faults=None major_faults=None context_switches=None/None counter_status=unsupported legacy_counter_status=unsupported thread_cpu_status=unsupported process_cpu_status=unsupported io_status=unsupported page_fault_status=unsupported block_input_status=unsupported context_switch_status=unsupported native_thread_id=2
[v2.startup_stage] stage=clip_snapshot_load event=end wall_unix_ns=1786586022791026436 monotonic_ns=38877741459 duration_ms=6241.037
[v2.startup_stage] stage=unet_snapshot_load event=start wall_unix_ns=1786586023254276416 monotonic_ns=39340990439
[active_read] registered owner=graph_loader key=/__modal/volumes/vo-QI6fCKykvocVkUBVGsuZgm/diffusion_models/z_image_turbo_bf16.s active_read_id=11f155ede86e4ef8 restored_instance_id= restore_session_id= request_id= start_wall_unix_ns=1786586023259219456 start_monotonic_ns=39345932161 start_thread_time_ns=32590000000 start_process_time_ns=73610000000 native_tid=2 active_read_path_hash=8d2256b3cff6bbd2 active_read_file_size=12309866400 active_read_st_dev=30 active_read_st_ino=90 active_read_governor_enabled=0 active_read_priority=100 active_read_size_bytes=12309866400 active_read_size_mb=11739.6 active_read_is_large=1 active_read_classification_source=file_size active_read_queue_enter_ms=0.0 active_read_queue_exit_ms=0.0 active_read_queue_wait_ms=0.0 active_read_large_slots_used_at_enter=0 active_read_large_slots_used_at_start=0 active_read_concurrent_large_reads_at_start=1 active_read_attached_existing_future=0 active_read_duplicate_prevented=0
[active_read] completed owner=graph_loader key=/__modal/volumes/vo-QI6fCKykvocVkUBVGsuZgm/diffusion_models/z_image_turbo_bf16.s active_read_id=11f155ede86e4ef8 restored_instance_id= restore_session_id= complete_wall_unix_ns=1786586028337403136 complete_monotonic_ns=44424115196 complete_thread_time_ns=34290000000 complete_process_time_ns=109630000000 complete_native_tid=2 wall_ms=5078.183 thread_cpu_ms=1700.0 process_cpu_ms=36020.0 majf=None minf=None inblock=None nvcsw=None nivcsw=None read_bytes=None rchar=None path_hash=8d2256b3cff6bbd2 file_size=12309866400 st_dev=30 st_ino=90
[v2.active_read_diag] active_read_id=11f155ede86e4ef8 owner=graph_loader request_id= restore_session_id= path_hash=8d2256b3cff6bbd2 wall_ms=5078.183 thread_cpu_ms=1700.0 process_cpu_ms=36020.0 read_bytes=not_observed_in_this_thread rchar=not_observed_in_this_thread minor_faults=None major_faults=None context_switches=None/None counter_status=unsupported legacy_counter_status=unsupported thread_cpu_status=unsupported process_cpu_status=unsupported io_status=unsupported page_fault_status=unsupported block_input_status=unsupported context_switch_status=unsupported native_thread_id=2
[v2.startup_stage] stage=unet_snapshot_load event=end wall_unix_ns=1786586028993569550 monotonic_ns=45080284640 duration_ms=5739.294
[v2.startup_stage] stage=vae_snapshot_load event=start wall_unix_ns=1786586029541515499 monotonic_ns=45628229461
[active_read] registered owner=graph_loader key=/__modal/volumes/vo-QI6fCKykvocVkUBVGsuZgm/vae/ae.safetensors active_read_id=8252e11effeb473c restored_instance_id= restore_session_id= request_id= start_wall_unix_ns=1786586029544308736 start_monotonic_ns=45631021333 start_thread_time_ns=35440000000 start_process_time_ns=116410000000 native_tid=2 active_read_path_hash=4c78afa4b05fac11 active_read_file_size=335304388 active_read_st_dev=30 active_read_st_ino=92 active_read_governor_enabled=0 active_read_priority=40 active_read_size_bytes=335304388 active_read_size_mb=319.8 active_read_is_large=0 active_read_classification_source=file_size active_read_queue_enter_ms=0.0 active_read_queue_exit_ms=0.0 active_read_queue_wait_ms=0.0 active_read_large_slots_used_at_enter=0 active_read_large_slots_used_at_start=0 active_read_concurrent_large_reads_at_start=0 active_read_attached_existing_future=0 active_read_duplicate_prevented=0
[active_read] completed owner=graph_loader key=/__modal/volumes/vo-QI6fCKykvocVkUBVGsuZgm/vae/ae.safetensors active_read_id=8252e11effeb473c restored_instance_id= restore_session_id= complete_wall_unix_ns=1786586029914610944 complete_monotonic_ns=46001322960 complete_thread_time_ns=35640000000 complete_process_time_ns=119250000000 complete_native_tid=2 wall_ms=370.302 thread_cpu_ms=200.0 process_cpu_ms=2840.0 majf=None minf=None inblock=None nvcsw=None nivcsw=None read_bytes=None rchar=None path_hash=4c78afa4b05fac11 file_size=335304388 st_dev=30 st_ino=92
[v2.active_read_diag] active_read_id=8252e11effeb473c owner=graph_loader request_id= restore_session_id= path_hash=4c78afa4b05fac11 wall_ms=370.302 thread_cpu_ms=200.0 process_cpu_ms=2840.0 read_bytes=not_observed_in_this_thread rchar=not_observed_in_this_thread minor_faults=None major_faults=None context_switches=None/None counter_status=unsupported legacy_counter_status=unsupported thread_cpu_status=unsupported process_cpu_status=unsupported io_status=unsupported page_fault_status=unsupported block_input_status=unsupported context_switch_status=unsupported native_thread_id=2
[v2.startup_stage] stage=vae_snapshot_load event=end wall_unix_ns=1786586029980992873 monotonic_ns=46067707754 duration_ms=439.478
[v2.vae_snapshot] status=retained vae_identity=ae.safetensors object_type=VAE object_id=47437228270608 vae_policy_version=1 vae_weight_dtype=bfloat16 vae_compute_dtype=bfloat16_native vae_memory_format=contiguous vae_prefetch_mode=off c5_impl_version=1.0.0 storage_bytes=167639366 floating_parameter_count=244 mismatched_parameter_buffer_count=0
[v2.unet_runtime_state] stage=snapshot_created unet_identity=z_image_turbo_bf16.safetensors requested_weight_dtype=default effective_snapshot_weight_dtype=bfloat16 effective_snapshot_compute_dtype=bfloat16 effective_snapshot_manual_cast_dtype=none effective_weight_dtype=bfloat16 dtype_resolution_source=target_gpu_policy target_gpus=RTX-PRO-6000 state={"current_device":"cpu","diffusion_model_object_id":"47437228140624","diffusion_model_type":"NextDiT","effective_snapshot_compute_dtype":"bfloat16","effective_snapshot_manual_cast_dtype":"none","first_buffer_device":"absent","first_buffer_dtype":"absent","first_parameter_device":"cpu","first_parameter_dtype":"torch.bfloat16","forward_module":"NextDiT","forward_qualname":"NextDiT.forward","load_device":"cpu","loaded_models_member":"absent","manual_cast_dtype":"absent","model_dtype":"torch.bfloat16","model_loaded_weight_memory":"0","model_lowvram":"False","model_lowvram_patch_counter":"0","model_object_id":"47437228141008","model_options_keys":["transformer_options"],"model_type":"Lumina2","object_patch_count":0,"offload_device":"cpu","param_distribution":{"param_count":453,"param_dev_dtype_count":{"cpu|torch.bfloat16":453},"param_dev_dtype_numel":{"cpu|torch.bfloat16":6154908736},"param_distribution_hash":"96e377c80251860d5549077cedd369a544935a81bfbda9128343843e9dd54c80","total_param_numel":6154908736},"patch_count":0,"patcher_object_id":"47437228274640","patcher_type":"ModelPatcher","transformer_options_keys":[],"weight_dtype":"absent"}
[v2.host_memory] stage=restore_complete current_mib=absent peak_mib=absent limit_mib=absent process_rss_mib=24568.8 process_maxrss_mib=35687.4 oom_count=absent oom_kill_count=absent status=ok cgroup_path=absent cgroup_mount=absent
[v2.startup_stage] stage=cachedit_preparation event=start wall_unix_ns=1786586031145014994 monotonic_ns=47231729397
[cachedit.startup] preimport transformers version=4.55.2 path=/usr/local/lib/python3.11/site-packages/transformers/__init__.py
[cachedit.startup] preimport diffusers version=0.36.0 path=/usr/local/lib/python3.11/site-packages/diffusers/__init__.py
/usr/local/lib/python3.11/site-packages/diffusers/models/transformers/transformer_kandinsky.py:168: UserWarning: CUDA is not available or torch_xla is imported. Disabling autocast.
  @torch.autocast(device_type="cuda", dtype=torch.float32)
/usr/local/lib/python3.11/site-packages/diffusers/models/transformers/transformer_kandinsky.py:272: UserWarning: CUDA is not available or torch_xla is imported. Disabling autocast.
  @torch.autocast(device_type="cuda", dtype=torch.float32)
[cachedit.startup] preimport cache_dit version=1.2.3 path=/usr/local/lib/python3.11/site-packages/cache_dit/__init__.py
[cachedit.startup] cache_dit metadata={'__version__': '1.2.3', 'top_level_classes': ['BasicCacheConfig', 'BlockAdapter', 'CacheType', 'CalibratorConfig', 'DBCacheConfig', 'DBPruneConfig', 'FoCaCalibratorConfig', 'ForwardPattern', 'ParallelismBackend', 'ParallelismConfig', 'ParamsModifier', 'PatchFunctor', 'ProfilerContext', 'TaylorSeerCalibratorConfig']}
[v2.startup_stage] stage=cachedit_preparation event=end wall_unix_ns=1786586031816006987 monotonic_ns=47902721676 duration_ms=670.992
[cachedit.startup] preimport ok transformers=4.55.2 diffusers=0.36.0 cache_dit=1.2.3 cache_dit_info={'__version__': '1.2.3', 'top_level_classes': ['BasicCacheConfig', 'BlockAdapter', 'CacheType', 'CalibratorConfig', 'DBCacheConfig', 'DBPruneConfig', 'FoCaCalibratorConfig', 'ForwardPattern', 'ParallelismBackend', 'ParallelismConfig', 'ParamsModifier', 'PatchFunctor', 'ProfilerContext', 'TaylorSeerCalibratorConfig']}
[v2.snapshot_pools] stage=before_snapshot_capture legacy_threads_joined=0 legacy_worker_refs_removed=0 coordinator_closed=1 native_thread_count=46
[v2.snapshot_model_eviction_memory] stage=full_models_loaded vm_rss_mib=24596.46484375 vm_hwm_mib=absent smaps_rss_mib=absent smaps_pss_mib=absent smaps_private_clean_mib=absent smaps_private_dirty_mib=absent smaps_shared_clean_mib=absent smaps_shared_dirty_mib=absent smaps_anonymous_mib=absent native_thread_count=46 torch_intraop_threads=12 torch_interop_threads=28 loaded_module_count=10471
[v2.snapshot_model_eviction_memory] stage=after_full_eviction vm_rss_mib=16237.12109375 vm_hwm_mib=absent smaps_rss_mib=absent smaps_pss_mib=absent smaps_private_clean_mib=absent smaps_private_dirty_mib=absent smaps_shared_clean_mib=absent smaps_shared_dirty_mib=absent smaps_anonymous_mib=absent native_thread_count=46 torch_intraop_threads=12 torch_interop_threads=28 loaded_module_count=10471
[v2.snapshot_model_eviction] stage=snapshot_pre_capture enabled=1 status=full_eviction_complete retain_role=clip_vae clip_original_id=47436000335760 unet_original_id=47437228274640 original_clip_alive_after_full_eviction=0 original_unet_alive_after_full_eviction=0 full_eviction_rss_drop_mib=8359.3 rss_before_mib=24596.46484375 rss_after_eviction_mib=16237.12109375 malloc_trim_status=applied malloc_trim_result=1
[v2.runtime_shape] stage=snapshot_pre_capture runtime_shape_fingerprint=f504e296c398bdcb2c4c07e2 runtime_shape_label=None thread_policy=TBASE snapshot_model_order=O0 cpu_request=12 memory_request=32768 native_thread_count=46 configured_omp=None configured_mkl=None configured_openblas=None configured_numexpr=None malloc_arena_max=None native_library_settings={'OMP_NUM_THREADS': '12', 'MKL_NUM_THREADS': '12', 'OPENBLAS_NUM_THREADS': '12', 'NUMEXPR_NUM_THREADS': None, 'MALLOC_ARENA_MAX': None} torch_intraop_threads=12 torch_interop_threads=28 actual_torch_intraop_threads=12 actual_torch_interop_threads=28 requested_torch_intraop_threads=None requested_torch_interop_threads=None requested_vs_actual_match=True status=baseline_passthrough error= before={'torch_intraop_threads': 12, 'torch_interop_threads': 28}
[v2.startup_stage] stage=clip_snapshot_load event=start wall_unix_ns=1786586034115229316 monotonic_ns=50201944355
[active_read] registered owner=graph_loader key=/__modal/volumes/vo-QI6fCKykvocVkUBVGsuZgm/text_encoders/qwen_3_4b.safetensors active_read_id=96fe4e833f68454a restored_instance_id= restore_session_id= request_id= start_wall_unix_ns=1786586034118330624 start_monotonic_ns=50205043151 start_thread_time_ns=39610000000 start_process_time_ns=124100000000 native_tid=2 active_read_path_hash=18da7c5b6a0c3132 active_read_file_size=8044982048 active_read_st_dev=30 active_read_st_ino=85 active_read_governor_enabled=0 active_read_priority=80 active_read_size_bytes=8044982048 active_read_size_mb=7672.3 active_read_is_large=1 active_read_classification_source=file_size active_read_queue_enter_ms=0.0 active_read_queue_exit_ms=0.0 active_read_queue_wait_ms=0.0 active_read_large_slots_used_at_enter=0 active_read_large_slots_used_at_start=0 active_read_concurrent_large_reads_at_start=1 active_read_attached_existing_future=0 active_read_duplicate_prevented=0
[active_read] completed owner=graph_loader key=/__modal/volumes/vo-QI6fCKykvocVkUBVGsuZgm/text_encoders/qwen_3_4b.safetensors active_read_id=96fe4e833f68454a restored_instance_id= restore_session_id= complete_wall_unix_ns=1786586035332411648 complete_monotonic_ns=51419123122 complete_thread_time_ns=40760000000 complete_process_time_ns=137760000000 complete_native_tid=2 wall_ms=1214.08 thread_cpu_ms=1150.0 process_cpu_ms=13660.0 majf=None minf=None inblock=None nvcsw=None nivcsw=None read_bytes=None rchar=None path_hash=18da7c5b6a0c3132 file_size=8044982048 st_dev=30 st_ino=85
[v2.active_read_diag] active_read_id=96fe4e833f68454a owner=graph_loader request_id= restore_session_id= path_hash=18da7c5b6a0c3132 wall_ms=1214.08 thread_cpu_ms=1150.0 process_cpu_ms=13660.0 read_bytes=not_observed_in_this_thread rchar=not_observed_in_this_thread minor_faults=None major_faults=None context_switches=None/None counter_status=unsupported legacy_counter_status=unsupported thread_cpu_status=unsupported process_cpu_status=unsupported io_status=unsupported page_fault_status=unsupported block_input_status=unsupported context_switch_status=unsupported native_thread_id=2
[v2.startup_stage] stage=clip_snapshot_load event=end wall_unix_ns=1786586037325354705 monotonic_ns=53412070309 duration_ms=3210.126
[v2.startup_stage] stage=vae_snapshot_load event=start wall_unix_ns=1786586037325634675 monotonic_ns=53412348667
[active_read] registered owner=graph_loader key=/__modal/volumes/vo-QI6fCKykvocVkUBVGsuZgm/vae/ae.safetensors active_read_id=df013838e2264d6f restored_instance_id= restore_session_id= request_id= start_wall_unix_ns=1786586037328351232 start_monotonic_ns=53415064281 start_thread_time_ns=42570000000 start_process_time_ns=151970000000 native_tid=2 active_read_path_hash=4c78afa4b05fac11 active_read_file_size=335304388 active_read_st_dev=30 active_read_st_ino=92 active_read_governor_enabled=0 active_read_priority=40 active_read_size_bytes=335304388 active_read_size_mb=319.8 active_read_is_large=0 active_read_classification_source=file_size active_read_queue_enter_ms=0.0 active_read_queue_exit_ms=0.0 active_read_queue_wait_ms=0.0 active_read_large_slots_used_at_enter=0 active_read_large_slots_used_at_start=0 active_read_concurrent_large_reads_at_start=0 active_read_attached_existing_future=0 active_read_duplicate_prevented=0
[active_read] completed owner=graph_loader key=/__modal/volumes/vo-QI6fCKykvocVkUBVGsuZgm/vae/ae.safetensors active_read_id=df013838e2264d6f restored_instance_id= restore_session_id= complete_wall_unix_ns=1786586037389475584 complete_monotonic_ns=53476187573 complete_thread_time_ns=42630000000 complete_process_time_ns=152580000000 complete_native_tid=2 wall_ms=61.123 thread_cpu_ms=60.0 process_cpu_ms=610.0 majf=None minf=None inblock=None nvcsw=None nivcsw=None read_bytes=None rchar=None path_hash=4c78afa4b05fac11 file_size=335304388 st_dev=30 st_ino=92
[v2.active_read_diag] active_read_id=df013838e2264d6f owner=graph_loader request_id= restore_session_id= path_hash=4c78afa4b05fac11 wall_ms=61.123 thread_cpu_ms=60.0 process_cpu_ms=610.0 read_bytes=not_observed_in_this_thread rchar=not_observed_in_this_thread minor_faults=None major_faults=None context_switches=None/None counter_status=unsupported legacy_counter_status=unsupported thread_cpu_status=unsupported process_cpu_status=unsupported io_status=unsupported page_fault_status=unsupported block_input_status=unsupported context_switch_status=unsupported native_thread_id=2
[v2.startup_stage] stage=vae_snapshot_load event=end wall_unix_ns=1786586037461571448 monotonic_ns=53548286370 duration_ms=135.938
[v2.snapshot_model_eviction] stage=snapshot_pre_capture enabled=1 status=non_fatal_floor_failure retain_role=clip_vae floor=final_reduction threshold_mib=4096 actual_mib=-1800.3 actual_bytes=? selected_reload_rss_rise_mib=10159.7 final_reduction_from_full_mib=-1800.3 selected_storage_total_bytes=8380214928 after_full_eviction_rss_mib=16237.12109375 after_selected_reload_rss_mib=26396.79296875 full_models_rss_mib=24596.46484375 malloc_trim_status=applied malloc_trim_result=1
[v2.snapshot_model_eviction_memory] stage=after_selected_reload vm_rss_mib=26396.79296875 vm_hwm_mib=absent smaps_rss_mib=absent smaps_pss_mib=absent smaps_private_clean_mib=absent smaps_private_dirty_mib=absent smaps_shared_clean_mib=absent smaps_shared_dirty_mib=absent smaps_anonymous_mib=absent native_thread_count=46 torch_intraop_threads=12 torch_interop_threads=28 loaded_module_count=10471
[v2.snapshot_model_eviction] stage=snapshot_pre_capture enabled=1 status=ready floor_failures=1 floor_failures_details=final_reduction=-1800.3 retain_role=clip_vae retained_model_present=0 retained_model_id=47435997364880 retained_model_type=CLIP retained_weakref_alive=1 original_clip_alive_after_full_eviction=0 original_unet_alive_after_full_eviction=0 original_vae_alive_after_full_eviction=0 reloaded_model_present=0 reloaded_model_id=47435997364880 reloaded_model_is_new_object=1 clip_original_id=47436000335760 unet_original_id=47437228274640 vae_original_id=47437228270608 container_retained=1 normal_cpu_snapshot_models_present=1 clip_present=1 vae_present=1 unet_present=0 full_eviction_rss_drop_mib=8359.3 selected_reload_rss_rise_mib=10159.7 final_reduction_from_full_mib=-1800.3 selected_storage_count=399 selected_storage_total_bytes=8380214928 selected_storage_total_mib=7991.996 full_models_rss_mib=24596.46484375 after_full_eviction_rss_mib=16237.12109375 after_selected_reload_rss_mib=26396.79296875 bridge_active_preparation=0 bridge_active_preparation_before_clear=0 snapshot_loader_output_count=0 snapshot_seed_present=0 native_threads=46 torch_intraop=12 torch_interop=28 patcher_cleanup_count=3 patcher_detach_count=3 patcher_cleanup_errors=0 malloc_trim_status=applied malloc_trim_result=1
[v2.startup_stage] stage=vae_preparation event=start wall_unix_ns=1786586037541699015 monotonic_ns=53628414720 status=skipped reason=vae_not_part_of_cpu_snapshot
[v2.startup_stage] stage=vae_preparation event=end wall_unix_ns=1786586037541826645 monotonic_ns=53628540762 status=skipped reason=vae_not_part_of_cpu_snapshot duration_ms=0.0
[restore_memory_arm] freeze skipped: no_state_dir
[v2.startup_stage] stage=snapshot_startup_callback event=return wall_unix_ns=1786586037544293018 monotonic_ns=53631006958 status=ready
[v2.lifecycle] method=startup snap=True container_session=931caa22faae4d3f restore_total_ms=43282.691 status=ready
Snapshot created. Restoring Function from memory snapshot.
Restoring Function from memory snapshot.
[v2.startup_stage] stage=post_snapshot_restore event=start wall_unix_ns=1786586064749931581 monotonic_ns=80836699176
[v2.snapshot_timing] snapshot_callback_age_at_restore_ms=27206.248 snapshot_callback_to_command_start_ms=unavailable command_start_to_restore_start_ms=unavailable request_latency_included=0 source=snapshot_callback_return_to_restore_start
[v2.snapshot_model_eviction] stage=restore_observed marker=1 cpu_snapshot_models_present=1 clip_present=1 unet_present=0 retained_role=clip_vae retained_model_id=0 retained_model_type= rss_after_restore_mib=11571.16796875 native_thread_count=46 torch_intraop=12 torch_interop=28 wall_unix_ns=1786586064758732342
[v2.snapshot_model_eviction] stage=restore_release_retained retain_role=clip_vae status=container_retained container_present=1 clip_present=1 vae_present=1 unet_present=0 retained_slot_release=0 retained_model_id=0 retained_alive_after_release=0 rss_before_release_mib=absent rss_after_gc_mib=absent rss_after_trim_mib=absent rss_drop_mib=absent malloc_trim_status=absent malloc_trim_result=absent restore_release_start_wall_unix_ns=1786586064758887139 restore_release_end_wall_unix_ns=1786586064758887139 wall_unix_ns=1786586064758887139
[v2.residency_config] enabled=0
[v2.host_memory] stage=restore_start current_mib=absent peak_mib=absent limit_mib=absent process_rss_mib=11853.8 process_maxrss_mib=35687.4 oom_count=absent oom_kill_count=absent status=ok cgroup_path=absent cgroup_mount=absent
[v2.runtime_shape] stage=after_restore runtime_shape_fingerprint=f504e296c398bdcb2c4c07e2 runtime_shape_label=None thread_policy=TBASE snapshot_model_order=O0 cpu_request=12 memory_request=32768 native_thread_count=46 configured_omp=None configured_mkl=None configured_openblas=None configured_numexpr=None malloc_arena_max=None native_library_settings={'OMP_NUM_THREADS': '12', 'MKL_NUM_THREADS': '12', 'OPENBLAS_NUM_THREADS': '12', 'NUMEXPR_NUM_THREADS': None, 'MALLOC_ARENA_MAX': None} torch_intraop_threads=12 torch_interop_threads=28 actual_torch_intraop_threads=12 actual_torch_interop_threads=28 requested_torch_intraop_threads=None requested_torch_interop_threads=None requested_vs_actual_match=True status=baseline_passthrough error=
[v2.opt.gpu_state] total_memory_ms=341.26
[comfyapp] gpu_state restored vram=97250MB ram=1048576MB vram_state=VRAMState.HIGH_VRAM in 344.6ms
[restore.cuda_context] available=1 device_index=0 device=NVIDIA RTX PRO 6000 Blackwell Server Edition sync_ms=3.375 total_ms=3.561
[v2.sage_restore] decision=snapshot_exact_skip discovery_called=0 verify_ms=0.077
[v2.custom_node_restore] decision=snapshot_exact_skip callback_called=0 source=persisted_record check_ms=1.27
[v2.startup_stage] stage=snapshot_execution_seed event=start wall_unix_ns=1786586065849079985 monotonic_ns=81935794579
[v2.seed_restore] source=startup_minimal schema=2 topology_available=0 workflow_hash= loader_signatures=0
[v2.startup_stage] stage=snapshot_execution_seed event=end wall_unix_ns=1786586065852228476 monotonic_ns=81938942582 duration_ms=3.148
[v2.generation_identity] method=restore custom_nodes_generation='fbecafb8ae72728ebc36d581…' raw_empty=false source=persisted_record runtime_state_generation='' api_object_id=47432681091408 deployment_combined_hash=1bd881d798947977
[v2.prefill_config] env=critical parsed=critical cpu_snapshot_container_active=0 native_fast_disk_unet_execution_active=0
[v2.restore_breakdown] bootstrap_ms=1055.516 unet_cache_patch_ms=None clip_prepare_submit_ms=None clip_worker_wait_ms=None unet_spec_extract_ms=None bg_unet_submit_ms=None restore_finalize_ms=0.273
[v2.clip_stages] worker_queue_ms=None load_torch_file_ms=None read_to_ready_ms=None post_read_cpu_prepare_ms=None gpu_wait_ms=None gpu_commit_ms=None read_end_to_ready_ms=None worker_total_ms=None worker_close_wait_ms=None restore_finalization_ms=0.273
[v2.restoration_identity] restored_instance_id=d97e114318c7469e96191635682f982d restore_session_id=f3a65a6b6f2f4c29b1441beea80934e3 container_session_id=931caa22faae4d3f modal_task_id=ta-01KZWD58HVKNH9HZRZETF5A3GR modal_image_id=im-8KexmbMytHCmXTxTMl6pl9 modal_cloud=CLOUD_PROVIDER_AWS modal_region=eu-central-1 pid=2 hostname=modal restore_total_ms=1094.536 remote_python_resume_wall_unix_ns=1786586064749831936 restore_method_start_wall_unix_ns=1786586064749831936 restore_method_end_wall_unix_ns=1786586065853546240 modal_method_entry_wall_unix_ns=absent restore_status=success restore_method_status=success 
[v2.lifecycle] method=restore snap=False container_session=931caa22faae4d3f restore_count=1 restore_total_ms=1094.536 remote_python_resume_wall_unix_ns=1786586064749831936 restore_method_start_wall_unix_ns=1786586064749831936 restore_method_end_wall_unix_ns=1786586065853546240 modal_method_entry_wall_unix_ns=absent restore_status=success restore_method_status=success status=restored
[v2.host_memory] stage=restore_complete current_mib=absent peak_mib=absent limit_mib=absent process_rss_mib=13412.1 process_maxrss_mib=35687.4 oom_count=absent oom_kill_count=absent status=ok cgroup_path=absent cgroup_mount=absent
[v2.gpu_allocation] cuda_version=13.0 gpu_actual_name=NVIDIA RTX PRO 6000 Blackwell Server Edition gpu_compute_capability=12.0 gpu_requested_order=RTX-PRO-6000 gpu_vram_total_mib=97250 torch_version=2.13.0+cu130
[v2.startup_stage] stage=post_snapshot_restore event=end wall_unix_ns=1786586065858610345 monotonic_ns=81945324178 duration_ms=1108.625
[v2.startup_stage] stage=first_remote_method_entry event=entry wall_unix_ns=1786586066052379946 monotonic_ns=82139093698
[v2.env_profile] effective_profile=inherit container_profile=inherit request_override=inherit request_override_applied=0 source=request-inherit-noop
[v2.request_variance_env] COMFYMODAL_V2_VAE_EARLY_START_MS=750
[v2.local_submission_breakdown.remote] request_id=v2-benchmark-0-30ac9b281676 local_receive_to_worker_start_ms=18954.0 worker_start_to_normalize_start_ms=0.0 normalize_production_options_ms=0.0 normalize_end_to_trace_construct_start_ms=0.0 runtime_trace_construct_ms=0.0 trace_construct_to_options_copy_start_ms=0.0 benchmark_options_copy_ms=0.0 options_copy_to_client_id_start_ms=0.0 client_id_generation_ms=0.0 client_id_end_to_plan_call_ms=0.0 plan_call_to_function_entry_ms=0.0 worker_start_to_plan_build_ms=0.0 local_receive_to_plan_build_start_ms=18954.0 worker_queue_ms=0.0 plan_build_ms=78.0 plan_build_to_execute_plan_entry_ms=0.0 execute_plan_entry_to_plan_materialization_ms=0.0 plan_materialization_ms=0.0 plan_materialization_to_active_profile_ms=0.0 active_profile_ms=0.0 restore_plan_build_ms=absent restore_publish_ms=absent restore_publish_to_transport_entry_ms=absent transport_entry_to_handle_lookup_ms=0.0 handle_lookup_ms=absent payload_materialization_ms=0.0 payload_size_measurement_ms=0.0 payload_size_to_serialize_end_ms=0.0 payload_ready_to_modal_call_ms=0.0 local_receive_to_modal_call_ms=19032.0 generator_create_ms=absent generator_created_to_first_iteration_ms=absent local_receive_to_actual_submission_ms=absent measured_children_ms=absent residual_ms=absent reconciliation_status=incomplete profile_cache_hit=False profile_remote_call_performed=False profile_checker_matched=False restore_publish_cache_hit=absent restore_remote_call_performed=absent handle_cache_hit=absent plan_to_dict_count=1 payload_bytes=19458 active_profile_local_ms=0.0 active_profile_cache_lookup_ms=0.0 active_profile_checker_ms=0.0 active_profile_setter_ms=0.0 active_profile_total_ms=0.0 created_modal_client=False performed_cls_from_name=False constructed_class_instance=False input_image_count=0 workflow_node_count=43 unmeasured_boundary=absent
[v2.seed_restore] source=invocation_plan schema=2 topology_available=1 workflow_hash=2e43d4c0ba3b82c0 loader_nodes=3 sampler_nodes=1 reachable_nodes=43 static_signatures=43
[v2.runtime_shape] stage=request_entry runtime_shape_fingerprint=f504e296c398bdcb2c4c07e2 runtime_shape_label=None thread_policy=TBASE snapshot_model_order=O0 cpu_request=12 memory_request=32768 native_thread_count=48 configured_omp=None configured_mkl=None configured_openblas=None configured_numexpr=None malloc_arena_max=None native_library_settings={'OMP_NUM_THREADS': '12', 'MKL_NUM_THREADS': '12', 'OPENBLAS_NUM_THREADS': '12', 'NUMEXPR_NUM_THREADS': None, 'MALLOC_ARENA_MAX': None} torch_intraop_threads=12 torch_interop_threads=28 actual_torch_intraop_threads=12 actual_torch_interop_threads=28 requested_torch_intraop_threads=None requested_torch_interop_threads=None requested_vs_actual_match=True status=baseline_passthrough error=
[v2.method_entry_gap] restore_to_method_ms=193.784 first_line_to_running_log_ms=13.639 same_process=True identity_mismatch_reasons=none remote_python_resume_wall_unix_ns=1786586064749831936 restore_method_start_wall_unix_ns=1786586064749831936 restore_method_end_wall_unix_ns=1786586065853546240 modal_method_entry_wall_unix_ns=1786586066052363264 restore_end_to_modal_method_ms=198.815
[v2.snapshot_timing] snapshot_callback_age_at_restore_ms=27206.248 snapshot_callback_to_command_start_ms=unavailable command_start_to_restore_start_ms=102682.832 command_start_to_python_resume_ms=102682.832 command_start_to_restore_end_ms=103786.546 request_latency_included=0_for_callback_age
[v2.host_memory] stage=prompt_executor_start current_mib=absent peak_mib=absent limit_mib=absent process_rss_mib=13412.4 process_maxrss_mib=35687.4 oom_count=absent oom_kill_count=absent status=ok cgroup_path=absent cgroup_mount=absent
[v2.cpu_snapshot_models] cpu_snapshot_models_present=1 clip_present=1 unet_present=0 cpu_snapshot_active=0
[v2.cpu_snapshot_request] status=present_but_inactive clip_present=1 unet_present=0 action=clip_vae_only_request_activation
[v2.cpu_snapshot_request] status=clip_vae_only_bind clip_source=cpu_snapshot vae_source=cpu_snapshot unet_source=normal_loader clip_object_id=47435997364880 vae_object_id=47436003211664
[v2.cpu_snapshot_request] status=reused reason=clip_vae_only
[v2.unet_identity_chain] stage=snapshot request_id=v2-benchmark-0-30ac9b281676 unet_object_id=0
[v2.unet_identity_chain] stage=bridge request_id=v2-benchmark-0-30ac9b281676 unet_object_id=0
[v2.snapshot_activation_invariant] profile=inherit models_container_present=1 clip_present=1 unet_present=0 snapshot_enabled_by_config=1 cpu_snapshot_container_active=1 loader_bridge_active=1 execution_prefill_allowed=0 status=pass reason=ok
[v2.execution_prefill] snapshot_active=1 env_raw=critical scheduled=1
[v2.execution_unet] scheduled=1 snapshot_unet_absent=1 request_id=v2-benchmark-0-30ac9b281676
[v2.plan_proof] schema=1 payload=yes validated=True outputs=2 out_ids=107,935:931 wf_hash=2e43d4c0ba3b82c0 recomputed=2e43d4c0ba3b82c0 match=True dep_complete=True consumed=False cert_decision=legacy
[v2.plan_proof.registry] workflow_class_count=31 host_proved_count=31 snapshot_proved_count=31 missing_host=0 missing_snapshot=0 identity_mismatch=0 workflow_registry_match=1 reason=
[v2.plan_proof] parity proof_present=1 proof_complete=1 proof_valid=1 dep_match=1 gen_match=1 wf_reg_match=1 reg_full_match=0 dep_proof_match=1 eligible=1 reason=ok consumed=False
[v2.exec] res4lyf_dummy_init_disabled=1 reported_injected=1 actual_injected=1
[preflight.model_reads] restore_preload_active=0 selected_clip=/root/comfy/ComfyUI/models/text_encoders/qwen_3_4b.safetensors
[v2.clip_conditioning_cache] event=mode flag=COMFYMODAL_V2_CLIP_CONDITIONING_CACHE enabled=1 root=/root/prompt_cache_vol/exact_conditioning max_entries=64 max_bytes=536870912
[v2.generation_identity] custom_nodes_generation='fbecafb8ae72728ebc36d581…' raw_empty=false source=persisted_record runtime_state_generation='' api_object_id=47432681091408 deployment_combined_hash=1bd881d798947977[active_read] registered owner=graph_loader key=/__modal/volumes/vo-QI6fCKykvocVkUBVGsuZgm/diffusion_models/z_image_turbo_bf16.s active_read_id=87306599ed09414a restored_instance_id=d97e114318c7469e96191635682f982d restore_session_id=f3a65a6b6f2f4c29b1441beea80934e3 request_id= start_wall_unix_ns=1786586066112476416 start_monotonic_ns=82199189425 start_thread_time_ns=10000000 start_process_time_ns=154850000000 native_tid=75 active_read_path_hash=8d2256b3cff6bbd2 active_read_file_size=12309866400 active_read_st_dev=30 active_read_st_ino=101 active_read_governor_enabled=0 active_read_priority=100 active_read_size_bytes=12309866400 active_read_size_mb=11739.6 active_read_is_large=1 active_read_classification_source=file_size active_read_queue_enter_ms=0.0 active_read_queue_exit_ms=0.0 active_read_queue_wait_ms=0.0 active_read_large_slots_used_at_enter=0 active_read_large_slots_used_at_start=0 active_read_concurrent_large_reads_at_start=1 active_read_attached_existing_future=0 active_read_duplicate_prevented=0

[v2.plan_proof] decision=plan_validation_fast_path consumed=1 workflow_hash_match=1 validation_hash_match=1 plan_complete=1 snapshot_complete=1 snapshot_valid=1 dep_match=1 gen_match=1 wf_reg_match=1 dependency_match=1 repair_changed=0 outputs_nonempty=1 eligible=1
[v2.host_memory] stage=peak_execution current_mib=absent peak_mib=absent limit_mib=absent process_rss_mib=25153.6 process_maxrss_mib=35687.4 oom_count=absent oom_kill_count=absent status=ok cgroup_path=absent cgroup_mount=absent
[v2.startup_stage] stage=first_prompt_executor_invocation event=start wall_unix_ns=1786586066153019422 monotonic_ns=82239733183
[v2.unet_early_activation] event=mode mode=late env_raw=late restored_instance_id=d97e114318c7469e96191635682f982d restore_session_id=f3a65a6b6f2f4c29b1441beea80934e3
[v2.unet_early_activation] event=skipped request_id=v2-benchmark-0-30ac9b281676 mode=late trigger=conditioning_cache_hit reason=cpu_snapshot_mode_inactive eligible=0
[v2.clip_conditioning_cache] decision=exact_hit key_hash=e24059626b0f3d17f0ba656e18d396b1449e52b9b046a4cf35d5f7874baafa2f identity_status=valid encode_calls=0 schema_version=1 validation_scope=clip_model_workflow_custom_nodes_schema_format_side_conditioning_inputs entries=1 request_id=v2-benchmark-0-30ac9b281676
[active_read] completed owner=graph_loader key=/__modal/volumes/vo-QI6fCKykvocVkUBVGsuZgm/diffusion_models/z_image_turbo_bf16.s active_read_id=87306599ed09414a restored_instance_id=d97e114318c7469e restore_session_id=f3a65a6b6f2f4c29b1441beea80934e3 complete_wall_unix_ns=1786586068325131008 complete_monotonic_ns=84411842687 complete_thread_time_ns=2060000000 complete_process_time_ns=157630000000 complete_native_tid=75 wall_ms=2212.653 thread_cpu_ms=2050.0 process_cpu_ms=2780.0 majf=None minf=None inblock=None nvcsw=None nivcsw=None read_bytes=None rchar=None path_hash=8d2256b3cff6bbd2 file_size=12309866400 st_dev=30 st_ino=101
[v2.active_read_diag] active_read_id=87306599ed09414a owner=graph_loader request_id= restore_session_id=f3a65a6b6f2f4c29b1441beea80934e3 path_hash=8d2256b3cff6bbd2 wall_ms=2212.653 thread_cpu_ms=2050.0 process_cpu_ms=2780.0 read_bytes=not_observed_in_this_thread rchar=not_observed_in_this_thread minor_faults=None major_faults=None context_switches=None/None counter_status=unsupported legacy_counter_status=unsupported thread_cpu_status=unsupported process_cpu_status=unsupported io_status=unsupported page_fault_status=unsupported block_input_status=unsupported context_switch_status=unsupported native_thread_id=75
[v2.vae_early_activation] event=mode mode=sampling_end env_raw=sampling_end restored_instance_id=d97e114318c7469e96191635682f982d restore_session_id=f3a65a6b6f2f4c29b1441beea80934e3
[v2.cpu_owner] operation=CLIPTextEncode role=CLIP wall_ms=2.044 process_cpu_ms=0.000 effective_cores=0.000 native_threads_start=51 native_threads_peak=52 native_threads_end=51
[v2.native_fast_disk_unet] decision=defer reason=ok stage=to patcher_class=comfy.model_patcher.ModelPatcher patcher_dynamic=0 param_count=453 parameter_bytes=12309817472 dtype_distribution={'torch.bfloat16': 453} device_distribution={'cpu': 453} cpu_params=453 cpu_buffers=1 get_model_ms=378.007 ctor_ms=0.331 bind_ms=None to_wall_ms=None to_device_ms=None to_device_ms_label=unavailable
[v2.native_fast_disk_unet] decision=complete reason=ok stage=load_model_weights patcher_class=comfy.model_patcher.ModelPatcher patcher_dynamic=0 param_count=453 parameter_bytes=12309817472 dtype_distribution={'torch.bfloat16': 453} device_distribution={'cuda': 453} cpu_params=0 cpu_buffers=0 get_model_ms=378.007 ctor_ms=0.331 bind_ms=23.518 to_wall_ms=4020.903 to_device_ms=4020.977 to_device_ms_label=synchronized_device
[v2.unet_runtime_state] stage=normal_loader_ready unet_identity=z_image_turbo_bf16.safetensors requested_weight_dtype=default effective_weight_dtype=default state={"current_device":"cuda:0","diffusion_model_object_id":"47437228483024","diffusion_model_type":"NextDiT","first_buffer_device":"absent","first_buffer_dtype":"absent","first_parameter_device":"cuda:0","first_parameter_dtype":"torch.bfloat16","forward_module":"NextDiT","forward_qualname":"NextDiT.forward","load_device":"cuda:0","loaded_models_member":"0","manual_cast_dtype":"absent","model_dtype":"torch.bfloat16","model_loaded_weight_memory":"0","model_lowvram":"False","model_lowvram_patch_counter":"0","model_object_id":"47436804973264","model_options_keys":["transformer_options"],"model_type":"Lumina2","object_patch_count":0,"offload_device":"cuda:0","patch_count":0,"patcher_object_id":"47436805186448","patcher_type":"ModelPatcher","transformer_options_keys":["wrappers"],"weight_dtype":"absent"}
standard
WARNING:root:[FeatureInjLatent] Reference latent: shape=torch.Size([1, 16, 240, 136])
[v2.sampler_boundary] event=sampler_lane_requested sampler_node_id=1242 sampler_node_class=ClownsharKSampler_Beta blocking_owner=absent
[v2.sampler_boundary] event=sampler_lane_acquired sampler_node_id=1242 sampler_node_class=ClownsharKSampler_Beta wait_ms=0.07 blocking_owner=absent
[CacheDiT] Transformer class: NextDiT (module: comfy.ldm.lumina.model)
[v2.gpu_load_boundary] event=load_models_gpu_start request_id=v2-benchmark-0-30ac9b281676 restored_instance_id=d97e114318c7469e96191635682f982d restore_session_id=f3a65a6b6f2f4c29b1441beea80934e3 roles=UNET model_count=1 contains_registered_unet=1 caller_classification=graph_model_loading gpu_allocated_before=12416794624 gpu_reserved_before=12624855040
[v2.gpu_load_boundary] event=load_models_gpu_end request_id=v2-benchmark-0-30ac9b281676 restored_instance_id=d97e114318c7469e96191635682f982d restore_session_id=f3a65a6b6f2f4c29b1441beea80934e3 roles=UNET model_count=1 caller_classification=graph_model_loading wall_ms=84.197 gpu_allocated_after=12416798720 gpu_allocated_delta_bytes=4096
[v2.cpu_owner] operation=load_models_gpu role=other wall_ms=86.002 process_cpu_ms=230.000 effective_cores=2.674 native_threads_start=51 native_threads_peak=52 native_threads_end=51
[v2.unet_identity_chain] check=stage_pair stage_a=bridge stage_b=sampler request_id=v2-benchmark-0-30ac9b281676 patcher_a_object_id=47436805186448 diffusion_a_object_id=47437228483024 patcher_b_object_id=47436035060048 diffusion_b_object_id=47437228483024 ok=1 reason=ok
[v2.unet_gpu_residency] sampler_wrapper_before_sample request_id=v2-benchmark-0-30ac9b281676 enforce=0 status=gpu_resident unet_object_id=47436035060048 parameter_count=453 gpu_parameter_count=453 cpu_parameter_count=0 meta_parameter_count=0 unknown_parameter_count=0 gpu_parameter_fraction=1.0 load_device=cuda:0 current_device=absent diffusion_model_current_device=absent model_cache_size=2 unet_in_model_cache=1 gpu_allocated_bytes=12420976640 gpu_reserved_bytes=12626952192
[v2.sampler_stall_watchdog] stage=armed request_id=v2-benchmark-0-30ac9b281676 restored_instance_id=d97e114318c7469e96191635682f982d sampler_node_id=1242 sampler_class=ClownsharKSampler_Beta patcher_object_id=47436035060048 diffusion_model_object_id=47437228483024 unet_object_id=47436035060048 first_forward_timeout_s=5.0 first_step_timeout_s=15.0
[v2.vae_early_activation] event=scheduled request_id=v2-benchmark-0-30ac9b281676 mode=sampling_end trigger=early_start key_hash=c9ecfee0c4eec14d12c8d85f source=snapshot_vae vae_identity_hash=dd8f11d04333e24d vae_policy_version=1 vae_weight_dtype=bfloat16 vae_compute_dtype=bfloat16_native vae_memory_format=contiguous vae_prefetch_mode=off c5_impl_version=1.0.0 torch=2.13.0+cu130 cuda=13.0 arch=sm_75;sm_80;sm_86;sm_90;sm_100;sm_120 restored_instance_id=d97e114318c7469e96191635682f982d restore_session_id=f3a65a6b6f2f4c29b1441beea80934e3
[v2.experiment] experiment=vae_overlap arm=early_750 implementation_version=1 selector=request source=env settings={"early_start_ms":750,"expected_sampling_ms":4900}
[v2.sampler_boundary] event=sampling_start request_id=v2-benchmark-0-30ac9b281676 restored_instance_id=d97e114318c7469e96191635682f982d node_id=1242 node_class=ClownsharKSampler_Beta steps=8 patcher_object_id=47436035060048 diffusion_model_object_id=47437228483024 diffusion_model_device=absent diffusion_model_current_device=absent gpu_allocated_bytes=12420976640 gpu_reserved_bytes=12626952192
(RES4LYF) rk_type: res_2s

[v2.unet_forward_boundary] event=first_unet_forward request_id=v2-benchmark-0-30ac9b281676 diffusion_model_object_id=47437228483024 patcher_object_id=47436805186448 model_object_id=47436804973264 x_device=cuda:0 x_dtype=torch.bfloat16 elapsed_ms=296.817
[v2.sampler_parity] UNET weight_dtype=torch.bfloat16 UNET compute_dtype=torch.bfloat16 manual_cast_dtype=None CacheDiT target=NextDiT CacheDiT attachment_count=1 CacheDiT fallback=0
[1A  0%|          | 0/8 [00:00<?, ?it/s]WARNING:root:[FeatureInjLatent] step=1 | progress=0.00 | eff_str=0.250 | no mask
WARNING:root:[FeatureInjLatent] step=2 | progress=0.01 | eff_str=0.214 | no mask
[v2.sampler_boundary] event=first_sampler_step request_id=v2-benchmark-0-30ac9b281676 restored_instance_id=d97e114318c7469e96191635682f982d node_id=1242 node_class=ClownsharKSampler_Beta steps=8 patcher_object_id=47436035060048 diffusion_model_object_id=47437228483024 diffusion_model_device=absent diffusion_model_current_device=absent gpu_allocated_bytes=12420976640 gpu_reserved_bytes=12626952192

[1A 12%|█▎        | 1/8 [00:01<00:09,  1.32s/it]WARNING:root:[FeatureInjLatent] step=3 | progress=0.03 | eff_str=0.178 | no mask

[1A 25%|██▌       | 2/8 [00:02<00:06,  1.09s/it]
[1A 38%|███▊      | 3/8 [00:02<00:04,  1.24it/s]
[1A 50%|█████     | 4/8 [00:03<00:02,  1.48it/s]
[v2.vae_early_activation] event=load_start request_id=v2-benchmark-0-30ac9b281676 mode=sampling_end trigger=early_start key_hash=c9ecfee0c4eec14d12c8d85f source=snapshot_vae vae_object_id=47436003211664
[1A 62%|██████▎   | 5/8 [00:03<00:01,  1.66it/s]
[1A 75%|███████▌  | 6/8 [00:04<00:01,  1.77it/s]
[1A 88%|████████▊ | 7/8 [00:04<00:00,  1.82it/s]
[1A100%|██████████| 8/8 [00:05<00:00,  1.93it/s]
[1A100%|██████████| 8/8 [00:05<00:00,  1.56it/s]
[v2.sampler_boundary] event=sampling_end request_id=v2-benchmark-0-30ac9b281676 restored_instance_id=d97e114318c7469e96191635682f982d node_id=1242 node_class=ClownsharKSampler_Beta steps=8 patcher_object_id=47436035060048 diffusion_model_object_id=47437228483024 diffusion_model_device=absent diffusion_model_current_device=absent gpu_allocated_bytes=12420976640 gpu_reserved_bytes=12626952192 duration_ms=5230.728
[v2.vae_early_activation] event=terminal request_id=v2-benchmark-0-30ac9b281676 mode=sampling_end key_hash=c9ecfee0c4eec14d12c8d85f status=ready reason=ok error=absent transfer_count=1 vae_policy_version=1 vae_weight_dtype=bfloat16 vae_compute_dtype=bfloat16_native vae_memory_format=contiguous vae_prefetch_mode=off c5_impl_version=1.0.0 source=snapshot_vae
[v2.vae_early_activation] event=consumed request_id=v2-benchmark-0-30ac9b281676 mode=sampling_end key_hash=c9ecfee0c4eec14d12c8d85f join_wait_ms=0.034 status=ready source=snapshot_vae
[v2.gpu_load_boundary] event=load_models_gpu_start request_id=v2-benchmark-0-30ac9b281676 restored_instance_id=d97e114318c7469e96191635682f982d restore_session_id=f3a65a6b6f2f4c29b1441beea80934e3 roles=modelpatcher model_count=1 contains_registered_unet=0 caller_classification=graph_model_loading gpu_allocated_before=12624808960 gpu_reserved_before=14990442496
[v2.gpu_load_boundary] event=load_models_gpu_end request_id=v2-benchmark-0-30ac9b281676 restored_instance_id=d97e114318c7469e96191635682f982d restore_session_id=f3a65a6b6f2f4c29b1441beea80934e3 roles=modelpatcher model_count=1 caller_classification=graph_model_loading wall_ms=59.871 gpu_allocated_after=12624808960 gpu_allocated_delta_bytes=0
[production.rgthree.encode] side=b (B-only) shape=(1, 1920, 1088, 3) dtype=torch.uint8
[v2.opt.output_encode] total_ms=618.689 png_compress_ms=608.484 gpu_to_cpu_ms=0.017
[production.rgthree] node_id=107 a_count=0 b_count=1 encoded_unique=1 logical_outputs=1 return_a=0 temp_files_written=0 encode_ms=624.2
[v2.startup_stage] stage=first_prompt_executor_invocation event=end wall_unix_ns=1786586080095399030 monotonic_ns=96182112820 duration_ms=13942.38
[v2.pre_sampler_stages] request_id=v2-benchmark-0-30ac9b281676 restored_instance_id=d97e114318c7469e96191635682f982d restore_session_id=f3a65a6b6f2f4c29b1441beea80934e3 container_session_id=931caa22faae4d3f modal_input_id=in-01KZWD57TBP4AY5T0YSV3QR643:1786585980748-0 modal_task_id=ta-01KZWD58HVKNH9HZRZETF5A3GR pid=2 boot_id=ea907ff9-2ab2-4170-8539-35a5414d9757 hostname=modal total_nodes=43 first_output_node=107:ComfyModalProductionImageComparerOutput first_executing_node=987:Any Switch (rgthree) sampler_stage_status=sampler_active method_entry_to_graph_start_ms=29.628 graph_setup_ms=70.962 certificate_ms=0.0 cert_identity_build_ms=0.0 cert_cache_hit=0 cert_volume_reload_ms=0.0 cert_file_read_ms=0.0 cert_json_parse_validate_ms=0.0 cert_total_ms=0.0 legacy_preflight_ms=0.0 prompt_validation_ms=0.0 certificate_skipped_preflight=1 certificate_skipped_prompt_validation=1 preflight_ms=0.0 validation_ms=0.0 missing_node_repair_ms=0.14 production_registry_setup_ms=0.05 production_registry_profile_setup_ms=0.05 pregraph_setup_ms=0.651 executor_reset_ms=0.27 sampler_lane_wait_ms=0.045 residual_before_invoke_ms=14.223 method_entry_to_runtime_configuration_ms=29.574 call_to_exec_start_ms=0.632 exec_start_to_cached_ms=2291.427 cached_to_first_executing_ms=168.037 call_to_cached_ms=2292.059 call_to_first_node_ms=2460.096 first_node_to_clip_ms=4.143 clip_to_sampler_node_ms=4242.061 sampler_node_to_sampler_start_ms=322.867 sampler_node_to_lane_acquired_ms=0.093 lane_acquired_to_actual_stage_ms=322.773 pre_sampler_total_ms=7129.722 measured_children_ms=7030.002 residual_ms=99.72 reconciliation_status=ok add_message=True send_sync=True has_sampler=True sampler_count=1 lane_acquired=True
[v2.opt.output_delivery] hash_ms=1.7 descriptor_ms=None
[v2.opt.output_delivery] hash_ms=1.7 descriptor_ms=0.015
[v2.startup_stage] stage=first_durable_result event=ready wall_unix_ns=1786586080108544220 monotonic_ns=96195258017 output_persisted=1
[v2.output] hashes=1 base64_encode=0 base64_decode=0 commit_ms=0.0 commit_status=skipped overlap_ms=0.0 serialized_bytes=2209
[v2.host_memory] stage=result_complete current_mib=absent peak_mib=absent limit_mib=absent process_rss_mib=14229.8 process_maxrss_mib=35687.4 oom_count=absent oom_kill_count=absent status=ok cgroup_path=absent cgroup_mount=absent
[v2.activation_diagnosis] request_id=v2-benchmark-0-30ac9b281676 cpu_snapshot_container_active=True execution_prefill_scheduled=True residency_diagnostics_enabled=0 clip_encode_calls=0 clip_encode_graph_calls=0 clip_encode_prefill_calls=0 clip_encode_wall_ms=0 clip_encode_graph_wall_ms=0 clip_encode_prefill_wall_ms=0 clip_encode_process_cpu_ms=0 load_models_gpu_calls=2 unet_gpu_load_calls=1 load_models_gpu_wall_ms=144.068 activation_receipt_count=4 gpu_allocated_delta_bytes=4096 cpu_peak_cores=5.351 cpu_above_16_ms=0.0 cpu_above_19_ms=0.0 cpu_longest_above_19_ms=absent cpu_overlap_graph_clip_ms=0.0 cpu_overlap_prefill_clip_ms=0.0 cpu_overlap_gpu_load_ms=0.0 clip_to_sampler_node_ms=4242.061 sampler_node_to_sampler_start_ms=322.867 diagnostic_accounted_ms=absent diagnostic_unattributed_ms=absent restore_requested_torch_intraop_threads=absent restore_actual_torch_intraop_threads=12 restore_torch_interop_threads=28 restore_torch_thread_limit_status=baseline_passthrough
[v2.process_cpu_spike] status=ok peak_effective_cores=5.351 duration_above_16_ms=0.000 duration_above_19_ms=0.000 longest_above_19_ms=0.000 sample_count=256
[v2.remote_request_origin.remote] request_id=v2-benchmark-0-30ac9b281676 trigger_source=benchmark ui_trigger_unix_ms=1786585962067 local_receive_unix_ns=1786585962067593984 modal_generator_create_start_unix_ns=1786585981102619700 modal_submission_attempt_unix_ns=absent modal_generator_created_unix_ns=absent modal_first_iteration_start_unix_ns=absent modal_first_remote_event_unix_ns=absent modal_method_entry_unix_ns=1786586066052363264 prompt_executor_invoke_start_unix_ns=1786586066152914432 trigger_to_dispatch_ms=0.594 dispatch_to_modal_entry_ms=None modal_entry_to_executor_ms=100.555 trigger_to_executor_ms=104085.914 modal_input_id=in-01KZWD57TBP4AY5T0YSV3QR643:1786585980748-0 modal_task_id=ta-01KZWD58HVKNH9HZRZETF5A3GR
[v2.critical_path] python_resume_to_restore_enter_ms=0.0 restore_total_ms=1094.536 restore_exit_to_run_enter_ms=198.815 run_enter_to_plan_received_ms=24.966 plan_received_to_executor_invoke_ms=75.589 executor_invoke_to_first_node_ms=2459.961 first_node_to_sampler_node_ms=4246.161 sampler_node_to_sampler_start_ms=322.867 pre_sampler_unattributed_ms=absent
[v2.cgroup_cpu_spike] status=unavailable reason=no readable cpu.stat candidates=/sys/fs/cgroup/cpu.stat errors=resolve_cgroup_v2_base: returned no readable cgroup base;probe2 path=/sys/fs/cgroup/cpu.stat: FileNotFoundError: [Errno 2] No such file or directory: '/sys/fs/cgroup/cpu.stat';parse_proc_cgroup: no unified 0:: entry
[v2.gpu_allocation] cuda_version=13.0 gpu_actual_name=NVIDIA RTX PRO 6000 Blackwell Server Edition gpu_compute_capability=12.0 gpu_requested_order=RTX-PRO-6000 gpu_vram_total_mib=97250 torch_version=2.13.0+cu130
V2 COLD WATERFALL - REMOTE/PARTIAL (awaiting host reconciliation)
Request: v2-benchmark-0-30ac9b281676  Instance: d97e114318c7469e96191635682f982d  GPU: ['RTX-PRO-6000']  Fresh: YES
TOTAL WALL:        -   (command->response minus Modal scheduling)
SCHEDULING:        -   (informational - excluded from % and bars)
COMMAND->RESPONSE: 118.078s

+-----+------------------------------------------------+------------+------------+---------+---------------------------------------+
 # | Stage                                          | Duration |     Cum. |      % | Relative wall time
+-----+------------------------------------------------+------------+------------+---------+---------------------------------------+
  1 | Local preparation                              |     0.001s |     0.001s |   0.001% | +                                    
  2 | Modal handle and submission                    |          - |          - |       - |                                      
  3 | Modal scheduling + pre-Python restore (awai... |          - |          - |       - |                                      
  4 | Modal pre-Python snapshot restoration          |          - |          - |       - |                                      
  5 | Python/application restore                     |     1.104s |     1.104s |   0.935% | #                                    
  6 | Restore-to-method entry                        |     0.199s |     1.303s |   0.168% | #                                    
  7 | ~ Method entry to UNET ownership claim         |          - |          - |       - |                                      
  8 | ~ UNET claim to ready (worker load)            |          - |          - |       - |                                      
  9 |   detail: Checkpoint read                      |     4.025s |          - |   3.409% |                                      
 10 |   detail: Read end ? construction done         |     0.378s |          - |   0.320% |                                      
 11 |   detail: Bind                                 |     0.024s |          - |   0.020% |                                      
 12 |   detail: Synchronized H2D                     |     4.021s |          - |   3.405% |                                      
 13 |   detail: H2D end ? UNET ready                 |     0.002s |          - |   0.002% |                                      
 14 |   detail: UNET ready ? sampler demand          |          - |          - |       - |                                      
 15 |   detail: Sampler demand ? join complete       |          - |          - |       - |                                      
 16 |   detail: Join complete ? sampling             |          - |          - |       - |                                      
 17 | Remote method setup                            |     0.101s |     1.404s |   0.085% | #                                    
 18 |   detail: method entry to graph start          |     0.030s |          - |   0.025% |                                      
 19 |   detail: method entry to runtime configura... |     0.030s |          - |   0.025% |                                      
 20 |   detail: runtime configuration                |     0.000s |          - |   0.000% |                                      
 21 |   detail: graph setup                          |     0.071s |          - |   0.060% |                                      
 22 |   detail: certificate                          |     0.000s |          - |   0.000% |                                      
 23 |   detail: preflight                            |     0.000s |          - |   0.000% |                                      
 24 |   detail: validation                           |     0.000s |          - |   0.000% |                                      
 25 |   detail: legacy runtime resolution            |     0.000s |          - |   0.000% |                                      
 26 |   detail: preload check                        |     0.002s |          - |   0.002% |                                      
 27 |   detail: missing-node repair                  |     0.000s |          - |   0.000% |                                      
 28 |   detail: production registry setup            |     0.000s |          - |   0.000% |                                      
 29 |   detail: pregraph setup                       |     0.001s |          - |   0.001% |                                      
 30 |   detail: executor reset                       |     0.000s |          - |   0.000% |                                      
 31 |   detail: residual before executor invoke      |     0.014s |          - |   0.012% |                                      
 32 |   detail: pre-sampler total                    |     7.130s |          - |   6.038% |                                      
 33 |   detail: measured pre-sampler children        |     7.030s |          - |   5.954% |                                      
 34 |   detail: pre-sampler residual                 |     0.100s |          - |   0.084% |                                      
 35 |   detail: UNET quiesce wait (diagnostic)       |          - |          - |       - |                                      
 36 |   detail: UNET transfer queue delay            |          - |          - |       - |                                      
 37 |   detail: UNET synchronized transfer           |          - |          - |       - |                                      
 38 |   detail: UNET scheduled ? worker start        |          - |          - |       - |                                      
 39 |   detail: Worker start ? checkpoint read start |          - |          - |       - |                                      
 40 | PromptExecutor/cache setup                     |     2.460s |     3.864s |   2.083% | #                                    
 41 |   detail: PromptExecutor invoke to execution   |     0.001s |          - |   0.001% |                                      
 42 |   detail: execution to cached                  |     2.291s |          - |   1.941% |                                      
 43 |   detail: cached to first node                 |     0.168s |          - |   0.142% |                                      
 44 |   detail: graph/prefill activity               |          - |          - |       - |                                      
 45 |   detail: CPU owner: CLIPTextEncode [CLIP]     |     0.002s |          - |   0.002% |                                      
 46 |   detail: CPU owner: load_models_gpu [other]   |     0.086s |          - |   0.073% |                                      
 47 |   detail: Node: Any Switch (rgthree)           |     0.000s |          - |   0.000% |                                      
 48 |   detail: Node: VAELoader                      |     0.002s |          - |   0.002% |                                      
 49 |   detail: Node: ClownOptions_ExtraOptions_Beta |     0.000s |          - |   0.000% |                                      
 50 |   detail: Node: ImpactIfNone                   |     0.000s |          - |   0.000% |                                      
 51 |   detail: Node: easy ifElse                    |     0.000s |          - |   0.000% |                                      
 52 |   detail: Node: easy int                       |     0.000s |          - |   0.000% |                                      
 53 |   detail: Node: easy ifElse                    |     0.000s |          - |   0.000% |                                      
 54 |   detail: Node: PrimitiveStringMultiline       |     0.000s |          - |   0.000% |                                      
 55 |   detail: Node: JoinStrings                    |     0.000s |          - |   0.000% |                                      
 56 |   detail: Node: CLIPLoader                     |     0.001s |          - |   0.001% |                                      
 57 |   detail: Node: CLIPTextEncode                 |     0.002s |          - |   0.002% |                                      
 58 |   detail: Node: ConditioningZeroOut            |     0.002s |          - |   0.001% |                                      
 59 |   detail: Node: PairConditioningSetProperties  |     0.000s |          - |   0.000% |                                      
 60 |   detail: Node: CustomCombo                    |     0.000s |          - |   0.000% |                                      
 61 |   detail: Node: SimpleMath+                    |     0.000s |          - |   0.000% |                                      
 62 |   detail: Node: ImpactSwitch                   |     0.038s |          - |   0.032% |                                      
 63 |   detail: Node: UNETLoader                     |     4.122s |          - |   3.491% |                                      
 64 |   detail: Node: ModelSamplingAuraFlow          |     0.003s |          - |   0.003% |                                      
 65 |   detail: Node: CacheDiT_Model_Optimizer       |     0.001s |          - |   0.001% |                                      
 66 |   detail: Node: PathchSageAttentionKJ          |     0.000s |          - |   0.000% |                                      
 67 |   detail: Node: easy float                     |     0.000s |          - |   0.000% |                                      
 68 |   detail: Node: easy int                       |     0.000s |          - |   0.000% |                                      
 69 |   detail: Node: easy ifElse                    |     0.000s |          - |   0.000% |                                      
 70 |   detail: Node: StringToCombo|LP               |     0.001s |          - |   0.000% |                                      
 71 |   detail: Node: easy ifElse                    |     0.000s |          - |   0.000% |                                      
 72 |   detail: Node: CustomCombo                    |     0.000s |          - |   0.000% |                                      
 73 |   detail: Node: easy stringToIntList           |     0.000s |          - |   0.000% |                                      
 74 |   detail: Node: easy indexAnything             |     0.000s |          - |   0.000% |                                      
 75 |   detail: Node: easy stringToIntList           |     0.000s |          - |   0.000% |                                      
 76 |   detail: Node: easy indexAnything             |     0.000s |          - |   0.000% |                                      
 77 |   detail: Node: EmptyImage                     |     0.009s |          - |   0.008% |                                      
 78 |   detail: Node: ImageRotate                    |     0.002s |          - |   0.002% |                                      
 79 |   detail: Node: ImpactSwitch                   |     0.055s |          - |   0.046% |                                      
 80 |   detail: Node: easy imageSize                 |     0.000s |          - |   0.000% |                                      
 81 |   detail: Node: EmptySD3LatentImage            |     0.001s |          - |   0.001% |                                      
 82 |   detail: Node: Any Switch (rgthree)           |     0.000s |          - |   0.000% |                                      
 83 |   detail: Node: LGNoiseInjectionLatent         |     0.001s |          - |   0.001% |                                      
 84 |   detail: Node: ClownsharKSampler_Beta         |     0.334s |          - |   0.283% |                                      
 85 |   detail: PromptExecutor internal/unattributed |          - |          - |       - |                                      
 86 | First node to CLIP                             |     0.004s |     3.868s |   0.004% | #                                    
 87 | CLIP to sampler node                           |     4.242s |     8.110s |   3.593% | #                                    
 88 | Sampler graph-join wait                        |          - |          - |       - |                                      
 89 | Sampler node to sampling                       |     0.323s |     8.433s |   0.273% | #                                    
 90 |   detail: sampler lane wait                    |     0.000s |          - |   0.000% |                                      
 91 |   detail: sampler node to lane acquired        |     0.000s |          - |   0.000% |                                      
 92 |   detail: lane acquired to actual stage        |     0.323s |          - |   0.273% |                                      
 93 | Sampling                                       |     5.230s |    13.662s |   4.429% | ##                                   
 94 | Post-sampling transition                       |     0.583s |    14.245s |   0.494% | #                                    
 95 |   detail: Sampling end ? VAE scheduled         |    INVALID |          - |       - |                                      
 96 |   detail: VAE scheduled ? worker/load start    |     4.242s |          - |   3.593% |                                      
 97 | VAE                                            |     0.475s |    14.720s |   0.402% | #                                    
 98 |   detail: VAE load/H2D                         |     0.991s |          - |   0.839% |                                      
 99 |   detail: VAE ready ? consumed                 |     0.581s |          - |   0.492% |                                      
 100 |   detail: Consumed ? decode start              |     0.000s |          - |   0.000% |                                      
 101 | Output encode / descriptor                     |     0.638s |    15.358s |   0.540% | #                                    
 102 |   detail: output encode                        |          - |          - |       - |                                      
 103 |   detail: output commit                        |          - |          - |       - |                                      
 104 |   detail: VAE end ? output encode start        |     0.001s |          - |   0.001% |                                      
 105 |   detail: PNG encode                           |     0.628s |          - |   0.532% |                                      
 106 |   detail: Descriptor/materialization           |     0.010s |          - |   0.008% |                                      
 107 | Remote result handoff                          |          - |          - |       - |                                      
 108 |   detail: Remote result emitted                |          - |          - |       - |                                      
 109 |   detail: Deferred persistence after yield     |          - |          - |       - |                                      
 110 | Remote/local return                            |     0.035s |    15.394s |   0.030% | +                                    
 111 |   detail: Local receipt ? caller return        |          - |          - |       - |                                      
 112 | Residual (unattributed)                        |   102.684s |   118.078s |  86.963% | ================================     
+-----+------------------------------------------------+------------+------------+---------+---------------------------------------+
    | ACCOUNTED     |    15.394s |            |  13.037% | .....................................
    | RECONCILIATION |   102.684s |            |            | .....................................
    | TOTAL WALL |          - |            |       - |                                      
    | COMMAND -> RESPONSE |   118.078s |            |  100.0% | #####################################
    | TOP-LEVEL ACCOUNTED |    15.394s |            |  13.037% | .....................................
    | GLOBAL RESIDUAL |   102.684s |            |            | .....................................
    | RESIDUAL %     |    86.963% |            |            | .....................................
    | RECONCILIATION STATUS | EXCEEDS_TOLERANCE |            |            | .....................................
    | CONTROLLABLE APPLICATION WALL |    15.394s |            |            | .....................................
    | PLATFORM/MODAL WALL |     0.000s |            |            | .....................................
Boundary flags: modal_restore_begin_unavailable (modal_scheduling covers submission->python_resume combined), submission_boundary_unavailable (submission boundary absent; scheduling spans cannot start at the local submit)
REMOTE/PARTIAL WATERFALL - awaiting host reconciliation (missing: missing_submission, missing_modal_restore_begin, missing_local_result_receipt)
+-----+------------------------------------------------+------------+------------+---------+---------------------------------------+
Warnings:
  - global residual 102684.053ms (86.96%) of command-to-response unaccounted
  - reconciliation exceeds tolerance: 102684.053ms > 295.194ms
Restoring Function from memory snapshot.
[v2.startup_stage] stage=post_snapshot_restore event=start wall_unix_ns=1786586121918470019 monotonic_ns=806919228831
[v2.snapshot_timing] snapshot_callback_age_at_restore_ms=771529.276 snapshot_callback_to_command_start_ms=unavailable command_start_to_restore_start_ms=unavailable request_latency_included=0 source=snapshot_callback_return_to_restore_start
[v2.snapshot_model_eviction] stage=restore_observed marker=1 cpu_snapshot_models_present=1 clip_present=1 unet_present=0 retained_role=clip_vae retained_model_id=0 retained_model_type= rss_after_restore_mib=11495.109375 native_thread_count=46 torch_intraop=12 torch_interop=14 wall_unix_ns=1786586121935487313
[v2.snapshot_model_eviction] stage=restore_release_retained retain_role=clip_vae status=container_retained container_present=1 clip_present=1 vae_present=1 unet_present=0 retained_slot_release=0 retained_model_id=0 retained_alive_after_release=0 rss_before_release_mib=absent rss_after_gc_mib=absent rss_after_trim_mib=absent rss_drop_mib=absent malloc_trim_status=absent malloc_trim_result=absent restore_release_start_wall_unix_ns=1786586121935632443 restore_release_end_wall_unix_ns=1786586121935632443 wall_unix_ns=1786586121935632443
[v2.residency_config] enabled=0
[v2.host_memory] stage=restore_start current_mib=absent peak_mib=absent limit_mib=absent process_rss_mib=11777.8 process_maxrss_mib=35701.1 oom_count=absent oom_kill_count=absent status=ok cgroup_path=absent cgroup_mount=absent
[v2.runtime_shape] stage=after_restore runtime_shape_fingerprint=f504e296c398bdcb2c4c07e2 runtime_shape_label=None thread_policy=TBASE snapshot_model_order=O0 cpu_request=12 memory_request=32768 native_thread_count=46 configured_omp=None configured_mkl=None configured_openblas=None configured_numexpr=None malloc_arena_max=None native_library_settings={'OMP_NUM_THREADS': '12', 'MKL_NUM_THREADS': '12', 'OPENBLAS_NUM_THREADS': '12', 'NUMEXPR_NUM_THREADS': None, 'MALLOC_ARENA_MAX': None} torch_intraop_threads=12 torch_interop_threads=14 actual_torch_intraop_threads=12 actual_torch_interop_threads=14 requested_torch_intraop_threads=None requested_torch_interop_threads=None requested_vs_actual_match=True status=baseline_passthrough error=
[v2.opt.gpu_state] total_memory_ms=180.54
[comfyapp] gpu_state restored vram=97250MB ram=1048576MB vram_state=VRAMState.HIGH_VRAM in 183.0ms
[restore.cuda_context] available=1 device_index=0 device=NVIDIA RTX PRO 6000 Blackwell Server Edition sync_ms=2.165 total_ms=2.274
[v2.sage_restore] decision=snapshot_exact_skip discovery_called=0 verify_ms=0.084
[v2.custom_node_restore] decision=snapshot_exact_skip callback_called=0 source=persisted_record check_ms=0.854
[v2.startup_stage] stage=snapshot_execution_seed event=start wall_unix_ns=1786586122775149493 monotonic_ns=807775908445
[v2.seed_restore] source=startup_minimal schema=2 topology_available=0 workflow_hash= loader_signatures=0
[v2.startup_stage] stage=snapshot_execution_seed event=end wall_unix_ns=1786586122778047192 monotonic_ns=807778806294 duration_ms=2.898
[v2.generation_identity] method=restore custom_nodes_generation='fbecafb8ae72728ebc36d581…' raw_empty=false source=persisted_record runtime_state_generation='' api_object_id=47368319473040 deployment_combined_hash=1bd881d798947977
[v2.prefill_config] env=critical parsed=critical cpu_snapshot_container_active=0 native_fast_disk_unet_execution_active=0
[v2.restore_breakdown] bootstrap_ms=340.101 unet_cache_patch_ms=None clip_prepare_submit_ms=None clip_worker_wait_ms=None unet_spec_extract_ms=None bg_unet_submit_ms=None restore_finalize_ms=0.184
[v2.clip_stages] worker_queue_ms=None load_torch_file_ms=None read_to_ready_ms=None post_read_cpu_prepare_ms=None gpu_wait_ms=None gpu_commit_ms=None read_end_to_ready_ms=None worker_total_ms=None worker_close_wait_ms=None restore_finalization_ms=0.184
[v2.restoration_identity] restored_instance_id=81c384b0b5574627a911740d7effd467 restore_session_id=1488eba426994f3aa8cb25b36871bd3b container_session_id=a416429a49c8434d modal_task_id=ta-01KZWD9CZXB4RAFEQZ96KA0R4R modal_image_id=im-8KexmbMytHCmXTxTMl6pl9 modal_cloud=CLOUD_PROVIDER_GCP modal_region=us-east4 pid=2 hostname=modal restore_total_ms=843.355 remote_python_resume_wall_unix_ns=1786586121918430976 restore_method_start_wall_unix_ns=1786586121918430976 restore_method_end_wall_unix_ns=1786586122779427584 modal_method_entry_wall_unix_ns=absent restore_status=success restore_method_status=success 
[v2.lifecycle] method=restore snap=False container_session=a416429a49c8434d restore_count=1 restore_total_ms=843.355 remote_python_resume_wall_unix_ns=1786586121918430976 restore_method_start_wall_unix_ns=1786586121918430976 restore_method_end_wall_unix_ns=1786586122779427584 modal_method_entry_wall_unix_ns=absent restore_status=success restore_method_status=success status=restored
[v2.host_memory] stage=restore_complete current_mib=absent peak_mib=absent limit_mib=absent process_rss_mib=13339.2 process_maxrss_mib=35701.1 oom_count=absent oom_kill_count=absent status=ok cgroup_path=absent cgroup_mount=absent
[v2.gpu_allocation] cuda_version=13.0 gpu_actual_name=NVIDIA RTX PRO 6000 Blackwell Server Edition gpu_compute_capability=12.0 gpu_requested_order=RTX-PRO-6000 gpu_vram_total_mib=97250 torch_version=2.13.0+cu130
[v2.startup_stage] stage=post_snapshot_restore event=end wall_unix_ns=1786586122783199101 monotonic_ns=807783957743 duration_ms=864.729
[v2.startup_stage] stage=first_remote_method_entry event=entry wall_unix_ns=1786586122793365857 monotonic_ns=807794124379
[v2.env_profile] effective_profile=inherit container_profile=inherit request_override=inherit request_override_applied=0 source=request-inherit-noop
[v2.request_variance_env] COMFYMODAL_V2_VAE_EARLY_START_MS=1000
[v2.local_submission_breakdown.remote] request_id=v2-benchmark-0-3acfbb56a8c0 local_receive_to_worker_start_ms=18640.0 worker_start_to_normalize_start_ms=0.0 normalize_production_options_ms=0.0 normalize_end_to_trace_construct_start_ms=0.0 runtime_trace_construct_ms=0.0 trace_construct_to_options_copy_start_ms=0.0 benchmark_options_copy_ms=0.0 options_copy_to_client_id_start_ms=0.0 client_id_generation_ms=0.0 client_id_end_to_plan_call_ms=0.0 plan_call_to_function_entry_ms=0.0 worker_start_to_plan_build_ms=0.0 local_receive_to_plan_build_start_ms=18640.0 worker_queue_ms=0.0 plan_build_ms=78.0 plan_build_to_execute_plan_entry_ms=0.0 execute_plan_entry_to_plan_materialization_ms=0.0 plan_materialization_ms=0.0 plan_materialization_to_active_profile_ms=0.0 active_profile_ms=0.0 restore_plan_build_ms=absent restore_publish_ms=absent restore_publish_to_transport_entry_ms=absent transport_entry_to_handle_lookup_ms=0.0 handle_lookup_ms=absent payload_materialization_ms=0.0 payload_size_measurement_ms=0.0 payload_size_to_serialize_end_ms=0.0 payload_ready_to_modal_call_ms=0.0 local_receive_to_modal_call_ms=18718.0 generator_create_ms=absent generator_created_to_first_iteration_ms=absent local_receive_to_actual_submission_ms=absent measured_children_ms=absent residual_ms=absent reconciliation_status=incomplete profile_cache_hit=False profile_remote_call_performed=False profile_checker_matched=False restore_publish_cache_hit=absent restore_remote_call_performed=absent handle_cache_hit=absent plan_to_dict_count=1 payload_bytes=19461 active_profile_local_ms=0.0 active_profile_cache_lookup_ms=0.0 active_profile_checker_ms=0.0 active_profile_setter_ms=0.0 active_profile_total_ms=0.0 created_modal_client=False performed_cls_from_name=False constructed_class_instance=False input_image_count=0 workflow_node_count=43 unmeasured_boundary=absent
[v2.seed_restore] source=invocation_plan schema=2 topology_available=1 workflow_hash=2e43d4c0ba3b82c0 loader_nodes=3 sampler_nodes=1 reachable_nodes=43 static_signatures=43
[v2.runtime_shape] stage=request_entry runtime_shape_fingerprint=f504e296c398bdcb2c4c07e2 runtime_shape_label=None thread_policy=TBASE snapshot_model_order=O0 cpu_request=12 memory_request=32768 native_thread_count=48 configured_omp=None configured_mkl=None configured_openblas=None configured_numexpr=None malloc_arena_max=None native_library_settings={'OMP_NUM_THREADS': '12', 'MKL_NUM_THREADS': '12', 'OPENBLAS_NUM_THREADS': '12', 'NUMEXPR_NUM_THREADS': None, 'MALLOC_ARENA_MAX': None} torch_intraop_threads=12 torch_interop_threads=14 actual_torch_intraop_threads=12 actual_torch_interop_threads=14 requested_torch_intraop_threads=None requested_torch_interop_threads=None requested_vs_actual_match=True status=baseline_passthrough error=
[v2.method_entry_gap] restore_to_method_ms=10.186 first_line_to_running_log_ms=8.409 same_process=True identity_mismatch_reasons=none remote_python_resume_wall_unix_ns=1786586121918430976 restore_method_start_wall_unix_ns=1786586121918430976 restore_method_end_wall_unix_ns=1786586122779427584 modal_method_entry_wall_unix_ns=1786586122793356544 restore_end_to_modal_method_ms=13.917
[v2.snapshot_timing] snapshot_callback_age_at_restore_ms=771529.276 snapshot_callback_to_command_start_ms=747078.513 command_start_to_restore_start_ms=24450.431 command_start_to_python_resume_ms=24450.431 command_start_to_restore_end_ms=25311.428 request_latency_included=0_for_callback_age
[v2.host_memory] stage=prompt_executor_start current_mib=absent peak_mib=absent limit_mib=absent process_rss_mib=13339.5 process_maxrss_mib=35701.1 oom_count=absent oom_kill_count=absent status=ok cgroup_path=absent cgroup_mount=absent
[v2.cpu_snapshot_models] cpu_snapshot_models_present=1 clip_present=1 unet_present=0 cpu_snapshot_active=0
[v2.cpu_snapshot_request] status=present_but_inactive clip_present=1 unet_present=0 action=clip_vae_only_request_activation
[v2.cpu_snapshot_request] status=clip_vae_only_bind clip_source=cpu_snapshot vae_source=cpu_snapshot unet_source=normal_loader clip_object_id=47371660142288 vae_object_id=47371571475216
[v2.cpu_snapshot_request] status=reused reason=clip_vae_only
[v2.unet_identity_chain] stage=snapshot request_id=v2-benchmark-0-3acfbb56a8c0 unet_object_id=0
[v2.unet_identity_chain] stage=bridge request_id=v2-benchmark-0-3acfbb56a8c0 unet_object_id=0
[v2.snapshot_activation_invariant] profile=inherit models_container_present=1 clip_present=1 unet_present=0 snapshot_enabled_by_config=1 cpu_snapshot_container_active=1 loader_bridge_active=1 execution_prefill_allowed=0 status=pass reason=ok
[v2.execution_prefill] snapshot_active=1 env_raw=critical scheduled=1
[v2.execution_unet] scheduled=1 snapshot_unet_absent=1 request_id=v2-benchmark-0-3acfbb56a8c0
[v2.plan_proof] schema=1 payload=yes validated=True outputs=2 out_ids=107,935:931 wf_hash=2e43d4c0ba3b82c0 recomputed=2e43d4c0ba3b82c0 match=True dep_complete=True consumed=False cert_decision=legacy
[v2.plan_proof.registry] workflow_class_count=31 host_proved_count=31 snapshot_proved_count=31 missing_host=0 missing_snapshot=0 identity_mismatch=0 workflow_registry_match=1 reason=
[v2.plan_proof] parity proof_present=1 proof_complete=1 proof_valid=1 dep_match=1 gen_match=1 wf_reg_match=1 reg_full_match=0 dep_proof_match=1 eligible=1 reason=ok consumed=False
[v2.exec] res4lyf_dummy_init_disabled=1 reported_injected=1 actual_injected=1
[preflight.model_reads] restore_preload_active=0 selected_clip=/root/comfy/ComfyUI/models/text_encoders/qwen_3_4b.safetensors
[v2.clip_conditioning_cache] event=mode flag=COMFYMODAL_V2_CLIP_CONDITIONING_CACHE enabled=1 root=/root/prompt_cache_vol/exact_conditioning max_entries=64 max_bytes=536870912
[active_read] registered owner=graph_loader key=/__modal/volumes/vo-QI6fCKykvocVkUBVGsuZgm/diffusion_models/z_image_turbo_bf16.s active_read_id=e84f21c7f42c4bbf restored_instance_id=81c384b0b5574627a911740d7effd467 restore_session_id=1488eba426994f3aa8cb25b36871bd3b request_id= start_wall_unix_ns=1786586122840481280 start_monotonic_ns=807841235643 start_thread_time_ns=0 start_process_time_ns=104030000000 native_tid=75 active_read_path_hash=8d2256b3cff6bbd2 active_read_file_size=12309866400 active_read_st_dev=30 active_read_st_ino=103 active_read_governor_enabled=0 active_read_priority=100 active_read_size_bytes=12309866400 active_read_size_mb=11739.6 active_read_is_large=1 active_read_classification_source=file_size active_read_queue_enter_ms=0.0 active_read_queue_exit_ms=0.0 active_read_queue_wait_ms=0.0 active_read_large_slots_used_at_enter=0 active_read_large_slots_used_at_start=0 active_read_concurrent_large_reads_at_start=1 active_read_attached_existing_future=0 active_read_duplicate_prevented=0
[v2.generation_identity] custom_nodes_generation='fbecafb8ae72728ebc36d581…' raw_empty=false source=persisted_record runtime_state_generation='' api_object_id=47368319473040 deployment_combined_hash=1bd881d798947977
[v2.plan_proof] decision=plan_validation_fast_path consumed=1 workflow_hash_match=1 validation_hash_match=1 plan_complete=1 snapshot_complete=1 snapshot_valid=1 dep_match=1 gen_match=1 wf_reg_match=1 dependency_match=1 repair_changed=0 outputs_nonempty=1 eligible=1
[v2.host_memory] stage=peak_execution current_mib=absent peak_mib=absent limit_mib=absent process_rss_mib=25082.6 process_maxrss_mib=35701.1 oom_count=absent oom_kill_count=absent status=ok cgroup_path=absent cgroup_mount=absent
[v2.startup_stage] stage=first_prompt_executor_invocation event=start wall_unix_ns=1786586122865601163 monotonic_ns=807866355837
[v2.unet_early_activation] event=mode mode=late env_raw=late restored_instance_id=81c384b0b5574627a911740d7effd467 restore_session_id=1488eba426994f3aa8cb25b36871bd3b
[v2.unet_early_activation] event=skipped request_id=v2-benchmark-0-3acfbb56a8c0 mode=late trigger=conditioning_cache_hit reason=cpu_snapshot_mode_inactive eligible=0
[v2.clip_conditioning_cache] decision=exact_hit key_hash=e24059626b0f3d17f0ba656e18d396b1449e52b9b046a4cf35d5f7874baafa2f identity_status=valid encode_calls=0 schema_version=1 validation_scope=clip_model_workflow_custom_nodes_schema_format_side_conditioning_inputs entries=1 request_id=v2-benchmark-0-3acfbb56a8c0
[active_read] completed owner=graph_loader key=/__modal/volumes/vo-QI6fCKykvocVkUBVGsuZgm/diffusion_models/z_image_turbo_bf16.s active_read_id=e84f21c7f42c4bbf restored_instance_id=81c384b0b5574627 restore_session_id=1488eba426994f3aa8cb25b36871bd3b complete_wall_unix_ns=1786586124267975168 complete_monotonic_ns=809268728254 complete_thread_time_ns=1250000000 complete_process_time_ns=105980000000 complete_native_tid=75 wall_ms=1427.493 thread_cpu_ms=1250.0 process_cpu_ms=1950.0 majf=None minf=None inblock=None nvcsw=None nivcsw=None read_bytes=None rchar=None path_hash=8d2256b3cff6bbd2 file_size=12309866400 st_dev=30 st_ino=103
[v2.active_read_diag] active_read_id=e84f21c7f42c4bbf owner=graph_loader request_id= restore_session_id=1488eba426994f3aa8cb25b36871bd3b path_hash=8d2256b3cff6bbd2 wall_ms=1427.493 thread_cpu_ms=1250.0 process_cpu_ms=1950.0 read_bytes=not_observed_in_this_thread rchar=not_observed_in_this_thread minor_faults=None major_faults=None context_switches=None/None counter_status=unsupported legacy_counter_status=unsupported thread_cpu_status=unsupported process_cpu_status=unsupported io_status=unsupported page_fault_status=unsupported block_input_status=unsupported context_switch_status=unsupported native_thread_id=75
[v2.vae_early_activation] event=mode mode=sampling_end env_raw=sampling_end restored_instance_id=81c384b0b5574627a911740d7effd467 restore_session_id=1488eba426994f3aa8cb25b36871bd3b
[v2.cpu_owner] operation=CLIPTextEncode role=CLIP wall_ms=1.792 process_cpu_ms=0.000 effective_cores=0.000 native_threads_start=51 native_threads_peak=52 native_threads_end=51
[v2.native_fast_disk_unet] decision=defer reason=ok stage=to patcher_class=comfy.model_patcher.ModelPatcher patcher_dynamic=0 param_count=453 parameter_bytes=12309817472 dtype_distribution={'torch.bfloat16': 453} device_distribution={'cpu': 453} cpu_params=453 cpu_buffers=1 get_model_ms=296.798 ctor_ms=0.146 bind_ms=None to_wall_ms=None to_device_ms=None to_device_ms_label=unavailable
[v2.native_fast_disk_unet] decision=complete reason=ok stage=load_model_weights patcher_class=comfy.model_patcher.ModelPatcher patcher_dynamic=0 param_count=453 parameter_bytes=12309817472 dtype_distribution={'torch.bfloat16': 453} device_distribution={'cuda': 453} cpu_params=0 cpu_buffers=0 get_model_ms=296.798 ctor_ms=0.146 bind_ms=20.456 to_wall_ms=2606.123 to_device_ms=2606.095 to_device_ms_label=synchronized_device
[v2.unet_runtime_state] stage=normal_loader_ready unet_identity=z_image_turbo_bf16.safetensors requested_weight_dtype=default effective_weight_dtype=default state={"current_device":"cuda:0","diffusion_model_object_id":"47371970958864","diffusion_model_type":"NextDiT","first_buffer_device":"absent","first_buffer_dtype":"absent","first_parameter_device":"cuda:0","first_parameter_dtype":"torch.bfloat16","forward_module":"NextDiT","forward_qualname":"NextDiT.forward","load_device":"cuda:0","loaded_models_member":"0","manual_cast_dtype":"absent","model_dtype":"torch.bfloat16","model_loaded_weight_memory":"0","model_lowvram":"False","model_lowvram_patch_counter":"0","model_object_id":"47371988535248","model_options_keys":["transformer_options"],"model_type":"Lumina2","object_patch_count":0,"offload_device":"cuda:0","patch_count":0,"patcher_object_id":"47372871894736","patcher_type":"ModelPatcher","transformer_options_keys":["wrappers"],"weight_dtype":"absent"}
standard
WARNING:root:[FeatureInjLatent] Reference latent: shape=torch.Size([1, 16, 240, 136])
[v2.sampler_boundary] event=sampler_lane_requested sampler_node_id=1242 sampler_node_class=ClownsharKSampler_Beta blocking_owner=absent
[v2.sampler_boundary] event=sampler_lane_acquired sampler_node_id=1242 sampler_node_class=ClownsharKSampler_Beta wait_ms=0.089 blocking_owner=absent
[CacheDiT] Transformer class: NextDiT (module: comfy.ldm.lumina.model)
[v2.gpu_load_boundary] event=load_models_gpu_start request_id=v2-benchmark-0-3acfbb56a8c0 restored_instance_id=81c384b0b5574627a911740d7effd467 restore_session_id=1488eba426994f3aa8cb25b36871bd3b roles=UNET model_count=1 contains_registered_unet=1 caller_classification=graph_model_loading gpu_allocated_before=12416794624 gpu_reserved_before=12624855040
[v2.gpu_load_boundary] event=load_models_gpu_end request_id=v2-benchmark-0-3acfbb56a8c0 restored_instance_id=81c384b0b5574627a911740d7effd467 restore_session_id=1488eba426994f3aa8cb25b36871bd3b roles=UNET model_count=1 caller_classification=graph_model_loading wall_ms=63.13 gpu_allocated_after=12416798720 gpu_allocated_delta_bytes=4096
[v2.cpu_owner] operation=load_models_gpu role=other wall_ms=64.312 process_cpu_ms=180.000 effective_cores=2.799 native_threads_start=51 native_threads_peak=52 native_threads_end=51
[v2.unet_identity_chain] check=stage_pair stage_a=bridge stage_b=sampler request_id=v2-benchmark-0-3acfbb56a8c0 patcher_a_object_id=47372871894736 diffusion_a_object_id=47371970958864 patcher_b_object_id=47371550359376 diffusion_b_object_id=47371970958864 ok=1 reason=ok
[v2.unet_gpu_residency] sampler_wrapper_before_sample request_id=v2-benchmark-0-3acfbb56a8c0 enforce=0 status=gpu_resident unet_object_id=47371550359376 parameter_count=453 gpu_parameter_count=453 cpu_parameter_count=0 meta_parameter_count=0 unknown_parameter_count=0 gpu_parameter_fraction=1.0 load_device=cuda:0 current_device=absent diffusion_model_current_device=absent model_cache_size=2 unet_in_model_cache=1 gpu_allocated_bytes=12420976640 gpu_reserved_bytes=12626952192
[v2.sampler_stall_watchdog] stage=armed request_id=v2-benchmark-0-3acfbb56a8c0 restored_instance_id=81c384b0b5574627a911740d7effd467 sampler_node_id=1242 sampler_class=ClownsharKSampler_Beta patcher_object_id=47371550359376 diffusion_model_object_id=47371970958864 unet_object_id=47371550359376 first_forward_timeout_s=5.0 first_step_timeout_s=15.0
[v2.vae_early_activation] event=scheduled request_id=v2-benchmark-0-3acfbb56a8c0 mode=sampling_end trigger=early_start key_hash=49e5e6f34d0d853f12adef40 source=snapshot_vae vae_identity_hash=dd8f11d04333e24d vae_policy_version=1 vae_weight_dtype=bfloat16 vae_compute_dtype=bfloat16_native vae_memory_format=contiguous vae_prefetch_mode=off c5_impl_version=1.0.0 torch=2.13.0+cu130 cuda=13.0 arch=sm_75;sm_80;sm_86;sm_90;sm_100;sm_120 restored_instance_id=81c384b0b5574627a911740d7effd467 restore_session_id=1488eba426994f3aa8cb25b36871bd3b
[v2.experiment] experiment=vae_overlap arm=early_1000 implementation_version=1 selector=request source=env settings={"early_start_ms":1000,"expected_sampling_ms":4900}
[v2.sampler_boundary] event=sampling_start request_id=v2-benchmark-0-3acfbb56a8c0 restored_instance_id=81c384b0b5574627a911740d7effd467 node_id=1242 node_class=ClownsharKSampler_Beta steps=8 patcher_object_id=47371550359376 diffusion_model_object_id=47371970958864 diffusion_model_device=absent diffusion_model_current_device=absent gpu_allocated_bytes=12420976640 gpu_reserved_bytes=12626952192
(RES4LYF) rk_type: res_2s

[v2.unet_forward_boundary] event=first_unet_forward request_id=v2-benchmark-0-3acfbb56a8c0 diffusion_model_object_id=47371970958864 patcher_object_id=47372871894736 model_object_id=47371988535248 x_device=cuda:0 x_dtype=torch.bfloat16 elapsed_ms=187.668
[v2.sampler_parity] UNET weight_dtype=torch.bfloat16 UNET compute_dtype=torch.bfloat16 manual_cast_dtype=None CacheDiT target=NextDiT CacheDiT attachment_count=1 CacheDiT fallback=0
[1A  0%|          | 0/8 [00:00<?, ?it/s]WARNING:root:[FeatureInjLatent] step=1 | progress=0.00 | eff_str=0.250 | no mask
WARNING:root:[FeatureInjLatent] step=2 | progress=0.01 | eff_str=0.214 | no mask
[v2.sampler_boundary] event=first_sampler_step request_id=v2-benchmark-0-3acfbb56a8c0 restored_instance_id=81c384b0b5574627a911740d7effd467 node_id=1242 node_class=ClownsharKSampler_Beta steps=8 patcher_object_id=47371550359376 diffusion_model_object_id=47371970958864 diffusion_model_device=absent diffusion_model_current_device=absent gpu_allocated_bytes=12420976640 gpu_reserved_bytes=12626952192

[1A 12%|█▎        | 1/8 [00:01<00:08,  1.15s/it]WARNING:root:[FeatureInjLatent] step=3 | progress=0.03 | eff_str=0.178 | no mask

[1A 25%|██▌       | 2/8 [00:02<00:06,  1.01s/it]
[1A 38%|███▊      | 3/8 [00:02<00:03,  1.31it/s]
[1A 50%|█████     | 4/8 [00:02<00:02,  1.55it/s]
[v2.vae_early_activation] event=load_start request_id=v2-benchmark-0-3acfbb56a8c0 mode=sampling_end trigger=early_start key_hash=49e5e6f34d0d853f12adef40 source=snapshot_vae vae_object_id=47371571475216
[1A 62%|██████▎   | 5/8 [00:03<00:01,  1.72it/s]
[1A 75%|███████▌  | 6/8 [00:03<00:01,  1.83it/s]
[1A 88%|████████▊ | 7/8 [00:04<00:00,  1.91it/s]
[1A100%|██████████| 8/8 [00:04<00:00,  2.00it/s]
[1A100%|██████████| 8/8 [00:04<00:00,  1.64it/s]
[v2.sampler_boundary] event=sampling_end request_id=v2-benchmark-0-3acfbb56a8c0 restored_instance_id=81c384b0b5574627a911740d7effd467 node_id=1242 node_class=ClownsharKSampler_Beta steps=8 patcher_object_id=47371550359376 diffusion_model_object_id=47371970958864 diffusion_model_device=absent diffusion_model_current_device=absent gpu_allocated_bytes=12420976640 gpu_reserved_bytes=12626952192 duration_ms=4934.634
[v2.vae_early_activation] event=terminal request_id=v2-benchmark-0-3acfbb56a8c0 mode=sampling_end key_hash=49e5e6f34d0d853f12adef40 status=ready reason=ok error=absent transfer_count=1 vae_policy_version=1 vae_weight_dtype=bfloat16 vae_compute_dtype=bfloat16_native vae_memory_format=contiguous vae_prefetch_mode=off c5_impl_version=1.0.0 source=snapshot_vae
[v2.vae_early_activation] event=consumed request_id=v2-benchmark-0-3acfbb56a8c0 mode=sampling_end key_hash=49e5e6f34d0d853f12adef40 join_wait_ms=0.029 status=ready source=snapshot_vae
[v2.gpu_load_boundary] event=load_models_gpu_start request_id=v2-benchmark-0-3acfbb56a8c0 restored_instance_id=81c384b0b5574627a911740d7effd467 restore_session_id=1488eba426994f3aa8cb25b36871bd3b roles=modelpatcher model_count=1 contains_registered_unet=0 caller_classification=graph_model_loading gpu_allocated_before=12624808960 gpu_reserved_before=14990442496
[v2.gpu_load_boundary] event=load_models_gpu_end request_id=v2-benchmark-0-3acfbb56a8c0 restored_instance_id=81c384b0b5574627a911740d7effd467 restore_session_id=1488eba426994f3aa8cb25b36871bd3b roles=modelpatcher model_count=1 caller_classification=graph_model_loading wall_ms=39.224 gpu_allocated_after=12624808960 gpu_allocated_delta_bytes=0
[production.rgthree.encode] side=b (B-only) shape=(1, 1920, 1088, 3) dtype=torch.uint8
[v2.opt.output_encode] total_ms=583.215 png_compress_ms=555.851 gpu_to_cpu_ms=0.01
[production.rgthree] node_id=107 a_count=0 b_count=1 encoded_unique=1 logical_outputs=1 return_a=0 temp_files_written=0 encode_ms=585.9
[v2.startup_stage] stage=first_prompt_executor_invocation event=end wall_unix_ns=1786586134092810964 monotonic_ns=819093565667 duration_ms=11227.21
[v2.pre_sampler_stages] request_id=v2-benchmark-0-3acfbb56a8c0 restored_instance_id=81c384b0b5574627a911740d7effd467 restore_session_id=1488eba426994f3aa8cb25b36871bd3b container_session_id=a416429a49c8434d modal_input_id=in-01KZWD9BR0272NJJC3Z6AXZKA0:1786586115840-0 modal_task_id=ta-01KZWD9CZXB4RAFEQZ96KA0R4R pid=2 boot_id=a41aed6f-9562-4de2-b90f-a16d8714f8dd hostname=modal total_nodes=43 first_output_node=107:ComfyModalProductionImageComparerOutput first_executing_node=987:Any Switch (rgthree) sampler_stage_status=sampler_active method_entry_to_graph_start_ms=21.82 graph_setup_ms=50.363 certificate_ms=0.0 cert_identity_build_ms=0.0 cert_cache_hit=0 cert_volume_reload_ms=0.0 cert_file_read_ms=0.0 cert_json_parse_validate_ms=0.0 cert_total_ms=0.0 legacy_preflight_ms=0.0 prompt_validation_ms=0.0 certificate_skipped_preflight=1 certificate_skipped_prompt_validation=1 preflight_ms=0.0 validation_ms=0.0 missing_node_repair_ms=0.184 production_registry_setup_ms=0.035 production_registry_profile_setup_ms=0.035 pregraph_setup_ms=0.488 executor_reset_ms=0.151 sampler_lane_wait_ms=0.06 residual_before_invoke_ms=8.069 method_entry_to_runtime_configuration_ms=21.759 call_to_exec_start_ms=0.653 exec_start_to_cached_ms=1492.154 cached_to_first_executing_ms=136.075 call_to_cached_ms=1492.807 call_to_first_node_ms=1628.881 first_node_to_clip_ms=3.37 clip_to_sampler_node_ms=2751.564 sampler_node_to_sampler_start_ms=151.963 sampler_node_to_lane_acquired_ms=0.11 lane_acquired_to_actual_stage_ms=151.854 pre_sampler_total_ms=4607.922 measured_children_ms=4536.512 residual_ms=71.41 reconciliation_status=ok add_message=True send_sync=True has_sampler=True sampler_count=1 lane_acquired=True
[v2.opt.output_delivery] hash_ms=1.437 descriptor_ms=None
[v2.opt.output_delivery] hash_ms=1.437 descriptor_ms=0.016
[v2.startup_stage] stage=first_durable_result event=ready wall_unix_ns=1786586134100513452 monotonic_ns=819101268134 output_persisted=1
[v2.output] hashes=1 base64_encode=0 base64_decode=0 commit_ms=0.0 commit_status=skipped overlap_ms=0.0 serialized_bytes=2211
[v2.host_memory] stage=result_complete current_mib=absent peak_mib=absent limit_mib=absent process_rss_mib=14176.9 process_maxrss_mib=35701.1 oom_count=absent oom_kill_count=absent status=ok cgroup_path=absent cgroup_mount=absent
[v2.activation_diagnosis] request_id=v2-benchmark-0-3acfbb56a8c0 cpu_snapshot_container_active=True execution_prefill_scheduled=True residency_diagnostics_enabled=0 clip_encode_calls=0 clip_encode_graph_calls=0 clip_encode_prefill_calls=0 clip_encode_wall_ms=0 clip_encode_graph_wall_ms=0 clip_encode_prefill_wall_ms=0 clip_encode_process_cpu_ms=0 load_models_gpu_calls=2 unet_gpu_load_calls=1 load_models_gpu_wall_ms=102.354 activation_receipt_count=4 gpu_allocated_delta_bytes=4096 cpu_peak_cores=7.33 cpu_above_16_ms=0.0 cpu_above_19_ms=0.0 cpu_longest_above_19_ms=absent cpu_overlap_graph_clip_ms=0.0 cpu_overlap_prefill_clip_ms=0.0 cpu_overlap_gpu_load_ms=0.0 clip_to_sampler_node_ms=2751.564 sampler_node_to_sampler_start_ms=151.963 diagnostic_accounted_ms=absent diagnostic_unattributed_ms=absent restore_requested_torch_intraop_threads=absent restore_actual_torch_intraop_threads=12 restore_torch_interop_threads=14 restore_torch_thread_limit_status=baseline_passthrough
[v2.process_cpu_spike] status=ok peak_effective_cores=7.330 duration_above_16_ms=0.000 duration_above_19_ms=0.000 longest_above_19_ms=0.000 sample_count=197
[v2.remote_request_origin.remote] request_id=v2-benchmark-0-3acfbb56a8c0 trigger_source=benchmark ui_trigger_unix_ms=1786586097468 local_receive_unix_ns=1786586097468396032 modal_generator_create_start_unix_ns=1786586116195774900 modal_submission_attempt_unix_ns=absent modal_generator_created_unix_ns=absent modal_first_iteration_start_unix_ns=absent modal_first_remote_event_unix_ns=absent modal_method_entry_unix_ns=1786586122793356544 prompt_executor_invoke_start_unix_ns=1786586122865491200 trigger_to_dispatch_ms=0.396 dispatch_to_modal_entry_ms=None modal_entry_to_executor_ms=72.143 trigger_to_executor_ms=25397.491 modal_input_id=in-01KZWD9BR0272NJJC3Z6AXZKA0:1786586115840-0 modal_task_id=ta-01KZWD9CZXB4RAFEQZ96KA0R4R
[v2.critical_path] python_resume_to_restore_enter_ms=0.0 restore_total_ms=843.355 restore_exit_to_run_enter_ms=13.917 run_enter_to_plan_received_ms=18.195 plan_received_to_executor_invoke_ms=53.948 executor_invoke_to_first_node_ms=1628.768 first_node_to_sampler_node_ms=2754.923 sampler_node_to_sampler_start_ms=151.963 pre_sampler_unattributed_ms=absent
[v2.cgroup_cpu_spike] status=unavailable reason=no readable cpu.stat candidates=/sys/fs/cgroup/cpu.stat errors=resolve_cgroup_v2_base: returned no readable cgroup base;probe2 path=/sys/fs/cgroup/cpu.stat: FileNotFoundError: [Errno 2] No such file or directory: '/sys/fs/cgroup/cpu.stat';parse_proc_cgroup: no unified 0:: entry
[v2.gpu_allocation] cuda_version=13.0 gpu_actual_name=NVIDIA RTX PRO 6000 Blackwell Server Edition gpu_compute_capability=12.0 gpu_requested_order=RTX-PRO-6000 gpu_vram_total_mib=97250 torch_version=2.13.0+cu130
V2 COLD WATERFALL - REMOTE/PARTIAL (awaiting host reconciliation)
Request: v2-benchmark-0-3acfbb56a8c0  Instance: 81c384b0b5574627a911740d7effd467  GPU: ['RTX-PRO-6000']  Fresh: YES
TOTAL WALL:        -   (command->response minus Modal scheduling)
SCHEDULING:        -   (informational - excluded from % and bars)
COMMAND->RESPONSE:  36.661s

+-----+------------------------------------------------+------------+------------+---------+---------------------------------------+
 # | Stage                                          | Duration |     Cum. |      % | Relative wall time
+-----+------------------------------------------------+------------+------------+---------+---------------------------------------+
  1 | Local preparation                              |     0.000s |     0.000s |   0.001% | +                                    
  2 | Modal handle and submission                    |          - |          - |       - |                                      
  3 | Modal scheduling + pre-Python restore (awai... |          - |          - |       - |                                      
  4 | Modal pre-Python snapshot restoration          |          - |          - |       - |                                      
  5 | Python/application restore                     |     0.861s |     0.861s |   2.349% | #                                    
  6 | Restore-to-method entry                        |     0.014s |     0.875s |   0.038% | #                                    
  7 | ~ Method entry to UNET ownership claim         |          - |          - |       - |                                      
  8 | ~ UNET claim to ready (worker load)            |          - |          - |       - |                                      
  9 |   detail: Checkpoint read                      |     2.610s |          - |   7.118% |                                      
 10 |   detail: Read end ? construction done         |     0.297s |          - |   0.810% |                                      
 11 |   detail: Bind                                 |     0.021s |          - |   0.056% |                                      
 12 |   detail: Synchronized H2D                     |     2.606s |          - |   7.109% |                                      
 13 |   detail: H2D end ? UNET ready                 |     0.002s |          - |   0.005% |                                      
 14 |   detail: UNET ready ? sampler demand          |          - |          - |       - |                                      
 15 |   detail: Sampler demand ? join complete       |          - |          - |       - |                                      
 16 |   detail: Join complete ? sampling             |          - |          - |       - |                                      
 17 | Remote method setup                            |     0.072s |     0.947s |   0.197% | #                                    
 18 |   detail: method entry to graph start          |     0.022s |          - |   0.060% |                                      
 19 |   detail: method entry to runtime configura... |     0.022s |          - |   0.059% |                                      
 20 |   detail: runtime configuration                |     0.000s |          - |   0.000% |                                      
 21 |   detail: graph setup                          |     0.050s |          - |   0.137% |                                      
 22 |   detail: certificate                          |     0.000s |          - |   0.000% |                                      
 23 |   detail: preflight                            |     0.000s |          - |   0.000% |                                      
 24 |   detail: validation                           |     0.000s |          - |   0.000% |                                      
 25 |   detail: legacy runtime resolution            |     0.000s |          - |   0.000% |                                      
 26 |   detail: preload check                        |     0.002s |          - |   0.005% |                                      
 27 |   detail: missing-node repair                  |     0.000s |          - |   0.001% |                                      
 28 |   detail: production registry setup            |     0.000s |          - |   0.000% |                                      
 29 |   detail: pregraph setup                       |     0.000s |          - |   0.001% |                                      
 30 |   detail: executor reset                       |     0.000s |          - |   0.000% |                                      
 31 |   detail: residual before executor invoke      |     0.008s |          - |   0.022% |                                      
 32 |   detail: pre-sampler total                    |     4.608s |          - |  12.569% |                                      
 33 |   detail: measured pre-sampler children        |     4.537s |          - |  12.374% |                                      
 34 |   detail: pre-sampler residual                 |     0.071s |          - |   0.195% |                                      
 35 |   detail: UNET quiesce wait (diagnostic)       |          - |          - |       - |                                      
 36 |   detail: UNET transfer queue delay            |          - |          - |       - |                                      
 37 |   detail: UNET synchronized transfer           |          - |          - |       - |                                      
 38 |   detail: UNET scheduled ? worker start        |          - |          - |       - |                                      
 39 |   detail: Worker start ? checkpoint read start |          - |          - |       - |                                      
 40 | PromptExecutor/cache setup                     |     1.629s |     2.576s |   4.443% | ##                                   
 41 |   detail: PromptExecutor invoke to execution   |     0.001s |          - |   0.002% |                                      
 42 |   detail: execution to cached                  |     1.492s |          - |   4.070% |                                      
 43 |   detail: cached to first node                 |     0.136s |          - |   0.371% |                                      
 44 |   detail: graph/prefill activity               |          - |          - |       - |                                      
 45 |   detail: CPU owner: CLIPTextEncode [CLIP]     |     0.002s |          - |   0.005% |                                      
 46 |   detail: CPU owner: load_models_gpu [other]   |     0.064s |          - |   0.175% |                                      
 47 |   detail: Node: Any Switch (rgthree)           |     0.000s |          - |   0.001% |                                      
 48 |   detail: Node: VAELoader                      |     0.001s |          - |   0.003% |                                      
 49 |   detail: Node: ClownOptions_ExtraOptions_Beta |     0.000s |          - |   0.000% |                                      
 50 |   detail: Node: ImpactIfNone                   |     0.000s |          - |   0.000% |                                      
 51 |   detail: Node: easy ifElse                    |     0.000s |          - |   0.000% |                                      
 52 |   detail: Node: easy int                       |     0.000s |          - |   0.000% |                                      
 53 |   detail: Node: easy ifElse                    |     0.000s |          - |   0.000% |                                      
 54 |   detail: Node: PrimitiveStringMultiline       |     0.000s |          - |   0.001% |                                      
 55 |   detail: Node: JoinStrings                    |     0.000s |          - |   0.000% |                                      
 56 |   detail: Node: CLIPLoader                     |     0.001s |          - |   0.003% |                                      
 57 |   detail: Node: CLIPTextEncode                 |     0.002s |          - |   0.006% |                                      
 58 |   detail: Node: ConditioningZeroOut            |     0.002s |          - |   0.006% |                                      
 59 |   detail: Node: PairConditioningSetProperties  |     0.000s |          - |   0.001% |                                      
 60 |   detail: Node: CustomCombo                    |     0.000s |          - |   0.001% |                                      
 61 |   detail: Node: SimpleMath+                    |     0.000s |          - |   0.001% |                                      
 62 |   detail: Node: ImpactSwitch                   |     0.050s |          - |   0.135% |                                      
 63 |   detail: Node: UNETLoader                     |     2.661s |          - |   7.260% |                                      
 64 |   detail: Node: ModelSamplingAuraFlow          |     0.002s |          - |   0.006% |                                      
 65 |   detail: Node: CacheDiT_Model_Optimizer       |     0.000s |          - |   0.001% |                                      
 66 |   detail: Node: PathchSageAttentionKJ          |     0.000s |          - |   0.000% |                                      
 67 |   detail: Node: easy float                     |     0.000s |          - |   0.000% |                                      
 68 |   detail: Node: easy int                       |     0.000s |          - |   0.000% |                                      
 69 |   detail: Node: easy ifElse                    |     0.000s |          - |   0.000% |                                      
 70 |   detail: Node: StringToCombo|LP               |     0.000s |          - |   0.000% |                                      
 71 |   detail: Node: easy ifElse                    |     0.000s |          - |   0.000% |                                      
 72 |   detail: Node: CustomCombo                    |     0.000s |          - |   0.001% |                                      
 73 |   detail: Node: easy stringToIntList           |     0.000s |          - |   0.000% |                                      
 74 |   detail: Node: easy indexAnything             |     0.000s |          - |   0.000% |                                      
 75 |   detail: Node: easy stringToIntList           |     0.000s |          - |   0.000% |                                      
 76 |   detail: Node: easy indexAnything             |     0.000s |          - |   0.000% |                                      
 77 |   detail: Node: EmptyImage                     |     0.004s |          - |   0.010% |                                      
 78 |   detail: Node: ImageRotate                    |     0.001s |          - |   0.003% |                                      
 79 |   detail: Node: ImpactSwitch                   |     0.024s |          - |   0.064% |                                      
 80 |   detail: Node: easy imageSize                 |     0.000s |          - |   0.000% |                                      
 81 |   detail: Node: EmptySD3LatentImage            |     0.000s |          - |   0.001% |                                      
 82 |   detail: Node: Any Switch (rgthree)           |     0.000s |          - |   0.000% |                                      
 83 |   detail: Node: LGNoiseInjectionLatent         |     0.001s |          - |   0.002% |                                      
 84 |   detail: Node: ClownsharKSampler_Beta         |     0.159s |          - |   0.434% |                                      
 85 |   detail: PromptExecutor internal/unattributed |          - |          - |       - |                                      
 86 | First node to CLIP                             |     0.003s |     2.580s |   0.009% | #                                    
 87 | CLIP to sampler node                           |     2.752s |     5.331s |   7.506% | ###                                  
 88 | Sampler graph-join wait                        |          - |          - |       - |                                      
 89 | Sampler node to sampling                       |     0.152s |     5.483s |   0.414% | #                                    
 90 |   detail: sampler lane wait                    |     0.000s |          - |   0.000% |                                      
 91 |   detail: sampler node to lane acquired        |     0.000s |          - |   0.000% |                                      
 92 |   detail: lane acquired to actual stage        |     0.152s |          - |   0.414% |                                      
 93 | Sampling                                       |     4.933s |    10.416s |  13.457% | #####                                
 94 | Post-sampling transition                       |     0.802s |    11.218s |   2.187% | #                                    
 95 |   detail: Sampling end ? VAE scheduled         |    INVALID |          - |       - |                                      
 96 |   detail: VAE scheduled ? worker/load start    |     3.988s |          - |  10.878% |                                      
 97 | VAE                                            |     0.370s |    11.588s |   1.008% | #                                    
 98 |   detail: VAE load/H2D                         |     0.947s |          - |   2.584% |                                      
 99 |   detail: VAE ready ? consumed                 |     0.801s |          - |   2.184% |                                      
 100 |   detail: Consumed ? decode start              |     0.000s |          - |   0.000% |                                      
 101 | Output encode / descriptor                     |     0.594s |    12.182s |   1.620% | #                                    
 102 |   detail: output encode                        |          - |          - |       - |                                      
 103 |   detail: output commit                        |          - |          - |       - |                                      
 104 |   detail: VAE end ? output encode start        |     0.001s |          - |   0.002% |                                      
 105 |   detail: PNG encode                           |     0.589s |          - |   1.605% |                                      
 106 |   detail: Descriptor/materialization           |     0.005s |          - |   0.015% |                                      
 107 | Remote result handoff                          |          - |          - |       - |                                      
 108 |   detail: Remote result emitted                |          - |          - |       - |                                      
 109 |   detail: Deferred persistence after yield     |          - |          - |       - |                                      
 110 | Remote/local return                            |     0.028s |    12.210s |   0.076% | +                                    
 111 |   detail: Local receipt ? caller return        |          - |          - |       - |                                      
 112 | Residual (unattributed)                        |    24.451s |    36.661s |  66.695% | =========================            
+-----+------------------------------------------------+------------+------------+---------+---------------------------------------+
    | ACCOUNTED     |    12.210s |            |  33.305% | .....................................
    | RECONCILIATION |    24.451s |            |            | .....................................
    | TOTAL WALL |          - |            |       - |                                      
    | COMMAND -> RESPONSE |    36.661s |            |  100.0% | #####################################
    | TOP-LEVEL ACCOUNTED |    12.210s |            |  33.305% | .....................................
    | GLOBAL RESIDUAL |    24.451s |            |            | .....................................
    | RESIDUAL %     |    66.695% |            |            | .....................................
    | RECONCILIATION STATUS | EXCEEDS_TOLERANCE |            |            | .....................................
    | CONTROLLABLE APPLICATION WALL |    12.210s |            |            | .....................................
    | PLATFORM/MODAL WALL |     0.000s |            |            | .....................................
Boundary flags: modal_restore_begin_unavailable (modal_scheduling covers submission->python_resume combined), submission_boundary_unavailable (submission boundary absent; scheduling spans cannot start at the local submit)
REMOTE/PARTIAL WATERFALL - awaiting host reconciliation (missing: missing_submission, missing_modal_restore_begin, missing_local_result_receipt)
+-----+------------------------------------------------+------------+------------+---------+---------------------------------------+
Warnings:
  - global residual 24450.960ms (66.70%) of command-to-response unaccounted
  - reconciliation exceeds tolerance: 24450.960ms > 91.652ms
Restoring Function from memory snapshot.
[v2.startup_stage] stage=post_snapshot_restore event=start wall_unix_ns=1786586211018933413 monotonic_ns=2656345960555
[v2.snapshot_timing] snapshot_callback_age_at_restore_ms=2617758.91 snapshot_callback_to_command_start_ms=unavailable command_start_to_restore_start_ms=unavailable request_latency_included=0 source=snapshot_callback_return_to_restore_start
[v2.snapshot_model_eviction] stage=restore_observed marker=1 cpu_snapshot_models_present=1 clip_present=1 unet_present=0 retained_role=clip_vae retained_model_id=0 retained_model_type= rss_after_restore_mib=11305.6171875 native_thread_count=46 torch_intraop=12 torch_interop=14 wall_unix_ns=1786586211059006934
[v2.snapshot_model_eviction] stage=restore_release_retained retain_role=clip_vae status=container_retained container_present=1 clip_present=1 vae_present=1 unet_present=0 retained_slot_release=0 retained_model_id=0 retained_alive_after_release=0 rss_before_release_mib=absent rss_after_gc_mib=absent rss_after_trim_mib=absent rss_drop_mib=absent malloc_trim_status=absent malloc_trim_result=absent restore_release_start_wall_unix_ns=1786586211059173844 restore_release_end_wall_unix_ns=1786586211059173844 wall_unix_ns=1786586211059173844
[v2.residency_config] enabled=0
[v2.host_memory] stage=restore_start current_mib=absent peak_mib=absent limit_mib=absent process_rss_mib=11588.3 process_maxrss_mib=35737.1 oom_count=absent oom_kill_count=absent status=ok cgroup_path=absent cgroup_mount=absent
[v2.runtime_shape] stage=after_restore runtime_shape_fingerprint=f504e296c398bdcb2c4c07e2 runtime_shape_label=None thread_policy=TBASE snapshot_model_order=O0 cpu_request=12 memory_request=32768 native_thread_count=46 configured_omp=None configured_mkl=None configured_openblas=None configured_numexpr=None malloc_arena_max=None native_library_settings={'OMP_NUM_THREADS': '12', 'MKL_NUM_THREADS': '12', 'OPENBLAS_NUM_THREADS': '12', 'NUMEXPR_NUM_THREADS': None, 'MALLOC_ARENA_MAX': None} torch_intraop_threads=12 torch_interop_threads=14 actual_torch_intraop_threads=12 actual_torch_interop_threads=14 requested_torch_intraop_threads=None requested_torch_interop_threads=None requested_vs_actual_match=True status=baseline_passthrough error=
[v2.opt.gpu_state] total_memory_ms=251.831
[comfyapp] gpu_state restored vram=97250MB ram=1048576MB vram_state=VRAMState.HIGH_VRAM in 253.9ms
[restore.cuda_context] available=1 device_index=0 device=NVIDIA RTX PRO 6000 Blackwell Server Edition sync_ms=2.279 total_ms=2.397
[v2.sage_restore] decision=snapshot_exact_skip discovery_called=0 verify_ms=0.091
[v2.custom_node_restore] decision=snapshot_exact_skip callback_called=0 source=persisted_record check_ms=0.841
[v2.startup_stage] stage=snapshot_execution_seed event=start wall_unix_ns=1786586211575582946 monotonic_ns=2656902610308
[v2.seed_restore] source=startup_minimal schema=2 topology_available=0 workflow_hash= loader_signatures=0
[v2.startup_stage] stage=snapshot_execution_seed event=end wall_unix_ns=1786586211578229314 monotonic_ns=2656905255826 duration_ms=2.646
[v2.generation_identity] method=restore custom_nodes_generation='fbecafb8ae72728ebc36d581…' raw_empty=false source=persisted_record runtime_state_generation='' api_object_id=47531661585936 deployment_combined_hash=1bd881d798947977
[v2.prefill_config] env=critical parsed=critical cpu_snapshot_container_active=0 native_fast_disk_unet_execution_active=0
[v2.restore_breakdown] bootstrap_ms=476.922 unet_cache_patch_ms=None clip_prepare_submit_ms=None clip_worker_wait_ms=None unet_spec_extract_ms=None bg_unet_submit_ms=None restore_finalize_ms=0.129
[v2.clip_stages] worker_queue_ms=None load_torch_file_ms=None read_to_ready_ms=None post_read_cpu_prepare_ms=None gpu_wait_ms=None gpu_commit_ms=None read_end_to_ready_ms=None worker_total_ms=None worker_close_wait_ms=None restore_finalization_ms=0.129
[v2.restoration_identity] restored_instance_id=954390b367d34117b9bccf8836ac9457 restore_session_id=081051f23d8e4dddbe3e3a3d61483de0 container_session_id=0142d9812047446e modal_task_id=ta-01KZWDC53C1V30SRJQKBJED04R modal_image_id=im-8KexmbMytHCmXTxTMl6pl9 modal_cloud=CLOUD_PROVIDER_GCP modal_region=us-east4 pid=2 hostname=modal restore_total_ms=520.01 remote_python_resume_wall_unix_ns=1786586211018854656 restore_method_start_wall_unix_ns=1786586211018854656 restore_method_end_wall_unix_ns=1786586211579300864 modal_method_entry_wall_unix_ns=absent restore_status=success restore_method_status=success 
[v2.lifecycle] method=restore snap=False container_session=0142d9812047446e restore_count=1 restore_total_ms=520.01 remote_python_resume_wall_unix_ns=1786586211018854656 restore_method_start_wall_unix_ns=1786586211018854656 restore_method_end_wall_unix_ns=1786586211579300864 modal_method_entry_wall_unix_ns=absent restore_status=success restore_method_status=success status=restored
[v2.host_memory] stage=restore_complete current_mib=absent peak_mib=absent limit_mib=absent process_rss_mib=13149.2 process_maxrss_mib=35737.1 oom_count=absent oom_kill_count=absent status=ok cgroup_path=absent cgroup_mount=absent
[v2.gpu_allocation] cuda_version=13.0 gpu_actual_name=NVIDIA RTX PRO 6000 Blackwell Server Edition gpu_compute_capability=12.0 gpu_requested_order=RTX-PRO-6000 gpu_vram_total_mib=97250 torch_version=2.13.0+cu130
[v2.startup_stage] stage=post_snapshot_restore event=end wall_unix_ns=1786586211589480756 monotonic_ns=2656916507918 duration_ms=570.547
[v2.startup_stage] stage=first_remote_method_entry event=entry wall_unix_ns=1786586211601635607 monotonic_ns=2656928662679
[v2.env_profile] effective_profile=inherit container_profile=inherit request_override=inherit request_override_applied=0 source=request-inherit-noop
[v2.request_variance_env] COMFYMODAL_V2_VAE_EARLY_START_MS=1000
[v2.local_submission_breakdown.remote] request_id=v2-benchmark-0-e1842ed40acf local_receive_to_worker_start_ms=18906.0 worker_start_to_normalize_start_ms=0.0 normalize_production_options_ms=0.0 normalize_end_to_trace_construct_start_ms=0.0 runtime_trace_construct_ms=0.0 trace_construct_to_options_copy_start_ms=0.0 benchmark_options_copy_ms=0.0 options_copy_to_client_id_start_ms=0.0 client_id_generation_ms=0.0 client_id_end_to_plan_call_ms=0.0 plan_call_to_function_entry_ms=0.0 worker_start_to_plan_build_ms=0.0 local_receive_to_plan_build_start_ms=18906.0 worker_queue_ms=0.0 plan_build_ms=63.0 plan_build_to_execute_plan_entry_ms=0.0 execute_plan_entry_to_plan_materialization_ms=0.0 plan_materialization_ms=0.0 plan_materialization_to_active_profile_ms=0.0 active_profile_ms=0.0 restore_plan_build_ms=absent restore_publish_ms=absent restore_publish_to_transport_entry_ms=absent transport_entry_to_handle_lookup_ms=0.0 handle_lookup_ms=absent payload_materialization_ms=0.0 payload_size_measurement_ms=0.0 payload_size_to_serialize_end_ms=0.0 payload_ready_to_modal_call_ms=0.0 local_receive_to_modal_call_ms=18969.0 generator_create_ms=absent generator_created_to_first_iteration_ms=absent local_receive_to_actual_submission_ms=absent measured_children_ms=absent residual_ms=absent reconciliation_status=incomplete profile_cache_hit=False profile_remote_call_performed=False profile_checker_matched=False restore_publish_cache_hit=absent restore_remote_call_performed=absent handle_cache_hit=absent plan_to_dict_count=1 payload_bytes=19461 active_profile_local_ms=0.0 active_profile_cache_lookup_ms=0.0 active_profile_checker_ms=0.0 active_profile_setter_ms=0.0 active_profile_total_ms=0.0 created_modal_client=False performed_cls_from_name=False constructed_class_instance=False input_image_count=0 workflow_node_count=43 unmeasured_boundary=absent
[v2.seed_restore] source=invocation_plan schema=2 topology_available=1 workflow_hash=2e43d4c0ba3b82c0 loader_nodes=3 sampler_nodes=1 reachable_nodes=43 static_signatures=43
[v2.runtime_shape] stage=request_entry runtime_shape_fingerprint=f504e296c398bdcb2c4c07e2 runtime_shape_label=None thread_policy=TBASE snapshot_model_order=O0 cpu_request=12 memory_request=32768 native_thread_count=48 configured_omp=None configured_mkl=None configured_openblas=None configured_numexpr=None malloc_arena_max=None native_library_settings={'OMP_NUM_THREADS': '12', 'MKL_NUM_THREADS': '12', 'OPENBLAS_NUM_THREADS': '12', 'NUMEXPR_NUM_THREADS': None, 'MALLOC_ARENA_MAX': None} torch_intraop_threads=12 torch_interop_threads=14 actual_torch_intraop_threads=12 actual_torch_interop_threads=14 requested_torch_intraop_threads=None requested_torch_interop_threads=None requested_vs_actual_match=True status=baseline_passthrough error=
[v2.method_entry_gap] restore_to_method_ms=12.203 first_line_to_running_log_ms=9.157 same_process=True identity_mismatch_reasons=none remote_python_resume_wall_unix_ns=1786586211018854656 restore_method_start_wall_unix_ns=1786586211018854656 restore_method_end_wall_unix_ns=1786586211579300864 modal_method_entry_wall_unix_ns=1786586211601626880 restore_end_to_modal_method_ms=22.316
[v2.snapshot_timing] snapshot_callback_age_at_restore_ms=2617758.91 snapshot_callback_to_command_start_ms=2587534.704 command_start_to_restore_start_ms=30223.855 command_start_to_python_resume_ms=30223.855 command_start_to_restore_end_ms=30784.301 request_latency_included=0_for_callback_age
[v2.host_memory] stage=prompt_executor_start current_mib=absent peak_mib=absent limit_mib=absent process_rss_mib=13149.5 process_maxrss_mib=35737.1 oom_count=absent oom_kill_count=absent status=ok cgroup_path=absent cgroup_mount=absent
[v2.cpu_snapshot_models] cpu_snapshot_models_present=1 clip_present=1 unet_present=0 cpu_snapshot_active=0
[v2.cpu_snapshot_request] status=present_but_inactive clip_present=1 unet_present=0 action=clip_vae_only_request_activation
[v2.cpu_snapshot_request] status=clip_vae_only_bind clip_source=cpu_snapshot vae_source=cpu_snapshot unet_source=normal_loader clip_object_id=47537760655248 vae_object_id=47537776803408
[v2.cpu_snapshot_request] status=reused reason=clip_vae_only
[v2.unet_identity_chain] stage=snapshot request_id=v2-benchmark-0-e1842ed40acf unet_object_id=0
[v2.unet_identity_chain] stage=bridge request_id=v2-benchmark-0-e1842ed40acf unet_object_id=0
[v2.snapshot_activation_invariant] profile=inherit models_container_present=1 clip_present=1 unet_present=0 snapshot_enabled_by_config=1 cpu_snapshot_container_active=1 loader_bridge_active=1 execution_prefill_allowed=0 status=pass reason=ok
[v2.execution_prefill] snapshot_active=1 env_raw=critical scheduled=1
[v2.execution_unet] scheduled=1 snapshot_unet_absent=1 request_id=v2-benchmark-0-e1842ed40acf
[v2.plan_proof] schema=1 payload=yes validated=True outputs=2 out_ids=107,935:931 wf_hash=2e43d4c0ba3b82c0 recomputed=2e43d4c0ba3b82c0 match=True dep_complete=True consumed=False cert_decision=legacy
[v2.plan_proof.registry] workflow_class_count=31 host_proved_count=31 snapshot_proved_count=31 missing_host=0 missing_snapshot=0 identity_mismatch=0 workflow_registry_match=1 reason=
[v2.plan_proof] parity proof_present=1 proof_complete=1 proof_valid=1 dep_match=1 gen_match=1 wf_reg_match=1 reg_full_match=0 dep_proof_match=1 eligible=1 reason=ok consumed=False
[v2.exec] res4lyf_dummy_init_disabled=1 reported_injected=1 actual_injected=1
[preflight.model_reads] restore_preload_active=0 selected_clip=/root/comfy/ComfyUI/models/text_encoders/qwen_3_4b.safetensors
[v2.generation_identity] custom_nodes_generation='fbecafb8ae72728ebc36d581…' raw_empty=false source=persisted_record runtime_state_generation='' api_object_id=47531661585936 deployment_combined_hash=1bd881d798947977
[v2.plan_proof] decision=plan_validation_fast_path consumed=1 workflow_hash_match=1 validation_hash_match=1 plan_complete=1 snapshot_complete=1 snapshot_valid=1 dep_match=1 gen_match=1 wf_reg_match=1 dependency_match=1 repair_changed=0 outputs_nonempty=1 eligible=1[v2.clip_conditioning_cache] event=mode flag=COMFYMODAL_V2_CLIP_CONDITIONING_CACHE enabled=1 root=/root/prompt_cache_vol/exact_conditioning max_entries=64 max_bytes=536870912

[active_read] registered owner=graph_loader key=/__modal/volumes/vo-QI6fCKykvocVkUBVGsuZgm/diffusion_models/z_image_turbo_bf16.s active_read_id=d760ba6c2ea647b9 restored_instance_id=954390b367d34117b9bccf8836ac9457 restore_session_id=081051f23d8e4dddbe3e3a3d61483de0 request_id= start_wall_unix_ns=1786586211644425472 start_monotonic_ns=2656971442138 start_thread_time_ns=10000000 start_process_time_ns=103590000000 native_tid=75 active_read_path_hash=8d2256b3cff6bbd2 active_read_file_size=12309866400 active_read_st_dev=30 active_read_st_ino=101 active_read_governor_enabled=0 active_read_priority=100 active_read_size_bytes=12309866400 active_read_size_mb=11739.6 active_read_is_large=1 active_read_classification_source=file_size active_read_queue_enter_ms=0.0 active_read_queue_exit_ms=0.0 active_read_queue_wait_ms=0.0 active_read_large_slots_used_at_enter=0 active_read_large_slots_used_at_start=0 active_read_concurrent_large_reads_at_start=1 active_read_attached_existing_future=0 active_read_duplicate_prevented=0
[v2.host_memory] stage=peak_execution current_mib=absent peak_mib=absent limit_mib=absent process_rss_mib=24890.8 process_maxrss_mib=35737.1 oom_count=absent oom_kill_count=absent status=ok cgroup_path=absent cgroup_mount=absent
[v2.startup_stage] stage=first_prompt_executor_invocation event=start wall_unix_ns=1786586211659524265 monotonic_ns=2656986551357
[v2.unet_early_activation] event=mode mode=late env_raw=late restored_instance_id=954390b367d34117b9bccf8836ac9457 restore_session_id=081051f23d8e4dddbe3e3a3d61483de0
[v2.unet_early_activation] event=skipped request_id=v2-benchmark-0-e1842ed40acf mode=late trigger=conditioning_cache_hit reason=cpu_snapshot_mode_inactive eligible=0
[v2.clip_conditioning_cache] decision=exact_hit key_hash=e24059626b0f3d17f0ba656e18d396b1449e52b9b046a4cf35d5f7874baafa2f identity_status=valid encode_calls=0 schema_version=1 validation_scope=clip_model_workflow_custom_nodes_schema_format_side_conditioning_inputs entries=1 request_id=v2-benchmark-0-e1842ed40acf
[active_read] completed owner=graph_loader key=/__modal/volumes/vo-QI6fCKykvocVkUBVGsuZgm/diffusion_models/z_image_turbo_bf16.s active_read_id=d760ba6c2ea647b9 restored_instance_id=954390b367d34117 restore_session_id=081051f23d8e4dddbe3e3a3d61483de0 complete_wall_unix_ns=1786586212657061120 complete_monotonic_ns=2657984082154 complete_thread_time_ns=900000000 complete_process_time_ns=104680000000 complete_native_tid=75 wall_ms=1012.64 thread_cpu_ms=890.0 process_cpu_ms=1090.0 majf=None minf=None inblock=None nvcsw=None nivcsw=None read_bytes=None rchar=None path_hash=8d2256b3cff6bbd2 file_size=12309866400 st_dev=30 st_ino=101
[v2.active_read_diag] active_read_id=d760ba6c2ea647b9 owner=graph_loader request_id= restore_session_id=081051f23d8e4dddbe3e3a3d61483de0 path_hash=8d2256b3cff6bbd2 wall_ms=1012.64 thread_cpu_ms=890.0 process_cpu_ms=1090.0 read_bytes=not_observed_in_this_thread rchar=not_observed_in_this_thread minor_faults=None major_faults=None context_switches=None/None counter_status=unsupported legacy_counter_status=unsupported thread_cpu_status=unsupported process_cpu_status=unsupported io_status=unsupported page_fault_status=unsupported block_input_status=unsupported context_switch_status=unsupported native_thread_id=75
[v2.vae_early_activation] event=mode mode=sampling_end env_raw=sampling_end restored_instance_id=954390b367d34117b9bccf8836ac9457 restore_session_id=081051f23d8e4dddbe3e3a3d61483de0
[v2.cpu_owner] operation=CLIPTextEncode role=CLIP wall_ms=1.906 process_cpu_ms=20.000 effective_cores=10.494 native_threads_start=51 native_threads_peak=52 native_threads_end=51
[v2.native_fast_disk_unet] decision=defer reason=ok stage=to patcher_class=comfy.model_patcher.ModelPatcher patcher_dynamic=0 param_count=453 parameter_bytes=12309817472 dtype_distribution={'torch.bfloat16': 453} device_distribution={'cpu': 453} cpu_params=453 cpu_buffers=1 get_model_ms=318.088 ctor_ms=0.173 bind_ms=None to_wall_ms=None to_device_ms=None to_device_ms_label=unavailable
[v2.native_fast_disk_unet] decision=complete reason=ok stage=load_model_weights patcher_class=comfy.model_patcher.ModelPatcher patcher_dynamic=0 param_count=453 parameter_bytes=12309817472 dtype_distribution={'torch.bfloat16': 453} device_distribution={'cuda': 453} cpu_params=0 cpu_buffers=0 get_model_ms=318.088 ctor_ms=0.173 bind_ms=19.476 to_wall_ms=2171.387 to_device_ms=2171.441 to_device_ms_label=synchronized_device
[v2.unet_runtime_state] stage=normal_loader_ready unet_identity=z_image_turbo_bf16.safetensors requested_weight_dtype=default effective_weight_dtype=default state={"current_device":"cuda:0","diffusion_model_object_id":"47537750862288","diffusion_model_type":"NextDiT","first_buffer_device":"absent","first_buffer_dtype":"absent","first_parameter_device":"cuda:0","first_parameter_dtype":"torch.bfloat16","forward_module":"NextDiT","forward_qualname":"NextDiT.forward","load_device":"cuda:0","loaded_models_member":"0","manual_cast_dtype":"absent","model_dtype":"torch.bfloat16","model_loaded_weight_memory":"0","model_lowvram":"False","model_lowvram_patch_counter":"0","model_object_id":"47537776747984","model_options_keys":["transformer_options"],"model_type":"Lumina2","object_patch_count":0,"offload_device":"cuda:0","patch_count":0,"patcher_object_id":"47538103625616","patcher_type":"ModelPatcher","transformer_options_keys":["wrappers"],"weight_dtype":"absent"}
standard
WARNING:root:[FeatureInjLatent] Reference latent: shape=torch.Size([1, 16, 240, 136])
[v2.sampler_boundary] event=sampler_lane_requested sampler_node_id=1242 sampler_node_class=ClownsharKSampler_Beta blocking_owner=absent
[v2.sampler_boundary] event=sampler_lane_acquired sampler_node_id=1242 sampler_node_class=ClownsharKSampler_Beta wait_ms=0.093 blocking_owner=absent
[CacheDiT] Transformer class: NextDiT (module: comfy.ldm.lumina.model)
[v2.gpu_load_boundary] event=load_models_gpu_start request_id=v2-benchmark-0-e1842ed40acf restored_instance_id=954390b367d34117b9bccf8836ac9457 restore_session_id=081051f23d8e4dddbe3e3a3d61483de0 roles=UNET model_count=1 contains_registered_unet=1 caller_classification=graph_model_loading gpu_allocated_before=12416794624 gpu_reserved_before=12624855040
[v2.gpu_load_boundary] event=load_models_gpu_end request_id=v2-benchmark-0-e1842ed40acf restored_instance_id=954390b367d34117b9bccf8836ac9457 restore_session_id=081051f23d8e4dddbe3e3a3d61483de0 roles=UNET model_count=1 caller_classification=graph_model_loading wall_ms=58.035 gpu_allocated_after=12416798720 gpu_allocated_delta_bytes=4096
[v2.cpu_owner] operation=load_models_gpu role=other wall_ms=59.057 process_cpu_ms=180.000 effective_cores=3.048 native_threads_start=51 native_threads_peak=52 native_threads_end=51
[v2.unet_identity_chain] check=stage_pair stage_a=bridge stage_b=sampler request_id=v2-benchmark-0-e1842ed40acf patcher_a_object_id=47538103625616 diffusion_a_object_id=47537750862288 patcher_b_object_id=47537932535312 diffusion_b_object_id=47537750862288 ok=1 reason=ok
[v2.unet_gpu_residency] sampler_wrapper_before_sample request_id=v2-benchmark-0-e1842ed40acf enforce=0 status=gpu_resident unet_object_id=47537932535312 parameter_count=453 gpu_parameter_count=453 cpu_parameter_count=0 meta_parameter_count=0 unknown_parameter_count=0 gpu_parameter_fraction=1.0 load_device=cuda:0 current_device=absent diffusion_model_current_device=absent model_cache_size=2 unet_in_model_cache=1 gpu_allocated_bytes=12420976640 gpu_reserved_bytes=12626952192
[v2.sampler_stall_watchdog] stage=armed request_id=v2-benchmark-0-e1842ed40acf restored_instance_id=954390b367d34117b9bccf8836ac9457 sampler_node_id=1242 sampler_class=ClownsharKSampler_Beta patcher_object_id=47537932535312 diffusion_model_object_id=47537750862288 unet_object_id=47537932535312 first_forward_timeout_s=5.0 first_step_timeout_s=15.0
[v2.vae_early_activation] event=scheduled request_id=v2-benchmark-0-e1842ed40acf mode=sampling_end trigger=early_start key_hash=19a6cea4a32fb4c467e0a58a source=snapshot_vae vae_identity_hash=dd8f11d04333e24d vae_policy_version=1 vae_weight_dtype=bfloat16 vae_compute_dtype=bfloat16_native vae_memory_format=contiguous vae_prefetch_mode=off c5_impl_version=1.0.0 torch=2.13.0+cu130 cuda=13.0 arch=sm_75;sm_80;sm_86;sm_90;sm_100;sm_120 restored_instance_id=954390b367d34117b9bccf8836ac9457 restore_session_id=081051f23d8e4dddbe3e3a3d61483de0
[v2.experiment] experiment=vae_overlap arm=early_1000 implementation_version=1 selector=request source=env settings={"early_start_ms":1000,"expected_sampling_ms":4900}
[v2.sampler_boundary] event=sampling_start request_id=v2-benchmark-0-e1842ed40acf restored_instance_id=954390b367d34117b9bccf8836ac9457 node_id=1242 node_class=ClownsharKSampler_Beta steps=8 patcher_object_id=47537932535312 diffusion_model_object_id=47537750862288 diffusion_model_device=absent diffusion_model_current_device=absent gpu_allocated_bytes=12420976640 gpu_reserved_bytes=12626952192
(RES4LYF) rk_type: res_2s

[v2.unet_forward_boundary] event=first_unet_forward request_id=v2-benchmark-0-e1842ed40acf diffusion_model_object_id=47537750862288 patcher_object_id=47538103625616 model_object_id=47537776747984 x_device=cuda:0 x_dtype=torch.bfloat16 elapsed_ms=190.23
[v2.sampler_parity] UNET weight_dtype=torch.bfloat16 UNET compute_dtype=torch.bfloat16 manual_cast_dtype=None CacheDiT target=NextDiT CacheDiT attachment_count=1 CacheDiT fallback=0
[1A  0%|          | 0/8 [00:00<?, ?it/s]WARNING:root:[FeatureInjLatent] step=1 | progress=0.00 | eff_str=0.250 | no mask
WARNING:root:[FeatureInjLatent] step=2 | progress=0.01 | eff_str=0.214 | no mask
[v2.sampler_boundary] event=first_sampler_step request_id=v2-benchmark-0-e1842ed40acf restored_instance_id=954390b367d34117b9bccf8836ac9457 node_id=1242 node_class=ClownsharKSampler_Beta steps=8 patcher_object_id=47537932535312 diffusion_model_object_id=47537750862288 diffusion_model_device=absent diffusion_model_current_device=absent gpu_allocated_bytes=12420976640 gpu_reserved_bytes=12626952192

[1A 12%|█▎        | 1/8 [00:01<00:08,  1.16s/it]WARNING:root:[FeatureInjLatent] step=3 | progress=0.03 | eff_str=0.178 | no mask

[1A 25%|██▌       | 2/8 [00:02<00:06,  1.01s/it]
[1A 38%|███▊      | 3/8 [00:02<00:03,  1.31it/s]
[1A 50%|█████     | 4/8 [00:03<00:02,  1.55it/s]
[v2.vae_early_activation] event=load_start request_id=v2-benchmark-0-e1842ed40acf mode=sampling_end trigger=early_start key_hash=19a6cea4a32fb4c467e0a58a source=snapshot_vae vae_object_id=47537776803408
[1A 62%|██████▎   | 5/8 [00:03<00:01,  1.72it/s]
[1A 75%|███████▌  | 6/8 [00:03<00:01,  1.83it/s]
[1A 88%|████████▊ | 7/8 [00:04<00:00,  1.91it/s]
[1A100%|██████████| 8/8 [00:04<00:00,  2.00it/s]100%|██████████| 8/8 [00:04<00:00,  1.64it/s]
[v2.sampler_boundary] event=sampling_end request_id=v2-benchmark-0-e1842ed40acf restored_instance_id=954390b367d34117b9bccf8836ac9457 node_id=1242 node_class=ClownsharKSampler_Beta steps=8 patcher_object_id=47537932535312 diffusion_model_object_id=47537750862288 diffusion_model_device=absent diffusion_model_current_device=absent gpu_allocated_bytes=12420976640 gpu_reserved_bytes=12626952192 duration_ms=4933.375
[v2.vae_early_activation] event=terminal request_id=v2-benchmark-0-e1842ed40acf mode=sampling_end key_hash=19a6cea4a32fb4c467e0a58a status=ready reason=ok error=absent transfer_count=1 vae_policy_version=1 vae_weight_dtype=bfloat16 vae_compute_dtype=bfloat16_native vae_memory_format=contiguous vae_prefetch_mode=off c5_impl_version=1.0.0 source=snapshot_vae
[v2.vae_early_activation] event=consumed request_id=v2-benchmark-0-e1842ed40acf mode=sampling_end key_hash=19a6cea4a32fb4c467e0a58a join_wait_ms=0.04 status=ready source=snapshot_vae
[v2.gpu_load_boundary] event=load_models_gpu_start request_id=v2-benchmark-0-e1842ed40acf restored_instance_id=954390b367d34117b9bccf8836ac9457 restore_session_id=081051f23d8e4dddbe3e3a3d61483de0 roles=modelpatcher model_count=1 contains_registered_unet=0 caller_classification=graph_model_loading gpu_allocated_before=12624808960 gpu_reserved_before=14990442496
[v2.gpu_load_boundary] event=load_models_gpu_end request_id=v2-benchmark-0-e1842ed40acf restored_instance_id=954390b367d34117b9bccf8836ac9457 restore_session_id=081051f23d8e4dddbe3e3a3d61483de0 roles=modelpatcher model_count=1 caller_classification=graph_model_loading wall_ms=53.553 gpu_allocated_after=12624808960 gpu_allocated_delta_bytes=0
[production.rgthree.encode] side=b (B-only) shape=(1, 1920, 1088, 3) dtype=torch.uint8
[v2.opt.output_encode] total_ms=576.186 png_compress_ms=560.84 gpu_to_cpu_ms=0.009
[production.rgthree] node_id=107 a_count=0 b_count=1 encoded_unique=1 logical_outputs=1 return_a=0 temp_files_written=0 encode_ms=579.1
[v2.startup_stage] stage=first_prompt_executor_invocation event=end wall_unix_ns=1786586222071075800 monotonic_ns=2667398098797 duration_ms=10411.547
[v2.pre_sampler_stages] request_id=v2-benchmark-0-e1842ed40acf restored_instance_id=954390b367d34117b9bccf8836ac9457 restore_session_id=081051f23d8e4dddbe3e3a3d61483de0 container_session_id=0142d9812047446e modal_input_id=in-01KZWDBXBY7H35KMHRC0N43FF2:1786586199424-0 modal_task_id=ta-01KZWDC53C1V30SRJQKBJED04R pid=2 boot_id=cf0510ab-cdc7-45a6-83f6-134cbf2c0383 hostname=modal total_nodes=43 first_output_node=107:ComfyModalProductionImageComparerOutput first_executing_node=987:Any Switch (rgthree) sampler_stage_status=sampler_active method_entry_to_graph_start_ms=19.736 graph_setup_ms=38.108 certificate_ms=0.0 cert_identity_build_ms=0.0 cert_cache_hit=0 cert_volume_reload_ms=0.0 cert_file_read_ms=0.0 cert_json_parse_validate_ms=0.0 cert_total_ms=0.0 legacy_preflight_ms=0.0 prompt_validation_ms=0.0 certificate_skipped_preflight=1 certificate_skipped_prompt_validation=1 preflight_ms=0.0 validation_ms=0.0 missing_node_repair_ms=0.092 production_registry_setup_ms=0.041 production_registry_profile_setup_ms=0.041 pregraph_setup_ms=0.488 executor_reset_ms=0.206 sampler_lane_wait_ms=0.06 residual_before_invoke_ms=14.327 method_entry_to_runtime_configuration_ms=19.673 call_to_exec_start_ms=0.924 exec_start_to_cached_ms=1083.483 cached_to_first_executing_ms=153.159 call_to_cached_ms=1084.408 call_to_first_node_ms=1237.566 first_node_to_clip_ms=3.089 clip_to_sampler_node_ms=2336.635 sampler_node_to_sampler_start_ms=140.449 sampler_node_to_lane_acquired_ms=0.117 lane_acquired_to_actual_stage_ms=140.332 pre_sampler_total_ms=3775.517 measured_children_ms=3718.379 residual_ms=57.138 reconciliation_status=ok add_message=True send_sync=True has_sampler=True sampler_count=1 lane_acquired=True
[v2.opt.output_delivery] hash_ms=1.442 descriptor_ms=None
[v2.opt.output_delivery] hash_ms=1.442 descriptor_ms=0.022
[v2.startup_stage] stage=first_durable_result event=ready wall_unix_ns=1786586222079936483 monotonic_ns=2667406959400 output_persisted=1
[v2.output] hashes=1 base64_encode=0 base64_decode=0 commit_ms=0.0 commit_status=skipped overlap_ms=0.0 serialized_bytes=2212
[v2.host_memory] stage=result_complete current_mib=absent peak_mib=absent limit_mib=absent process_rss_mib=14200.2 process_maxrss_mib=35737.1 oom_count=absent oom_kill_count=absent status=ok cgroup_path=absent cgroup_mount=absent
[v2.activation_diagnosis] request_id=v2-benchmark-0-e1842ed40acf cpu_snapshot_container_active=True execution_prefill_scheduled=True residency_diagnostics_enabled=0 clip_encode_calls=0 clip_encode_graph_calls=0 clip_encode_prefill_calls=0 clip_encode_wall_ms=0 clip_encode_graph_wall_ms=0 clip_encode_prefill_wall_ms=0 clip_encode_process_cpu_ms=0 load_models_gpu_calls=2 unet_gpu_load_calls=1 load_models_gpu_wall_ms=111.588 activation_receipt_count=4 gpu_allocated_delta_bytes=4096 cpu_peak_cores=6.769 cpu_above_16_ms=0.0 cpu_above_19_ms=0.0 cpu_longest_above_19_ms=absent cpu_overlap_graph_clip_ms=0.0 cpu_overlap_prefill_clip_ms=0.0 cpu_overlap_gpu_load_ms=0.0 clip_to_sampler_node_ms=2336.635 sampler_node_to_sampler_start_ms=140.449 diagnostic_accounted_ms=absent diagnostic_unattributed_ms=absent restore_requested_torch_intraop_threads=absent restore_actual_torch_intraop_threads=12 restore_torch_interop_threads=14 restore_torch_thread_limit_status=baseline_passthrough
[v2.process_cpu_spike] status=ok peak_effective_cores=6.769 duration_above_16_ms=0.000 duration_above_19_ms=0.000 longest_above_19_ms=0.000 sample_count=186
[v2.remote_request_origin.remote] request_id=v2-benchmark-0-e1842ed40acf trigger_source=benchmark ui_trigger_unix_ms=1786586180795 local_receive_unix_ns=1786586180795324928 modal_generator_create_start_unix_ns=1786586199777931200 modal_submission_attempt_unix_ns=absent modal_generator_created_unix_ns=absent modal_first_iteration_start_unix_ns=absent modal_first_remote_event_unix_ns=absent modal_method_entry_unix_ns=1786586211601626880 prompt_executor_invoke_start_unix_ns=1786586211659388928 trigger_to_dispatch_ms=0.325 dispatch_to_modal_entry_ms=None modal_entry_to_executor_ms=57.777 trigger_to_executor_ms=30864.389 modal_input_id=in-01KZWDBXBY7H35KMHRC0N43FF2:1786586199424-0 modal_task_id=ta-01KZWDC53C1V30SRJQKBJED04R
[v2.critical_path] python_resume_to_restore_enter_ms=0.0 restore_total_ms=520.01 restore_exit_to_run_enter_ms=22.316 run_enter_to_plan_received_ms=16.594 plan_received_to_executor_invoke_ms=41.184 executor_invoke_to_first_node_ms=1237.447 first_node_to_sampler_node_ms=2339.712 sampler_node_to_sampler_start_ms=140.449 pre_sampler_unattributed_ms=absent
[v2.cgroup_cpu_spike] status=unavailable reason=no readable cpu.stat candidates=/sys/fs/cgroup/cpu.stat errors=resolve_cgroup_v2_base: returned no readable cgroup base;probe2 path=/sys/fs/cgroup/cpu.stat: FileNotFoundError: [Errno 2] No such file or directory: '/sys/fs/cgroup/cpu.stat';parse_proc_cgroup: no unified 0:: entry
[v2.gpu_allocation] cuda_version=13.0 gpu_actual_name=NVIDIA RTX PRO 6000 Blackwell Server Edition gpu_compute_capability=12.0 gpu_requested_order=RTX-PRO-6000 gpu_vram_total_mib=97250 torch_version=2.13.0+cu130
V2 COLD WATERFALL - REMOTE/PARTIAL (awaiting host reconciliation)
Request: v2-benchmark-0-e1842ed40acf  Instance: 954390b367d34117b9bccf8836ac9457  GPU: ['RTX-PRO-6000']  Fresh: YES
TOTAL WALL:        -   (command->response minus Modal scheduling)
SCHEDULING:        -   (informational - excluded from % and bars)
COMMAND->RESPONSE:  41.311s

+-----+------------------------------------------------+------------+------------+---------+---------------------------------------+
 # | Stage                                          | Duration |     Cum. |      % | Relative wall time
+-----+------------------------------------------------+------------+------------+---------+---------------------------------------+
  1 | Local preparation                              |     0.000s |     0.000s |   0.001% | +                                    
  2 | Modal handle and submission                    |          - |          - |       - |                                      
  3 | Modal scheduling + pre-Python restore (awai... |          - |          - |       - |                                      
  4 | Modal pre-Python snapshot restoration          |          - |          - |       - |                                      
  5 | Python/application restore                     |     0.560s |     0.561s |   1.357% | #                                    
  6 | Restore-to-method entry                        |     0.022s |     0.583s |   0.054% | #                                    
  7 | ~ Method entry to UNET ownership claim         |          - |          - |       - |                                      
  8 | ~ UNET claim to ready (worker load)            |          - |          - |       - |                                      
  9 |   detail: Checkpoint read                      |     2.176s |          - |   5.266% |                                      
 10 |   detail: Read end ? construction done         |     0.318s |          - |   0.770% |                                      
 11 |   detail: Bind                                 |     0.020s |          - |   0.047% |                                      
 12 |   detail: Synchronized H2D                     |     2.171s |          - |   5.256% |                                      
 13 |   detail: H2D end ? UNET ready                 |     0.002s |          - |   0.004% |                                      
 14 |   detail: UNET ready ? sampler demand          |          - |          - |       - |                                      
 15 |   detail: Sampler demand ? join complete       |          - |          - |       - |                                      
 16 |   detail: Join complete ? sampling             |          - |          - |       - |                                      
 17 | Remote method setup                            |     0.058s |     0.641s |   0.140% | #                                    
 18 |   detail: method entry to graph start          |     0.020s |          - |   0.048% |                                      
 19 |   detail: method entry to runtime configura... |     0.020s |          - |   0.048% |                                      
 20 |   detail: runtime configuration                |     0.000s |          - |   0.000% |                                      
 21 |   detail: graph setup                          |     0.038s |          - |   0.092% |                                      
 22 |   detail: certificate                          |     0.000s |          - |   0.000% |                                      
 23 |   detail: preflight                            |     0.000s |          - |   0.000% |                                      
 24 |   detail: validation                           |     0.000s |          - |   0.000% |                                      
 25 |   detail: legacy runtime resolution            |     0.000s |          - |   0.000% |                                      
 26 |   detail: preload check                        |     0.002s |          - |   0.005% |                                      
 27 |   detail: missing-node repair                  |     0.000s |          - |   0.000% |                                      
 28 |   detail: production registry setup            |     0.000s |          - |   0.000% |                                      
 29 |   detail: pregraph setup                       |     0.000s |          - |   0.001% |                                      
 30 |   detail: executor reset                       |     0.000s |          - |   0.000% |                                      
 31 |   detail: residual before executor invoke      |     0.014s |          - |   0.035% |                                      
 32 |   detail: pre-sampler total                    |     3.776s |          - |   9.139% |                                      
 33 |   detail: measured pre-sampler children        |     3.718s |          - |   9.001% |                                      
 34 |   detail: pre-sampler residual                 |     0.057s |          - |   0.138% |                                      
 35 |   detail: UNET quiesce wait (diagnostic)       |          - |          - |       - |                                      
 36 |   detail: UNET transfer queue delay            |          - |          - |       - |                                      
 37 |   detail: UNET synchronized transfer           |          - |          - |       - |                                      
 38 |   detail: UNET scheduled ? worker start        |          - |          - |       - |                                      
 39 |   detail: Worker start ? checkpoint read start |          - |          - |       - |                                      
 40 | PromptExecutor/cache setup                     |     1.238s |     1.878s |   2.996% | #                                    
 41 |   detail: PromptExecutor invoke to execution   |     0.001s |          - |   0.002% |                                      
 42 |   detail: execution to cached                  |     1.083s |          - |   2.623% |                                      
 43 |   detail: cached to first node                 |     0.153s |          - |   0.371% |                                      
 44 |   detail: graph/prefill activity               |          - |          - |       - |                                      
 45 |   detail: CPU owner: CLIPTextEncode [CLIP]     |     0.002s |          - |   0.005% |                                      
 46 |   detail: CPU owner: load_models_gpu [other]   |     0.059s |          - |   0.143% |                                      
 47 |   detail: Node: Any Switch (rgthree)           |     0.000s |          - |   0.001% |                                      
 48 |   detail: Node: VAELoader                      |     0.001s |          - |   0.003% |                                      
 49 |   detail: Node: ClownOptions_ExtraOptions_Beta |     0.000s |          - |   0.000% |                                      
 50 |   detail: Node: ImpactIfNone                   |     0.000s |          - |   0.000% |                                      
 51 |   detail: Node: easy ifElse                    |     0.000s |          - |   0.000% |                                      
 52 |   detail: Node: easy int                       |     0.000s |          - |   0.000% |                                      
 53 |   detail: Node: easy ifElse                    |     0.000s |          - |   0.000% |                                      
 54 |   detail: Node: PrimitiveStringMultiline       |     0.000s |          - |   0.001% |                                      
 55 |   detail: Node: JoinStrings                    |     0.000s |          - |   0.000% |                                      
 56 |   detail: Node: CLIPLoader                     |     0.001s |          - |   0.002% |                                      
 57 |   detail: Node: CLIPTextEncode                 |     0.002s |          - |   0.006% |                                      
 58 |   detail: Node: ConditioningZeroOut            |     0.004s |          - |   0.009% |                                      
 59 |   detail: Node: PairConditioningSetProperties  |     0.000s |          - |   0.000% |                                      
 60 |   detail: Node: CustomCombo                    |     0.000s |          - |   0.001% |                                      
 61 |   detail: Node: SimpleMath+                    |     0.000s |          - |   0.000% |                                      
 62 |   detail: Node: ImpactSwitch                   |     0.070s |          - |   0.171% |                                      
 63 |   detail: Node: UNETLoader                     |     2.211s |          - |   5.351% |                                      
 64 |   detail: Node: ModelSamplingAuraFlow          |     0.002s |          - |   0.005% |                                      
 65 |   detail: Node: CacheDiT_Model_Optimizer       |     0.000s |          - |   0.001% |                                      
 66 |   detail: Node: PathchSageAttentionKJ          |     0.000s |          - |   0.000% |                                      
 67 |   detail: Node: easy float                     |     0.000s |          - |   0.000% |                                      
 68 |   detail: Node: easy int                       |     0.000s |          - |   0.000% |                                      
 69 |   detail: Node: easy ifElse                    |     0.000s |          - |   0.000% |                                      
 70 |   detail: Node: StringToCombo|LP               |     0.000s |          - |   0.000% |                                      
 71 |   detail: Node: easy ifElse                    |     0.000s |          - |   0.000% |                                      
 72 |   detail: Node: CustomCombo                    |     0.000s |          - |   0.001% |                                      
 73 |   detail: Node: easy stringToIntList           |     0.000s |          - |   0.000% |                                      
 74 |   detail: Node: easy indexAnything             |     0.000s |          - |   0.000% |                                      
 75 |   detail: Node: easy stringToIntList           |     0.000s |          - |   0.000% |                                      
 76 |   detail: Node: easy indexAnything             |     0.000s |          - |   0.000% |                                      
 77 |   detail: Node: EmptyImage                     |     0.012s |          - |   0.030% |                                      
 78 |   detail: Node: ImageRotate                    |     0.001s |          - |   0.003% |                                      
 79 |   detail: Node: ImpactSwitch                   |     0.023s |          - |   0.055% |                                      
 80 |   detail: Node: easy imageSize                 |     0.000s |          - |   0.000% |                                      
 81 |   detail: Node: EmptySD3LatentImage            |     0.006s |          - |   0.014% |                                      
 82 |   detail: Node: Any Switch (rgthree)           |     0.000s |          - |   0.001% |                                      
 83 |   detail: Node: LGNoiseInjectionLatent         |     0.001s |          - |   0.001% |                                      
 84 |   detail: Node: ClownsharKSampler_Beta         |     0.147s |          - |   0.357% |                                      
 85 |   detail: PromptExecutor internal/unattributed |          - |          - |       - |                                      
 86 | First node to CLIP                             |     0.003s |     1.882s |   0.007% | #                                    
 87 | CLIP to sampler node                           |     2.337s |     4.218s |   5.656% | ##                                   
 88 | Sampler graph-join wait                        |          - |          - |       - |                                      
 89 | Sampler node to sampling                       |     0.140s |     4.359s |   0.340% | #                                    
 90 |   detail: sampler lane wait                    |     0.000s |          - |   0.000% |                                      
 91 |   detail: sampler node to lane acquired        |     0.000s |          - |   0.000% |                                      
 92 |   detail: lane acquired to actual stage        |     0.140s |          - |   0.340% |                                      
 93 | Sampling                                       |     4.932s |     9.291s |  11.940% | ####                                 
 94 | Post-sampling transition                       |     0.800s |    10.092s |   1.938% | #                                    
 95 |   detail: Sampling end ? VAE scheduled         |    INVALID |          - |       - |                                      
 96 |   detail: VAE scheduled ? worker/load start    |     3.991s |          - |   9.660% |                                      
 97 | VAE                                            |     0.381s |    10.472s |   0.921% | #                                    
 98 |   detail: VAE load/H2D                         |     0.944s |          - |   2.284% |                                      
 99 |   detail: VAE ready ? consumed                 |     0.800s |          - |   1.936% |                                      
 100 |   detail: Consumed ? decode start              |     0.000s |          - |   0.000% |                                      
 101 | Output encode / descriptor                     |     0.589s |    11.061s |   1.425% | #                                    
 102 |   detail: output encode                        |          - |          - |       - |                                      
 103 |   detail: output commit                        |          - |          - |       - |                                      
 104 |   detail: VAE end ? output encode start        |     0.001s |          - |   0.002% |                                      
 105 |   detail: PNG encode                           |     0.582s |          - |   1.409% |                                      
 106 |   detail: Descriptor/materialization           |     0.006s |          - |   0.016% |                                      
 107 | Remote result handoff                          |          - |          - |       - |                                      
 108 |   detail: Remote result emitted                |          - |          - |       - |                                      
 109 |   detail: Deferred persistence after yield     |          - |          - |       - |                                      
 110 | Remote/local return                            |     0.026s |    11.087s |   0.063% | +                                    
 111 |   detail: Local receipt ? caller return        |          - |          - |       - |                                      
 112 | Residual (unattributed)                        |    30.224s |    41.311s |  73.163% | ===========================          
+-----+------------------------------------------------+------------+------------+---------+---------------------------------------+
    | ACCOUNTED     |    11.087s |            |  26.837% | .....................................
    | RECONCILIATION |    30.224s |            |            | .....................................
    | TOTAL WALL |          - |            |       - |                                      
    | COMMAND -> RESPONSE |    41.311s |            |  100.0% | #####################################
    | TOP-LEVEL ACCOUNTED |    11.087s |            |  26.837% | .....................................
    | GLOBAL RESIDUAL |    30.224s |            |            | .....................................
    | RESIDUAL %     |    73.163% |            |            | .....................................
    | RECONCILIATION STATUS | EXCEEDS_TOLERANCE |            |            | .....................................
    | CONTROLLABLE APPLICATION WALL |    11.087s |            |            | .....................................
    | PLATFORM/MODAL WALL |     0.000s |            |            | .....................................
Boundary flags: modal_restore_begin_unavailable (modal_scheduling covers submission->python_resume combined), submission_boundary_unavailable (submission boundary absent; scheduling spans cannot start at the local submit)
REMOTE/PARTIAL WATERFALL - awaiting host reconciliation (missing: missing_submission, missing_modal_restore_begin, missing_local_result_receipt)
+-----+------------------------------------------------+------------+------------+---------+---------------------------------------+
Warnings:
  - global residual 30224.358ms (73.16%) of command-to-response unaccounted
  - reconciliation exceeds tolerance: 30224.358ms > 103.278ms
Function 'ModalRuntimeEntrypointV2.*' (fu-xjIsj5XkfF18HqyQZSHqZT) is waiting to be scheduled on a GPU_RTX_PRO_6000 worker. Relaxing requirements (cpu=12, memory=32.8GiB) may lead to faster scheduling
Restoring Function from memory snapshot.
[v2.startup_stage] stage=post_snapshot_restore event=start wall_unix_ns=1786586279955450889 monotonic_ns=2725282478271
[v2.snapshot_timing] snapshot_callback_age_at_restore_ms=2686695.69 snapshot_callback_to_command_start_ms=unavailable command_start_to_restore_start_ms=unavailable request_latency_included=0 source=snapshot_callback_return_to_restore_start
[v2.snapshot_model_eviction] stage=restore_observed marker=1 cpu_snapshot_models_present=1 clip_present=1 unet_present=0 retained_role=clip_vae retained_model_id=0 retained_model_type= rss_after_restore_mib=11305.6171875 native_thread_count=46 torch_intraop=12 torch_interop=14 wall_unix_ns=1786586279958675118
[v2.snapshot_model_eviction] stage=restore_release_retained retain_role=clip_vae status=container_retained container_present=1 clip_present=1 vae_present=1 unet_present=0 retained_slot_release=0 retained_model_id=0 retained_alive_after_release=0 rss_before_release_mib=absent rss_after_gc_mib=absent rss_after_trim_mib=absent rss_drop_mib=absent malloc_trim_status=absent malloc_trim_result=absent restore_release_start_wall_unix_ns=1786586279958834178 restore_release_end_wall_unix_ns=1786586279958834178 wall_unix_ns=1786586279958834178
[v2.residency_config] enabled=0
[v2.host_memory] stage=restore_start current_mib=absent peak_mib=absent limit_mib=absent process_rss_mib=11588.3 process_maxrss_mib=35737.1 oom_count=absent oom_kill_count=absent status=ok cgroup_path=absent cgroup_mount=absent
[v2.runtime_shape] stage=after_restore runtime_shape_fingerprint=f504e296c398bdcb2c4c07e2 runtime_shape_label=None thread_policy=TBASE snapshot_model_order=O0 cpu_request=12 memory_request=32768 native_thread_count=46 configured_omp=None configured_mkl=None configured_openblas=None configured_numexpr=None malloc_arena_max=None native_library_settings={'OMP_NUM_THREADS': '12', 'MKL_NUM_THREADS': '12', 'OPENBLAS_NUM_THREADS': '12', 'NUMEXPR_NUM_THREADS': None, 'MALLOC_ARENA_MAX': None} torch_intraop_threads=12 torch_interop_threads=14 actual_torch_intraop_threads=12 actual_torch_interop_threads=14 requested_torch_intraop_threads=None requested_torch_interop_threads=None requested_vs_actual_match=True status=baseline_passthrough error=
[v2.opt.gpu_state] total_memory_ms=207.257
[comfyapp] gpu_state restored vram=97250MB ram=1048576MB vram_state=VRAMState.HIGH_VRAM in 209.5ms
[restore.cuda_context] available=1 device_index=0 device=NVIDIA RTX PRO 6000 Blackwell Server Edition sync_ms=2.227 total_ms=2.337
[v2.sage_restore] decision=snapshot_exact_skip discovery_called=0 verify_ms=0.207
[v2.custom_node_restore] decision=snapshot_exact_skip callback_called=0 source=persisted_record check_ms=1.252
[v2.startup_stage] stage=snapshot_execution_seed event=start wall_unix_ns=1786586280632400727 monotonic_ns=2725959428299
[v2.seed_restore] source=startup_minimal schema=2 topology_available=0 workflow_hash= loader_signatures=0
[v2.startup_stage] stage=snapshot_execution_seed event=end wall_unix_ns=1786586280635069636 monotonic_ns=2725962096948 duration_ms=2.669
[v2.generation_identity] method=restore custom_nodes_generation='fbecafb8ae72728ebc36d581…' raw_empty=false source=persisted_record runtime_state_generation='' api_object_id=47531661585936 deployment_combined_hash=1bd881d798947977
[v2.prefill_config] env=critical parsed=critical cpu_snapshot_container_active=0 native_fast_disk_unet_execution_active=0
[v2.restore_breakdown] bootstrap_ms=613.987 unet_cache_patch_ms=None clip_prepare_submit_ms=None clip_worker_wait_ms=None unet_spec_extract_ms=None bg_unet_submit_ms=None restore_finalize_ms=0.102
[v2.clip_stages] worker_queue_ms=None load_torch_file_ms=None read_to_ready_ms=None post_read_cpu_prepare_ms=None gpu_wait_ms=None gpu_commit_ms=None read_end_to_ready_ms=None worker_total_ms=None worker_close_wait_ms=None restore_finalization_ms=0.102
[v2.restoration_identity] restored_instance_id=33bc4deedf6a4d278d6b0f05728632b1 restore_session_id=8b5c53d3f8b343b5b905cc729264d5df container_session_id=0142d9812047446e modal_task_id=ta-01KZWDE8GQP4TK3S1Q8YMBYYZR modal_image_id=im-8KexmbMytHCmXTxTMl6pl9 modal_cloud=CLOUD_PROVIDER_GCP modal_region=us-east4 pid=2 hostname=modal restore_total_ms=677.06 remote_python_resume_wall_unix_ns=1786586279955387904 restore_method_start_wall_unix_ns=1786586279955387904 restore_method_end_wall_unix_ns=1786586280636164608 modal_method_entry_wall_unix_ns=absent restore_status=success restore_method_status=success 
[v2.lifecycle] method=restore snap=False container_session=0142d9812047446e restore_count=1 restore_total_ms=677.06 remote_python_resume_wall_unix_ns=1786586279955387904 restore_method_start_wall_unix_ns=1786586279955387904 restore_method_end_wall_unix_ns=1786586280636164608 modal_method_entry_wall_unix_ns=absent restore_status=success restore_method_status=success status=restored
[v2.host_memory] stage=restore_complete current_mib=absent peak_mib=absent limit_mib=absent process_rss_mib=13149.2 process_maxrss_mib=35737.1 oom_count=absent oom_kill_count=absent status=ok cgroup_path=absent cgroup_mount=absent
[v2.gpu_allocation] cuda_version=13.0 gpu_actual_name=NVIDIA RTX PRO 6000 Blackwell Server Edition gpu_compute_capability=12.0 gpu_requested_order=RTX-PRO-6000 gpu_vram_total_mib=97250 torch_version=2.13.0+cu130
[v2.startup_stage] stage=post_snapshot_restore event=end wall_unix_ns=1786586280639613565 monotonic_ns=2725966640807 duration_ms=684.163
[v2.startup_stage] stage=first_remote_method_entry event=entry wall_unix_ns=1786586280651541150 monotonic_ns=2725978568672
[v2.env_profile] effective_profile=inherit container_profile=inherit request_override=inherit request_override_applied=0 source=request-inherit-noop
[v2.request_variance_env] COMFYMODAL_V2_VAE_EARLY_START_MS=1000
[v2.local_submission_breakdown.remote] request_id=v2-benchmark-1-e33765f5e21c local_receive_to_worker_start_ms=0.0 worker_start_to_normalize_start_ms=0.0 normalize_production_options_ms=0.0 normalize_end_to_trace_construct_start_ms=0.0 runtime_trace_construct_ms=0.0 trace_construct_to_options_copy_start_ms=0.0 benchmark_options_copy_ms=0.0 options_copy_to_client_id_start_ms=0.0 client_id_generation_ms=0.0 client_id_end_to_plan_call_ms=0.0 plan_call_to_function_entry_ms=0.0 worker_start_to_plan_build_ms=0.0 local_receive_to_plan_build_start_ms=0.0 worker_queue_ms=0.0 plan_build_ms=16.0 plan_build_to_execute_plan_entry_ms=0.0 execute_plan_entry_to_plan_materialization_ms=0.0 plan_materialization_ms=0.0 plan_materialization_to_active_profile_ms=0.0 active_profile_ms=0.0 restore_plan_build_ms=absent restore_publish_ms=absent restore_publish_to_transport_entry_ms=absent transport_entry_to_handle_lookup_ms=0.0 handle_lookup_ms=absent payload_materialization_ms=0.0 payload_size_measurement_ms=0.0 payload_size_to_serialize_end_ms=0.0 payload_ready_to_modal_call_ms=0.0 local_receive_to_modal_call_ms=31.0 generator_create_ms=absent generator_created_to_first_iteration_ms=absent local_receive_to_actual_submission_ms=absent measured_children_ms=absent residual_ms=absent reconciliation_status=incomplete profile_cache_hit=False profile_remote_call_performed=False profile_checker_matched=False restore_publish_cache_hit=absent restore_remote_call_performed=absent handle_cache_hit=absent plan_to_dict_count=1 payload_bytes=19365 active_profile_local_ms=0.0 active_profile_cache_lookup_ms=0.0 active_profile_checker_ms=0.0 active_profile_setter_ms=0.0 active_profile_total_ms=0.0 created_modal_client=False performed_cls_from_name=False constructed_class_instance=False input_image_count=0 workflow_node_count=43 unmeasured_boundary=absent
[v2.seed_restore] source=invocation_plan schema=2 topology_available=1 workflow_hash=2e43d4c0ba3b82c0 loader_nodes=3 sampler_nodes=1 reachable_nodes=43 static_signatures=43
[v2.runtime_shape] stage=request_entry runtime_shape_fingerprint=f504e296c398bdcb2c4c07e2 runtime_shape_label=None thread_policy=TBASE snapshot_model_order=O0 cpu_request=12 memory_request=32768 native_thread_count=48 configured_omp=None configured_mkl=None configured_openblas=None configured_numexpr=None malloc_arena_max=None native_library_settings={'OMP_NUM_THREADS': '12', 'MKL_NUM_THREADS': '12', 'OPENBLAS_NUM_THREADS': '12', 'NUMEXPR_NUM_THREADS': None, 'MALLOC_ARENA_MAX': None} torch_intraop_threads=12 torch_interop_threads=14 actual_torch_intraop_threads=12 actual_torch_interop_threads=14 requested_torch_intraop_threads=None requested_torch_interop_threads=None requested_vs_actual_match=True status=baseline_passthrough error=
[v2.method_entry_gap] restore_to_method_ms=11.965 first_line_to_running_log_ms=8.249 same_process=True identity_mismatch_reasons=none remote_python_resume_wall_unix_ns=1786586279955387904 restore_method_start_wall_unix_ns=1786586279955387904 restore_method_end_wall_unix_ns=1786586280636164608 modal_method_entry_wall_unix_ns=1786586280651533824 restore_end_to_modal_method_ms=15.361
[v2.snapshot_timing] snapshot_callback_age_at_restore_ms=2686695.69 snapshot_callback_to_command_start_ms=2651531.704 command_start_to_restore_start_ms=35163.388 command_start_to_python_resume_ms=35163.388 command_start_to_restore_end_ms=35844.165 request_latency_included=0_for_callback_age
[v2.host_memory] stage=prompt_executor_start current_mib=absent peak_mib=absent limit_mib=absent process_rss_mib=13149.5 process_maxrss_mib=35737.1 oom_count=absent oom_kill_count=absent status=ok cgroup_path=absent cgroup_mount=absent
[v2.cpu_snapshot_models] cpu_snapshot_models_present=1 clip_present=1 unet_present=0 cpu_snapshot_active=0
[v2.cpu_snapshot_request] status=present_but_inactive clip_present=1 unet_present=0 action=clip_vae_only_request_activation
[v2.cpu_snapshot_request] status=clip_vae_only_bind clip_source=cpu_snapshot vae_source=cpu_snapshot unet_source=normal_loader clip_object_id=47537760655248 vae_object_id=47537776803408
[v2.cpu_snapshot_request] status=reused reason=clip_vae_only
[v2.unet_identity_chain] stage=snapshot request_id=v2-benchmark-1-e33765f5e21c unet_object_id=0
[v2.unet_identity_chain] stage=bridge request_id=v2-benchmark-1-e33765f5e21c unet_object_id=0
[v2.snapshot_activation_invariant] profile=inherit models_container_present=1 clip_present=1 unet_present=0 snapshot_enabled_by_config=1 cpu_snapshot_container_active=1 loader_bridge_active=1 execution_prefill_allowed=0 status=pass reason=ok
[v2.execution_prefill] snapshot_active=1 env_raw=critical scheduled=1
[v2.execution_unet] scheduled=1 snapshot_unet_absent=1 request_id=v2-benchmark-1-e33765f5e21c
[v2.plan_proof] schema=1 payload=yes validated=True outputs=2 out_ids=107,935:931 wf_hash=2e43d4c0ba3b82c0 recomputed=2e43d4c0ba3b82c0 match=True dep_complete=True consumed=False cert_decision=legacy
[v2.plan_proof.registry] workflow_class_count=31 host_proved_count=31 snapshot_proved_count=31 missing_host=0 missing_snapshot=0 identity_mismatch=0 workflow_registry_match=1 reason=
[v2.plan_proof] parity proof_present=1 proof_complete=1 proof_valid=1 dep_match=1 gen_match=1 wf_reg_match=1 reg_full_match=0 dep_proof_match=1 eligible=1 reason=ok consumed=False
[v2.exec] res4lyf_dummy_init_disabled=1 reported_injected=1 actual_injected=1
[preflight.model_reads] restore_preload_active=0 selected_clip=/root/comfy/ComfyUI/models/text_encoders/qwen_3_4b.safetensors
[active_read] registered owner=graph_loader key=/__modal/volumes/vo-QI6fCKykvocVkUBVGsuZgm/diffusion_models/z_image_turbo_bf16.s active_read_id=7b89225f2d6a4872 restored_instance_id=33bc4deedf6a4d278d6b0f05728632b1 restore_session_id=8b5c53d3f8b343b5b905cc729264d5df request_id= start_wall_unix_ns=1786586280696066560 start_monotonic_ns=2726023071806 start_thread_time_ns=10000000 start_process_time_ns=103820000000 native_tid=75 active_read_path_hash=8d2256b3cff6bbd2 active_read_file_size=12309866400 active_read_st_dev=30 active_read_st_ino=101 active_read_governor_enabled=0 active_read_priority=100 active_read_size_bytes=12309866400 active_read_size_mb=11739.6 active_read_is_large=1 active_read_classification_source=file_size active_read_queue_enter_ms=0.0 active_read_queue_exit_ms=0.0 active_read_queue_wait_ms=0.0 active_read_large_slots_used_at_enter=0 active_read_large_slots_used_at_start=0 active_read_concurrent_large_reads_at_start=1 active_read_attached_existing_future=0 active_read_duplicate_prevented=0
[v2.clip_conditioning_cache] event=mode flag=COMFYMODAL_V2_CLIP_CONDITIONING_CACHE enabled=1 root=/root/prompt_cache_vol/exact_conditioning max_entries=64 max_bytes=536870912
[v2.generation_identity] custom_nodes_generation='fbecafb8ae72728ebc36d581…' raw_empty=false source=persisted_record runtime_state_generation='' api_object_id=47531661585936 deployment_combined_hash=1bd881d798947977
[v2.plan_proof] decision=plan_validation_fast_path consumed=1 workflow_hash_match=1 validation_hash_match=1 plan_complete=1 snapshot_complete=1 snapshot_valid=1 dep_match=1 gen_match=1 wf_reg_match=1 dependency_match=1 repair_changed=0 outputs_nonempty=1 eligible=1
[v2.host_memory] stage=peak_execution current_mib=absent peak_mib=absent limit_mib=absent process_rss_mib=24890.8 process_maxrss_mib=35737.1 oom_count=absent oom_kill_count=absent status=ok cgroup_path=absent cgroup_mount=absent
[v2.startup_stage] stage=first_prompt_executor_invocation event=start wall_unix_ns=1786586280724223303 monotonic_ns=2726051251455
[v2.unet_early_activation] event=mode mode=late env_raw=late restored_instance_id=33bc4deedf6a4d278d6b0f05728632b1 restore_session_id=8b5c53d3f8b343b5b905cc729264d5df
[v2.unet_early_activation] event=skipped request_id=v2-benchmark-1-e33765f5e21c mode=late trigger=conditioning_cache_hit reason=cpu_snapshot_mode_inactive eligible=0
[v2.clip_conditioning_cache] decision=exact_hit key_hash=e24059626b0f3d17f0ba656e18d396b1449e52b9b046a4cf35d5f7874baafa2f identity_status=valid encode_calls=0 schema_version=1 validation_scope=clip_model_workflow_custom_nodes_schema_format_side_conditioning_inputs entries=1 request_id=v2-benchmark-1-e33765f5e21c
[active_read] completed owner=graph_loader key=/__modal/volumes/vo-QI6fCKykvocVkUBVGsuZgm/diffusion_models/z_image_turbo_bf16.s active_read_id=7b89225f2d6a4872 restored_instance_id=33bc4deedf6a4d27 restore_session_id=8b5c53d3f8b343b5b905cc729264d5df complete_wall_unix_ns=1786586281923976448 complete_monotonic_ns=2727250998345 complete_thread_time_ns=1080000000 complete_process_time_ns=105260000000 complete_native_tid=75 wall_ms=1227.927 thread_cpu_ms=1070.0 process_cpu_ms=1440.0 majf=None minf=None inblock=None nvcsw=None nivcsw=None read_bytes=None rchar=None path_hash=8d2256b3cff6bbd2 file_size=12309866400 st_dev=30 st_ino=101
[v2.active_read_diag] active_read_id=7b89225f2d6a4872 owner=graph_loader request_id= restore_session_id=8b5c53d3f8b343b5b905cc729264d5df path_hash=8d2256b3cff6bbd2 wall_ms=1227.927 thread_cpu_ms=1070.0 process_cpu_ms=1440.0 read_bytes=not_observed_in_this_thread rchar=not_observed_in_this_thread minor_faults=None major_faults=None context_switches=None/None counter_status=unsupported legacy_counter_status=unsupported thread_cpu_status=unsupported process_cpu_status=unsupported io_status=unsupported page_fault_status=unsupported block_input_status=unsupported context_switch_status=unsupported native_thread_id=75
[v2.vae_early_activation] event=mode mode=sampling_end env_raw=sampling_end restored_instance_id=33bc4deedf6a4d278d6b0f05728632b1 restore_session_id=8b5c53d3f8b343b5b905cc729264d5df
[v2.cpu_owner] operation=CLIPTextEncode role=CLIP wall_ms=2.160 process_cpu_ms=0.000 effective_cores=0.000 native_threads_start=51 native_threads_peak=52 native_threads_end=51
[v2.native_fast_disk_unet] decision=defer reason=ok stage=to patcher_class=comfy.model_patcher.ModelPatcher patcher_dynamic=0 param_count=453 parameter_bytes=12309817472 dtype_distribution={'torch.bfloat16': 453} device_distribution={'cpu': 453} cpu_params=453 cpu_buffers=1 get_model_ms=246.892 ctor_ms=0.115 bind_ms=None to_wall_ms=None to_device_ms=None to_device_ms_label=unavailable
[v2.native_fast_disk_unet] decision=complete reason=ok stage=load_model_weights patcher_class=comfy.model_patcher.ModelPatcher patcher_dynamic=0 param_count=453 parameter_bytes=12309817472 dtype_distribution={'torch.bfloat16': 453} device_distribution={'cuda': 453} cpu_params=0 cpu_buffers=0 get_model_ms=246.892 ctor_ms=0.115 bind_ms=16.91 to_wall_ms=2170.354 to_device_ms=2170.425 to_device_ms_label=synchronized_device
[v2.unet_runtime_state] stage=normal_loader_ready unet_identity=z_image_turbo_bf16.safetensors requested_weight_dtype=default effective_weight_dtype=default state={"current_device":"cuda:0","diffusion_model_object_id":"47538103590480","diffusion_model_type":"NextDiT","first_buffer_device":"absent","first_buffer_dtype":"absent","first_parameter_device":"cuda:0","first_parameter_dtype":"torch.bfloat16","forward_module":"NextDiT","forward_qualname":"NextDiT.forward","load_device":"cuda:0","loaded_models_member":"0","manual_cast_dtype":"absent","model_dtype":"torch.bfloat16","model_loaded_weight_memory":"0","model_lowvram":"False","model_lowvram_patch_counter":"0","model_object_id":"47539166111248","model_options_keys":["transformer_options"],"model_type":"Lumina2","object_patch_count":0,"offload_device":"cuda:0","patch_count":0,"patcher_object_id":"47538108316368","patcher_type":"ModelPatcher","transformer_options_keys":["wrappers"],"weight_dtype":"absent"}
standard
WARNING:root:[FeatureInjLatent] Reference latent: shape=torch.Size([1, 16, 240, 136])
[v2.sampler_boundary] event=sampler_lane_requested sampler_node_id=1242 sampler_node_class=ClownsharKSampler_Beta blocking_owner=absent
[v2.sampler_boundary] event=sampler_lane_acquired sampler_node_id=1242 sampler_node_class=ClownsharKSampler_Beta wait_ms=0.097 blocking_owner=absent
[CacheDiT] Transformer class: NextDiT (module: comfy.ldm.lumina.model)
[v2.gpu_load_boundary] event=load_models_gpu_start request_id=v2-benchmark-1-e33765f5e21c restored_instance_id=33bc4deedf6a4d278d6b0f05728632b1 restore_session_id=8b5c53d3f8b343b5b905cc729264d5df roles=UNET model_count=1 contains_registered_unet=1 caller_classification=graph_model_loading gpu_allocated_before=12416794624 gpu_reserved_before=12624855040
[v2.gpu_load_boundary] event=load_models_gpu_end request_id=v2-benchmark-1-e33765f5e21c restored_instance_id=33bc4deedf6a4d278d6b0f05728632b1 restore_session_id=8b5c53d3f8b343b5b905cc729264d5df roles=UNET model_count=1 caller_classification=graph_model_loading wall_ms=61.315 gpu_allocated_after=12416798720 gpu_allocated_delta_bytes=4096
[v2.cpu_owner] operation=load_models_gpu role=other wall_ms=62.426 process_cpu_ms=70.000 effective_cores=1.121 native_threads_start=51 native_threads_peak=52 native_threads_end=51
[v2.unet_identity_chain] check=stage_pair stage_a=bridge stage_b=sampler request_id=v2-benchmark-1-e33765f5e21c patcher_a_object_id=47538108316368 diffusion_a_object_id=47538103590480 patcher_b_object_id=47537932504592 diffusion_b_object_id=47538103590480 ok=1 reason=ok
[v2.unet_gpu_residency] sampler_wrapper_before_sample request_id=v2-benchmark-1-e33765f5e21c enforce=0 status=gpu_resident unet_object_id=47537932504592 parameter_count=453 gpu_parameter_count=453 cpu_parameter_count=0 meta_parameter_count=0 unknown_parameter_count=0 gpu_parameter_fraction=1.0 load_device=cuda:0 current_device=absent diffusion_model_current_device=absent model_cache_size=2 unet_in_model_cache=1 gpu_allocated_bytes=12420976640 gpu_reserved_bytes=12626952192
[v2.sampler_stall_watchdog] stage=armed request_id=v2-benchmark-1-e33765f5e21c restored_instance_id=33bc4deedf6a4d278d6b0f05728632b1 sampler_node_id=1242 sampler_class=ClownsharKSampler_Beta patcher_object_id=47537932504592 diffusion_model_object_id=47538103590480 unet_object_id=47537932504592 first_forward_timeout_s=5.0 first_step_timeout_s=15.0
[v2.vae_early_activation] event=scheduled request_id=v2-benchmark-1-e33765f5e21c mode=sampling_end trigger=early_start key_hash=1874f74a15ecc4334ce627bd source=snapshot_vae vae_identity_hash=dd8f11d04333e24d vae_policy_version=1 vae_weight_dtype=bfloat16 vae_compute_dtype=bfloat16_native vae_memory_format=contiguous vae_prefetch_mode=off c5_impl_version=1.0.0 torch=2.13.0+cu130 cuda=13.0 arch=sm_75;sm_80;sm_86;sm_90;sm_100;sm_120 restored_instance_id=33bc4deedf6a4d278d6b0f05728632b1 restore_session_id=8b5c53d3f8b343b5b905cc729264d5df
[v2.experiment] experiment=vae_overlap arm=early_1000 implementation_version=1 selector=request source=env settings={"early_start_ms":1000,"expected_sampling_ms":4900}
[v2.sampler_boundary] event=sampling_start request_id=v2-benchmark-1-e33765f5e21c restored_instance_id=33bc4deedf6a4d278d6b0f05728632b1 node_id=1242 node_class=ClownsharKSampler_Beta steps=8 patcher_object_id=47537932504592 diffusion_model_object_id=47538103590480 diffusion_model_device=absent diffusion_model_current_device=absent gpu_allocated_bytes=12420976640 gpu_reserved_bytes=12626952192
(RES4LYF) rk_type: res_2s

[v2.unet_forward_boundary] event=first_unet_forward request_id=v2-benchmark-1-e33765f5e21c diffusion_model_object_id=47538103590480 patcher_object_id=47538108316368 model_object_id=47539166111248 x_device=cuda:0 x_dtype=torch.bfloat16 elapsed_ms=207.48
[v2.sampler_parity] UNET weight_dtype=torch.bfloat16 UNET compute_dtype=torch.bfloat16 manual_cast_dtype=None CacheDiT target=NextDiT CacheDiT attachment_count=1 CacheDiT fallback=0
[1A  0%|          | 0/8 [00:00<?, ?it/s]WARNING:root:[FeatureInjLatent] step=1 | progress=0.00 | eff_str=0.250 | no mask
WARNING:root:[FeatureInjLatent] step=2 | progress=0.01 | eff_str=0.214 | no mask
[v2.sampler_boundary] event=first_sampler_step request_id=v2-benchmark-1-e33765f5e21c restored_instance_id=33bc4deedf6a4d278d6b0f05728632b1 node_id=1242 node_class=ClownsharKSampler_Beta steps=8 patcher_object_id=47537932504592 diffusion_model_object_id=47538103590480 diffusion_model_device=absent diffusion_model_current_device=absent gpu_allocated_bytes=12420976640 gpu_reserved_bytes=12626952192

[1A 12%|█▎        | 1/8 [00:01<00:08,  1.15s/it]WARNING:root:[FeatureInjLatent] step=3 | progress=0.03 | eff_str=0.178 | no mask

[1A 25%|██▌       | 2/8 [00:02<00:06,  1.01s/it]
[1A 38%|███▊      | 3/8 [00:02<00:03,  1.31it/s]
[1A 50%|█████     | 4/8 [00:02<00:02,  1.55it/s]
[v2.vae_early_activation] event=load_start request_id=v2-benchmark-1-e33765f5e21c mode=sampling_end trigger=early_start key_hash=1874f74a15ecc4334ce627bd source=snapshot_vae vae_object_id=47537776803408
[1A 62%|██████▎   | 5/8 [00:03<00:01,  1.72it/s]
[1A 75%|███████▌  | 6/8 [00:03<00:01,  1.83it/s]
[1A 88%|████████▊ | 7/8 [00:04<00:00,  1.92it/s]
[1A100%|██████████| 8/8 [00:04<00:00,  2.01it/s]
[1A100%|██████████| 8/8 [00:04<00:00,  1.64it/s]
[v2.sampler_boundary] event=sampling_end request_id=v2-benchmark-1-e33765f5e21c restored_instance_id=33bc4deedf6a4d278d6b0f05728632b1 node_id=1242 node_class=ClownsharKSampler_Beta steps=8 patcher_object_id=47537932504592 diffusion_model_object_id=47538103590480 diffusion_model_device=absent diffusion_model_current_device=absent gpu_allocated_bytes=12420976640 gpu_reserved_bytes=12626952192 duration_ms=4925.989
[v2.vae_early_activation] event=terminal request_id=v2-benchmark-1-e33765f5e21c mode=sampling_end key_hash=1874f74a15ecc4334ce627bd status=ready reason=ok error=absent transfer_count=1 vae_policy_version=1 vae_weight_dtype=bfloat16 vae_compute_dtype=bfloat16_native vae_memory_format=contiguous vae_prefetch_mode=off c5_impl_version=1.0.0 source=snapshot_vae
[v2.vae_early_activation] event=consumed request_id=v2-benchmark-1-e33765f5e21c mode=sampling_end key_hash=1874f74a15ecc4334ce627bd join_wait_ms=0.22 status=ready source=snapshot_vae
[v2.gpu_load_boundary] event=load_models_gpu_start request_id=v2-benchmark-1-e33765f5e21c restored_instance_id=33bc4deedf6a4d278d6b0f05728632b1 restore_session_id=8b5c53d3f8b343b5b905cc729264d5df roles=modelpatcher model_count=1 contains_registered_unet=0 caller_classification=graph_model_loading gpu_allocated_before=12624808960 gpu_reserved_before=14990442496
[v2.gpu_load_boundary] event=load_models_gpu_end request_id=v2-benchmark-1-e33765f5e21c restored_instance_id=33bc4deedf6a4d278d6b0f05728632b1 restore_session_id=8b5c53d3f8b343b5b905cc729264d5df roles=modelpatcher model_count=1 caller_classification=graph_model_loading wall_ms=40.599 gpu_allocated_after=12624808960 gpu_allocated_delta_bytes=0
[production.rgthree.encode] side=b (B-only) shape=(1, 1920, 1088, 3) dtype=torch.uint8
[v2.opt.output_encode] total_ms=581.197 png_compress_ms=561.068 gpu_to_cpu_ms=0.01
[production.rgthree] node_id=107 a_count=0 b_count=1 encoded_unique=1 logical_outputs=1 return_a=0 temp_files_written=0 encode_ms=587.2
[v2.startup_stage] stage=first_prompt_executor_invocation event=end wall_unix_ns=1786586291146771039 monotonic_ns=2736473795018 duration_ms=10422.544
[v2.pre_sampler_stages] request_id=v2-benchmark-1-e33765f5e21c restored_instance_id=33bc4deedf6a4d278d6b0f05728632b1 restore_session_id=8b5c53d3f8b343b5b905cc729264d5df container_session_id=0142d9812047446e modal_input_id=in-01KZWDD9B85JP3HZ6DX3SJHNQV:1786586244457-0 modal_task_id=ta-01KZWDE8GQP4TK3S1Q8YMBYYZR pid=2 boot_id=cf0510ab-cdc7-45a6-83f6-134cbf2c0383 hostname=modal total_nodes=43 first_output_node=107:ComfyModalProductionImageComparerOutput first_executing_node=987:Any Switch (rgthree) sampler_stage_status=sampler_active method_entry_to_graph_start_ms=19.345 graph_setup_ms=53.283 certificate_ms=0.0 cert_identity_build_ms=0.0 cert_cache_hit=0 cert_volume_reload_ms=0.0 cert_file_read_ms=0.0 cert_json_parse_validate_ms=0.0 cert_total_ms=0.0 legacy_preflight_ms=0.0 prompt_validation_ms=0.0 certificate_skipped_preflight=1 certificate_skipped_prompt_validation=1 preflight_ms=0.0 validation_ms=0.0 missing_node_repair_ms=0.158 production_registry_setup_ms=0.051 production_registry_profile_setup_ms=0.051 pregraph_setup_ms=0.511 executor_reset_ms=0.15 sampler_lane_wait_ms=0.06 residual_before_invoke_ms=8.913 method_entry_to_runtime_configuration_ms=19.299 call_to_exec_start_ms=7.564 exec_start_to_cached_ms=1263.178 cached_to_first_executing_ms=128.647 call_to_cached_ms=1270.742 call_to_first_node_ms=1399.389 first_node_to_clip_ms=3.059 clip_to_sampler_node_ms=2301.305 sampler_node_to_sampler_start_ms=160.996 sampler_node_to_lane_acquired_ms=0.128 lane_acquired_to_actual_stage_ms=160.868 pre_sampler_total_ms=3937.323 measured_children_ms=3865.478 residual_ms=71.845 reconciliation_status=ok add_message=True send_sync=True has_sampler=True sampler_count=1 lane_acquired=True
[v2.opt.output_delivery] hash_ms=1.464 descriptor_ms=None
[v2.opt.output_delivery] hash_ms=1.464 descriptor_ms=0.024
[v2.startup_stage] stage=first_durable_result event=ready wall_unix_ns=1786586291155809445 monotonic_ns=2736482833415 output_persisted=1
[v2.output] hashes=1 base64_encode=0 base64_decode=0 commit_ms=0.0 commit_status=skipped overlap_ms=0.0 serialized_bytes=2213
[v2.host_memory] stage=result_complete current_mib=absent peak_mib=absent limit_mib=absent process_rss_mib=14199.9 process_maxrss_mib=35737.1 oom_count=absent oom_kill_count=absent status=ok cgroup_path=absent cgroup_mount=absent
[v2.activation_diagnosis] request_id=v2-benchmark-1-e33765f5e21c cpu_snapshot_container_active=True execution_prefill_scheduled=True residency_diagnostics_enabled=0 clip_encode_calls=0 clip_encode_graph_calls=0 clip_encode_prefill_calls=0 clip_encode_wall_ms=0 clip_encode_graph_wall_ms=0 clip_encode_prefill_wall_ms=0 clip_encode_process_cpu_ms=0 load_models_gpu_calls=2 unet_gpu_load_calls=1 load_models_gpu_wall_ms=101.914 activation_receipt_count=4 gpu_allocated_delta_bytes=4096 cpu_peak_cores=9.52 cpu_above_16_ms=0.0 cpu_above_19_ms=0.0 cpu_longest_above_19_ms=absent cpu_overlap_graph_clip_ms=0.0 cpu_overlap_prefill_clip_ms=0.0 cpu_overlap_gpu_load_ms=0.0 clip_to_sampler_node_ms=2301.305 sampler_node_to_sampler_start_ms=160.996 diagnostic_accounted_ms=absent diagnostic_unattributed_ms=absent restore_requested_torch_intraop_threads=absent restore_actual_torch_intraop_threads=12 restore_torch_interop_threads=14 restore_torch_thread_limit_status=baseline_passthrough
[v2.process_cpu_spike] status=ok peak_effective_cores=9.520 duration_above_16_ms=0.000 duration_above_19_ms=0.000 longest_above_19_ms=0.000 sample_count=190
[v2.remote_request_origin.remote] request_id=v2-benchmark-1-e33765f5e21c trigger_source=benchmark ui_trigger_unix_ms=1786586244792 local_receive_unix_ns=1786586244792351744 modal_generator_create_start_unix_ns=1786586244814588500 modal_submission_attempt_unix_ns=absent modal_generator_created_unix_ns=absent modal_first_iteration_start_unix_ns=absent modal_first_remote_event_unix_ns=absent modal_method_entry_unix_ns=1786586280651533824 prompt_executor_invoke_start_unix_ns=1786586280724096768 trigger_to_dispatch_ms=0.352 dispatch_to_modal_entry_ms=None modal_entry_to_executor_ms=72.575 trigger_to_executor_ms=35932.097 modal_input_id=in-01KZWDD9B85JP3HZ6DX3SJHNQV:1786586244457-0 modal_task_id=ta-01KZWDE8GQP4TK3S1Q8YMBYYZR
[v2.critical_path] python_resume_to_restore_enter_ms=0.0 restore_total_ms=677.06 restore_exit_to_run_enter_ms=15.361 run_enter_to_plan_received_ms=15.614 plan_received_to_executor_invoke_ms=56.961 executor_invoke_to_first_node_ms=1399.282 first_node_to_sampler_node_ms=2304.256 sampler_node_to_sampler_start_ms=160.996 pre_sampler_unattributed_ms=absent
[v2.cgroup_cpu_spike] status=unavailable reason=no readable cpu.stat candidates=/sys/fs/cgroup/cpu.stat errors=resolve_cgroup_v2_base: returned no readable cgroup base;probe2 path=/sys/fs/cgroup/cpu.stat: FileNotFoundError: [Errno 2] No such file or directory: '/sys/fs/cgroup/cpu.stat';parse_proc_cgroup: no unified 0:: entry
[v2.gpu_allocation] cuda_version=13.0 gpu_actual_name=NVIDIA RTX PRO 6000 Blackwell Server Edition gpu_compute_capability=12.0 gpu_requested_order=RTX-PRO-6000 gpu_vram_total_mib=97250 torch_version=2.13.0+cu130
V2 COLD WATERFALL - REMOTE/PARTIAL (awaiting host reconciliation)
Request: v2-benchmark-1-e33765f5e21c  Instance: 33bc4deedf6a4d278d6b0f05728632b1  GPU: ['RTX-PRO-6000']  Fresh: YES
TOTAL WALL:        -   (command->response minus Modal scheduling)
SCHEDULING:        -   (informational - excluded from % and bars)
COMMAND->RESPONSE:  46.391s

+-----+------------------------------------------------+------------+------------+---------+---------------------------------------+
 # | Stage                                          | Duration |     Cum. |      % | Relative wall time
+-----+------------------------------------------------+------------+------------+---------+---------------------------------------+
  1 | Local preparation                              |     0.000s |     0.000s |   0.001% | +                                    
  2 | Modal handle and submission                    |          - |          - |       - |                                      
  3 | Modal scheduling + pre-Python restore (awai... |          - |          - |       - |                                      
  4 | Modal pre-Python snapshot restoration          |          - |          - |       - |                                      
  5 | Python/application restore                     |     0.681s |     0.681s |   1.467% | #                                    
  6 | Restore-to-method entry                        |     0.015s |     0.696s |   0.033% | #                                    
  7 | ~ Method entry to UNET ownership claim         |          - |          - |       - |                                      
  8 | ~ UNET claim to ready (worker load)            |          - |          - |       - |                                      
  9 |   detail: Checkpoint read                      |     2.174s |          - |   4.686% |                                      
 10 |   detail: Read end ? construction done         |     0.247s |          - |   0.532% |                                      
 11 |   detail: Bind                                 |     0.017s |          - |   0.037% |                                      
 12 |   detail: Synchronized H2D                     |     2.170s |          - |   4.679% |                                      
 13 |   detail: H2D end ? UNET ready                 |     0.002s |          - |   0.004% |                                      
 14 |   detail: UNET ready ? sampler demand          |          - |          - |       - |                                      
 15 |   detail: Sampler demand ? join complete       |          - |          - |       - |                                      
 16 |   detail: Join complete ? sampling             |          - |          - |       - |                                      
 17 | Remote method setup                            |     0.073s |     0.769s |   0.157% | #                                    
 18 |   detail: method entry to graph start          |     0.019s |          - |   0.042% |                                      
 19 |   detail: method entry to runtime configura... |     0.019s |          - |   0.042% |                                      
 20 |   detail: runtime configuration                |     0.000s |          - |   0.000% |                                      
 21 |   detail: graph setup                          |     0.053s |          - |   0.115% |                                      
 22 |   detail: certificate                          |     0.000s |          - |   0.000% |                                      
 23 |   detail: preflight                            |     0.000s |          - |   0.000% |                                      
 24 |   detail: validation                           |     0.000s |          - |   0.000% |                                      
 25 |   detail: legacy runtime resolution            |     0.000s |          - |   0.000% |                                      
 26 |   detail: preload check                        |     0.002s |          - |   0.004% |                                      
 27 |   detail: missing-node repair                  |     0.000s |          - |   0.000% |                                      
 28 |   detail: production registry setup            |     0.000s |          - |   0.000% |                                      
 29 |   detail: pregraph setup                       |     0.001s |          - |   0.001% |                                      
 30 |   detail: executor reset                       |     0.000s |          - |   0.000% |                                      
 31 |   detail: residual before executor invoke      |     0.009s |          - |   0.019% |                                      
 32 |   detail: pre-sampler total                    |     3.937s |          - |   8.487% |                                      
 33 |   detail: measured pre-sampler children        |     3.865s |          - |   8.332% |                                      
 34 |   detail: pre-sampler residual                 |     0.072s |          - |   0.155% |                                      
 35 |   detail: UNET quiesce wait (diagnostic)       |          - |          - |       - |                                      
 36 |   detail: UNET transfer queue delay            |          - |          - |       - |                                      
 37 |   detail: UNET synchronized transfer           |          - |          - |       - |                                      
 38 |   detail: UNET scheduled ? worker start        |          - |          - |       - |                                      
 39 |   detail: Worker start ? checkpoint read start |          - |          - |       - |                                      
 40 | PromptExecutor/cache setup                     |     1.399s |     2.168s |   3.017% | #                                    
 41 |   detail: PromptExecutor invoke to execution   |     0.008s |          - |   0.016% |                                      
 42 |   detail: execution to cached                  |     1.263s |          - |   2.723% |                                      
 43 |   detail: cached to first node                 |     0.129s |          - |   0.277% |                                      
 44 |   detail: graph/prefill activity               |          - |          - |       - |                                      
 45 |   detail: CPU owner: CLIPTextEncode [CLIP]     |     0.002s |          - |   0.005% |                                      
 46 |   detail: CPU owner: load_models_gpu [other]   |     0.062s |          - |   0.135% |                                      
 47 |   detail: Node: Any Switch (rgthree)           |     0.000s |          - |   0.000% |                                      
 48 |   detail: Node: VAELoader                      |     0.001s |          - |   0.002% |                                      
 49 |   detail: Node: ClownOptions_ExtraOptions_Beta |     0.000s |          - |   0.000% |                                      
 50 |   detail: Node: ImpactIfNone                   |     0.000s |          - |   0.000% |                                      
 51 |   detail: Node: easy ifElse                    |     0.000s |          - |   0.000% |                                      
 52 |   detail: Node: easy int                       |     0.000s |          - |   0.000% |                                      
 53 |   detail: Node: easy ifElse                    |     0.000s |          - |   0.000% |                                      
 54 |   detail: Node: PrimitiveStringMultiline       |     0.000s |          - |   0.001% |                                      
 55 |   detail: Node: JoinStrings                    |     0.000s |          - |   0.000% |                                      
 56 |   detail: Node: CLIPLoader                     |     0.001s |          - |   0.002% |                                      
 57 |   detail: Node: CLIPTextEncode                 |     0.003s |          - |   0.006% |                                      
 58 |   detail: Node: ConditioningZeroOut            |     0.002s |          - |   0.005% |                                      
 59 |   detail: Node: PairConditioningSetProperties  |     0.000s |          - |   0.001% |                                      
 60 |   detail: Node: CustomCombo                    |     0.000s |          - |   0.001% |                                      
 61 |   detail: Node: SimpleMath+                    |     0.000s |          - |   0.000% |                                      
 62 |   detail: Node: ImpactSwitch                   |     0.033s |          - |   0.072% |                                      
 63 |   detail: Node: UNETLoader                     |     2.213s |          - |   4.771% |                                      
 64 |   detail: Node: ModelSamplingAuraFlow          |     0.003s |          - |   0.007% |                                      
 65 |   detail: Node: CacheDiT_Model_Optimizer       |     0.000s |          - |   0.001% |                                      
 66 |   detail: Node: PathchSageAttentionKJ          |     0.000s |          - |   0.000% |                                      
 67 |   detail: Node: easy float                     |     0.000s |          - |   0.000% |                                      
 68 |   detail: Node: easy int                       |     0.000s |          - |   0.000% |                                      
 69 |   detail: Node: easy ifElse                    |     0.000s |          - |   0.000% |                                      
 70 |   detail: Node: StringToCombo|LP               |     0.000s |          - |   0.000% |                                      
 71 |   detail: Node: easy ifElse                    |     0.000s |          - |   0.000% |                                      
 72 |   detail: Node: CustomCombo                    |     0.000s |          - |   0.001% |                                      
 73 |   detail: Node: easy stringToIntList           |     0.000s |          - |   0.000% |                                      
 74 |   detail: Node: easy indexAnything             |     0.000s |          - |   0.000% |                                      
 75 |   detail: Node: easy stringToIntList           |     0.000s |          - |   0.000% |                                      
 76 |   detail: Node: easy indexAnything             |     0.000s |          - |   0.000% |                                      
 77 |   detail: Node: EmptyImage                     |     0.013s |          - |   0.027% |                                      
 78 |   detail: Node: ImageRotate                    |     0.002s |          - |   0.004% |                                      
 79 |   detail: Node: ImpactSwitch                   |     0.025s |          - |   0.054% |                                      
 80 |   detail: Node: easy imageSize                 |     0.000s |          - |   0.000% |                                      
 81 |   detail: Node: EmptySD3LatentImage            |     0.001s |          - |   0.002% |                                      
 82 |   detail: Node: Any Switch (rgthree)           |     0.000s |          - |   0.001% |                                      
 83 |   detail: Node: LGNoiseInjectionLatent         |     0.001s |          - |   0.002% |                                      
 84 |   detail: Node: ClownsharKSampler_Beta         |     0.168s |          - |   0.362% |                                      
 85 |   detail: PromptExecutor internal/unattributed |          - |          - |       - |                                      
 86 | First node to CLIP                             |     0.003s |     2.172s |   0.007% | #                                    
 87 | CLIP to sampler node                           |     2.301s |     4.473s |   4.961% | ##                                   
 88 | Sampler graph-join wait                        |          - |          - |       - |                                      
 89 | Sampler node to sampling                       |     0.161s |     4.634s |   0.347% | #                                    
 90 |   detail: sampler lane wait                    |     0.000s |          - |   0.000% |                                      
 91 |   detail: sampler node to lane acquired        |     0.000s |          - |   0.000% |                                      
 92 |   detail: lane acquired to actual stage        |     0.161s |          - |   0.347% |                                      
 93 | Sampling                                       |     4.925s |     9.558s |  10.616% | ####                                 
 94 | Post-sampling transition                       |     0.669s |    10.227s |   1.441% | #                                    
 95 |   detail: Sampling end ? VAE scheduled         |    INVALID |          - |       - |                                      
 96 |   detail: VAE scheduled ? worker/load start    |     3.986s |          - |   8.592% |                                      
 97 | VAE                                            |     0.376s |    10.603s |   0.811% | #                                    
 98 |   detail: VAE load/H2D                         |     0.941s |          - |   2.028% |                                      
 99 |   detail: VAE ready ? consumed                 |     0.668s |          - |   1.440% |                                      
 100 |   detail: Consumed ? decode start              |     0.000s |          - |   0.000% |                                      
 101 | Output encode / descriptor                     |     0.597s |    11.200s |   1.287% | #                                    
 102 |   detail: output encode                        |          - |          - |       - |                                      
 103 |   detail: output commit                        |          - |          - |       - |                                      
 104 |   detail: VAE end ? output encode start        |     0.001s |          - |   0.001% |                                      
 105 |   detail: PNG encode                           |     0.590s |          - |   1.272% |                                      
 106 |   detail: Descriptor/materialization           |     0.007s |          - |   0.014% |                                      
 107 | Remote result handoff                          |          - |          - |       - |                                      
 108 |   detail: Remote result emitted                |          - |          - |       - |                                      
 109 |   detail: Deferred persistence after yield     |          - |          - |       - |                                      
 110 | Remote/local return                            |     0.027s |    11.227s |   0.058% | +                                    
 111 |   detail: Local receipt ? caller return        |          - |          - |       - |                                      
 112 | Residual (unattributed)                        |    35.164s |    46.391s |  75.799% | ============================         
+-----+------------------------------------------------+------------+------------+---------+---------------------------------------+
    | ACCOUNTED     |    11.227s |            |  24.201% | .....................................
    | RECONCILIATION |    35.164s |            |            | .....................................
    | TOTAL WALL |          - |            |       - |                                      
    | COMMAND -> RESPONSE |    46.391s |            |  100.0% | #####################################
    | TOP-LEVEL ACCOUNTED |    11.227s |            |  24.201% | .....................................
    | GLOBAL RESIDUAL |    35.164s |            |            | .....................................
    | RESIDUAL %     |    75.799% |            |            | .....................................
    | RECONCILIATION STATUS | EXCEEDS_TOLERANCE |            |            | .....................................
    | CONTROLLABLE APPLICATION WALL |    11.227s |            |            | .....................................
    | PLATFORM/MODAL WALL |     0.000s |            |            | .....................................
Boundary flags: modal_restore_begin_unavailable (modal_scheduling covers submission->python_resume combined), submission_boundary_unavailable (submission boundary absent; scheduling spans cannot start at the local submit)
REMOTE/PARTIAL WATERFALL - awaiting host reconciliation (missing: missing_submission, missing_modal_restore_begin, missing_local_result_receipt)
+-----+------------------------------------------------+------------+------------+---------+---------------------------------------+
Warnings:
  - global residual 35163.935ms (75.80%) of command-to-response unaccounted
  - reconciliation exceeds tolerance: 35163.935ms > 115.977ms
Function 'ModalRuntimeEntrypointV2.*' (fu-xjIsj5XkfF18HqyQZSHqZT) is waiting to be scheduled on a GPU_RTX_PRO_6000 worker. We are actively working on acquiring more capacity for your workload.. Relaxing requirements (cpu=12, memory=32.8GiB) may lead to faster scheduling
Restoring Function from memory snapshot.
[v2.startup_stage] stage=post_snapshot_restore event=start wall_unix_ns=1786586490384142399 monotonic_ns=2935711169791
[v2.snapshot_timing] snapshot_callback_age_at_restore_ms=2897124.177 snapshot_callback_to_command_start_ms=unavailable command_start_to_restore_start_ms=unavailable request_latency_included=0 source=snapshot_callback_return_to_restore_start
[v2.snapshot_model_eviction] stage=restore_observed marker=1 cpu_snapshot_models_present=1 clip_present=1 unet_present=0 retained_role=clip_vae retained_model_id=0 retained_model_type= rss_after_restore_mib=11305.6171875 native_thread_count=46 torch_intraop=12 torch_interop=14 wall_unix_ns=1786586490388741156
[v2.snapshot_model_eviction] stage=restore_release_retained retain_role=clip_vae status=container_retained container_present=1 clip_present=1 vae_present=1 unet_present=0 retained_slot_release=0 retained_model_id=0 retained_alive_after_release=0 rss_before_release_mib=absent rss_after_gc_mib=absent rss_after_trim_mib=absent rss_drop_mib=absent malloc_trim_status=absent malloc_trim_result=absent restore_release_start_wall_unix_ns=1786586490388967496 restore_release_end_wall_unix_ns=1786586490388967496 wall_unix_ns=1786586490388967496
[v2.residency_config] enabled=0
[v2.host_memory] stage=restore_start current_mib=absent peak_mib=absent limit_mib=absent process_rss_mib=11588.3 process_maxrss_mib=35737.1 oom_count=absent oom_kill_count=absent status=ok cgroup_path=absent cgroup_mount=absent
[v2.runtime_shape] stage=after_restore runtime_shape_fingerprint=f504e296c398bdcb2c4c07e2 runtime_shape_label=None thread_policy=TBASE snapshot_model_order=O0 cpu_request=12 memory_request=32768 native_thread_count=46 configured_omp=None configured_mkl=None configured_openblas=None configured_numexpr=None malloc_arena_max=None native_library_settings={'OMP_NUM_THREADS': '12', 'MKL_NUM_THREADS': '12', 'OPENBLAS_NUM_THREADS': '12', 'NUMEXPR_NUM_THREADS': None, 'MALLOC_ARENA_MAX': None} torch_intraop_threads=12 torch_interop_threads=14 actual_torch_intraop_threads=12 actual_torch_interop_threads=14 requested_torch_intraop_threads=None requested_torch_interop_threads=None requested_vs_actual_match=True status=baseline_passthrough error=
[v2.opt.gpu_state] total_memory_ms=251.071
[comfyapp] gpu_state restored vram=97250MB ram=1048576MB vram_state=VRAMState.HIGH_VRAM in 253.0ms
[restore.cuda_context] available=1 device_index=0 device=NVIDIA RTX PRO 6000 Blackwell Server Edition sync_ms=2.507 total_ms=2.634
[v2.sage_restore] decision=snapshot_exact_skip discovery_called=0 verify_ms=0.085
[v2.custom_node_restore] decision=snapshot_exact_skip callback_called=0 source=persisted_record check_ms=0.87
[v2.startup_stage] stage=snapshot_execution_seed event=start wall_unix_ns=1786586491266171629 monotonic_ns=2936593199581
[v2.seed_restore] source=startup_minimal schema=2 topology_available=0 workflow_hash= loader_signatures=0
[v2.startup_stage] stage=snapshot_execution_seed event=end wall_unix_ns=1786586491268619867 monotonic_ns=2936595647569 duration_ms=2.448
[v2.generation_identity] method=restore custom_nodes_generation='fbecafb8ae72728ebc36d581…' raw_empty=false source=persisted_record runtime_state_generation='' api_object_id=47531661585936 deployment_combined_hash=1bd881d798947977
[v2.prefill_config] env=critical parsed=critical cpu_snapshot_container_active=0 native_fast_disk_unet_execution_active=0
[v2.restore_breakdown] bootstrap_ms=400.872 unet_cache_patch_ms=None clip_prepare_submit_ms=None clip_worker_wait_ms=None unet_spec_extract_ms=None bg_unet_submit_ms=None restore_finalize_ms=0.12
[v2.clip_stages] worker_queue_ms=None load_torch_file_ms=None read_to_ready_ms=None post_read_cpu_prepare_ms=None gpu_wait_ms=None gpu_commit_ms=None read_end_to_ready_ms=None worker_total_ms=None worker_close_wait_ms=None restore_finalization_ms=0.12
[v2.restoration_identity] restored_instance_id=17ecb3e1f2464ef1a3d0e9084c25b45a restore_session_id=32a6ab5b6bc745999383775cab8a4a10 container_session_id=0142d9812047446e modal_task_id=ta-01KZWDMMRRCHEAMQ7GYXVT5CFR modal_image_id=im-8KexmbMytHCmXTxTMl6pl9 modal_cloud=CLOUD_PROVIDER_GCP modal_region=us-east4 pid=2 hostname=modal restore_total_ms=880.548 remote_python_resume_wall_unix_ns=1786586490384071936 restore_method_start_wall_unix_ns=1786586490384071936 restore_method_end_wall_unix_ns=1786586491269655040 modal_method_entry_wall_unix_ns=absent restore_status=success restore_method_status=success 
[v2.lifecycle] method=restore snap=False container_session=0142d9812047446e restore_count=1 restore_total_ms=880.548 remote_python_resume_wall_unix_ns=1786586490384071936 restore_method_start_wall_unix_ns=1786586490384071936 restore_method_end_wall_unix_ns=1786586491269655040 modal_method_entry_wall_unix_ns=absent restore_status=success restore_method_status=success status=restored
[v2.host_memory] stage=restore_complete current_mib=absent peak_mib=absent limit_mib=absent process_rss_mib=13149.2 process_maxrss_mib=35737.1 oom_count=absent oom_kill_count=absent status=ok cgroup_path=absent cgroup_mount=absent
[v2.gpu_allocation] cuda_version=13.0 gpu_actual_name=NVIDIA RTX PRO 6000 Blackwell Server Edition gpu_compute_capability=12.0 gpu_requested_order=RTX-PRO-6000 gpu_vram_total_mib=97250 torch_version=2.13.0+cu130
[v2.startup_stage] stage=post_snapshot_restore event=end wall_unix_ns=1786586491272750064 monotonic_ns=2936599777606 duration_ms=888.608
[v2.startup_stage] stage=first_remote_method_entry event=entry wall_unix_ns=1786586491283281696 monotonic_ns=2936610305088
[v2.env_profile] effective_profile=inherit container_profile=inherit request_override=inherit request_override_applied=0 source=request-inherit-noop
[v2.request_variance_env] COMFYMODAL_V2_VAE_EARLY_START_MS=1000
[v2.local_submission_breakdown.remote] request_id=v2-benchmark-2-fc919dccb0e7 local_receive_to_worker_start_ms=0.0 worker_start_to_normalize_start_ms=0.0 normalize_production_options_ms=0.0 normalize_end_to_trace_construct_start_ms=0.0 runtime_trace_construct_ms=0.0 trace_construct_to_options_copy_start_ms=0.0 benchmark_options_copy_ms=0.0 options_copy_to_client_id_start_ms=0.0 client_id_generation_ms=0.0 client_id_end_to_plan_call_ms=0.0 plan_call_to_function_entry_ms=0.0 worker_start_to_plan_build_ms=0.0 local_receive_to_plan_build_start_ms=0.0 worker_queue_ms=0.0 plan_build_ms=15.0 plan_build_to_execute_plan_entry_ms=0.0 execute_plan_entry_to_plan_materialization_ms=0.0 plan_materialization_ms=0.0 plan_materialization_to_active_profile_ms=0.0 active_profile_ms=0.0 restore_plan_build_ms=absent restore_publish_ms=absent restore_publish_to_transport_entry_ms=absent transport_entry_to_handle_lookup_ms=0.0 handle_lookup_ms=absent payload_materialization_ms=0.0 payload_size_measurement_ms=0.0 payload_size_to_serialize_end_ms=0.0 payload_ready_to_modal_call_ms=0.0 local_receive_to_modal_call_ms=15.0 generator_create_ms=absent generator_created_to_first_iteration_ms=absent local_receive_to_actual_submission_ms=absent measured_children_ms=absent residual_ms=absent reconciliation_status=incomplete profile_cache_hit=False profile_remote_call_performed=False profile_checker_matched=False restore_publish_cache_hit=absent restore_remote_call_performed=absent handle_cache_hit=absent plan_to_dict_count=1 payload_bytes=19365 active_profile_local_ms=0.0 active_profile_cache_lookup_ms=0.0 active_profile_checker_ms=0.0 active_profile_setter_ms=0.0 active_profile_total_ms=0.0 created_modal_client=False performed_cls_from_name=False constructed_class_instance=False input_image_count=0 workflow_node_count=43 unmeasured_boundary=absent
[v2.seed_restore] source=invocation_plan schema=2 topology_available=1 workflow_hash=2e43d4c0ba3b82c0 loader_nodes=3 sampler_nodes=1 reachable_nodes=43 static_signatures=43
[v2.runtime_shape] stage=request_entry runtime_shape_fingerprint=f504e296c398bdcb2c4c07e2 runtime_shape_label=None thread_policy=TBASE snapshot_model_order=O0 cpu_request=12 memory_request=32768 native_thread_count=48 configured_omp=None configured_mkl=None configured_openblas=None configured_numexpr=None malloc_arena_max=None native_library_settings={'OMP_NUM_THREADS': '12', 'MKL_NUM_THREADS': '12', 'OPENBLAS_NUM_THREADS': '12', 'NUMEXPR_NUM_THREADS': None, 'MALLOC_ARENA_MAX': None} torch_intraop_threads=12 torch_interop_threads=14 actual_torch_intraop_threads=12 actual_torch_interop_threads=14 requested_torch_intraop_threads=None requested_torch_interop_threads=None requested_vs_actual_match=True status=baseline_passthrough error=
[v2.method_entry_gap] restore_to_method_ms=10.554 first_line_to_running_log_ms=7.317 same_process=True identity_mismatch_reasons=none remote_python_resume_wall_unix_ns=1786586490384071936 restore_method_start_wall_unix_ns=1786586490384071936 restore_method_end_wall_unix_ns=1786586491269655040 modal_method_entry_wall_unix_ns=1786586491283269888 restore_end_to_modal_method_ms=13.609
[v2.snapshot_timing] snapshot_callback_age_at_restore_ms=2897124.177 snapshot_callback_to_command_start_ms=2724783.704 command_start_to_restore_start_ms=172340.072 command_start_to_python_resume_ms=172340.072 command_start_to_restore_end_ms=173225.655 request_latency_included=0_for_callback_age
[v2.host_memory] stage=prompt_executor_start current_mib=absent peak_mib=absent limit_mib=absent process_rss_mib=13149.5 process_maxrss_mib=35737.1 oom_count=absent oom_kill_count=absent status=ok cgroup_path=absent cgroup_mount=absent
[v2.cpu_snapshot_models] cpu_snapshot_models_present=1 clip_present=1 unet_present=0 cpu_snapshot_active=0
[v2.cpu_snapshot_request] status=present_but_inactive clip_present=1 unet_present=0 action=clip_vae_only_request_activation
[v2.cpu_snapshot_request] status=clip_vae_only_bind clip_source=cpu_snapshot vae_source=cpu_snapshot unet_source=normal_loader clip_object_id=47537760655248 vae_object_id=47537776803408
[v2.cpu_snapshot_request] status=reused reason=clip_vae_only
[v2.unet_identity_chain] stage=snapshot request_id=v2-benchmark-2-fc919dccb0e7 unet_object_id=0
[v2.unet_identity_chain] stage=bridge request_id=v2-benchmark-2-fc919dccb0e7 unet_object_id=0
[v2.snapshot_activation_invariant] profile=inherit models_container_present=1 clip_present=1 unet_present=0 snapshot_enabled_by_config=1 cpu_snapshot_container_active=1 loader_bridge_active=1 execution_prefill_allowed=0 status=pass reason=ok
[v2.execution_prefill] snapshot_active=1 env_raw=critical scheduled=1
[v2.execution_unet] scheduled=1 snapshot_unet_absent=1 request_id=v2-benchmark-2-fc919dccb0e7
[v2.plan_proof] schema=1 payload=yes validated=True outputs=2 out_ids=107,935:931 wf_hash=2e43d4c0ba3b82c0 recomputed=2e43d4c0ba3b82c0 match=True dep_complete=True consumed=False cert_decision=legacy
[v2.plan_proof.registry] workflow_class_count=31 host_proved_count=31 snapshot_proved_count=31 missing_host=0 missing_snapshot=0 identity_mismatch=0 workflow_registry_match=1 reason=
[v2.plan_proof] parity proof_present=1 proof_complete=1 proof_valid=1 dep_match=1 gen_match=1 wf_reg_match=1 reg_full_match=0 dep_proof_match=1 eligible=1 reason=ok consumed=False
[v2.exec] res4lyf_dummy_init_disabled=1 reported_injected=1 actual_injected=1
[preflight.model_reads] restore_preload_active=0 selected_clip=/root/comfy/ComfyUI/models/text_encoders/qwen_3_4b.safetensors[v2.clip_conditioning_cache] event=mode flag=COMFYMODAL_V2_CLIP_CONDITIONING_CACHE enabled=1 root=/root/prompt_cache_vol/exact_conditioning max_entries=64 max_bytes=536870912

[active_read] registered owner=graph_loader key=/__modal/volumes/vo-QI6fCKykvocVkUBVGsuZgm/diffusion_models/z_image_turbo_bf16.s active_read_id=1e079699b8f24669 restored_instance_id=17ecb3e1f2464ef1a3d0e9084c25b45a restore_session_id=32a6ab5b6bc745999383775cab8a4a10 request_id= start_wall_unix_ns=1786586491319813632 start_monotonic_ns=2936646836413 start_thread_time_ns=0 start_process_time_ns=103720000000 native_tid=75 active_read_path_hash=8d2256b3cff6bbd2 active_read_file_size=12309866400 active_read_st_dev=30 active_read_st_ino=101 active_read_governor_enabled=0 active_read_priority=100 active_read_size_bytes=12309866400 active_read_size_mb=11739.6 active_read_is_large=1 active_read_classification_source=file_size active_read_queue_enter_ms=0.0 active_read_queue_exit_ms=0.0 active_read_queue_wait_ms=0.0 active_read_large_slots_used_at_enter=0 active_read_large_slots_used_at_start=0 active_read_concurrent_large_reads_at_start=1 active_read_attached_existing_future=0 active_read_duplicate_prevented=0[v2.generation_identity] custom_nodes_generation='fbecafb8ae72728ebc36d581…' raw_empty=false source=persisted_record runtime_state_generation='' api_object_id=47531661585936 deployment_combined_hash=1bd881d798947977

[v2.plan_proof] decision=plan_validation_fast_path consumed=1 workflow_hash_match=1 validation_hash_match=1 plan_complete=1 snapshot_complete=1 snapshot_valid=1 dep_match=1 gen_match=1 wf_reg_match=1 dependency_match=1 repair_changed=0 outputs_nonempty=1 eligible=1
[v2.host_memory] stage=peak_execution current_mib=absent peak_mib=absent limit_mib=absent process_rss_mib=24890.8 process_maxrss_mib=35737.1 oom_count=absent oom_kill_count=absent status=ok cgroup_path=absent cgroup_mount=absent
[v2.startup_stage] stage=first_prompt_executor_invocation event=start wall_unix_ns=1786586491349228528 monotonic_ns=2936676252252
[v2.unet_early_activation] event=mode mode=late env_raw=late restored_instance_id=17ecb3e1f2464ef1a3d0e9084c25b45a restore_session_id=32a6ab5b6bc745999383775cab8a4a10
[v2.unet_early_activation] event=skipped request_id=v2-benchmark-2-fc919dccb0e7 mode=late trigger=conditioning_cache_hit reason=cpu_snapshot_mode_inactive eligible=0
[v2.clip_conditioning_cache] decision=exact_hit key_hash=e24059626b0f3d17f0ba656e18d396b1449e52b9b046a4cf35d5f7874baafa2f identity_status=valid encode_calls=0 schema_version=1 validation_scope=clip_model_workflow_custom_nodes_schema_format_side_conditioning_inputs entries=1 request_id=v2-benchmark-2-fc919dccb0e7
[active_read] completed owner=graph_loader key=/__modal/volumes/vo-QI6fCKykvocVkUBVGsuZgm/diffusion_models/z_image_turbo_bf16.s active_read_id=1e079699b8f24669 restored_instance_id=17ecb3e1f2464ef1 restore_session_id=32a6ab5b6bc745999383775cab8a4a10 complete_wall_unix_ns=1786586492488346880 complete_monotonic_ns=2937815369147 complete_thread_time_ns=1060000000 complete_process_time_ns=105240000000 complete_native_tid=75 wall_ms=1168.533 thread_cpu_ms=1060.0 process_cpu_ms=1520.0 majf=None minf=None inblock=None nvcsw=None nivcsw=None read_bytes=None rchar=None path_hash=8d2256b3cff6bbd2 file_size=12309866400 st_dev=30 st_ino=101
[v2.active_read_diag] active_read_id=1e079699b8f24669 owner=graph_loader request_id= restore_session_id=32a6ab5b6bc745999383775cab8a4a10 path_hash=8d2256b3cff6bbd2 wall_ms=1168.533 thread_cpu_ms=1060.0 process_cpu_ms=1520.0 read_bytes=not_observed_in_this_thread rchar=not_observed_in_this_thread minor_faults=None major_faults=None context_switches=None/None counter_status=unsupported legacy_counter_status=unsupported thread_cpu_status=unsupported process_cpu_status=unsupported io_status=unsupported page_fault_status=unsupported block_input_status=unsupported context_switch_status=unsupported native_thread_id=75
[v2.vae_early_activation] event=mode mode=sampling_end env_raw=sampling_end restored_instance_id=17ecb3e1f2464ef1a3d0e9084c25b45a restore_session_id=32a6ab5b6bc745999383775cab8a4a10
[v2.cpu_owner] operation=CLIPTextEncode role=CLIP wall_ms=1.729 process_cpu_ms=30.000 effective_cores=17.351 native_threads_start=51 native_threads_peak=52 native_threads_end=51
[v2.native_fast_disk_unet] decision=defer reason=ok stage=to patcher_class=comfy.model_patcher.ModelPatcher patcher_dynamic=0 param_count=453 parameter_bytes=12309817472 dtype_distribution={'torch.bfloat16': 453} device_distribution={'cpu': 453} cpu_params=453 cpu_buffers=1 get_model_ms=234.51 ctor_ms=0.146 bind_ms=None to_wall_ms=None to_device_ms=None to_device_ms_label=unavailable
[v2.native_fast_disk_unet] decision=complete reason=ok stage=load_model_weights patcher_class=comfy.model_patcher.ModelPatcher patcher_dynamic=0 param_count=453 parameter_bytes=12309817472 dtype_distribution={'torch.bfloat16': 453} device_distribution={'cuda': 453} cpu_params=0 cpu_buffers=0 get_model_ms=234.51 ctor_ms=0.146 bind_ms=19.709 to_wall_ms=2115.611 to_device_ms=2115.643 to_device_ms_label=synchronized_device
[v2.unet_runtime_state] stage=normal_loader_ready unet_identity=z_image_turbo_bf16.safetensors requested_weight_dtype=default effective_weight_dtype=default state={"current_device":"cuda:0","diffusion_model_object_id":"47538103590480","diffusion_model_type":"NextDiT","first_buffer_device":"absent","first_buffer_dtype":"absent","first_parameter_device":"cuda:0","first_parameter_dtype":"torch.bfloat16","forward_module":"NextDiT","forward_qualname":"NextDiT.forward","load_device":"cuda:0","loaded_models_member":"0","manual_cast_dtype":"absent","model_dtype":"torch.bfloat16","model_loaded_weight_memory":"0","model_lowvram":"False","model_lowvram_patch_counter":"0","model_object_id":"47537776749840","model_options_keys":["transformer_options"],"model_type":"Lumina2","object_patch_count":0,"offload_device":"cuda:0","patch_count":0,"patcher_object_id":"47538103598864","patcher_type":"ModelPatcher","transformer_options_keys":["wrappers"],"weight_dtype":"absent"}
standard
WARNING:root:[FeatureInjLatent] Reference latent: shape=torch.Size([1, 16, 240, 136])
[v2.sampler_boundary] event=sampler_lane_requested sampler_node_id=1242 sampler_node_class=ClownsharKSampler_Beta blocking_owner=absent
[v2.sampler_boundary] event=sampler_lane_acquired sampler_node_id=1242 sampler_node_class=ClownsharKSampler_Beta wait_ms=0.076 blocking_owner=absent
[CacheDiT] Transformer class: NextDiT (module: comfy.ldm.lumina.model)
[v2.gpu_load_boundary] event=load_models_gpu_start request_id=v2-benchmark-2-fc919dccb0e7 restored_instance_id=17ecb3e1f2464ef1a3d0e9084c25b45a restore_session_id=32a6ab5b6bc745999383775cab8a4a10 roles=UNET model_count=1 contains_registered_unet=1 caller_classification=graph_model_loading gpu_allocated_before=12416794624 gpu_reserved_before=12624855040
[v2.gpu_load_boundary] event=load_models_gpu_end request_id=v2-benchmark-2-fc919dccb0e7 restored_instance_id=17ecb3e1f2464ef1a3d0e9084c25b45a restore_session_id=32a6ab5b6bc745999383775cab8a4a10 roles=UNET model_count=1 caller_classification=graph_model_loading wall_ms=57.287 gpu_allocated_after=12416798720 gpu_allocated_delta_bytes=4096
[v2.cpu_owner] operation=load_models_gpu role=other wall_ms=58.380 process_cpu_ms=170.000 effective_cores=2.912 native_threads_start=51 native_threads_peak=52 native_threads_end=51
[v2.unet_identity_chain] check=stage_pair stage_a=bridge stage_b=sampler request_id=v2-benchmark-2-fc919dccb0e7 patcher_a_object_id=47538103598864 diffusion_a_object_id=47538103590480 patcher_b_object_id=47537932552016 diffusion_b_object_id=47538103590480 ok=1 reason=ok
[v2.unet_gpu_residency] sampler_wrapper_before_sample request_id=v2-benchmark-2-fc919dccb0e7 enforce=0 status=gpu_resident unet_object_id=47537932552016 parameter_count=453 gpu_parameter_count=453 cpu_parameter_count=0 meta_parameter_count=0 unknown_parameter_count=0 gpu_parameter_fraction=1.0 load_device=cuda:0 current_device=absent diffusion_model_current_device=absent model_cache_size=2 unet_in_model_cache=1 gpu_allocated_bytes=12420976640 gpu_reserved_bytes=12626952192
[v2.sampler_stall_watchdog] stage=armed request_id=v2-benchmark-2-fc919dccb0e7 restored_instance_id=17ecb3e1f2464ef1a3d0e9084c25b45a sampler_node_id=1242 sampler_class=ClownsharKSampler_Beta patcher_object_id=47537932552016 diffusion_model_object_id=47538103590480 unet_object_id=47537932552016 first_forward_timeout_s=5.0 first_step_timeout_s=15.0
[v2.vae_early_activation] event=scheduled request_id=v2-benchmark-2-fc919dccb0e7 mode=sampling_end trigger=early_start key_hash=c8681281b64aee96dab9c4c3 source=snapshot_vae vae_identity_hash=dd8f11d04333e24d vae_policy_version=1 vae_weight_dtype=bfloat16 vae_compute_dtype=bfloat16_native vae_memory_format=contiguous vae_prefetch_mode=off c5_impl_version=1.0.0 torch=2.13.0+cu130 cuda=13.0 arch=sm_75;sm_80;sm_86;sm_90;sm_100;sm_120 restored_instance_id=17ecb3e1f2464ef1a3d0e9084c25b45a restore_session_id=32a6ab5b6bc745999383775cab8a4a10
[v2.experiment] experiment=vae_overlap arm=early_1000 implementation_version=1 selector=request source=env settings={"early_start_ms":1000,"expected_sampling_ms":4900}
[v2.sampler_boundary] event=sampling_start request_id=v2-benchmark-2-fc919dccb0e7 restored_instance_id=17ecb3e1f2464ef1a3d0e9084c25b45a node_id=1242 node_class=ClownsharKSampler_Beta steps=8 patcher_object_id=47537932552016 diffusion_model_object_id=47538103590480 diffusion_model_device=absent diffusion_model_current_device=absent gpu_allocated_bytes=12420976640 gpu_reserved_bytes=12626952192
(RES4LYF) rk_type: res_2s

[v2.unet_forward_boundary] event=first_unet_forward request_id=v2-benchmark-2-fc919dccb0e7 diffusion_model_object_id=47538103590480 patcher_object_id=47538103598864 model_object_id=47537776749840 x_device=cuda:0 x_dtype=torch.bfloat16 elapsed_ms=175.22
[v2.sampler_parity] UNET weight_dtype=torch.bfloat16 UNET compute_dtype=torch.bfloat16 manual_cast_dtype=None CacheDiT target=NextDiT CacheDiT attachment_count=1 CacheDiT fallback=0
[1A  0%|          | 0/8 [00:00<?, ?it/s]WARNING:root:[FeatureInjLatent] step=1 | progress=0.00 | eff_str=0.250 | no mask
WARNING:root:[FeatureInjLatent] step=2 | progress=0.01 | eff_str=0.214 | no mask
[v2.sampler_boundary] event=first_sampler_step request_id=v2-benchmark-2-fc919dccb0e7 restored_instance_id=17ecb3e1f2464ef1a3d0e9084c25b45a node_id=1242 node_class=ClownsharKSampler_Beta steps=8 patcher_object_id=47537932552016 diffusion_model_object_id=47538103590480 diffusion_model_device=absent diffusion_model_current_device=absent gpu_allocated_bytes=12420976640 gpu_reserved_bytes=12626952192

[1A 12%|█▎        | 1/8 [00:01<00:08,  1.15s/it]WARNING:root:[FeatureInjLatent] step=3 | progress=0.03 | eff_str=0.178 | no mask

[1A 25%|██▌       | 2/8 [00:02<00:06,  1.01s/it]
[1A 38%|███▊      | 3/8 [00:02<00:03,  1.31it/s]
[1A 50%|█████     | 4/8 [00:03<00:02,  1.55it/s]
[v2.vae_early_activation] event=load_start request_id=v2-benchmark-2-fc919dccb0e7 mode=sampling_end trigger=early_start key_hash=c8681281b64aee96dab9c4c3 source=snapshot_vae vae_object_id=47537776803408
[1A 62%|██████▎   | 5/8 [00:03<00:01,  1.72it/s]
[1A 75%|███████▌  | 6/8 [00:03<00:01,  1.83it/s]
[1A 88%|████████▊ | 7/8 [00:04<00:00,  1.92it/s]
[1A100%|██████████| 8/8 [00:04<00:00,  2.00it/s]100%|██████████| 8/8 [00:04<00:00,  1.64it/s]
[v2.sampler_boundary] event=sampling_end request_id=v2-benchmark-2-fc919dccb0e7 restored_instance_id=17ecb3e1f2464ef1a3d0e9084c25b45a node_id=1242 node_class=ClownsharKSampler_Beta steps=8 patcher_object_id=47537932552016 diffusion_model_object_id=47538103590480 diffusion_model_device=absent diffusion_model_current_device=absent gpu_allocated_bytes=12420976640 gpu_reserved_bytes=12626952192 duration_ms=4925.027
[v2.vae_early_activation] event=terminal request_id=v2-benchmark-2-fc919dccb0e7 mode=sampling_end key_hash=c8681281b64aee96dab9c4c3 status=ready reason=ok error=absent transfer_count=1 vae_policy_version=1 vae_weight_dtype=bfloat16 vae_compute_dtype=bfloat16_native vae_memory_format=contiguous vae_prefetch_mode=off c5_impl_version=1.0.0 source=snapshot_vae
[v2.vae_early_activation] event=consumed request_id=v2-benchmark-2-fc919dccb0e7 mode=sampling_end key_hash=c8681281b64aee96dab9c4c3 join_wait_ms=0.052 status=ready source=snapshot_vae
[v2.gpu_load_boundary] event=load_models_gpu_start request_id=v2-benchmark-2-fc919dccb0e7 restored_instance_id=17ecb3e1f2464ef1a3d0e9084c25b45a restore_session_id=32a6ab5b6bc745999383775cab8a4a10 roles=modelpatcher model_count=1 contains_registered_unet=0 caller_classification=graph_model_loading gpu_allocated_before=12624808960 gpu_reserved_before=14990442496
[v2.gpu_load_boundary] event=load_models_gpu_end request_id=v2-benchmark-2-fc919dccb0e7 restored_instance_id=17ecb3e1f2464ef1a3d0e9084c25b45a restore_session_id=32a6ab5b6bc745999383775cab8a4a10 roles=modelpatcher model_count=1 caller_classification=graph_model_loading wall_ms=39.441 gpu_allocated_after=12624808960 gpu_allocated_delta_bytes=0
[production.rgthree.encode] side=b (B-only) shape=(1, 1920, 1088, 3) dtype=torch.uint8
[v2.opt.output_encode] total_ms=577.945 png_compress_ms=555.712 gpu_to_cpu_ms=0.009
[production.rgthree] node_id=107 a_count=0 b_count=1 encoded_unique=1 logical_outputs=1 return_a=0 temp_files_written=0 encode_ms=580.9
[v2.startup_stage] stage=first_prompt_executor_invocation event=end wall_unix_ns=1786586501672987727 monotonic_ns=2947000011079 duration_ms=10323.759
[v2.pre_sampler_stages] request_id=v2-benchmark-2-fc919dccb0e7 restored_instance_id=17ecb3e1f2464ef1a3d0e9084c25b45a restore_session_id=32a6ab5b6bc745999383775cab8a4a10 container_session_id=0142d9812047446e modal_input_id=in-01KZWDFGWCMDB8RYGD4C3GKE9Q:1786586317709-0 modal_task_id=ta-01KZWDMMRRCHEAMQ7GYXVT5CFR pid=2 boot_id=cf0510ab-cdc7-45a6-83f6-134cbf2c0383 hostname=modal total_nodes=43 first_output_node=107:ComfyModalProductionImageComparerOutput first_executing_node=987:Any Switch (rgthree) sampler_stage_status=sampler_active method_entry_to_graph_start_ms=16.082 graph_setup_ms=49.815 certificate_ms=0.0 cert_identity_build_ms=0.0 cert_cache_hit=0 cert_volume_reload_ms=0.0 cert_file_read_ms=0.0 cert_json_parse_validate_ms=0.0 cert_total_ms=0.0 legacy_preflight_ms=0.0 prompt_validation_ms=0.0 certificate_skipped_preflight=1 certificate_skipped_prompt_validation=1 preflight_ms=0.0 validation_ms=0.0 missing_node_repair_ms=0.134 production_registry_setup_ms=0.039 production_registry_profile_setup_ms=0.039 pregraph_setup_ms=0.537 executor_reset_ms=0.245 sampler_lane_wait_ms=0.05 residual_before_invoke_ms=15.223 method_entry_to_runtime_configuration_ms=16.043 call_to_exec_start_ms=0.72 exec_start_to_cached_ms=1210.07 cached_to_first_executing_ms=98.963 call_to_cached_ms=1210.79 call_to_first_node_ms=1309.754 first_node_to_clip_ms=3.224 clip_to_sampler_node_ms=2255.297 sampler_node_to_sampler_start_ms=140.604 sampler_node_to_lane_acquired_ms=0.095 lane_acquired_to_actual_stage_ms=140.508 pre_sampler_total_ms=3774.746 measured_children_ms=3709.598 residual_ms=65.148 reconciliation_status=ok add_message=True send_sync=True has_sampler=True sampler_count=1 lane_acquired=True
[v2.opt.output_delivery] hash_ms=1.474 descriptor_ms=None
[v2.opt.output_delivery] hash_ms=1.474 descriptor_ms=0.024
[v2.startup_stage] stage=first_durable_result event=ready wall_unix_ns=1786586501682673590 monotonic_ns=2947009696942 output_persisted=1
[v2.output] hashes=1 base64_encode=0 base64_decode=0 commit_ms=0.0 commit_status=skipped overlap_ms=0.0 serialized_bytes=2220
[v2.host_memory] stage=result_complete current_mib=absent peak_mib=absent limit_mib=absent process_rss_mib=14199.9 process_maxrss_mib=35737.1 oom_count=absent oom_kill_count=absent status=ok cgroup_path=absent cgroup_mount=absent
[v2.activation_diagnosis] request_id=v2-benchmark-2-fc919dccb0e7 cpu_snapshot_container_active=True execution_prefill_scheduled=True residency_diagnostics_enabled=0 clip_encode_calls=0 clip_encode_graph_calls=0 clip_encode_prefill_calls=0 clip_encode_wall_ms=0 clip_encode_graph_wall_ms=0 clip_encode_prefill_wall_ms=0 clip_encode_process_cpu_ms=0 load_models_gpu_calls=2 unet_gpu_load_calls=1 load_models_gpu_wall_ms=96.728 activation_receipt_count=4 gpu_allocated_delta_bytes=4096 cpu_peak_cores=6.985 cpu_above_16_ms=0.0 cpu_above_19_ms=0.0 cpu_longest_above_19_ms=absent cpu_overlap_graph_clip_ms=0.0 cpu_overlap_prefill_clip_ms=0.0 cpu_overlap_gpu_load_ms=0.0 clip_to_sampler_node_ms=2255.297 sampler_node_to_sampler_start_ms=140.604 diagnostic_accounted_ms=absent diagnostic_unattributed_ms=absent restore_requested_torch_intraop_threads=absent restore_actual_torch_intraop_threads=12 restore_torch_interop_threads=14 restore_torch_thread_limit_status=baseline_passthrough
[v2.process_cpu_spike] status=ok peak_effective_cores=6.985 duration_above_16_ms=0.000 duration_above_19_ms=0.000 longest_above_19_ms=0.000 sample_count=186
[v2.remote_request_origin.remote] request_id=v2-benchmark-2-fc919dccb0e7 trigger_source=benchmark ui_trigger_unix_ms=1786586318044 local_receive_unix_ns=1786586318044718080 modal_generator_create_start_unix_ns=1786586318067718700 modal_submission_attempt_unix_ns=absent modal_generator_created_unix_ns=absent modal_first_iteration_start_unix_ns=absent modal_first_remote_event_unix_ns=absent modal_method_entry_unix_ns=1786586491283269888 prompt_executor_invoke_start_unix_ns=1786586491349135104 trigger_to_dispatch_ms=0.718 dispatch_to_modal_entry_ms=None modal_entry_to_executor_ms=65.867 trigger_to_executor_ms=173305.135 modal_input_id=in-01KZWDFGWCMDB8RYGD4C3GKE9Q:1786586317709-0 modal_task_id=ta-01KZWDMMRRCHEAMQ7GYXVT5CFR
[v2.critical_path] python_resume_to_restore_enter_ms=0.0 restore_total_ms=880.548 restore_exit_to_run_enter_ms=13.609 run_enter_to_plan_received_ms=14.664 plan_received_to_executor_invoke_ms=51.204 executor_invoke_to_first_node_ms=1309.658 first_node_to_sampler_node_ms=2258.499 sampler_node_to_sampler_start_ms=140.604 pre_sampler_unattributed_ms=absent
[v2.cgroup_cpu_spike] status=unavailable reason=no readable cpu.stat candidates=/sys/fs/cgroup/cpu.stat errors=resolve_cgroup_v2_base: returned no readable cgroup base;probe2 path=/sys/fs/cgroup/cpu.stat: FileNotFoundError: [Errno 2] No such file or directory: '/sys/fs/cgroup/cpu.stat';parse_proc_cgroup: no unified 0:: entry
[v2.gpu_allocation] cuda_version=13.0 gpu_actual_name=NVIDIA RTX PRO 6000 Blackwell Server Edition gpu_compute_capability=12.0 gpu_requested_order=RTX-PRO-6000 gpu_vram_total_mib=97250 torch_version=2.13.0+cu130
V2 COLD WATERFALL - REMOTE/PARTIAL (awaiting host reconciliation)
Request: v2-benchmark-2-fc919dccb0e7  Instance: 17ecb3e1f2464ef1a3d0e9084c25b45a  GPU: ['RTX-PRO-6000']  Fresh: YES
TOTAL WALL:        -   (command->response minus Modal scheduling)
SCHEDULING:        -   (informational - excluded from % and bars)
COMMAND->RESPONSE: 183.667s

+-----+------------------------------------------------+------------+------------+---------+---------------------------------------+
 # | Stage                                          | Duration |     Cum. |      % | Relative wall time
+-----+------------------------------------------------+------------+------------+---------+---------------------------------------+
  1 | Local preparation                              |     0.001s |     0.001s |   0.000% | +                                    
  2 | Modal handle and submission                    |          - |          - |       - |                                      
  3 | Modal scheduling + pre-Python restore (awai... |          - |          - |       - |                                      
  4 | Modal pre-Python snapshot restoration          |          - |          - |       - |                                      
  5 | Python/application restore                     |     0.886s |     0.886s |   0.482% | #                                    
  6 | Restore-to-method entry                        |     0.014s |     0.900s |   0.007% | #                                    
  7 | ~ Method entry to UNET ownership claim         |          - |          - |       - |                                      
  8 | ~ UNET claim to ready (worker load)            |          - |          - |       - |                                      
  9 |   detail: Checkpoint read                      |     2.119s |          - |   1.154% |                                      
 10 |   detail: Read end ? construction done         |     0.235s |          - |   0.128% |                                      
 11 |   detail: Bind                                 |     0.020s |          - |   0.011% |                                      
 12 |   detail: Synchronized H2D                     |     2.116s |          - |   1.152% |                                      
 13 |   detail: H2D end ? UNET ready                 |     0.002s |          - |   0.001% |                                      
 14 |   detail: UNET ready ? sampler demand          |          - |          - |       - |                                      
 15 |   detail: Sampler demand ? join complete       |          - |          - |       - |                                      
 16 |   detail: Join complete ? sampling             |          - |          - |       - |                                      
 17 | Remote method setup                            |     0.066s |     0.966s |   0.036% | #                                    
 18 |   detail: method entry to graph start          |     0.016s |          - |   0.009% |                                      
 19 |   detail: method entry to runtime configura... |     0.016s |          - |   0.009% |                                      
 20 |   detail: runtime configuration                |     0.000s |          - |   0.000% |                                      
 21 |   detail: graph setup                          |     0.050s |          - |   0.027% |                                      
 22 |   detail: certificate                          |     0.000s |          - |   0.000% |                                      
 23 |   detail: preflight                            |     0.000s |          - |   0.000% |                                      
 24 |   detail: validation                           |     0.000s |          - |   0.000% |                                      
 25 |   detail: legacy runtime resolution            |     0.000s |          - |   0.000% |                                      
 26 |   detail: preload check                        |     0.002s |          - |   0.001% |                                      
 27 |   detail: missing-node repair                  |     0.000s |          - |   0.000% |                                      
 28 |   detail: production registry setup            |     0.000s |          - |   0.000% |                                      
 29 |   detail: pregraph setup                       |     0.001s |          - |   0.000% |                                      
 30 |   detail: executor reset                       |     0.000s |          - |   0.000% |                                      
 31 |   detail: residual before executor invoke      |     0.015s |          - |   0.008% |                                      
 32 |   detail: pre-sampler total                    |     3.775s |          - |   2.055% |                                      
 33 |   detail: measured pre-sampler children        |     3.710s |          - |   2.020% |                                      
 34 |   detail: pre-sampler residual                 |     0.065s |          - |   0.035% |                                      
 35 |   detail: UNET quiesce wait (diagnostic)       |          - |          - |       - |                                      
 36 |   detail: UNET transfer queue delay            |          - |          - |       - |                                      
 37 |   detail: UNET synchronized transfer           |          - |          - |       - |                                      
 38 |   detail: UNET scheduled ? worker start        |          - |          - |       - |                                      
 39 |   detail: Worker start ? checkpoint read start |          - |          - |       - |                                      
 40 | PromptExecutor/cache setup                     |     1.310s |     2.276s |   0.713% | #                                    
 41 |   detail: PromptExecutor invoke to execution   |     0.001s |          - |   0.000% |                                      
 42 |   detail: execution to cached                  |     1.210s |          - |   0.659% |                                      
 43 |   detail: cached to first node                 |     0.099s |          - |   0.054% |                                      
 44 |   detail: graph/prefill activity               |          - |          - |       - |                                      
 45 |   detail: CPU owner: CLIPTextEncode [CLIP]     |     0.002s |          - |   0.001% |                                      
 46 |   detail: CPU owner: load_models_gpu [other]   |     0.058s |          - |   0.032% |                                      
 47 |   detail: Node: Any Switch (rgthree)           |     0.000s |          - |   0.000% |                                      
 48 |   detail: Node: VAELoader                      |     0.001s |          - |   0.001% |                                      
 49 |   detail: Node: ClownOptions_ExtraOptions_Beta |     0.000s |          - |   0.000% |                                      
 50 |   detail: Node: ImpactIfNone                   |     0.000s |          - |   0.000% |                                      
 51 |   detail: Node: easy ifElse                    |     0.000s |          - |   0.000% |                                      
 52 |   detail: Node: easy int                       |     0.000s |          - |   0.000% |                                      
 53 |   detail: Node: easy ifElse                    |     0.000s |          - |   0.000% |                                      
 54 |   detail: Node: PrimitiveStringMultiline       |     0.000s |          - |   0.000% |                                      
 55 |   detail: Node: JoinStrings                    |     0.000s |          - |   0.000% |                                      
 56 |   detail: Node: CLIPLoader                     |     0.001s |          - |   0.001% |                                      
 57 |   detail: Node: CLIPTextEncode                 |     0.002s |          - |   0.001% |                                      
 58 |   detail: Node: ConditioningZeroOut            |     0.003s |          - |   0.002% |                                      
 59 |   detail: Node: PairConditioningSetProperties  |     0.000s |          - |   0.000% |                                      
 60 |   detail: Node: CustomCombo                    |     0.000s |          - |   0.000% |                                      
 61 |   detail: Node: SimpleMath+                    |     0.000s |          - |   0.000% |                                      
 62 |   detail: Node: ImpactSwitch                   |     0.049s |          - |   0.027% |                                      
 63 |   detail: Node: UNETLoader                     |     2.161s |          - |   1.176% |                                      
 64 |   detail: Node: ModelSamplingAuraFlow          |     0.003s |          - |   0.001% |                                      
 65 |   detail: Node: CacheDiT_Model_Optimizer       |     0.000s |          - |   0.000% |                                      
 66 |   detail: Node: PathchSageAttentionKJ          |     0.000s |          - |   0.000% |                                      
 67 |   detail: Node: easy float                     |     0.000s |          - |   0.000% |                                      
 68 |   detail: Node: easy int                       |     0.000s |          - |   0.000% |                                      
 69 |   detail: Node: easy ifElse                    |     0.000s |          - |   0.000% |                                      
 70 |   detail: Node: StringToCombo|LP               |     0.000s |          - |   0.000% |                                      
 71 |   detail: Node: easy ifElse                    |     0.000s |          - |   0.000% |                                      
 72 |   detail: Node: CustomCombo                    |     0.000s |          - |   0.000% |                                      
 73 |   detail: Node: easy stringToIntList           |     0.000s |          - |   0.000% |                                      
 74 |   detail: Node: easy indexAnything             |     0.000s |          - |   0.000% |                                      
 75 |   detail: Node: easy stringToIntList           |     0.000s |          - |   0.000% |                                      
 76 |   detail: Node: easy indexAnything             |     0.000s |          - |   0.000% |                                      
 77 |   detail: Node: EmptyImage                     |     0.004s |          - |   0.002% |                                      
 78 |   detail: Node: ImageRotate                    |     0.002s |          - |   0.001% |                                      
 79 |   detail: Node: ImpactSwitch                   |     0.027s |          - |   0.015% |                                      
 80 |   detail: Node: easy imageSize                 |     0.000s |          - |   0.000% |                                      
 81 |   detail: Node: EmptySD3LatentImage            |     0.001s |          - |   0.001% |                                      
 82 |   detail: Node: Any Switch (rgthree)           |     0.000s |          - |   0.000% |                                      
 83 |   detail: Node: LGNoiseInjectionLatent         |     0.000s |          - |   0.000% |                                      
 84 |   detail: Node: ClownsharKSampler_Beta         |     0.147s |          - |   0.080% |                                      
 85 |   detail: PromptExecutor internal/unattributed |          - |          - |       - |                                      
 86 | First node to CLIP                             |     0.003s |     2.279s |   0.002% | #                                    
 87 | CLIP to sampler node                           |     2.255s |     4.534s |   1.228% | #                                    
 88 | Sampler graph-join wait                        |          - |          - |       - |                                      
 89 | Sampler node to sampling                       |     0.141s |     4.675s |   0.077% | #                                    
 90 |   detail: sampler lane wait                    |     0.000s |          - |   0.000% |                                      
 91 |   detail: sampler node to lane acquired        |     0.000s |          - |   0.000% |                                      
 92 |   detail: lane acquired to actual stage        |     0.141s |          - |   0.077% |                                      
 93 | Sampling                                       |     4.924s |     9.599s |   2.681% | #                                    
 94 | Post-sampling transition                       |     0.726s |    10.324s |   0.395% | #                                    
 95 |   detail: Sampling end ? VAE scheduled         |    INVALID |          - |       - |                                      
 96 |   detail: VAE scheduled ? worker/load start    |     3.982s |          - |   2.168% |                                      
 97 | VAE                                            |     0.383s |    10.708s |   0.209% | #                                    
 98 |   detail: VAE load/H2D                         |     0.944s |          - |   0.514% |                                      
 99 |   detail: VAE ready ? consumed                 |     0.725s |          - |   0.395% |                                      
 100 |   detail: Consumed ? decode start              |     0.000s |          - |   0.000% |                                      
 101 | Output encode / descriptor                     |     0.591s |    11.299s |   0.322% | #                                    
 102 |   detail: output encode                        |          - |          - |       - |                                      
 103 |   detail: output commit                        |          - |          - |       - |                                      
 104 |   detail: VAE end ? output encode start        |     0.001s |          - |   0.000% |                                      
 105 |   detail: PNG encode                           |     0.584s |          - |   0.318% |                                      
 106 |   detail: Descriptor/materialization           |     0.007s |          - |   0.004% |                                      
 107 | Remote result handoff                          |          - |          - |       - |                                      
 108 |   detail: Remote result emitted                |          - |          - |       - |                                      
 109 |   detail: Deferred persistence after yield     |          - |          - |       - |                                      
 110 | Remote/local return                            |     0.028s |    11.326s |   0.015% | +                                    
 111 |   detail: Local receipt ? caller return        |          - |          - |       - |                                      
 112 | Residual (unattributed)                        |   172.340s |   183.667s |  93.833% | ===================================  
+-----+------------------------------------------------+------------+------------+---------+---------------------------------------+
    | ACCOUNTED     |    11.326s |            |   6.167% | .....................................
    | RECONCILIATION |   172.340s |            |            | .....................................
    | TOTAL WALL |          - |            |       - |                                      
    | COMMAND -> RESPONSE |   183.667s |            |  100.0% | #####################################
    | TOP-LEVEL ACCOUNTED |    11.326s |            |   6.167% | .....................................
    | GLOBAL RESIDUAL |   172.340s |            |            | .....................................
    | RESIDUAL %     |    93.833% |            |            | .....................................
    | RECONCILIATION STATUS | EXCEEDS_TOLERANCE |            |            | .....................................
    | CONTROLLABLE APPLICATION WALL |    11.326s |            |            | .....................................
    | PLATFORM/MODAL WALL |     0.000s |            |            | .....................................
Boundary flags: modal_restore_begin_unavailable (modal_scheduling covers submission->python_resume combined), submission_boundary_unavailable (submission boundary absent; scheduling spans cannot start at the local submit)
REMOTE/PARTIAL WATERFALL - awaiting host reconciliation (missing: missing_submission, missing_modal_restore_begin, missing_local_result_receipt)
+-----+------------------------------------------------+------------+------------+---------+---------------------------------------+
Warnings:
  - global residual 172340.240ms (93.83%) of command-to-response unaccounted
  - reconciliation exceeds tolerance: 172340.240ms > 459.167ms
Restoring Function from memory snapshot.
[v2.startup_stage] stage=post_snapshot_restore event=start wall_unix_ns=1786586535852944648 monotonic_ns=551939658395
[v2.snapshot_timing] snapshot_callback_age_at_restore_ms=498309.108 snapshot_callback_to_command_start_ms=unavailable command_start_to_restore_start_ms=unavailable request_latency_included=0 source=snapshot_callback_return_to_restore_start
[v2.snapshot_model_eviction] stage=restore_observed marker=1 cpu_snapshot_models_present=1 clip_present=1 unet_present=0 retained_role=clip_vae retained_model_id=0 retained_model_type= rss_after_restore_mib=11571.16796875 native_thread_count=46 torch_intraop=12 torch_interop=28 wall_unix_ns=1786586535855243880
[v2.snapshot_model_eviction] stage=restore_release_retained retain_role=clip_vae status=container_retained container_present=1 clip_present=1 vae_present=1 unet_present=0 retained_slot_release=0 retained_model_id=0 retained_alive_after_release=0 rss_before_release_mib=absent rss_after_gc_mib=absent rss_after_trim_mib=absent rss_drop_mib=absent malloc_trim_status=absent malloc_trim_result=absent restore_release_start_wall_unix_ns=1786586535855580122 restore_release_end_wall_unix_ns=1786586535855580122 wall_unix_ns=1786586535855580122
[v2.residency_config] enabled=0
[v2.host_memory] stage=restore_start current_mib=absent peak_mib=absent limit_mib=absent process_rss_mib=11853.8 process_maxrss_mib=35687.4 oom_count=absent oom_kill_count=absent status=ok cgroup_path=absent cgroup_mount=absent
[v2.runtime_shape] stage=after_restore runtime_shape_fingerprint=f504e296c398bdcb2c4c07e2 runtime_shape_label=None thread_policy=TBASE snapshot_model_order=O0 cpu_request=12 memory_request=32768 native_thread_count=46 configured_omp=None configured_mkl=None configured_openblas=None configured_numexpr=None malloc_arena_max=None native_library_settings={'OMP_NUM_THREADS': '12', 'MKL_NUM_THREADS': '12', 'OPENBLAS_NUM_THREADS': '12', 'NUMEXPR_NUM_THREADS': None, 'MALLOC_ARENA_MAX': None} torch_intraop_threads=12 torch_interop_threads=28 actual_torch_intraop_threads=12 actual_torch_interop_threads=28 requested_torch_intraop_threads=None requested_torch_interop_threads=None requested_vs_actual_match=True status=baseline_passthrough error=
[v2.opt.gpu_state] total_memory_ms=3559.51
[comfyapp] gpu_state restored vram=97250MB ram=1048576MB vram_state=VRAMState.HIGH_VRAM in 3564.7ms
[restore.cuda_context] available=1 device_index=0 device=NVIDIA RTX PRO 6000 Blackwell Server Edition sync_ms=5.048 total_ms=5.234
[v2.sage_restore] decision=snapshot_exact_skip discovery_called=0 verify_ms=0.056
[v2.custom_node_restore] decision=snapshot_exact_skip callback_called=0 source=persisted_record check_ms=1.327
[v2.startup_stage] stage=snapshot_execution_seed event=start wall_unix_ns=1786586540269847410 monotonic_ns=556356561931
[v2.seed_restore] source=startup_minimal schema=2 topology_available=0 workflow_hash= loader_signatures=0
[v2.startup_stage] stage=snapshot_execution_seed event=end wall_unix_ns=1786586540274933031 monotonic_ns=556361647000 duration_ms=5.085
[v2.generation_identity] method=restore custom_nodes_generation='fbecafb8ae72728ebc36d581…' raw_empty=false source=persisted_record runtime_state_generation='' api_object_id=47432681091408 deployment_combined_hash=1bd881d798947977
[v2.prefill_config] env=critical parsed=critical cpu_snapshot_container_active=0 native_fast_disk_unet_execution_active=0
[v2.restore_breakdown] bootstrap_ms=4397.617 unet_cache_patch_ms=None clip_prepare_submit_ms=None clip_worker_wait_ms=None unet_spec_extract_ms=None bg_unet_submit_ms=None restore_finalize_ms=0.295
[v2.clip_stages] worker_queue_ms=None load_torch_file_ms=None read_to_ready_ms=None post_read_cpu_prepare_ms=None gpu_wait_ms=None gpu_commit_ms=None read_end_to_ready_ms=None worker_total_ms=None worker_close_wait_ms=None restore_finalization_ms=0.295
[v2.restoration_identity] restored_instance_id=f884788ecb7149f5aaa6eb7cb391380d restore_session_id=58879e08806a4b04af8866032a882016 container_session_id=931caa22faae4d3f modal_task_id=ta-01KZWDNVXP5EDBS42VKPN2XRHR modal_image_id=im-8KexmbMytHCmXTxTMl6pl9 modal_cloud=CLOUD_PROVIDER_AWS modal_region=eu-central-1 pid=2 hostname=modal restore_total_ms=4420.066 remote_python_resume_wall_unix_ns=1786586535852925440 restore_method_start_wall_unix_ns=1786586535852925440 restore_method_end_wall_unix_ns=1786586540276224512 modal_method_entry_wall_unix_ns=absent restore_status=success restore_method_status=success 
[v2.lifecycle] method=restore snap=False container_session=931caa22faae4d3f restore_count=1 restore_total_ms=4420.066 remote_python_resume_wall_unix_ns=1786586535852925440 restore_method_start_wall_unix_ns=1786586535852925440 restore_method_end_wall_unix_ns=1786586540276224512 modal_method_entry_wall_unix_ns=absent restore_status=success restore_method_status=success status=restored
[v2.host_memory] stage=restore_complete current_mib=absent peak_mib=absent limit_mib=absent process_rss_mib=13412.1 process_maxrss_mib=35687.4 oom_count=absent oom_kill_count=absent status=ok cgroup_path=absent cgroup_mount=absent
[v2.gpu_allocation] cuda_version=13.0 gpu_actual_name=NVIDIA RTX PRO 6000 Blackwell Server Edition gpu_compute_capability=12.0 gpu_requested_order=RTX-PRO-6000 gpu_vram_total_mib=97250 torch_version=2.13.0+cu130
[v2.startup_stage] stage=post_snapshot_restore event=end wall_unix_ns=1786586540280788180 monotonic_ns=556367501968 duration_ms=4427.844
[v2.startup_stage] stage=first_remote_method_entry event=entry wall_unix_ns=1786586540382580741 monotonic_ns=556469294518
[v2.env_profile] effective_profile=inherit container_profile=inherit request_override=inherit request_override_applied=0 source=request-inherit-noop
[v2.request_variance_env] COMFYMODAL_V2_VAE_EARLY_START_MS=1000
[v2.local_submission_breakdown.remote] request_id=v2-benchmark-3-e7b10bb25dbb local_receive_to_worker_start_ms=0.0 worker_start_to_normalize_start_ms=0.0 normalize_production_options_ms=0.0 normalize_end_to_trace_construct_start_ms=0.0 runtime_trace_construct_ms=0.0 trace_construct_to_options_copy_start_ms=0.0 benchmark_options_copy_ms=0.0 options_copy_to_client_id_start_ms=0.0 client_id_generation_ms=0.0 client_id_end_to_plan_call_ms=0.0 plan_call_to_function_entry_ms=0.0 worker_start_to_plan_build_ms=0.0 local_receive_to_plan_build_start_ms=0.0 worker_queue_ms=0.0 plan_build_ms=31.0 plan_build_to_execute_plan_entry_ms=0.0 execute_plan_entry_to_plan_materialization_ms=0.0 plan_materialization_ms=0.0 plan_materialization_to_active_profile_ms=0.0 active_profile_ms=0.0 restore_plan_build_ms=absent restore_publish_ms=absent restore_publish_to_transport_entry_ms=absent transport_entry_to_handle_lookup_ms=0.0 handle_lookup_ms=absent payload_materialization_ms=0.0 payload_size_measurement_ms=0.0 payload_size_to_serialize_end_ms=0.0 payload_ready_to_modal_call_ms=0.0 local_receive_to_modal_call_ms=31.0 generator_create_ms=absent generator_created_to_first_iteration_ms=absent local_receive_to_actual_submission_ms=absent measured_children_ms=absent residual_ms=absent reconciliation_status=incomplete profile_cache_hit=False profile_remote_call_performed=False profile_checker_matched=False restore_publish_cache_hit=absent restore_remote_call_performed=absent handle_cache_hit=absent plan_to_dict_count=1 payload_bytes=19365 active_profile_local_ms=0.0 active_profile_cache_lookup_ms=0.0 active_profile_checker_ms=0.0 active_profile_setter_ms=0.0 active_profile_total_ms=0.0 created_modal_client=False performed_cls_from_name=False constructed_class_instance=False input_image_count=0 workflow_node_count=43 unmeasured_boundary=absent
[v2.seed_restore] source=invocation_plan schema=2 topology_available=1 workflow_hash=2e43d4c0ba3b82c0 loader_nodes=3 sampler_nodes=1 reachable_nodes=43 static_signatures=43
[v2.runtime_shape] stage=request_entry runtime_shape_fingerprint=f504e296c398bdcb2c4c07e2 runtime_shape_label=None thread_policy=TBASE snapshot_model_order=O0 cpu_request=12 memory_request=32768 native_thread_count=48 configured_omp=None configured_mkl=None configured_openblas=None configured_numexpr=None malloc_arena_max=None native_library_settings={'OMP_NUM_THREADS': '12', 'MKL_NUM_THREADS': '12', 'OPENBLAS_NUM_THREADS': '12', 'NUMEXPR_NUM_THREADS': None, 'MALLOC_ARENA_MAX': None} torch_intraop_threads=12 torch_interop_threads=28 actual_torch_intraop_threads=12 actual_torch_interop_threads=28 requested_torch_intraop_threads=None requested_torch_interop_threads=None requested_vs_actual_match=True status=baseline_passthrough error=
[v2.method_entry_gap] restore_to_method_ms=101.806 first_line_to_running_log_ms=12.123 same_process=True identity_mismatch_reasons=none remote_python_resume_wall_unix_ns=1786586535852925440 restore_method_start_wall_unix_ns=1786586535852925440 restore_method_end_wall_unix_ns=1786586540276224512 modal_method_entry_wall_unix_ns=1786586540382564096 restore_end_to_modal_method_ms=106.337
[v2.snapshot_timing] snapshot_callback_age_at_restore_ms=498309.108 snapshot_callback_to_command_start_ms=487888.716 command_start_to_restore_start_ms=10419.926 command_start_to_python_resume_ms=10419.926 command_start_to_restore_end_ms=14843.225 request_latency_included=0_for_callback_age
[v2.host_memory] stage=prompt_executor_start current_mib=absent peak_mib=absent limit_mib=absent process_rss_mib=13412.4 process_maxrss_mib=35687.4 oom_count=absent oom_kill_count=absent status=ok cgroup_path=absent cgroup_mount=absent
[v2.cpu_snapshot_models] cpu_snapshot_models_present=1 clip_present=1 unet_present=0 cpu_snapshot_active=0
[v2.cpu_snapshot_request] status=present_but_inactive clip_present=1 unet_present=0 action=clip_vae_only_request_activation
[v2.cpu_snapshot_request] status=clip_vae_only_bind clip_source=cpu_snapshot vae_source=cpu_snapshot unet_source=normal_loader clip_object_id=47435997364880 vae_object_id=47436003211664
[v2.cpu_snapshot_request] status=reused reason=clip_vae_only
[v2.unet_identity_chain] stage=snapshot request_id=v2-benchmark-3-e7b10bb25dbb unet_object_id=0
[v2.unet_identity_chain] stage=bridge request_id=v2-benchmark-3-e7b10bb25dbb unet_object_id=0
[v2.snapshot_activation_invariant] profile=inherit models_container_present=1 clip_present=1 unet_present=0 snapshot_enabled_by_config=1 cpu_snapshot_container_active=1 loader_bridge_active=1 execution_prefill_allowed=0 status=pass reason=ok
[v2.execution_prefill] snapshot_active=1 env_raw=critical scheduled=1
[v2.execution_unet] scheduled=1 snapshot_unet_absent=1 request_id=v2-benchmark-3-e7b10bb25dbb
[v2.plan_proof] schema=1 payload=yes validated=True outputs=2 out_ids=107,935:931 wf_hash=2e43d4c0ba3b82c0 recomputed=2e43d4c0ba3b82c0 match=True dep_complete=True consumed=False cert_decision=legacy
[v2.plan_proof.registry] workflow_class_count=31 host_proved_count=31 snapshot_proved_count=31 missing_host=0 missing_snapshot=0 identity_mismatch=0 workflow_registry_match=1 reason=
[v2.plan_proof] parity proof_present=1 proof_complete=1 proof_valid=1 dep_match=1 gen_match=1 wf_reg_match=1 reg_full_match=0 dep_proof_match=1 eligible=1 reason=ok consumed=False
[v2.exec] res4lyf_dummy_init_disabled=1 reported_injected=1 actual_injected=1
[preflight.model_reads] restore_preload_active=0 selected_clip=/root/comfy/ComfyUI/models/text_encoders/qwen_3_4b.safetensors
[v2.clip_conditioning_cache] event=mode flag=COMFYMODAL_V2_CLIP_CONDITIONING_CACHE enabled=1 root=/root/prompt_cache_vol/exact_conditioning max_entries=64 max_bytes=536870912[v2.generation_identity] custom_nodes_generation='fbecafb8ae72728ebc36d581…' raw_empty=false source=persisted_record runtime_state_generation='' api_object_id=47432681091408 deployment_combined_hash=1bd881d798947977[active_read] registered owner=graph_loader key=/__modal/volumes/vo-QI6fCKykvocVkUBVGsuZgm/diffusion_models/z_image_turbo_bf16.s active_read_id=c4c76aff0da64692 restored_instance_id=f884788ecb7149f5aaa6eb7cb391380d restore_session_id=58879e08806a4b04af8866032a882016 request_id= start_wall_unix_ns=1786586540709359360 start_monotonic_ns=556796072260 start_thread_time_ns=10000000 start_process_time_ns=178080000000 native_tid=75 active_read_path_hash=8d2256b3cff6bbd2 active_read_file_size=12309866400 active_read_st_dev=30 active_read_st_ino=101 active_read_governor_enabled=0 active_read_priority=100 active_read_size_bytes=12309866400 active_read_size_mb=11739.6 active_read_is_large=1 active_read_classification_source=file_size active_read_queue_enter_ms=0.0 active_read_queue_exit_ms=0.0 active_read_queue_wait_ms=0.0 active_read_large_slots_used_at_enter=0 active_read_large_slots_used_at_start=0 active_read_concurrent_large_reads_at_start=1 active_read_attached_existing_future=0 active_read_duplicate_prevented=0


[v2.plan_proof] decision=plan_validation_fast_path consumed=1 workflow_hash_match=1 validation_hash_match=1 plan_complete=1 snapshot_complete=1 snapshot_valid=1 dep_match=1 gen_match=1 wf_reg_match=1 dependency_match=1 repair_changed=0 outputs_nonempty=1 eligible=1
[v2.host_memory] stage=peak_execution current_mib=absent peak_mib=absent limit_mib=absent process_rss_mib=25153.6 process_maxrss_mib=35687.4 oom_count=absent oom_kill_count=absent status=ok cgroup_path=absent cgroup_mount=absent
[v2.startup_stage] stage=first_prompt_executor_invocation event=start wall_unix_ns=1786586540747856975 monotonic_ns=556834570751
[v2.unet_early_activation] event=mode mode=late env_raw=late restored_instance_id=f884788ecb7149f5aaa6eb7cb391380d restore_session_id=58879e08806a4b04af8866032a882016
[v2.unet_early_activation] event=skipped request_id=v2-benchmark-3-e7b10bb25dbb mode=late trigger=conditioning_cache_hit reason=cpu_snapshot_mode_inactive eligible=0
[v2.clip_conditioning_cache] decision=exact_hit key_hash=e24059626b0f3d17f0ba656e18d396b1449e52b9b046a4cf35d5f7874baafa2f identity_status=valid encode_calls=0 schema_version=1 validation_scope=clip_model_workflow_custom_nodes_schema_format_side_conditioning_inputs entries=1 request_id=v2-benchmark-3-e7b10bb25dbb
[active_read] completed owner=graph_loader key=/__modal/volumes/vo-QI6fCKykvocVkUBVGsuZgm/diffusion_models/z_image_turbo_bf16.s active_read_id=c4c76aff0da64692 restored_instance_id=f884788ecb7149f5 restore_session_id=58879e08806a4b04af8866032a882016 complete_wall_unix_ns=1786586542806176256 complete_monotonic_ns=558892888236 complete_thread_time_ns=1900000000 complete_process_time_ns=180440000000 complete_native_tid=75 wall_ms=2096.816 thread_cpu_ms=1890.0 process_cpu_ms=2360.0 majf=None minf=None inblock=None nvcsw=None nivcsw=None read_bytes=None rchar=None path_hash=8d2256b3cff6bbd2 file_size=12309866400 st_dev=30 st_ino=101
[v2.active_read_diag] active_read_id=c4c76aff0da64692 owner=graph_loader request_id= restore_session_id=58879e08806a4b04af8866032a882016 path_hash=8d2256b3cff6bbd2 wall_ms=2096.816 thread_cpu_ms=1890.0 process_cpu_ms=2360.0 read_bytes=not_observed_in_this_thread rchar=not_observed_in_this_thread minor_faults=None major_faults=None context_switches=None/None counter_status=unsupported legacy_counter_status=unsupported thread_cpu_status=unsupported process_cpu_status=unsupported io_status=unsupported page_fault_status=unsupported block_input_status=unsupported context_switch_status=unsupported native_thread_id=75
[v2.vae_early_activation] event=mode mode=sampling_end env_raw=sampling_end restored_instance_id=f884788ecb7149f5aaa6eb7cb391380d restore_session_id=58879e08806a4b04af8866032a882016
[v2.cpu_owner] operation=CLIPTextEncode role=CLIP wall_ms=2.754 process_cpu_ms=20.000 effective_cores=7.263 native_threads_start=51 native_threads_peak=52 native_threads_end=51
[v2.native_fast_disk_unet] decision=defer reason=ok stage=to patcher_class=comfy.model_patcher.ModelPatcher patcher_dynamic=0 param_count=453 parameter_bytes=12309817472 dtype_distribution={'torch.bfloat16': 453} device_distribution={'cpu': 453} cpu_params=453 cpu_buffers=1 get_model_ms=283.376 ctor_ms=0.144 bind_ms=None to_wall_ms=None to_device_ms=None to_device_ms_label=unavailable
[v2.native_fast_disk_unet] decision=complete reason=ok stage=load_model_weights patcher_class=comfy.model_patcher.ModelPatcher patcher_dynamic=0 param_count=453 parameter_bytes=12309817472 dtype_distribution={'torch.bfloat16': 453} device_distribution={'cuda': 453} cpu_params=0 cpu_buffers=0 get_model_ms=283.376 ctor_ms=0.144 bind_ms=20.616 to_wall_ms=4178.149 to_device_ms=4178.201 to_device_ms_label=synchronized_device
[v2.unet_runtime_state] stage=normal_loader_ready unet_identity=z_image_turbo_bf16.safetensors requested_weight_dtype=default effective_weight_dtype=default state={"current_device":"cuda:0","diffusion_model_object_id":"47436035062864","diffusion_model_type":"NextDiT","first_buffer_device":"absent","first_buffer_dtype":"absent","first_parameter_device":"cuda:0","first_parameter_dtype":"torch.bfloat16","forward_module":"NextDiT","forward_qualname":"NextDiT.forward","load_device":"cuda:0","loaded_models_member":"0","manual_cast_dtype":"absent","model_dtype":"torch.bfloat16","model_loaded_weight_memory":"0","model_lowvram":"False","model_lowvram_patch_counter":"0","model_object_id":"47437228244112","model_options_keys":["transformer_options"],"model_type":"Lumina2","object_patch_count":0,"offload_device":"cuda:0","patch_count":0,"patcher_object_id":"47436804994512","patcher_type":"ModelPatcher","transformer_options_keys":["wrappers"],"weight_dtype":"absent"}
standard
WARNING:root:[FeatureInjLatent] Reference latent: shape=torch.Size([1, 16, 240, 136])
[v2.sampler_boundary] event=sampler_lane_requested sampler_node_id=1242 sampler_node_class=ClownsharKSampler_Beta blocking_owner=absent
[v2.sampler_boundary] event=sampler_lane_acquired sampler_node_id=1242 sampler_node_class=ClownsharKSampler_Beta wait_ms=0.124 blocking_owner=absent
[CacheDiT] Transformer class: NextDiT (module: comfy.ldm.lumina.model)
[v2.gpu_load_boundary] event=load_models_gpu_start request_id=v2-benchmark-3-e7b10bb25dbb restored_instance_id=f884788ecb7149f5aaa6eb7cb391380d restore_session_id=58879e08806a4b04af8866032a882016 roles=UNET model_count=1 contains_registered_unet=1 caller_classification=graph_model_loading gpu_allocated_before=12416794624 gpu_reserved_before=12624855040
[v2.gpu_load_boundary] event=load_models_gpu_end request_id=v2-benchmark-3-e7b10bb25dbb restored_instance_id=f884788ecb7149f5aaa6eb7cb391380d restore_session_id=58879e08806a4b04af8866032a882016 roles=UNET model_count=1 caller_classification=graph_model_loading wall_ms=80.484 gpu_allocated_after=12416798720 gpu_allocated_delta_bytes=4096
[v2.cpu_owner] operation=load_models_gpu role=other wall_ms=82.298 process_cpu_ms=80.000 effective_cores=0.972 native_threads_start=51 native_threads_peak=52 native_threads_end=51
[v2.unet_identity_chain] check=stage_pair stage_a=bridge stage_b=sampler request_id=v2-benchmark-3-e7b10bb25dbb patcher_a_object_id=47436804994512 diffusion_a_object_id=47436035062864 patcher_b_object_id=47436060876432 diffusion_b_object_id=47436035062864 ok=1 reason=ok
[v2.unet_gpu_residency] sampler_wrapper_before_sample request_id=v2-benchmark-3-e7b10bb25dbb enforce=0 status=gpu_resident unet_object_id=47436060876432 parameter_count=453 gpu_parameter_count=453 cpu_parameter_count=0 meta_parameter_count=0 unknown_parameter_count=0 gpu_parameter_fraction=1.0 load_device=cuda:0 current_device=absent diffusion_model_current_device=absent model_cache_size=2 unet_in_model_cache=1 gpu_allocated_bytes=12420976640 gpu_reserved_bytes=12626952192
[v2.sampler_stall_watchdog] stage=armed request_id=v2-benchmark-3-e7b10bb25dbb restored_instance_id=f884788ecb7149f5aaa6eb7cb391380d sampler_node_id=1242 sampler_class=ClownsharKSampler_Beta patcher_object_id=47436060876432 diffusion_model_object_id=47436035062864 unet_object_id=47436060876432 first_forward_timeout_s=5.0 first_step_timeout_s=15.0
[v2.vae_early_activation] event=scheduled request_id=v2-benchmark-3-e7b10bb25dbb mode=sampling_end trigger=early_start key_hash=952c51203c6f09c488c356a8 source=snapshot_vae vae_identity_hash=dd8f11d04333e24d vae_policy_version=1 vae_weight_dtype=bfloat16 vae_compute_dtype=bfloat16_native vae_memory_format=contiguous vae_prefetch_mode=off c5_impl_version=1.0.0 torch=2.13.0+cu130 cuda=13.0 arch=sm_75;sm_80;sm_86;sm_90;sm_100;sm_120 restored_instance_id=f884788ecb7149f5aaa6eb7cb391380d restore_session_id=58879e08806a4b04af8866032a882016
[v2.experiment] experiment=vae_overlap arm=early_1000 implementation_version=1 selector=request source=env settings={"early_start_ms":1000,"expected_sampling_ms":4900}
[v2.sampler_boundary] event=sampling_start request_id=v2-benchmark-3-e7b10bb25dbb restored_instance_id=f884788ecb7149f5aaa6eb7cb391380d node_id=1242 node_class=ClownsharKSampler_Beta steps=8 patcher_object_id=47436060876432 diffusion_model_object_id=47436035062864 diffusion_model_device=absent diffusion_model_current_device=absent gpu_allocated_bytes=12420976640 gpu_reserved_bytes=12626952192
(RES4LYF) rk_type: res_2s

[v2.unet_forward_boundary] event=first_unet_forward request_id=v2-benchmark-3-e7b10bb25dbb diffusion_model_object_id=47436035062864 patcher_object_id=47436804994512 model_object_id=47437228244112 x_device=cuda:0 x_dtype=torch.bfloat16 elapsed_ms=352.653
[v2.sampler_parity] UNET weight_dtype=torch.bfloat16 UNET compute_dtype=torch.bfloat16 manual_cast_dtype=None CacheDiT target=NextDiT CacheDiT attachment_count=1 CacheDiT fallback=0
[1A  0%|          | 0/8 [00:00<?, ?it/s]WARNING:root:[FeatureInjLatent] step=1 | progress=0.00 | eff_str=0.250 | no mask
WARNING:root:[FeatureInjLatent] step=2 | progress=0.01 | eff_str=0.214 | no mask
[v2.sampler_boundary] event=first_sampler_step request_id=v2-benchmark-3-e7b10bb25dbb restored_instance_id=f884788ecb7149f5aaa6eb7cb391380d node_id=1242 node_class=ClownsharKSampler_Beta steps=8 patcher_object_id=47436060876432 diffusion_model_object_id=47436035062864 diffusion_model_device=absent diffusion_model_current_device=absent gpu_allocated_bytes=12420976640 gpu_reserved_bytes=12626952192

[1A 12%|█▎        | 1/8 [00:01<00:10,  1.45s/it]WARNING:root:[FeatureInjLatent] step=3 | progress=0.03 | eff_str=0.178 | no mask

[1A 25%|██▌       | 2/8 [00:02<00:06,  1.15s/it]
[1A 38%|███▊      | 3/8 [00:02<00:04,  1.19it/s]
[v2.vae_early_activation] event=load_start request_id=v2-benchmark-3-e7b10bb25dbb mode=sampling_end trigger=early_start key_hash=952c51203c6f09c488c356a8 source=snapshot_vae vae_object_id=47436003211664
[1A 50%|█████     | 4/8 [00:03<00:02,  1.43it/s]
[1A 62%|██████▎   | 5/8 [00:03<00:01,  1.53it/s]
[1A 75%|███████▌  | 6/8 [00:04<00:01,  1.65it/s]
[1A 88%|████████▊ | 7/8 [00:04<00:00,  1.80it/s]
[1A100%|██████████| 8/8 [00:05<00:00,  1.91it/s]100%|██████████| 8/8 [00:05<00:00,  1.50it/s]
[v2.sampler_boundary] event=sampling_end request_id=v2-benchmark-3-e7b10bb25dbb restored_instance_id=f884788ecb7149f5aaa6eb7cb391380d node_id=1242 node_class=ClownsharKSampler_Beta steps=8 patcher_object_id=47436060876432 diffusion_model_object_id=47436035062864 diffusion_model_device=absent diffusion_model_current_device=absent gpu_allocated_bytes=12420976640 gpu_reserved_bytes=12626952192 duration_ms=5432.081
[v2.vae_early_activation] event=terminal request_id=v2-benchmark-3-e7b10bb25dbb mode=sampling_end key_hash=952c51203c6f09c488c356a8 status=ready reason=ok error=absent transfer_count=1 vae_policy_version=1 vae_weight_dtype=bfloat16 vae_compute_dtype=bfloat16_native vae_memory_format=contiguous vae_prefetch_mode=off c5_impl_version=1.0.0 source=snapshot_vae
[v2.vae_early_activation] event=consumed request_id=v2-benchmark-3-e7b10bb25dbb mode=sampling_end key_hash=952c51203c6f09c488c356a8 join_wait_ms=0.034 status=ready source=snapshot_vae
[v2.gpu_load_boundary] event=load_models_gpu_start request_id=v2-benchmark-3-e7b10bb25dbb restored_instance_id=f884788ecb7149f5aaa6eb7cb391380d restore_session_id=58879e08806a4b04af8866032a882016 roles=modelpatcher model_count=1 contains_registered_unet=0 caller_classification=graph_model_loading gpu_allocated_before=12624808960 gpu_reserved_before=14990442496
[v2.gpu_load_boundary] event=load_models_gpu_end request_id=v2-benchmark-3-e7b10bb25dbb restored_instance_id=f884788ecb7149f5aaa6eb7cb391380d restore_session_id=58879e08806a4b04af8866032a882016 roles=modelpatcher model_count=1 caller_classification=graph_model_loading wall_ms=53.588 gpu_allocated_after=12624808960 gpu_allocated_delta_bytes=0
[production.rgthree.encode] side=b (B-only) shape=(1, 1920, 1088, 3) dtype=torch.uint8
[v2.opt.output_encode] total_ms=678.283 png_compress_ms=668.062 gpu_to_cpu_ms=0.023
[production.rgthree] node_id=107 a_count=0 b_count=1 encoded_unique=1 logical_outputs=1 return_a=0 temp_files_written=0 encode_ms=687.2
[v2.startup_stage] stage=first_prompt_executor_invocation event=end wall_unix_ns=1786586554877017759 monotonic_ns=570963731582 duration_ms=14129.161
[v2.pre_sampler_stages] request_id=v2-benchmark-3-e7b10bb25dbb restored_instance_id=f884788ecb7149f5aaa6eb7cb391380d restore_session_id=58879e08806a4b04af8866032a882016 container_session_id=931caa22faae4d3f modal_input_id=in-01KZWDNVD8F54QBAHMZJQ0ENJE:1786586525097-0 modal_task_id=ta-01KZWDNVXP5EDBS42VKPN2XRHR pid=2 boot_id=ea907ff9-2ab2-4170-8539-35a5414d9757 hostname=modal total_nodes=43 first_output_node=107:ComfyModalProductionImageComparerOutput first_executing_node=987:Any Switch (rgthree) sampler_stage_status=sampler_active method_entry_to_graph_start_ms=28.927 graph_setup_ms=336.312 certificate_ms=0.0 cert_identity_build_ms=0.0 cert_cache_hit=0 cert_volume_reload_ms=0.0 cert_file_read_ms=0.0 cert_json_parse_validate_ms=0.0 cert_total_ms=0.0 legacy_preflight_ms=0.0 prompt_validation_ms=0.0 certificate_skipped_preflight=1 certificate_skipped_prompt_validation=1 preflight_ms=0.0 validation_ms=0.0 missing_node_repair_ms=0.112 production_registry_setup_ms=0.045 production_registry_profile_setup_ms=0.045 pregraph_setup_ms=0.593 executor_reset_ms=0.297 sampler_lane_wait_ms=0.059 residual_before_invoke_ms=13.839 method_entry_to_runtime_configuration_ms=28.875 call_to_exec_start_ms=12.482 exec_start_to_cached_ms=2161.891 cached_to_first_executing_ms=107.934 call_to_cached_ms=2174.373 call_to_first_node_ms=2282.307 first_node_to_clip_ms=5.19 clip_to_sampler_node_ms=4342.595 sampler_node_to_sampler_start_ms=287.604 sampler_node_to_lane_acquired_ms=0.17 lane_acquired_to_actual_stage_ms=287.434 pre_sampler_total_ms=7282.912 measured_children_ms=6918.46 residual_ms=364.452 reconciliation_status=ok add_message=True send_sync=True has_sampler=True sampler_count=1 lane_acquired=True
[v2.opt.output_delivery] hash_ms=1.602 descriptor_ms=None
[v2.opt.output_delivery] hash_ms=1.602 descriptor_ms=0.015
[v2.startup_stage] stage=first_durable_result event=ready wall_unix_ns=1786586554887712528 monotonic_ns=570974426259 output_persisted=1
[v2.output] hashes=1 base64_encode=0 base64_decode=0 commit_ms=0.0 commit_status=skipped overlap_ms=0.0 serialized_bytes=2215
[v2.host_memory] stage=result_complete current_mib=absent peak_mib=absent limit_mib=absent process_rss_mib=14229.8 process_maxrss_mib=35687.4 oom_count=absent oom_kill_count=absent status=ok cgroup_path=absent cgroup_mount=absent
[v2.activation_diagnosis] request_id=v2-benchmark-3-e7b10bb25dbb cpu_snapshot_container_active=True execution_prefill_scheduled=True residency_diagnostics_enabled=0 clip_encode_calls=0 clip_encode_graph_calls=0 clip_encode_prefill_calls=0 clip_encode_wall_ms=0 clip_encode_graph_wall_ms=0 clip_encode_prefill_wall_ms=0 clip_encode_process_cpu_ms=0 load_models_gpu_calls=2 unet_gpu_load_calls=1 load_models_gpu_wall_ms=134.072 activation_receipt_count=4 gpu_allocated_delta_bytes=4096 cpu_peak_cores=7.499 cpu_above_16_ms=0.0 cpu_above_19_ms=0.0 cpu_longest_above_19_ms=absent cpu_overlap_graph_clip_ms=0.0 cpu_overlap_prefill_clip_ms=0.0 cpu_overlap_gpu_load_ms=0.0 clip_to_sampler_node_ms=4342.595 sampler_node_to_sampler_start_ms=287.604 diagnostic_accounted_ms=absent diagnostic_unattributed_ms=absent restore_requested_torch_intraop_threads=absent restore_actual_torch_intraop_threads=12 restore_torch_interop_threads=28 restore_torch_thread_limit_status=baseline_passthrough
[v2.process_cpu_spike] status=ok peak_effective_cores=7.499 duration_above_16_ms=0.000 duration_above_19_ms=0.000 longest_above_19_ms=0.000 sample_count=261
[v2.remote_request_origin.remote] request_id=v2-benchmark-3-e7b10bb25dbb trigger_source=benchmark ui_trigger_unix_ms=1786586525433 local_receive_unix_ns=1786586525433262080 modal_generator_create_start_unix_ns=1786586525455260900 modal_submission_attempt_unix_ns=absent modal_generator_created_unix_ns=absent modal_first_iteration_start_unix_ns=absent modal_first_remote_event_unix_ns=absent modal_method_entry_unix_ns=1786586540382564096 prompt_executor_invoke_start_unix_ns=1786586540747775232 trigger_to_dispatch_ms=0.262 dispatch_to_modal_entry_ms=None modal_entry_to_executor_ms=365.215 trigger_to_executor_ms=15314.775 modal_input_id=in-01KZWDNVD8F54QBAHMZJQ0ENJE:1786586525097-0 modal_task_id=ta-01KZWDNVXP5EDBS42VKPN2XRHR
[v2.critical_path] python_resume_to_restore_enter_ms=0.0 restore_total_ms=4420.066 restore_exit_to_run_enter_ms=106.337 run_enter_to_plan_received_ms=24.487 plan_received_to_executor_invoke_ms=340.728 executor_invoke_to_first_node_ms=2282.194 first_node_to_sampler_node_ms=4347.74 sampler_node_to_sampler_start_ms=287.604 pre_sampler_unattributed_ms=absent
[v2.cgroup_cpu_spike] status=unavailable reason=no readable cpu.stat candidates=/sys/fs/cgroup/cpu.stat errors=resolve_cgroup_v2_base: returned no readable cgroup base;probe2 path=/sys/fs/cgroup/cpu.stat: FileNotFoundError: [Errno 2] No such file or directory: '/sys/fs/cgroup/cpu.stat';parse_proc_cgroup: no unified 0:: entry
[v2.gpu_allocation] cuda_version=13.0 gpu_actual_name=NVIDIA RTX PRO 6000 Blackwell Server Edition gpu_compute_capability=12.0 gpu_requested_order=RTX-PRO-6000 gpu_vram_total_mib=97250 torch_version=2.13.0+cu130
V2 COLD WATERFALL - REMOTE/PARTIAL (awaiting host reconciliation)
Request: v2-benchmark-3-e7b10bb25dbb  Instance: f884788ecb7149f5aaa6eb7cb391380d  GPU: ['RTX-PRO-6000']  Fresh: YES
TOTAL WALL:        -   (command->response minus Modal scheduling)
SCHEDULING:        -   (informational - excluded from % and bars)
COMMAND->RESPONSE:  29.492s

+-----+------------------------------------------------+------------+------------+---------+---------------------------------------+
 # | Stage                                          | Duration |     Cum. |      % | Relative wall time
+-----+------------------------------------------------+------------+------------+---------+---------------------------------------+
  1 | Local preparation                              |     0.000s |     0.000s |   0.001% | +                                    
  2 | Modal handle and submission                    |          - |          - |       - |                                      
  3 | Modal scheduling + pre-Python restore (awai... |          - |          - |       - |                                      
  4 | Modal pre-Python snapshot restoration          |          - |          - |       - |                                      
  5 | Python/application restore                     |     4.423s |     4.424s |  14.998% | ######                               
  6 | Restore-to-method entry                        |     0.106s |     4.530s |   0.361% | #                                    
  7 | ~ Method entry to UNET ownership claim         |          - |          - |       - |                                      
  8 | ~ UNET claim to ready (worker load)            |          - |          - |       - |                                      
  9 |   detail: Checkpoint read                      |     4.183s |          - |  14.182% |                                      
 10 |   detail: Read end ? construction done         |     0.284s |          - |   0.961% |                                      
 11 |   detail: Bind                                 |     0.021s |          - |   0.070% |                                      
 12 |   detail: Synchronized H2D                     |     4.178s |          - |  14.167% |                                      
 13 |   detail: H2D end ? UNET ready                 |     0.003s |          - |   0.009% |                                      
 14 |   detail: UNET ready ? sampler demand          |          - |          - |       - |                                      
 15 |   detail: Sampler demand ? join complete       |          - |          - |       - |                                      
 16 |   detail: Join complete ? sampling             |          - |          - |       - |                                      
 17 | Remote method setup                            |     0.365s |     4.895s |   1.238% | #                                    
 18 |   detail: method entry to graph start          |     0.029s |          - |   0.098% |                                      
 19 |   detail: method entry to runtime configura... |     0.029s |          - |   0.098% |                                      
 20 |   detail: runtime configuration                |     0.000s |          - |   0.000% |                                      
 21 |   detail: graph setup                          |     0.336s |          - |   1.140% |                                      
 22 |   detail: certificate                          |     0.000s |          - |   0.000% |                                      
 23 |   detail: preflight                            |     0.000s |          - |   0.000% |                                      
 24 |   detail: validation                           |     0.000s |          - |   0.000% |                                      
 25 |   detail: legacy runtime resolution            |     0.000s |          - |   0.000% |                                      
 26 |   detail: preload check                        |     0.002s |          - |   0.006% |                                      
 27 |   detail: missing-node repair                  |     0.000s |          - |   0.000% |                                      
 28 |   detail: production registry setup            |     0.000s |          - |   0.000% |                                      
 29 |   detail: pregraph setup                       |     0.001s |          - |   0.002% |                                      
 30 |   detail: executor reset                       |     0.000s |          - |   0.001% |                                      
 31 |   detail: residual before executor invoke      |     0.014s |          - |   0.047% |                                      
 32 |   detail: pre-sampler total                    |     7.283s |          - |  24.695% |                                      
 33 |   detail: measured pre-sampler children        |     6.918s |          - |  23.459% |                                      
 34 |   detail: pre-sampler residual                 |     0.364s |          - |   1.236% |                                      
 35 |   detail: UNET quiesce wait (diagnostic)       |          - |          - |       - |                                      
 36 |   detail: UNET transfer queue delay            |          - |          - |       - |                                      
 37 |   detail: UNET synchronized transfer           |          - |          - |       - |                                      
 38 |   detail: UNET scheduled ? worker start        |          - |          - |       - |                                      
 39 |   detail: Worker start ? checkpoint read start |          - |          - |       - |                                      
 40 | PromptExecutor/cache setup                     |     2.282s |     7.177s |   7.739% | ###                                  
 41 |   detail: PromptExecutor invoke to execution   |     0.012s |          - |   0.042% |                                      
 42 |   detail: execution to cached                  |     2.162s |          - |   7.330% |                                      
 43 |   detail: cached to first node                 |     0.108s |          - |   0.366% |                                      
 44 |   detail: graph/prefill activity               |          - |          - |       - |                                      
 45 |   detail: CPU owner: CLIPTextEncode [CLIP]     |     0.003s |          - |   0.009% |                                      
 46 |   detail: CPU owner: load_models_gpu [other]   |     0.082s |          - |   0.279% |                                      
 47 |   detail: Node: Any Switch (rgthree)           |     0.000s |          - |   0.001% |                                      
 48 |   detail: Node: VAELoader                      |     0.002s |          - |   0.008% |                                      
 49 |   detail: Node: ClownOptions_ExtraOptions_Beta |     0.000s |          - |   0.000% |                                      
 50 |   detail: Node: ImpactIfNone                   |     0.000s |          - |   0.000% |                                      
 51 |   detail: Node: easy ifElse                    |     0.000s |          - |   0.001% |                                      
 52 |   detail: Node: easy int                       |     0.000s |          - |   0.000% |                                      
 53 |   detail: Node: easy ifElse                    |     0.000s |          - |   0.000% |                                      
 54 |   detail: Node: PrimitiveStringMultiline       |     0.000s |          - |   0.001% |                                      
 55 |   detail: Node: JoinStrings                    |     0.000s |          - |   0.000% |                                      
 56 |   detail: Node: CLIPLoader                     |     0.002s |          - |   0.006% |                                      
 57 |   detail: Node: CLIPTextEncode                 |     0.003s |          - |   0.010% |                                      
 58 |   detail: Node: ConditioningZeroOut            |     0.002s |          - |   0.006% |                                      
 59 |   detail: Node: PairConditioningSetProperties  |     0.000s |          - |   0.001% |                                      
 60 |   detail: Node: CustomCombo                    |     0.000s |          - |   0.001% |                                      
 61 |   detail: Node: SimpleMath+                    |     0.000s |          - |   0.001% |                                      
 62 |   detail: Node: ImpactSwitch                   |     0.033s |          - |   0.112% |                                      
 63 |   detail: Node: UNETLoader                     |     4.248s |          - |  14.403% |                                      
 64 |   detail: Node: ModelSamplingAuraFlow          |     0.003s |          - |   0.010% |                                      
 65 |   detail: Node: CacheDiT_Model_Optimizer       |     0.000s |          - |   0.001% |                                      
 66 |   detail: Node: PathchSageAttentionKJ          |     0.000s |          - |   0.001% |                                      
 67 |   detail: Node: easy float                     |     0.000s |          - |   0.000% |                                      
 68 |   detail: Node: easy int                       |     0.000s |          - |   0.000% |                                      
 69 |   detail: Node: easy ifElse                    |     0.000s |          - |   0.000% |                                      
 70 |   detail: Node: StringToCombo|LP               |     0.000s |          - |   0.000% |                                      
 71 |   detail: Node: easy ifElse                    |     0.000s |          - |   0.000% |                                      
 72 |   detail: Node: CustomCombo                    |     0.000s |          - |   0.001% |                                      
 73 |   detail: Node: easy stringToIntList           |     0.000s |          - |   0.000% |                                      
 74 |   detail: Node: easy indexAnything             |     0.000s |          - |   0.000% |                                      
 75 |   detail: Node: easy stringToIntList           |     0.000s |          - |   0.000% |                                      
 76 |   detail: Node: easy indexAnything             |     0.000s |          - |   0.000% |                                      
 77 |   detail: Node: EmptyImage                     |     0.007s |          - |   0.023% |                                      
 78 |   detail: Node: ImageRotate                    |     0.003s |          - |   0.011% |                                      
 79 |   detail: Node: ImpactSwitch                   |     0.035s |          - |   0.120% |                                      
 80 |   detail: Node: easy imageSize                 |     0.000s |          - |   0.001% |                                      
 81 |   detail: Node: EmptySD3LatentImage            |     0.001s |          - |   0.005% |                                      
 82 |   detail: Node: Any Switch (rgthree)           |     0.000s |          - |   0.001% |                                      
 83 |   detail: Node: LGNoiseInjectionLatent         |     0.003s |          - |   0.010% |                                      
 84 |   detail: Node: ClownsharKSampler_Beta         |     0.297s |          - |   1.008% |                                      
 85 |   detail: PromptExecutor internal/unattributed |          - |          - |       - |                                      
 86 | First node to CLIP                             |     0.005s |     7.183s |   0.018% | #                                    
 87 | CLIP to sampler node                           |     4.343s |    11.525s |  14.725% | #####                                
 88 | Sampler graph-join wait                        |          - |          - |       - |                                      
 89 | Sampler node to sampling                       |     0.287s |    11.813s |   0.975% | #                                    
 90 |   detail: sampler lane wait                    |     0.000s |          - |   0.000% |                                      
 91 |   detail: sampler node to lane acquired        |     0.000s |          - |   0.001% |                                      
 92 |   detail: lane acquired to actual stage        |     0.287s |          - |   0.975% |                                      
 93 | Sampling                                       |     5.430s |    17.243s |  18.413% | #######                              
 94 | Post-sampling transition                       |     0.557s |    17.800s |   1.888% | #                                    
 95 |   detail: Sampling end ? VAE scheduled         |    INVALID |          - |       - |                                      
 96 |   detail: VAE scheduled ? worker/load start    |     3.995s |          - |  13.546% |                                      
 97 | VAE                                            |     0.535s |    18.335s |   1.813% | #                                    
 98 |   detail: VAE load/H2D                         |     1.440s |          - |   4.883% |                                      
 99 |   detail: VAE ready ? consumed                 |     0.554s |          - |   1.879% |                                      
 100 |   detail: Consumed ? decode start              |     0.000s |          - |   0.000% |                                      
 101 | Output encode / descriptor                     |     0.699s |    19.033s |   2.370% | #                                    
 102 |   detail: output encode                        |          - |          - |       - |                                      
 103 |   detail: output commit                        |          - |          - |       - |                                      
 104 |   detail: VAE end ? output encode start        |     0.001s |          - |   0.005% |                                      
 105 |   detail: PNG encode                           |     0.692s |          - |   2.346% |                                      
 106 |   detail: Descriptor/materialization           |     0.007s |          - |   0.024% |                                      
 107 | Remote result handoff                          |          - |          - |       - |                                      
 108 |   detail: Remote result emitted                |          - |          - |       - |                                      
 109 |   detail: Deferred persistence after yield     |          - |          - |       - |                                      
 110 | Remote/local return                            |     0.037s |    19.070s |   0.125% | +                                    
 111 |   detail: Local receipt ? caller return        |          - |          - |       - |                                      
 112 | Residual (unattributed)                        |    10.421s |    29.492s |  35.336% | =============                        
+-----+------------------------------------------------+------------+------------+---------+---------------------------------------+
    | ACCOUNTED     |    19.070s |            |  64.664% | .....................................
    | RECONCILIATION |    10.421s |            |            | .....................................
    | TOTAL WALL |          - |            |       - |                                      
    | COMMAND -> RESPONSE |    29.492s |            |  100.0% | #####################################
    | TOP-LEVEL ACCOUNTED |    19.070s |            |  64.664% | .....................................
    | GLOBAL RESIDUAL |    10.421s |            |            | .....................................
    | RESIDUAL %     |    35.336% |            |            | .....................................
    | RECONCILIATION STATUS | EXCEEDS_TOLERANCE |            |            | .....................................
    | CONTROLLABLE APPLICATION WALL |    19.070s |            |            | .....................................
    | PLATFORM/MODAL WALL |     0.000s |            |            | .....................................
Boundary flags: modal_restore_begin_unavailable (modal_scheduling covers submission->python_resume combined), submission_boundary_unavailable (submission boundary absent; scheduling spans cannot start at the local submit)
REMOTE/PARTIAL WATERFALL - awaiting host reconciliation (missing: missing_submission, missing_modal_restore_begin, missing_local_result_receipt)
+-----+------------------------------------------------+------------+------------+---------+---------------------------------------+
Warnings:
  - global residual 10421.332ms (35.34%) of command-to-response unaccounted
  - reconciliation exceeds tolerance: 10421.332ms > 73.730ms
Restoring Function from memory snapshot.
[v2.startup_stage] stage=post_snapshot_restore event=start wall_unix_ns=1786586616674834258 monotonic_ns=1301675604730
[v2.snapshot_timing] snapshot_callback_age_at_restore_ms=1266285.56 snapshot_callback_to_command_start_ms=unavailable command_start_to_restore_start_ms=unavailable request_latency_included=0 source=snapshot_callback_return_to_restore_start
[v2.snapshot_model_eviction] stage=restore_observed marker=1 cpu_snapshot_models_present=1 clip_present=1 unet_present=0 retained_role=clip_vae retained_model_id=0 retained_model_type= rss_after_restore_mib=11495.109375 native_thread_count=46 torch_intraop=12 torch_interop=14 wall_unix_ns=1786586616689613052
[v2.snapshot_model_eviction] stage=restore_release_retained retain_role=clip_vae status=container_retained container_present=1 clip_present=1 vae_present=1 unet_present=0 retained_slot_release=0 retained_model_id=0 retained_alive_after_release=0 rss_before_release_mib=absent rss_after_gc_mib=absent rss_after_trim_mib=absent rss_drop_mib=absent malloc_trim_status=absent malloc_trim_result=absent restore_release_start_wall_unix_ns=1786586616689725032 restore_release_end_wall_unix_ns=1786586616689725032 wall_unix_ns=1786586616689725032
[v2.residency_config] enabled=0
[v2.host_memory] stage=restore_start current_mib=absent peak_mib=absent limit_mib=absent process_rss_mib=11777.8 process_maxrss_mib=35701.1 oom_count=absent oom_kill_count=absent status=ok cgroup_path=absent cgroup_mount=absent
[v2.runtime_shape] stage=after_restore runtime_shape_fingerprint=f504e296c398bdcb2c4c07e2 runtime_shape_label=None thread_policy=TBASE snapshot_model_order=O0 cpu_request=12 memory_request=32768 native_thread_count=46 configured_omp=None configured_mkl=None configured_openblas=None configured_numexpr=None malloc_arena_max=None native_library_settings={'OMP_NUM_THREADS': '12', 'MKL_NUM_THREADS': '12', 'OPENBLAS_NUM_THREADS': '12', 'NUMEXPR_NUM_THREADS': None, 'MALLOC_ARENA_MAX': None} torch_intraop_threads=12 torch_interop_threads=14 actual_torch_intraop_threads=12 actual_torch_interop_threads=14 requested_torch_intraop_threads=None requested_torch_interop_threads=None requested_vs_actual_match=True status=baseline_passthrough error=
[v2.opt.gpu_state] total_memory_ms=227.587
[comfyapp] gpu_state restored vram=97250MB ram=1048576MB vram_state=VRAMState.HIGH_VRAM in 230.1ms
[restore.cuda_context] available=1 device_index=0 device=NVIDIA RTX PRO 6000 Blackwell Server Edition sync_ms=2.475 total_ms=2.65
[v2.sage_restore] decision=snapshot_exact_skip discovery_called=0 verify_ms=0.071
[v2.custom_node_restore] decision=snapshot_exact_skip callback_called=0 source=persisted_record check_ms=1.121
[v2.startup_stage] stage=snapshot_execution_seed event=start wall_unix_ns=1786586617108611805 monotonic_ns=1302109371257
[v2.seed_restore] source=startup_minimal schema=2 topology_available=0 workflow_hash= loader_signatures=0
[v2.startup_stage] stage=snapshot_execution_seed event=end wall_unix_ns=1786586617111921594 monotonic_ns=1302112680826 duration_ms=3.31
[v2.generation_identity] method=restore custom_nodes_generation='fbecafb8ae72728ebc36d581…' raw_empty=false source=persisted_record runtime_state_generation='' api_object_id=47368319473040 deployment_combined_hash=1bd881d798947977
[v2.prefill_config] env=critical parsed=critical cpu_snapshot_container_active=0 native_fast_disk_unet_execution_active=0
[v2.restore_breakdown] bootstrap_ms=397.599 unet_cache_patch_ms=None clip_prepare_submit_ms=None clip_worker_wait_ms=None unet_spec_extract_ms=None bg_unet_submit_ms=None restore_finalize_ms=0.225
[v2.clip_stages] worker_queue_ms=None load_torch_file_ms=None read_to_ready_ms=None post_read_cpu_prepare_ms=None gpu_wait_ms=None gpu_commit_ms=None read_end_to_ready_ms=None worker_total_ms=None worker_close_wait_ms=None restore_finalization_ms=0.225
[v2.restoration_identity] restored_instance_id=7a732239e65f4cdc906694e5fdfa6658 restore_session_id=50807be530be4ae5a5c47a9f0569a187 container_session_id=a416429a49c8434d modal_task_id=ta-01KZWDRFB1VTJPK56AZFJG0QMR modal_image_id=im-8KexmbMytHCmXTxTMl6pl9 modal_cloud=CLOUD_PROVIDER_GCP modal_region=us-east4 pid=2 hostname=modal restore_total_ms=423.542 remote_python_resume_wall_unix_ns=1786586616674783232 restore_method_start_wall_unix_ns=1786586616674783232 restore_method_end_wall_unix_ns=1786586617113361920 modal_method_entry_wall_unix_ns=absent restore_status=success restore_method_status=success 
[v2.lifecycle] method=restore snap=False container_session=a416429a49c8434d restore_count=1 restore_total_ms=423.542 remote_python_resume_wall_unix_ns=1786586616674783232 restore_method_start_wall_unix_ns=1786586616674783232 restore_method_end_wall_unix_ns=1786586617113361920 modal_method_entry_wall_unix_ns=absent restore_status=success restore_method_status=success status=restored
[v2.host_memory] stage=restore_complete current_mib=absent peak_mib=absent limit_mib=absent process_rss_mib=13339.2 process_maxrss_mib=35701.1 oom_count=absent oom_kill_count=absent status=ok cgroup_path=absent cgroup_mount=absent
[v2.gpu_allocation] cuda_version=13.0 gpu_actual_name=NVIDIA RTX PRO 6000 Blackwell Server Edition gpu_compute_capability=12.0 gpu_requested_order=RTX-PRO-6000 gpu_vram_total_mib=97250 torch_version=2.13.0+cu130
[v2.startup_stage] stage=post_snapshot_restore event=end wall_unix_ns=1786586617117151342 monotonic_ns=1302117910564 duration_ms=442.306
[v2.startup_stage] stage=first_remote_method_entry event=entry wall_unix_ns=1786586617128670448 monotonic_ns=1302129428800
[v2.env_profile] effective_profile=inherit container_profile=inherit request_override=inherit request_override_applied=0 source=request-inherit-noop
[v2.request_variance_env] COMFYMODAL_V2_PNG_COMPRESS_LEVEL=1
[v2.local_submission_breakdown.remote] request_id=v2-benchmark-0-d49efb77f59b local_receive_to_worker_start_ms=18766.0 worker_start_to_normalize_start_ms=0.0 normalize_production_options_ms=0.0 normalize_end_to_trace_construct_start_ms=0.0 runtime_trace_construct_ms=0.0 trace_construct_to_options_copy_start_ms=0.0 benchmark_options_copy_ms=0.0 options_copy_to_client_id_start_ms=0.0 client_id_generation_ms=0.0 client_id_end_to_plan_call_ms=0.0 plan_call_to_function_entry_ms=0.0 worker_start_to_plan_build_ms=0.0 local_receive_to_plan_build_start_ms=18766.0 worker_queue_ms=0.0 plan_build_ms=62.0 plan_build_to_execute_plan_entry_ms=0.0 execute_plan_entry_to_plan_materialization_ms=0.0 plan_materialization_ms=0.0 plan_materialization_to_active_profile_ms=0.0 active_profile_ms=0.0 restore_plan_build_ms=absent restore_publish_ms=absent restore_publish_to_transport_entry_ms=absent transport_entry_to_handle_lookup_ms=0.0 handle_lookup_ms=absent payload_materialization_ms=0.0 payload_size_measurement_ms=0.0 payload_size_to_serialize_end_ms=0.0 payload_ready_to_modal_call_ms=0.0 local_receive_to_modal_call_ms=18844.0 generator_create_ms=absent generator_created_to_first_iteration_ms=absent local_receive_to_actual_submission_ms=absent measured_children_ms=absent residual_ms=absent reconciliation_status=incomplete profile_cache_hit=False profile_remote_call_performed=False profile_checker_matched=False restore_publish_cache_hit=absent restore_remote_call_performed=absent handle_cache_hit=absent plan_to_dict_count=1 payload_bytes=19452 active_profile_local_ms=0.0 active_profile_cache_lookup_ms=0.0 active_profile_checker_ms=0.0 active_profile_setter_ms=0.0 active_profile_total_ms=0.0 created_modal_client=False performed_cls_from_name=False constructed_class_instance=False input_image_count=0 workflow_node_count=43 unmeasured_boundary=absent
[v2.seed_restore] source=invocation_plan schema=2 topology_available=1 workflow_hash=2e43d4c0ba3b82c0 loader_nodes=3 sampler_nodes=1 reachable_nodes=43 static_signatures=43
[v2.runtime_shape] stage=request_entry runtime_shape_fingerprint=f504e296c398bdcb2c4c07e2 runtime_shape_label=None thread_policy=TBASE snapshot_model_order=O0 cpu_request=12 memory_request=32768 native_thread_count=48 configured_omp=None configured_mkl=None configured_openblas=None configured_numexpr=None malloc_arena_max=None native_library_settings={'OMP_NUM_THREADS': '12', 'MKL_NUM_THREADS': '12', 'OPENBLAS_NUM_THREADS': '12', 'NUMEXPR_NUM_THREADS': None, 'MALLOC_ARENA_MAX': None} torch_intraop_threads=12 torch_interop_threads=14 actual_torch_intraop_threads=12 actual_torch_interop_threads=14 requested_torch_intraop_threads=None requested_torch_interop_threads=None requested_vs_actual_match=True status=baseline_passthrough error=
[v2.method_entry_gap] restore_to_method_ms=11.539 first_line_to_running_log_ms=7.601 same_process=True identity_mismatch_reasons=none remote_python_resume_wall_unix_ns=1786586616674783232 restore_method_start_wall_unix_ns=1786586616674783232 restore_method_end_wall_unix_ns=1786586617113361920 modal_method_entry_wall_unix_ns=1786586617128656128 restore_end_to_modal_method_ms=15.281
[v2.snapshot_timing] snapshot_callback_age_at_restore_ms=1266285.56 snapshot_callback_to_command_start_ms=1241565.513 command_start_to_restore_start_ms=24719.783 command_start_to_python_resume_ms=24719.783 command_start_to_restore_end_ms=25158.362 request_latency_included=0_for_callback_age
[v2.host_memory] stage=prompt_executor_start current_mib=absent peak_mib=absent limit_mib=absent process_rss_mib=13339.5 process_maxrss_mib=35701.1 oom_count=absent oom_kill_count=absent status=ok cgroup_path=absent cgroup_mount=absent
[v2.cpu_snapshot_models] cpu_snapshot_models_present=1 clip_present=1 unet_present=0 cpu_snapshot_active=0
[v2.cpu_snapshot_request] status=present_but_inactive clip_present=1 unet_present=0 action=clip_vae_only_request_activation
[v2.cpu_snapshot_request] status=clip_vae_only_bind clip_source=cpu_snapshot vae_source=cpu_snapshot unet_source=normal_loader clip_object_id=47371660142288 vae_object_id=47371571475216
[v2.cpu_snapshot_request] status=reused reason=clip_vae_only
[v2.unet_identity_chain] stage=snapshot request_id=v2-benchmark-0-d49efb77f59b unet_object_id=0
[v2.unet_identity_chain] stage=bridge request_id=v2-benchmark-0-d49efb77f59b unet_object_id=0
[v2.snapshot_activation_invariant] profile=inherit models_container_present=1 clip_present=1 unet_present=0 snapshot_enabled_by_config=1 cpu_snapshot_container_active=1 loader_bridge_active=1 execution_prefill_allowed=0 status=pass reason=ok
[v2.execution_prefill] snapshot_active=1 env_raw=critical scheduled=1
[v2.execution_unet] scheduled=1 snapshot_unet_absent=1 request_id=v2-benchmark-0-d49efb77f59b
[v2.plan_proof] schema=1 payload=yes validated=True outputs=2 out_ids=107,935:931 wf_hash=2e43d4c0ba3b82c0 recomputed=2e43d4c0ba3b82c0 match=True dep_complete=True consumed=False cert_decision=legacy
[v2.plan_proof.registry] workflow_class_count=31 host_proved_count=31 snapshot_proved_count=31 missing_host=0 missing_snapshot=0 identity_mismatch=0 workflow_registry_match=1 reason=
[v2.plan_proof] parity proof_present=1 proof_complete=1 proof_valid=1 dep_match=1 gen_match=1 wf_reg_match=1 reg_full_match=0 dep_proof_match=1 eligible=1 reason=ok consumed=False
[v2.exec] res4lyf_dummy_init_disabled=1 reported_injected=1 actual_injected=1
[preflight.model_reads] restore_preload_active=0 selected_clip=/root/comfy/ComfyUI/models/text_encoders/qwen_3_4b.safetensors
[v2.clip_conditioning_cache] event=mode flag=COMFYMODAL_V2_CLIP_CONDITIONING_CACHE enabled=1 root=/root/prompt_cache_vol/exact_conditioning max_entries=64 max_bytes=536870912[v2.generation_identity] custom_nodes_generation='fbecafb8ae72728ebc36d581…' raw_empty=false source=persisted_record runtime_state_generation='' api_object_id=47368319473040 deployment_combined_hash=1bd881d798947977

[v2.plan_proof] decision=plan_validation_fast_path consumed=1 workflow_hash_match=1 validation_hash_match=1 plan_complete=1 snapshot_complete=1 snapshot_valid=1 dep_match=1 gen_match=1 wf_reg_match=1 dependency_match=1 repair_changed=0 outputs_nonempty=1 eligible=1
[active_read] registered owner=graph_loader key=/__modal/volumes/vo-QI6fCKykvocVkUBVGsuZgm/diffusion_models/z_image_turbo_bf16.s active_read_id=d0399fa3b637499f restored_instance_id=7a732239e65f4cdc906694e5fdfa6658 restore_session_id=50807be530be4ae5a5c47a9f0569a187 request_id= start_wall_unix_ns=1786586617171750656 start_monotonic_ns=1302172500615 start_thread_time_ns=20000000 start_process_time_ns=104130000000 native_tid=75 active_read_path_hash=8d2256b3cff6bbd2 active_read_file_size=12309866400 active_read_st_dev=30 active_read_st_ino=103 active_read_governor_enabled=0 active_read_priority=100 active_read_size_bytes=12309866400 active_read_size_mb=11739.6 active_read_is_large=1 active_read_classification_source=file_size active_read_queue_enter_ms=0.0 active_read_queue_exit_ms=0.0 active_read_queue_wait_ms=0.0 active_read_large_slots_used_at_enter=0 active_read_large_slots_used_at_start=0 active_read_concurrent_large_reads_at_start=1 active_read_attached_existing_future=0 active_read_duplicate_prevented=0
[v2.host_memory] stage=peak_execution current_mib=absent peak_mib=absent limit_mib=absent process_rss_mib=25082.6 process_maxrss_mib=35701.1 oom_count=absent oom_kill_count=absent status=ok cgroup_path=absent cgroup_mount=absent
[v2.startup_stage] stage=first_prompt_executor_invocation event=start wall_unix_ns=1786586617189413587 monotonic_ns=1302190172649
[v2.unet_early_activation] event=mode mode=late env_raw=late restored_instance_id=7a732239e65f4cdc906694e5fdfa6658 restore_session_id=50807be530be4ae5a5c47a9f0569a187
[v2.unet_early_activation] event=skipped request_id=v2-benchmark-0-d49efb77f59b mode=late trigger=conditioning_cache_hit reason=cpu_snapshot_mode_inactive eligible=0
[v2.clip_conditioning_cache] decision=exact_hit key_hash=e24059626b0f3d17f0ba656e18d396b1449e52b9b046a4cf35d5f7874baafa2f identity_status=valid encode_calls=0 schema_version=1 validation_scope=clip_model_workflow_custom_nodes_schema_format_side_conditioning_inputs entries=1 request_id=v2-benchmark-0-d49efb77f59b
[active_read] completed owner=graph_loader key=/__modal/volumes/vo-QI6fCKykvocVkUBVGsuZgm/diffusion_models/z_image_turbo_bf16.s active_read_id=d0399fa3b637499f restored_instance_id=7a732239e65f4cdc restore_session_id=50807be530be4ae5a5c47a9f0569a187 complete_wall_unix_ns=1786586618411053056 complete_monotonic_ns=1303411805699 complete_thread_time_ns=1140000000 complete_process_time_ns=105750000000 complete_native_tid=75 wall_ms=1239.305 thread_cpu_ms=1120.0 process_cpu_ms=1620.0 majf=None minf=None inblock=None nvcsw=None nivcsw=None read_bytes=None rchar=None path_hash=8d2256b3cff6bbd2 file_size=12309866400 st_dev=30 st_ino=103
[v2.active_read_diag] active_read_id=d0399fa3b637499f owner=graph_loader request_id= restore_session_id=50807be530be4ae5a5c47a9f0569a187 path_hash=8d2256b3cff6bbd2 wall_ms=1239.305 thread_cpu_ms=1120.0 process_cpu_ms=1620.0 read_bytes=not_observed_in_this_thread rchar=not_observed_in_this_thread minor_faults=None major_faults=None context_switches=None/None counter_status=unsupported legacy_counter_status=unsupported thread_cpu_status=unsupported process_cpu_status=unsupported io_status=unsupported page_fault_status=unsupported block_input_status=unsupported context_switch_status=unsupported native_thread_id=75
[v2.vae_early_activation] event=mode mode=sampling_end env_raw=sampling_end restored_instance_id=7a732239e65f4cdc906694e5fdfa6658 restore_session_id=50807be530be4ae5a5c47a9f0569a187
[v2.cpu_owner] operation=CLIPTextEncode role=CLIP wall_ms=1.966 process_cpu_ms=0.000 effective_cores=0.000 native_threads_start=51 native_threads_peak=52 native_threads_end=51
[v2.native_fast_disk_unet] decision=defer reason=ok stage=to patcher_class=comfy.model_patcher.ModelPatcher patcher_dynamic=0 param_count=453 parameter_bytes=12309817472 dtype_distribution={'torch.bfloat16': 453} device_distribution={'cpu': 453} cpu_params=453 cpu_buffers=1 get_model_ms=312.312 ctor_ms=0.142 bind_ms=None to_wall_ms=None to_device_ms=None to_device_ms_label=unavailable
[v2.native_fast_disk_unet] decision=complete reason=ok stage=load_model_weights patcher_class=comfy.model_patcher.ModelPatcher patcher_dynamic=0 param_count=453 parameter_bytes=12309817472 dtype_distribution={'torch.bfloat16': 453} device_distribution={'cuda': 453} cpu_params=0 cpu_buffers=0 get_model_ms=312.312 ctor_ms=0.142 bind_ms=18.918 to_wall_ms=2459.573 to_device_ms=2459.644 to_device_ms_label=synchronized_device
[v2.unet_runtime_state] stage=normal_loader_ready unet_identity=z_image_turbo_bf16.safetensors requested_weight_dtype=default effective_weight_dtype=default state={"current_device":"cuda:0","diffusion_model_object_id":"47371971008016","diffusion_model_type":"NextDiT","first_buffer_device":"absent","first_buffer_dtype":"absent","first_parameter_device":"cuda:0","first_parameter_dtype":"torch.bfloat16","forward_module":"NextDiT","forward_qualname":"NextDiT.forward","load_device":"cuda:0","loaded_models_member":"0","manual_cast_dtype":"absent","model_dtype":"torch.bfloat16","model_loaded_weight_memory":"0","model_lowvram":"False","model_lowvram_patch_counter":"0","model_object_id":"47371660144400","model_options_keys":["transformer_options"],"model_type":"Lumina2","object_patch_count":0,"offload_device":"cuda:0","patch_count":0,"patcher_object_id":"47371970935056","patcher_type":"ModelPatcher","transformer_options_keys":["wrappers"],"weight_dtype":"absent"}
standard
WARNING:root:[FeatureInjLatent] Reference latent: shape=torch.Size([1, 16, 240, 136])
[v2.sampler_boundary] event=sampler_lane_requested sampler_node_id=1242 sampler_node_class=ClownsharKSampler_Beta blocking_owner=absent
[v2.sampler_boundary] event=sampler_lane_acquired sampler_node_id=1242 sampler_node_class=ClownsharKSampler_Beta wait_ms=0.103 blocking_owner=absent
[CacheDiT] Transformer class: NextDiT (module: comfy.ldm.lumina.model)
[v2.gpu_load_boundary] event=load_models_gpu_start request_id=v2-benchmark-0-d49efb77f59b restored_instance_id=7a732239e65f4cdc906694e5fdfa6658 restore_session_id=50807be530be4ae5a5c47a9f0569a187 roles=UNET model_count=1 contains_registered_unet=1 caller_classification=graph_model_loading gpu_allocated_before=12416794624 gpu_reserved_before=12624855040
[v2.gpu_load_boundary] event=load_models_gpu_end request_id=v2-benchmark-0-d49efb77f59b restored_instance_id=7a732239e65f4cdc906694e5fdfa6658 restore_session_id=50807be530be4ae5a5c47a9f0569a187 roles=UNET model_count=1 caller_classification=graph_model_loading wall_ms=50.665 gpu_allocated_after=12416798720 gpu_allocated_delta_bytes=4096
[v2.cpu_owner] operation=load_models_gpu role=other wall_ms=51.801 process_cpu_ms=50.000 effective_cores=0.965 native_threads_start=51 native_threads_peak=52 native_threads_end=51
[v2.unet_identity_chain] check=stage_pair stage_a=bridge stage_b=sampler request_id=v2-benchmark-0-d49efb77f59b patcher_a_object_id=47371970935056 diffusion_a_object_id=47371971008016 patcher_b_object_id=47371715926992 diffusion_b_object_id=47371971008016 ok=1 reason=ok
[v2.unet_gpu_residency] sampler_wrapper_before_sample request_id=v2-benchmark-0-d49efb77f59b enforce=0 status=gpu_resident unet_object_id=47371715926992 parameter_count=453 gpu_parameter_count=453 cpu_parameter_count=0 meta_parameter_count=0 unknown_parameter_count=0 gpu_parameter_fraction=1.0 load_device=cuda:0 current_device=absent diffusion_model_current_device=absent model_cache_size=2 unet_in_model_cache=1 gpu_allocated_bytes=12420976640 gpu_reserved_bytes=12626952192
[v2.sampler_stall_watchdog] stage=armed request_id=v2-benchmark-0-d49efb77f59b restored_instance_id=7a732239e65f4cdc906694e5fdfa6658 sampler_node_id=1242 sampler_class=ClownsharKSampler_Beta patcher_object_id=47371715926992 diffusion_model_object_id=47371971008016 unet_object_id=47371715926992 first_forward_timeout_s=5.0 first_step_timeout_s=15.0
[v2.sampler_boundary] event=sampling_start request_id=v2-benchmark-0-d49efb77f59b restored_instance_id=7a732239e65f4cdc906694e5fdfa6658 node_id=1242 node_class=ClownsharKSampler_Beta steps=8 patcher_object_id=47371715926992 diffusion_model_object_id=47371971008016 diffusion_model_device=absent diffusion_model_current_device=absent gpu_allocated_bytes=12420976640 gpu_reserved_bytes=12626952192
(RES4LYF) rk_type: res_2s

[v2.unet_forward_boundary] event=first_unet_forward request_id=v2-benchmark-0-d49efb77f59b diffusion_model_object_id=47371971008016 patcher_object_id=47371970935056 model_object_id=47371660144400 x_device=cuda:0 x_dtype=torch.bfloat16 elapsed_ms=179.317
[v2.sampler_parity] UNET weight_dtype=torch.bfloat16 UNET compute_dtype=torch.bfloat16 manual_cast_dtype=None CacheDiT target=NextDiT CacheDiT attachment_count=1 CacheDiT fallback=0
[1A  0%|          | 0/8 [00:00<?, ?it/s]WARNING:root:[FeatureInjLatent] step=1 | progress=0.00 | eff_str=0.250 | no mask
WARNING:root:[FeatureInjLatent] step=2 | progress=0.01 | eff_str=0.214 | no mask
[v2.sampler_boundary] event=first_sampler_step request_id=v2-benchmark-0-d49efb77f59b restored_instance_id=7a732239e65f4cdc906694e5fdfa6658 node_id=1242 node_class=ClownsharKSampler_Beta steps=8 patcher_object_id=47371715926992 diffusion_model_object_id=47371971008016 diffusion_model_device=absent diffusion_model_current_device=absent gpu_allocated_bytes=12420976640 gpu_reserved_bytes=12626952192

[1A 12%|█▎        | 1/8 [00:01<00:07,  1.14s/it]WARNING:root:[FeatureInjLatent] step=3 | progress=0.03 | eff_str=0.178 | no mask

[1A 25%|██▌       | 2/8 [00:02<00:06,  1.00s/it]
[1A 38%|███▊      | 3/8 [00:02<00:03,  1.32it/s]
[1A 50%|█████     | 4/8 [00:02<00:02,  1.56it/s]
[1A 62%|██████▎   | 5/8 [00:03<00:01,  1.73it/s]
[1A 75%|███████▌  | 6/8 [00:03<00:01,  1.87it/s]
[1A 88%|████████▊ | 7/8 [00:04<00:00,  1.97it/s]
[1A100%|██████████| 8/8 [00:04<00:00,  2.04it/s]
[1A100%|██████████| 8/8 [00:04<00:00,  1.67it/s]
[v2.sampler_boundary] event=sampling_end request_id=v2-benchmark-0-d49efb77f59b restored_instance_id=7a732239e65f4cdc906694e5fdfa6658 node_id=1242 node_class=ClownsharKSampler_Beta steps=8 patcher_object_id=47371715926992 diffusion_model_object_id=47371971008016 diffusion_model_device=absent diffusion_model_current_device=absent gpu_allocated_bytes=12420976640 gpu_reserved_bytes=12626952192 duration_ms=4855.599
[v2.vae_early_activation] event=scheduled request_id=v2-benchmark-0-d49efb77f59b mode=sampling_end trigger=sampling_end key_hash=f57a4b5ec97e79b9c1a71278 source=snapshot_vae vae_identity_hash=dd8f11d04333e24d vae_policy_version=1 vae_weight_dtype=bfloat16 vae_compute_dtype=bfloat16_native vae_memory_format=contiguous vae_prefetch_mode=off c5_impl_version=1.0.0 torch=2.13.0+cu130 cuda=13.0 arch=sm_75;sm_80;sm_86;sm_90;sm_100;sm_120 restored_instance_id=7a732239e65f4cdc906694e5fdfa6658 restore_session_id=50807be530be4ae5a5c47a9f0569a187
[v2.vae_early_activation] event=load_start request_id=v2-benchmark-0-d49efb77f59b mode=sampling_end key_hash=f57a4b5ec97e79b9c1a71278 source=snapshot_vae vae_object_id=47371571475216 vae_patcher_object_id=47371659918032
[v2.gpu_load_boundary] event=load_models_gpu_start request_id=absent restored_instance_id=7a732239e65f4cdc906694e5fdfa6658 restore_session_id=50807be530be4ae5a5c47a9f0569a187 roles=modelpatcher model_count=1 contains_registered_unet=0 caller_classification=restore_vae_preparation gpu_allocated_before=12455577088 gpu_reserved_before=14791213056
[v2.gpu_load_boundary] event=load_models_gpu_end request_id=absent restored_instance_id=7a732239e65f4cdc906694e5fdfa6658 restore_session_id=50807be530be4ae5a5c47a9f0569a187 roles=modelpatcher model_count=1 caller_classification=restore_vae_preparation wall_ms=804.027 gpu_allocated_after=12634647552 gpu_allocated_delta_bytes=179070464
[v2.vae_early_activation] event=terminal request_id=v2-benchmark-0-d49efb77f59b mode=sampling_end key_hash=f57a4b5ec97e79b9c1a71278 status=ready reason=ok error=absent transfer_count=1 vae_policy_version=1 vae_weight_dtype=bfloat16 vae_compute_dtype=bfloat16_native vae_memory_format=contiguous vae_prefetch_mode=off c5_impl_version=1.0.0 source=snapshot_vae
[v2.vae_early_activation] event=consumed request_id=v2-benchmark-0-d49efb77f59b mode=sampling_end key_hash=f57a4b5ec97e79b9c1a71278 join_wait_ms=31.282 status=ready source=snapshot_vae
[v2.gpu_load_boundary] event=load_models_gpu_start request_id=v2-benchmark-0-d49efb77f59b restored_instance_id=7a732239e65f4cdc906694e5fdfa6658 restore_session_id=50807be530be4ae5a5c47a9f0569a187 roles=modelpatcher model_count=1 contains_registered_unet=0 caller_classification=graph_model_loading gpu_allocated_before=12634647552 gpu_reserved_before=12754878464
[v2.gpu_load_boundary] event=load_models_gpu_end request_id=v2-benchmark-0-d49efb77f59b restored_instance_id=7a732239e65f4cdc906694e5fdfa6658 restore_session_id=50807be530be4ae5a5c47a9f0569a187 roles=modelpatcher model_count=1 caller_classification=graph_model_loading wall_ms=28.292 gpu_allocated_after=12634647552 gpu_allocated_delta_bytes=0
[production.rgthree.encode] side=b (B-only) shape=(1, 1920, 1088, 3) dtype=torch.uint8
[v2.opt.output_encode] total_ms=168.478 png_compress_ms=143.458 gpu_to_cpu_ms=0.008
[v2.experiment] experiment=png_encode arm=level1 implementation_version=1 selector=request source=env settings={"compress_level":1}
[production.rgthree] node_id=107 a_count=0 b_count=1 encoded_unique=1 logical_outputs=1 return_a=0 temp_files_written=0 encode_ms=171.4
[v2.startup_stage] stage=first_prompt_executor_invocation event=end wall_unix_ns=1786586627603316754 monotonic_ns=1312604071796 duration_ms=10413.899
[v2.pre_sampler_stages] request_id=v2-benchmark-0-d49efb77f59b restored_instance_id=7a732239e65f4cdc906694e5fdfa6658 restore_session_id=50807be530be4ae5a5c47a9f0569a187 container_session_id=a416429a49c8434d modal_input_id=in-01KZWDRERAF2G73GBK0W2V4YGF:1786586610442-0 modal_task_id=ta-01KZWDRFB1VTJPK56AZFJG0QMR pid=2 boot_id=a41aed6f-9562-4de2-b90f-a16d8714f8dd hostname=modal total_nodes=43 first_output_node=107:ComfyModalProductionImageComparerOutput first_executing_node=987:Any Switch (rgthree) sampler_stage_status=sampler_active method_entry_to_graph_start_ms=18.292 graph_setup_ms=42.412 certificate_ms=0.0 cert_identity_build_ms=0.0 cert_cache_hit=0 cert_volume_reload_ms=0.0 cert_file_read_ms=0.0 cert_json_parse_validate_ms=0.0 cert_total_ms=0.0 legacy_preflight_ms=0.0 prompt_validation_ms=0.0 certificate_skipped_preflight=1 certificate_skipped_prompt_validation=1 preflight_ms=0.0 validation_ms=0.0 missing_node_repair_ms=0.165 production_registry_setup_ms=0.039 production_registry_profile_setup_ms=0.039 pregraph_setup_ms=0.511 executor_reset_ms=0.207 sampler_lane_wait_ms=0.063 residual_before_invoke_ms=16.527 method_entry_to_runtime_configuration_ms=18.223 call_to_exec_start_ms=7.03 exec_start_to_cached_ms=1293.478 cached_to_first_executing_ms=146.446 call_to_cached_ms=1300.508 call_to_first_node_ms=1446.954 first_node_to_clip_ms=3.294 clip_to_sampler_node_ms=2624.937 sampler_node_to_sampler_start_ms=130.641 sampler_node_to_lane_acquired_ms=0.132 lane_acquired_to_actual_stage_ms=130.508 pre_sampler_total_ms=4266.494 measured_children_ms=4206.564 residual_ms=59.93 reconciliation_status=ok add_message=True send_sync=True has_sampler=True sampler_count=1 lane_acquired=True
[v2.opt.output_delivery] hash_ms=1.583 descriptor_ms=None
[v2.opt.output_delivery] hash_ms=1.583 descriptor_ms=0.023
[v2.startup_stage] stage=first_durable_result event=ready wall_unix_ns=1786586627615883029 monotonic_ns=1312616638092 output_persisted=1
[v2.output] hashes=1 base64_encode=0 base64_decode=0 commit_ms=0.0 commit_status=pending overlap_ms=0.0 serialized_bytes=2212
[v2.host_memory] stage=result_complete current_mib=absent peak_mib=absent limit_mib=absent process_rss_mib=14174.6 process_maxrss_mib=35701.1 oom_count=absent oom_kill_count=absent status=ok cgroup_path=absent cgroup_mount=absent
[v2.activation_diagnosis] request_id=v2-benchmark-0-d49efb77f59b cpu_snapshot_container_active=True execution_prefill_scheduled=True residency_diagnostics_enabled=0 clip_encode_calls=0 clip_encode_graph_calls=0 clip_encode_prefill_calls=0 clip_encode_wall_ms=0 clip_encode_graph_wall_ms=0 clip_encode_prefill_wall_ms=0 clip_encode_process_cpu_ms=0 load_models_gpu_calls=2 unet_gpu_load_calls=1 load_models_gpu_wall_ms=78.957 activation_receipt_count=3 gpu_allocated_delta_bytes=4096 cpu_peak_cores=9.548 cpu_above_16_ms=0.0 cpu_above_19_ms=0.0 cpu_longest_above_19_ms=absent cpu_overlap_graph_clip_ms=0.0 cpu_overlap_prefill_clip_ms=0.0 cpu_overlap_gpu_load_ms=0.0 clip_to_sampler_node_ms=2624.937 sampler_node_to_sampler_start_ms=130.641 diagnostic_accounted_ms=absent diagnostic_unattributed_ms=absent restore_requested_torch_intraop_threads=absent restore_actual_torch_intraop_threads=12 restore_torch_interop_threads=14 restore_torch_thread_limit_status=baseline_passthrough
[v2.process_cpu_spike] status=ok peak_effective_cores=9.548 duration_above_16_ms=0.000 duration_above_19_ms=0.000 longest_above_19_ms=0.000 sample_count=185
[v2.remote_request_origin.remote] request_id=v2-benchmark-0-d49efb77f59b trigger_source=benchmark ui_trigger_unix_ms=1786586591955 local_receive_unix_ns=1786586591955157760 modal_generator_create_start_unix_ns=1786586610800030300 modal_submission_attempt_unix_ns=absent modal_generator_created_unix_ns=absent modal_first_iteration_start_unix_ns=absent modal_first_remote_event_unix_ns=absent modal_method_entry_unix_ns=1786586617128656128 prompt_executor_invoke_start_unix_ns=1786586617189311232 trigger_to_dispatch_ms=0.158 dispatch_to_modal_entry_ms=None modal_entry_to_executor_ms=60.669 trigger_to_executor_ms=25234.311 modal_input_id=in-01KZWDRERAF2G73GBK0W2V4YGF:1786586610442-0 modal_task_id=ta-01KZWDRFB1VTJPK56AZFJG0QMR
[v2.critical_path] python_resume_to_restore_enter_ms=0.0 restore_total_ms=423.542 restore_exit_to_run_enter_ms=15.281 run_enter_to_plan_received_ms=14.546 plan_received_to_executor_invoke_ms=46.122 executor_invoke_to_first_node_ms=1446.824 first_node_to_sampler_node_ms=2628.173 sampler_node_to_sampler_start_ms=130.641 pre_sampler_unattributed_ms=absent
[v2.cgroup_cpu_spike] status=unavailable reason=no readable cpu.stat candidates=/sys/fs/cgroup/cpu.stat errors=resolve_cgroup_v2_base: returned no readable cgroup base;probe2 path=/sys/fs/cgroup/cpu.stat: FileNotFoundError: [Errno 2] No such file or directory: '/sys/fs/cgroup/cpu.stat';parse_proc_cgroup: no unified 0:: entry
[v2.gpu_allocation] cuda_version=13.0 gpu_actual_name=NVIDIA RTX PRO 6000 Blackwell Server Edition gpu_compute_capability=12.0 gpu_requested_order=RTX-PRO-6000 gpu_vram_total_mib=97250 torch_version=2.13.0+cu130
V2 COLD WATERFALL - REMOTE/PARTIAL (awaiting host reconciliation)
Request: v2-benchmark-0-d49efb77f59b  Instance: 7a732239e65f4cdc906694e5fdfa6658  GPU: ['RTX-PRO-6000']  Fresh: YES
TOTAL WALL:        -   (command->response minus Modal scheduling)
SCHEDULING:        -   (informational - excluded from % and bars)
COMMAND->RESPONSE:  35.692s

+-----+------------------------------------------------+------------+------------+---------+---------------------------------------+
 # | Stage                                          | Duration |     Cum. |      % | Relative wall time
+-----+------------------------------------------------+------------+------------+---------+---------------------------------------+
  1 | Local preparation                              |     0.000s |     0.000s |   0.000% | +                                    
  2 | Modal handle and submission                    |          - |          - |       - |                                      
  3 | Modal scheduling + pre-Python restore (awai... |          - |          - |       - |                                      
  4 | Modal pre-Python snapshot restoration          |          - |          - |       - |                                      
  5 | Python/application restore                     |     0.439s |     0.439s |   1.229% | #                                    
  6 | Restore-to-method entry                        |     0.015s |     0.454s |   0.043% | #                                    
  7 | ~ Method entry to UNET ownership claim         |          - |          - |       - |                                      
  8 | ~ UNET claim to ready (worker load)            |          - |          - |       - |                                      
  9 |   detail: Checkpoint read                      |     2.463s |          - |   6.900% |                                      
 10 |   detail: Read end ? construction done         |     0.312s |          - |   0.875% |                                      
 11 |   detail: Bind                                 |     0.019s |          - |   0.053% |                                      
 12 |   detail: Synchronized H2D                     |     2.460s |          - |   6.891% |                                      
 13 |   detail: H2D end ? UNET ready                 |     0.001s |          - |   0.003% |                                      
 14 |   detail: UNET ready ? sampler demand          |          - |          - |       - |                                      
 15 |   detail: Sampler demand ? join complete       |          - |          - |       - |                                      
 16 |   detail: Join complete ? sampling             |          - |          - |       - |                                      
 17 | Remote method setup                            |     0.061s |     0.515s |   0.170% | #                                    
 18 |   detail: method entry to graph start          |     0.018s |          - |   0.051% |                                      
 19 |   detail: method entry to runtime configura... |     0.018s |          - |   0.051% |                                      
 20 |   detail: runtime configuration                |     0.000s |          - |   0.000% |                                      
 21 |   detail: graph setup                          |     0.042s |          - |   0.119% |                                      
 22 |   detail: certificate                          |     0.000s |          - |   0.000% |                                      
 23 |   detail: preflight                            |     0.000s |          - |   0.000% |                                      
 24 |   detail: validation                           |     0.000s |          - |   0.000% |                                      
 25 |   detail: legacy runtime resolution            |     0.000s |          - |   0.000% |                                      
 26 |   detail: preload check                        |     0.001s |          - |   0.003% |                                      
 27 |   detail: missing-node repair                  |     0.000s |          - |   0.000% |                                      
 28 |   detail: production registry setup            |     0.000s |          - |   0.000% |                                      
 29 |   detail: pregraph setup                       |     0.001s |          - |   0.001% |                                      
 30 |   detail: executor reset                       |     0.000s |          - |   0.001% |                                      
 31 |   detail: residual before executor invoke      |     0.017s |          - |   0.046% |                                      
 32 |   detail: pre-sampler total                    |     4.266s |          - |  11.954% |                                      
 33 |   detail: measured pre-sampler children        |     4.207s |          - |  11.786% |                                      
 34 |   detail: pre-sampler residual                 |     0.060s |          - |   0.168% |                                      
 35 |   detail: UNET quiesce wait (diagnostic)       |          - |          - |       - |                                      
 36 |   detail: UNET transfer queue delay            |          - |          - |       - |                                      
 37 |   detail: UNET synchronized transfer           |          - |          - |       - |                                      
 38 |   detail: UNET scheduled ? worker start        |          - |          - |       - |                                      
 39 |   detail: Worker start ? checkpoint read start |          - |          - |       - |                                      
 40 | PromptExecutor/cache setup                     |     1.447s |     1.962s |   4.054% | #                                    
 41 |   detail: PromptExecutor invoke to execution   |     0.007s |          - |   0.020% |                                      
 42 |   detail: execution to cached                  |     1.293s |          - |   3.624% |                                      
 43 |   detail: cached to first node                 |     0.146s |          - |   0.410% |                                      
 44 |   detail: graph/prefill activity               |          - |          - |       - |                                      
 45 |   detail: CPU owner: CLIPTextEncode [CLIP]     |     0.002s |          - |   0.006% |                                      
 46 |   detail: CPU owner: load_models_gpu [other]   |     0.052s |          - |   0.145% |                                      
 47 |   detail: Node: Any Switch (rgthree)           |     0.000s |          - |   0.001% |                                      
 48 |   detail: Node: VAELoader                      |     0.001s |          - |   0.003% |                                      
 49 |   detail: Node: ClownOptions_ExtraOptions_Beta |     0.000s |          - |   0.000% |                                      
 50 |   detail: Node: ImpactIfNone                   |     0.000s |          - |   0.000% |                                      
 51 |   detail: Node: easy ifElse                    |     0.000s |          - |   0.000% |                                      
 52 |   detail: Node: easy int                       |     0.000s |          - |   0.000% |                                      
 53 |   detail: Node: easy ifElse                    |     0.000s |          - |   0.000% |                                      
 54 |   detail: Node: PrimitiveStringMultiline       |     0.000s |          - |   0.001% |                                      
 55 |   detail: Node: JoinStrings                    |     0.000s |          - |   0.000% |                                      
 56 |   detail: Node: CLIPLoader                     |     0.001s |          - |   0.003% |                                      
 57 |   detail: Node: CLIPTextEncode                 |     0.003s |          - |   0.008% |                                      
 58 |   detail: Node: ConditioningZeroOut            |     0.002s |          - |   0.006% |                                      
 59 |   detail: Node: PairConditioningSetProperties  |     0.000s |          - |   0.001% |                                      
 60 |   detail: Node: CustomCombo                    |     0.000s |          - |   0.001% |                                      
 61 |   detail: Node: SimpleMath+                    |     0.000s |          - |   0.001% |                                      
 62 |   detail: Node: ImpactSwitch                   |     0.067s |          - |   0.188% |                                      
 63 |   detail: Node: UNETLoader                     |     2.511s |          - |   7.034% |                                      
 64 |   detail: Node: ModelSamplingAuraFlow          |     0.003s |          - |   0.009% |                                      
 65 |   detail: Node: CacheDiT_Model_Optimizer       |     0.000s |          - |   0.001% |                                      
 66 |   detail: Node: PathchSageAttentionKJ          |     0.000s |          - |   0.000% |                                      
 67 |   detail: Node: easy float                     |     0.000s |          - |   0.000% |                                      
 68 |   detail: Node: easy int                       |     0.000s |          - |   0.000% |                                      
 69 |   detail: Node: easy ifElse                    |     0.000s |          - |   0.000% |                                      
 70 |   detail: Node: StringToCombo|LP               |     0.000s |          - |   0.000% |                                      
 71 |   detail: Node: easy ifElse                    |     0.000s |          - |   0.000% |                                      
 72 |   detail: Node: CustomCombo                    |     0.000s |          - |   0.001% |                                      
 73 |   detail: Node: easy stringToIntList           |     0.000s |          - |   0.000% |                                      
 74 |   detail: Node: easy indexAnything             |     0.000s |          - |   0.000% |                                      
 75 |   detail: Node: easy stringToIntList           |     0.000s |          - |   0.000% |                                      
 76 |   detail: Node: easy indexAnything             |     0.000s |          - |   0.000% |                                      
 77 |   detail: Node: EmptyImage                     |     0.008s |          - |   0.023% |                                      
 78 |   detail: Node: ImageRotate                    |     0.001s |          - |   0.003% |                                      
 79 |   detail: Node: ImpactSwitch                   |     0.024s |          - |   0.068% |                                      
 80 |   detail: Node: easy imageSize                 |     0.000s |          - |   0.000% |                                      
 81 |   detail: Node: EmptySD3LatentImage            |     0.001s |          - |   0.002% |                                      
 82 |   detail: Node: Any Switch (rgthree)           |     0.000s |          - |   0.000% |                                      
 83 |   detail: Node: LGNoiseInjectionLatent         |     0.001s |          - |   0.002% |                                      
 84 |   detail: Node: ClownsharKSampler_Beta         |     0.138s |          - |   0.386% |                                      
 85 |   detail: PromptExecutor internal/unattributed |          - |          - |       - |                                      
 86 | First node to CLIP                             |     0.003s |     1.965s |   0.009% | #                                    
 87 | CLIP to sampler node                           |     2.625s |     4.590s |   7.354% | ###                                  
 88 | Sampler graph-join wait                        |          - |          - |       - |                                      
 89 | Sampler node to sampling                       |     0.131s |     4.720s |   0.366% | #                                    
 90 |   detail: sampler lane wait                    |     0.000s |          - |   0.000% |                                      
 91 |   detail: sampler node to lane acquired        |     0.000s |          - |   0.000% |                                      
 92 |   detail: lane acquired to actual stage        |     0.131s |          - |   0.366% |                                      
 93 | Sampling                                       |     4.856s |     9.576s |  13.604% | #####                                
 94 | Post-sampling transition                       |     0.777s |    10.353s |   2.177% | #                                    
 95 |   detail: Sampling end ? VAE scheduled         |     0.000s |          - |   0.001% |                                      
 96 |   detail: VAE scheduled ? worker/load start    |     0.002s |          - |   0.006% |                                      
 97 | VAE                                            |     0.403s |    10.756s |   1.129% | #                                    
 98 |   detail: VAE load/H2D                         |     0.805s |          - |   2.257% |                                      
 99 |   detail: VAE ready ? consumed                 |     0.000s |          - |   0.001% |                                      
 100 |   detail: Consumed ? decode start              |    INVALID |          - |       - |                                      
 101 | Output encode / descriptor                     |     0.184s |    10.940s |   0.517% | #                                    
 102 |   detail: output encode                        |          - |          - |       - |                                      
 103 |   detail: output commit                        |          - |          - |       - |                                      
 104 |   detail: VAE end ? output encode start        |     0.001s |          - |   0.002% |                                      
 105 |   detail: PNG encode                           |     0.174s |          - |   0.488% |                                      
 106 |   detail: Descriptor/materialization           |     0.010s |          - |   0.029% |                                      
 107 | Remote result handoff                          |          - |          - |       - |                                      
 108 |   detail: Remote result emitted                |          - |          - |       - |                                      
 109 |   detail: Deferred persistence after yield     |          - |          - |       - |                                      
 110 | Remote/local return                            |     0.031s |    10.971s |   0.087% | +                                    
 111 |   detail: Local receipt ? caller return        |          - |          - |       - |                                      
 112 | Residual (unattributed)                        |    24.721s |    35.692s |  69.261% | ==========================           
+-----+------------------------------------------------+------------+------------+---------+---------------------------------------+
    | ACCOUNTED     |    10.971s |            |  30.739% | .....................................
    | RECONCILIATION |    24.721s |            |            | .....................................
    | TOTAL WALL |          - |            |       - |                                      
    | COMMAND -> RESPONSE |    35.692s |            |  100.0% | #####################################
    | TOP-LEVEL ACCOUNTED |    10.971s |            |  30.739% | .....................................
    | GLOBAL RESIDUAL |    24.721s |            |            | .....................................
    | RESIDUAL %     |    69.261% |            |            | .....................................
    | RECONCILIATION STATUS | EXCEEDS_TOLERANCE |            |            | .....................................
    | CONTROLLABLE APPLICATION WALL |    10.971s |            |            | .....................................
    | PLATFORM/MODAL WALL |     0.000s |            |            | .....................................
Boundary flags: modal_restore_begin_unavailable (modal_scheduling covers submission->python_resume combined), submission_boundary_unavailable (submission boundary absent; scheduling spans cannot start at the local submit)
REMOTE/PARTIAL WATERFALL - awaiting host reconciliation (missing: missing_submission, missing_modal_restore_begin, missing_local_result_receipt)
+-----+------------------------------------------------+------------+------------+---------+---------------------------------------+
Warnings:
  - global residual 24720.740ms (69.26%) of command-to-response unaccounted
  - reconciliation exceeds tolerance: 24720.740ms > 89.230ms
Restoring Function from memory snapshot.
[v2.startup_stage] stage=post_snapshot_restore event=start wall_unix_ns=1786586655099264671 monotonic_ns=671186093566
[v2.snapshot_timing] snapshot_callback_age_at_restore_ms=617555.604 snapshot_callback_to_command_start_ms=unavailable command_start_to_restore_start_ms=unavailable request_latency_included=0 source=snapshot_callback_return_to_restore_start
[v2.snapshot_model_eviction] stage=restore_observed marker=1 cpu_snapshot_models_present=1 clip_present=1 unet_present=0 retained_role=clip_vae retained_model_id=0 retained_model_type= rss_after_restore_mib=11571.16796875 native_thread_count=46 torch_intraop=12 torch_interop=28 wall_unix_ns=1786586655109467154
[v2.snapshot_model_eviction] stage=restore_release_retained retain_role=clip_vae status=container_retained container_present=1 clip_present=1 vae_present=1 unet_present=0 retained_slot_release=0 retained_model_id=0 retained_alive_after_release=0 rss_before_release_mib=absent rss_after_gc_mib=absent rss_after_trim_mib=absent rss_drop_mib=absent malloc_trim_status=absent malloc_trim_result=absent restore_release_start_wall_unix_ns=1786586655109673854 restore_release_end_wall_unix_ns=1786586655109673854 wall_unix_ns=1786586655109673854
[v2.residency_config] enabled=0
[v2.host_memory] stage=restore_start current_mib=absent peak_mib=absent limit_mib=absent process_rss_mib=11853.8 process_maxrss_mib=35687.4 oom_count=absent oom_kill_count=absent status=ok cgroup_path=absent cgroup_mount=absent
[v2.runtime_shape] stage=after_restore runtime_shape_fingerprint=f504e296c398bdcb2c4c07e2 runtime_shape_label=None thread_policy=TBASE snapshot_model_order=O0 cpu_request=12 memory_request=32768 native_thread_count=46 configured_omp=None configured_mkl=None configured_openblas=None configured_numexpr=None malloc_arena_max=None native_library_settings={'OMP_NUM_THREADS': '12', 'MKL_NUM_THREADS': '12', 'OPENBLAS_NUM_THREADS': '12', 'NUMEXPR_NUM_THREADS': None, 'MALLOC_ARENA_MAX': None} torch_intraop_threads=12 torch_interop_threads=28 actual_torch_intraop_threads=12 actual_torch_interop_threads=28 requested_torch_intraop_threads=None requested_torch_interop_threads=None requested_vs_actual_match=True status=baseline_passthrough error=
[v2.opt.gpu_state] total_memory_ms=433.342
[comfyapp] gpu_state restored vram=97250MB ram=1048576MB vram_state=VRAMState.HIGH_VRAM in 435.8ms
[restore.cuda_context] available=1 device_index=0 device=NVIDIA RTX PRO 6000 Blackwell Server Edition sync_ms=2.451 total_ms=2.558
[v2.sage_restore] decision=snapshot_exact_skip discovery_called=0 verify_ms=0.045
[v2.custom_node_restore] decision=snapshot_exact_skip callback_called=0 source=persisted_record check_ms=3.39
[v2.startup_stage] stage=snapshot_execution_seed event=start wall_unix_ns=1786586656148042189 monotonic_ns=672234756545
[v2.seed_restore] source=startup_minimal schema=2 topology_available=0 workflow_hash= loader_signatures=0
[v2.startup_stage] stage=snapshot_execution_seed event=end wall_unix_ns=1786586656151902996 monotonic_ns=672238616877 duration_ms=3.86
[v2.generation_identity] method=restore custom_nodes_generation='fbecafb8ae72728ebc36d581…' raw_empty=false source=persisted_record runtime_state_generation='' api_object_id=47432681091408 deployment_combined_hash=1bd881d798947977
[v2.prefill_config] env=critical parsed=critical cpu_snapshot_container_active=0 native_fast_disk_unet_execution_active=0
[v2.restore_breakdown] bootstrap_ms=1008.931 unet_cache_patch_ms=None clip_prepare_submit_ms=None clip_worker_wait_ms=None unet_spec_extract_ms=None bg_unet_submit_ms=None restore_finalize_ms=0.415
[v2.clip_stages] worker_queue_ms=None load_torch_file_ms=None read_to_ready_ms=None post_read_cpu_prepare_ms=None gpu_wait_ms=None gpu_commit_ms=None read_end_to_ready_ms=None worker_total_ms=None worker_close_wait_ms=None restore_finalization_ms=0.415
[v2.restoration_identity] restored_instance_id=80222c32fbe648ceb8493b121ea6395d restore_session_id=cf7883236e014f2f9d122be6930c7c22 container_session_id=931caa22faae4d3f modal_task_id=ta-01KZWDSPPN156E7SGBM7XKSERR modal_image_id=im-8KexmbMytHCmXTxTMl6pl9 modal_cloud=CLOUD_PROVIDER_AWS modal_region=eu-central-1 pid=2 hostname=modal restore_total_ms=1044.103 remote_python_resume_wall_unix_ns=1786586655099195136 restore_method_start_wall_unix_ns=1786586655099195136 restore_method_end_wall_unix_ns=1786586656154002176 modal_method_entry_wall_unix_ns=absent restore_status=success restore_method_status=success 
[v2.lifecycle] method=restore snap=False container_session=931caa22faae4d3f restore_count=1 restore_total_ms=1044.103 remote_python_resume_wall_unix_ns=1786586655099195136 restore_method_start_wall_unix_ns=1786586655099195136 restore_method_end_wall_unix_ns=1786586656154002176 modal_method_entry_wall_unix_ns=absent restore_status=success restore_method_status=success status=restored
[v2.host_memory] stage=restore_complete current_mib=absent peak_mib=absent limit_mib=absent process_rss_mib=13412.1 process_maxrss_mib=35687.4 oom_count=absent oom_kill_count=absent status=ok cgroup_path=absent cgroup_mount=absent
[v2.gpu_allocation] cuda_version=13.0 gpu_actual_name=NVIDIA RTX PRO 6000 Blackwell Server Edition gpu_compute_capability=12.0 gpu_requested_order=RTX-PRO-6000 gpu_vram_total_mib=97250 torch_version=2.13.0+cu130
[v2.startup_stage] stage=post_snapshot_restore event=end wall_unix_ns=1786586656158217551 monotonic_ns=672244931085 duration_ms=1058.838
[v2.startup_stage] stage=first_remote_method_entry event=entry wall_unix_ns=1786586656352028678 monotonic_ns=672438742146
[v2.env_profile] effective_profile=inherit container_profile=inherit request_override=inherit request_override_applied=0 source=request-inherit-noop
[v2.request_variance_env] COMFYMODAL_V2_PNG_COMPRESS_LEVEL=1
[v2.local_submission_breakdown.remote] request_id=v2-benchmark-1-2e3c057b3f84 local_receive_to_worker_start_ms=0.0 worker_start_to_normalize_start_ms=0.0 normalize_production_options_ms=0.0 normalize_end_to_trace_construct_start_ms=0.0 runtime_trace_construct_ms=0.0 trace_construct_to_options_copy_start_ms=0.0 benchmark_options_copy_ms=0.0 options_copy_to_client_id_start_ms=0.0 client_id_generation_ms=0.0 client_id_end_to_plan_call_ms=0.0 plan_call_to_function_entry_ms=0.0 worker_start_to_plan_build_ms=0.0 local_receive_to_plan_build_start_ms=0.0 worker_queue_ms=0.0 plan_build_ms=16.0 plan_build_to_execute_plan_entry_ms=0.0 execute_plan_entry_to_plan_materialization_ms=0.0 plan_materialization_ms=0.0 plan_materialization_to_active_profile_ms=0.0 active_profile_ms=0.0 restore_plan_build_ms=absent restore_publish_ms=absent restore_publish_to_transport_entry_ms=absent transport_entry_to_handle_lookup_ms=0.0 handle_lookup_ms=absent payload_materialization_ms=0.0 payload_size_measurement_ms=0.0 payload_size_to_serialize_end_ms=0.0 payload_ready_to_modal_call_ms=0.0 local_receive_to_modal_call_ms=16.0 generator_create_ms=absent generator_created_to_first_iteration_ms=absent local_receive_to_actual_submission_ms=absent measured_children_ms=absent residual_ms=absent reconciliation_status=incomplete profile_cache_hit=False profile_remote_call_performed=False profile_checker_matched=False restore_publish_cache_hit=absent restore_remote_call_performed=absent handle_cache_hit=absent plan_to_dict_count=1 payload_bytes=19356 active_profile_local_ms=0.0 active_profile_cache_lookup_ms=0.0 active_profile_checker_ms=0.0 active_profile_setter_ms=0.0 active_profile_total_ms=0.0 created_modal_client=False performed_cls_from_name=False constructed_class_instance=False input_image_count=0 workflow_node_count=43 unmeasured_boundary=absent
[v2.seed_restore] source=invocation_plan schema=2 topology_available=1 workflow_hash=2e43d4c0ba3b82c0 loader_nodes=3 sampler_nodes=1 reachable_nodes=43 static_signatures=43
[v2.runtime_shape] stage=request_entry runtime_shape_fingerprint=f504e296c398bdcb2c4c07e2 runtime_shape_label=None thread_policy=TBASE snapshot_model_order=O0 cpu_request=12 memory_request=32768 native_thread_count=48 configured_omp=None configured_mkl=None configured_openblas=None configured_numexpr=None malloc_arena_max=None native_library_settings={'OMP_NUM_THREADS': '12', 'MKL_NUM_THREADS': '12', 'OPENBLAS_NUM_THREADS': '12', 'NUMEXPR_NUM_THREADS': None, 'MALLOC_ARENA_MAX': None} torch_intraop_threads=12 torch_interop_threads=28 actual_torch_intraop_threads=12 actual_torch_interop_threads=28 requested_torch_intraop_threads=None requested_torch_interop_threads=None requested_vs_actual_match=True status=baseline_passthrough error=
[v2.method_entry_gap] restore_to_method_ms=193.824 first_line_to_running_log_ms=10.183 same_process=True identity_mismatch_reasons=none remote_python_resume_wall_unix_ns=1786586655099195136 restore_method_start_wall_unix_ns=1786586655099195136 restore_method_end_wall_unix_ns=1786586656154002176 modal_method_entry_wall_unix_ns=1786586656352013568 restore_end_to_modal_method_ms=198.009
[v2.snapshot_timing] snapshot_callback_age_at_restore_ms=617555.604 snapshot_callback_to_command_start_ms=613455.716 command_start_to_restore_start_ms=4099.195 command_start_to_python_resume_ms=4099.195 command_start_to_restore_end_ms=5154.002 request_latency_included=0_for_callback_age
[v2.host_memory] stage=prompt_executor_start current_mib=absent peak_mib=absent limit_mib=absent process_rss_mib=13412.4 process_maxrss_mib=35687.4 oom_count=absent oom_kill_count=absent status=ok cgroup_path=absent cgroup_mount=absent
[v2.cpu_snapshot_models] cpu_snapshot_models_present=1 clip_present=1 unet_present=0 cpu_snapshot_active=0
[v2.cpu_snapshot_request] status=present_but_inactive clip_present=1 unet_present=0 action=clip_vae_only_request_activation
[v2.cpu_snapshot_request] status=clip_vae_only_bind clip_source=cpu_snapshot vae_source=cpu_snapshot unet_source=normal_loader clip_object_id=47435997364880 vae_object_id=47436003211664
[v2.cpu_snapshot_request] status=reused reason=clip_vae_only
[v2.unet_identity_chain] stage=snapshot request_id=v2-benchmark-1-2e3c057b3f84 unet_object_id=0
[v2.unet_identity_chain] stage=bridge request_id=v2-benchmark-1-2e3c057b3f84 unet_object_id=0
[v2.snapshot_activation_invariant] profile=inherit models_container_present=1 clip_present=1 unet_present=0 snapshot_enabled_by_config=1 cpu_snapshot_container_active=1 loader_bridge_active=1 execution_prefill_allowed=0 status=pass reason=ok
[v2.execution_prefill] snapshot_active=1 env_raw=critical scheduled=1
[v2.execution_unet] scheduled=1 snapshot_unet_absent=1 request_id=v2-benchmark-1-2e3c057b3f84
[v2.plan_proof] schema=1 payload=yes validated=True outputs=2 out_ids=107,935:931 wf_hash=2e43d4c0ba3b82c0 recomputed=2e43d4c0ba3b82c0 match=True dep_complete=True consumed=False cert_decision=legacy
[v2.plan_proof.registry] workflow_class_count=31 host_proved_count=31 snapshot_proved_count=31 missing_host=0 missing_snapshot=0 identity_mismatch=0 workflow_registry_match=1 reason=
[v2.plan_proof] parity proof_present=1 proof_complete=1 proof_valid=1 dep_match=1 gen_match=1 wf_reg_match=1 reg_full_match=0 dep_proof_match=1 eligible=1 reason=ok consumed=False
[v2.exec] res4lyf_dummy_init_disabled=1 reported_injected=1 actual_injected=1
[preflight.model_reads] restore_preload_active=0 selected_clip=/root/comfy/ComfyUI/models/text_encoders/qwen_3_4b.safetensors
[v2.clip_conditioning_cache] event=mode flag=COMFYMODAL_V2_CLIP_CONDITIONING_CACHE enabled=1 root=/root/prompt_cache_vol/exact_conditioning max_entries=64 max_bytes=536870912
[active_read] registered owner=graph_loader key=/__modal/volumes/vo-QI6fCKykvocVkUBVGsuZgm/diffusion_models/z_image_turbo_bf16.s active_read_id=65349baff6514fe6 restored_instance_id=80222c32fbe648ceb8493b121ea6395d restore_session_id=cf7883236e014f2f9d122be6930c7c22 request_id= start_wall_unix_ns=1786586656408240128 start_monotonic_ns=672494952403 start_thread_time_ns=10000000 start_process_time_ns=155230000000 native_tid=75 active_read_path_hash=8d2256b3cff6bbd2 active_read_file_size=12309866400 active_read_st_dev=30 active_read_st_ino=101 active_read_governor_enabled=0 active_read_priority=100 active_read_size_bytes=12309866400 active_read_size_mb=11739.6 active_read_is_large=1 active_read_classification_source=file_size active_read_queue_enter_ms=0.0 active_read_queue_exit_ms=0.0 active_read_queue_wait_ms=0.0 active_read_large_slots_used_at_enter=0 active_read_large_slots_used_at_start=0 active_read_concurrent_large_reads_at_start=1 active_read_attached_existing_future=0 active_read_duplicate_prevented=0
[v2.generation_identity] custom_nodes_generation='fbecafb8ae72728ebc36d581…' raw_empty=false source=persisted_record runtime_state_generation='' api_object_id=47432681091408 deployment_combined_hash=1bd881d798947977
[v2.plan_proof] decision=plan_validation_fast_path consumed=1 workflow_hash_match=1 validation_hash_match=1 plan_complete=1 snapshot_complete=1 snapshot_valid=1 dep_match=1 gen_match=1 wf_reg_match=1 dependency_match=1 repair_changed=0 outputs_nonempty=1 eligible=1
[v2.host_memory] stage=peak_execution current_mib=absent peak_mib=absent limit_mib=absent process_rss_mib=25153.6 process_maxrss_mib=35687.4 oom_count=absent oom_kill_count=absent status=ok cgroup_path=absent cgroup_mount=absent
[v2.startup_stage] stage=first_prompt_executor_invocation event=start wall_unix_ns=1786586656477086937 monotonic_ns=672563800444
[v2.unet_early_activation] event=mode mode=late env_raw=late restored_instance_id=80222c32fbe648ceb8493b121ea6395d restore_session_id=cf7883236e014f2f9d122be6930c7c22
[v2.unet_early_activation] event=skipped request_id=v2-benchmark-1-2e3c057b3f84 mode=late trigger=conditioning_cache_hit reason=cpu_snapshot_mode_inactive eligible=0
[v2.clip_conditioning_cache] decision=exact_hit key_hash=e24059626b0f3d17f0ba656e18d396b1449e52b9b046a4cf35d5f7874baafa2f identity_status=valid encode_calls=0 schema_version=1 validation_scope=clip_model_workflow_custom_nodes_schema_format_side_conditioning_inputs entries=1 request_id=v2-benchmark-1-2e3c057b3f84
[active_read] completed owner=graph_loader key=/__modal/volumes/vo-QI6fCKykvocVkUBVGsuZgm/diffusion_models/z_image_turbo_bf16.s active_read_id=65349baff6514fe6 restored_instance_id=80222c32fbe648ce restore_session_id=cf7883236e014f2f9d122be6930c7c22 complete_wall_unix_ns=1786586658445229056 complete_monotonic_ns=674531940874 complete_thread_time_ns=1880000000 complete_process_time_ns=157940000000 complete_native_tid=75 wall_ms=2036.988 thread_cpu_ms=1870.0 process_cpu_ms=2710.0 majf=None minf=None inblock=None nvcsw=None nivcsw=None read_bytes=None rchar=None path_hash=8d2256b3cff6bbd2 file_size=12309866400 st_dev=30 st_ino=101
[v2.active_read_diag] active_read_id=65349baff6514fe6 owner=graph_loader request_id= restore_session_id=cf7883236e014f2f9d122be6930c7c22 path_hash=8d2256b3cff6bbd2 wall_ms=2036.988 thread_cpu_ms=1870.0 process_cpu_ms=2710.0 read_bytes=not_observed_in_this_thread rchar=not_observed_in_this_thread minor_faults=None major_faults=None context_switches=None/None counter_status=unsupported legacy_counter_status=unsupported thread_cpu_status=unsupported process_cpu_status=unsupported io_status=unsupported page_fault_status=unsupported block_input_status=unsupported context_switch_status=unsupported native_thread_id=75
[v2.vae_early_activation] event=mode mode=sampling_end env_raw=sampling_end restored_instance_id=80222c32fbe648ceb8493b121ea6395d restore_session_id=cf7883236e014f2f9d122be6930c7c22
[v2.cpu_owner] operation=CLIPTextEncode role=CLIP wall_ms=2.409 process_cpu_ms=0.000 effective_cores=0.000 native_threads_start=51 native_threads_peak=52 native_threads_end=51
[v2.native_fast_disk_unet] decision=defer reason=ok stage=to patcher_class=comfy.model_patcher.ModelPatcher patcher_dynamic=0 param_count=453 parameter_bytes=12309817472 dtype_distribution={'torch.bfloat16': 453} device_distribution={'cpu': 453} cpu_params=453 cpu_buffers=1 get_model_ms=293.503 ctor_ms=0.139 bind_ms=None to_wall_ms=None to_device_ms=None to_device_ms_label=unavailable
[v2.native_fast_disk_unet] decision=complete reason=ok stage=load_model_weights patcher_class=comfy.model_patcher.ModelPatcher patcher_dynamic=0 param_count=453 parameter_bytes=12309817472 dtype_distribution={'torch.bfloat16': 453} device_distribution={'cuda': 453} cpu_params=0 cpu_buffers=0 get_model_ms=293.503 ctor_ms=0.139 bind_ms=18.126 to_wall_ms=3679.029 to_device_ms=3679.083 to_device_ms_label=synchronized_device
[v2.unet_runtime_state] stage=normal_loader_ready unet_identity=z_image_turbo_bf16.safetensors requested_weight_dtype=default effective_weight_dtype=default state={"current_device":"cuda:0","diffusion_model_object_id":"47436035062864","diffusion_model_type":"NextDiT","first_buffer_device":"absent","first_buffer_dtype":"absent","first_parameter_device":"cuda:0","first_parameter_dtype":"torch.bfloat16","forward_module":"NextDiT","forward_qualname":"NextDiT.forward","load_device":"cuda:0","loaded_models_member":"0","manual_cast_dtype":"absent","model_dtype":"torch.bfloat16","model_loaded_weight_memory":"0","model_lowvram":"False","model_lowvram_patch_counter":"0","model_object_id":"47437228243856","model_options_keys":["transformer_options"],"model_type":"Lumina2","object_patch_count":0,"offload_device":"cuda:0","patch_count":0,"patcher_object_id":"47436804985296","patcher_type":"ModelPatcher","transformer_options_keys":["wrappers"],"weight_dtype":"absent"}
standard
WARNING:root:[FeatureInjLatent] Reference latent: shape=torch.Size([1, 16, 240, 136])
[v2.sampler_boundary] event=sampler_lane_requested sampler_node_id=1242 sampler_node_class=ClownsharKSampler_Beta blocking_owner=absent
[v2.sampler_boundary] event=sampler_lane_acquired sampler_node_id=1242 sampler_node_class=ClownsharKSampler_Beta wait_ms=0.073 blocking_owner=absent
[CacheDiT] Transformer class: NextDiT (module: comfy.ldm.lumina.model)
[v2.gpu_load_boundary] event=load_models_gpu_start request_id=v2-benchmark-1-2e3c057b3f84 restored_instance_id=80222c32fbe648ceb8493b121ea6395d restore_session_id=cf7883236e014f2f9d122be6930c7c22 roles=UNET model_count=1 contains_registered_unet=1 caller_classification=graph_model_loading gpu_allocated_before=12416794624 gpu_reserved_before=12624855040
[v2.gpu_load_boundary] event=load_models_gpu_end request_id=v2-benchmark-1-2e3c057b3f84 restored_instance_id=80222c32fbe648ceb8493b121ea6395d restore_session_id=cf7883236e014f2f9d122be6930c7c22 roles=UNET model_count=1 caller_classification=graph_model_loading wall_ms=71.743 gpu_allocated_after=12416798720 gpu_allocated_delta_bytes=4096
[v2.cpu_owner] operation=load_models_gpu role=other wall_ms=73.260 process_cpu_ms=90.000 effective_cores=1.229 native_threads_start=51 native_threads_peak=52 native_threads_end=51
[v2.unet_identity_chain] check=stage_pair stage_a=bridge stage_b=sampler request_id=v2-benchmark-1-2e3c057b3f84 patcher_a_object_id=47436804985296 diffusion_a_object_id=47436035062864 patcher_b_object_id=47436060876368 diffusion_b_object_id=47436035062864 ok=1 reason=ok
[v2.unet_gpu_residency] sampler_wrapper_before_sample request_id=v2-benchmark-1-2e3c057b3f84 enforce=0 status=gpu_resident unet_object_id=47436060876368 parameter_count=453 gpu_parameter_count=453 cpu_parameter_count=0 meta_parameter_count=0 unknown_parameter_count=0 gpu_parameter_fraction=1.0 load_device=cuda:0 current_device=absent diffusion_model_current_device=absent model_cache_size=2 unet_in_model_cache=1 gpu_allocated_bytes=12420976640 gpu_reserved_bytes=12626952192
[v2.sampler_stall_watchdog] stage=armed request_id=v2-benchmark-1-2e3c057b3f84 restored_instance_id=80222c32fbe648ceb8493b121ea6395d sampler_node_id=1242 sampler_class=ClownsharKSampler_Beta patcher_object_id=47436060876368 diffusion_model_object_id=47436035062864 unet_object_id=47436060876368 first_forward_timeout_s=5.0 first_step_timeout_s=15.0
[v2.sampler_boundary] event=sampling_start request_id=v2-benchmark-1-2e3c057b3f84 restored_instance_id=80222c32fbe648ceb8493b121ea6395d node_id=1242 node_class=ClownsharKSampler_Beta steps=8 patcher_object_id=47436060876368 diffusion_model_object_id=47436035062864 diffusion_model_device=absent diffusion_model_current_device=absent gpu_allocated_bytes=12420976640 gpu_reserved_bytes=12626952192
(RES4LYF) rk_type: res_2s

[v2.unet_forward_boundary] event=first_unet_forward request_id=v2-benchmark-1-2e3c057b3f84 diffusion_model_object_id=47436035062864 patcher_object_id=47436804985296 model_object_id=47437228243856 x_device=cuda:0 x_dtype=torch.bfloat16 elapsed_ms=278.255
[v2.sampler_parity] UNET weight_dtype=torch.bfloat16 UNET compute_dtype=torch.bfloat16 manual_cast_dtype=None CacheDiT target=NextDiT CacheDiT attachment_count=1 CacheDiT fallback=0
[1A  0%|          | 0/8 [00:00<?, ?it/s]WARNING:root:[FeatureInjLatent] step=1 | progress=0.00 | eff_str=0.250 | no mask
WARNING:root:[FeatureInjLatent] step=2 | progress=0.01 | eff_str=0.214 | no mask
[v2.sampler_boundary] event=first_sampler_step request_id=v2-benchmark-1-2e3c057b3f84 restored_instance_id=80222c32fbe648ceb8493b121ea6395d node_id=1242 node_class=ClownsharKSampler_Beta steps=8 patcher_object_id=47436060876368 diffusion_model_object_id=47436035062864 diffusion_model_device=absent diffusion_model_current_device=absent gpu_allocated_bytes=12420976640 gpu_reserved_bytes=12626952192

[1A 12%|█▎        | 1/8 [00:01<00:09,  1.30s/it]WARNING:root:[FeatureInjLatent] step=3 | progress=0.03 | eff_str=0.178 | no mask

[1A 25%|██▌       | 2/8 [00:02<00:06,  1.08s/it]
[1A 38%|███▊      | 3/8 [00:02<00:04,  1.25it/s]
[1A 50%|█████     | 4/8 [00:03<00:02,  1.49it/s]
[1A 62%|██████▎   | 5/8 [00:03<00:01,  1.66it/s]
[1A 75%|███████▌  | 6/8 [00:04<00:01,  1.82it/s]
[1A 88%|████████▊ | 7/8 [00:04<00:00,  1.93it/s]
[1A100%|██████████| 8/8 [00:05<00:00,  2.00it/s]
[1A100%|██████████| 8/8 [00:05<00:00,  1.60it/s]
[v2.sampler_boundary] event=sampling_end request_id=v2-benchmark-1-2e3c057b3f84 restored_instance_id=80222c32fbe648ceb8493b121ea6395d node_id=1242 node_class=ClownsharKSampler_Beta steps=8 patcher_object_id=47436060876368 diffusion_model_object_id=47436035062864 diffusion_model_device=absent diffusion_model_current_device=absent gpu_allocated_bytes=12420976640 gpu_reserved_bytes=12626952192 duration_ms=5094.756
[v2.vae_early_activation] event=scheduled request_id=v2-benchmark-1-2e3c057b3f84 mode=sampling_end trigger=sampling_end key_hash=8581b20129e73e0b1bb1f3ce source=snapshot_vae vae_identity_hash=dd8f11d04333e24d vae_policy_version=1 vae_weight_dtype=bfloat16 vae_compute_dtype=bfloat16_native vae_memory_format=contiguous vae_prefetch_mode=off c5_impl_version=1.0.0 torch=2.13.0+cu130 cuda=13.0 arch=sm_75;sm_80;sm_86;sm_90;sm_100;sm_120 restored_instance_id=80222c32fbe648ceb8493b121ea6395d restore_session_id=cf7883236e014f2f9d122be6930c7c22
[v2.vae_early_activation] event=load_start request_id=v2-benchmark-1-2e3c057b3f84 mode=sampling_end key_hash=8581b20129e73e0b1bb1f3ce source=snapshot_vae vae_object_id=47436003211664 vae_patcher_object_id=47435992888912
[v2.gpu_load_boundary] event=load_models_gpu_start request_id=absent restored_instance_id=80222c32fbe648ceb8493b121ea6395d restore_session_id=cf7883236e014f2f9d122be6930c7c22 roles=modelpatcher model_count=1 contains_registered_unet=0 caller_classification=restore_vae_preparation gpu_allocated_before=12455577088 gpu_reserved_before=14791213056
[v2.gpu_load_boundary] event=load_models_gpu_end request_id=absent restored_instance_id=80222c32fbe648ceb8493b121ea6395d restore_session_id=cf7883236e014f2f9d122be6930c7c22 roles=modelpatcher model_count=1 caller_classification=restore_vae_preparation wall_ms=573.114 gpu_allocated_after=12634647552 gpu_allocated_delta_bytes=179070464
[v2.vae_early_activation] event=terminal request_id=v2-benchmark-1-2e3c057b3f84 mode=sampling_end key_hash=8581b20129e73e0b1bb1f3ce status=ready reason=ok error=absent transfer_count=1 vae_policy_version=1 vae_weight_dtype=bfloat16 vae_compute_dtype=bfloat16_native vae_memory_format=contiguous vae_prefetch_mode=off c5_impl_version=1.0.0 source=snapshot_vae
[v2.vae_early_activation] event=consumed request_id=v2-benchmark-1-2e3c057b3f84 mode=sampling_end key_hash=8581b20129e73e0b1bb1f3ce join_wait_ms=49.023 status=ready source=snapshot_vae
[v2.gpu_load_boundary] event=load_models_gpu_start request_id=v2-benchmark-1-2e3c057b3f84 restored_instance_id=80222c32fbe648ceb8493b121ea6395d restore_session_id=cf7883236e014f2f9d122be6930c7c22 roles=modelpatcher model_count=1 contains_registered_unet=0 caller_classification=graph_model_loading gpu_allocated_before=12634647552 gpu_reserved_before=12754878464
[v2.gpu_load_boundary] event=load_models_gpu_end request_id=v2-benchmark-1-2e3c057b3f84 restored_instance_id=80222c32fbe648ceb8493b121ea6395d restore_session_id=cf7883236e014f2f9d122be6930c7c22 roles=modelpatcher model_count=1 caller_classification=graph_model_loading wall_ms=23.775 gpu_allocated_after=12634647552 gpu_allocated_delta_bytes=0
[production.rgthree.encode] side=b (B-only) shape=(1, 1920, 1088, 3) dtype=torch.uint8
[v2.opt.output_encode] total_ms=168.013 png_compress_ms=157.97 gpu_to_cpu_ms=0.013
[v2.experiment] experiment=png_encode arm=level1 implementation_version=1 selector=request source=env settings={"compress_level":1}
[production.rgthree] node_id=107 a_count=0 b_count=1 encoded_unique=1 logical_outputs=1 return_a=0 temp_files_written=0 encode_ms=173.6
[v2.startup_stage] stage=first_prompt_executor_invocation event=end wall_unix_ns=1786586668984752789 monotonic_ns=685071466426 duration_ms=12507.666
[v2.pre_sampler_stages] request_id=v2-benchmark-1-2e3c057b3f84 restored_instance_id=80222c32fbe648ceb8493b121ea6395d restore_session_id=cf7883236e014f2f9d122be6930c7c22 container_session_id=931caa22faae4d3f modal_input_id=in-01KZWDSP26GGD6T9MFGPJXNS25:1786586650694-0 modal_task_id=ta-01KZWDSPPN156E7SGBM7XKSERR pid=2 boot_id=ea907ff9-2ab2-4170-8539-35a5414d9757 hostname=modal total_nodes=43 first_output_node=107:ComfyModalProductionImageComparerOutput first_executing_node=987:Any Switch (rgthree) sampler_stage_status=sampler_active method_entry_to_graph_start_ms=26.824 graph_setup_ms=98.186 certificate_ms=0.0 cert_identity_build_ms=0.0 cert_cache_hit=0 cert_volume_reload_ms=0.0 cert_file_read_ms=0.0 cert_json_parse_validate_ms=0.0 cert_total_ms=0.0 legacy_preflight_ms=0.0 prompt_validation_ms=0.0 certificate_skipped_preflight=1 certificate_skipped_prompt_validation=1 preflight_ms=0.0 validation_ms=0.0 missing_node_repair_ms=0.144 production_registry_setup_ms=0.053 production_registry_profile_setup_ms=0.053 pregraph_setup_ms=0.786 executor_reset_ms=0.448 sampler_lane_wait_ms=0.052 residual_before_invoke_ms=34.856 method_entry_to_runtime_configuration_ms=26.782 call_to_exec_start_ms=11.956 exec_start_to_cached_ms=2065.16 cached_to_first_executing_ms=103.94 call_to_cached_ms=2077.116 call_to_first_node_ms=2181.056 first_node_to_clip_ms=4.315 clip_to_sampler_node_ms=3853.995 sampler_node_to_sampler_start_ms=186.894 sampler_node_to_lane_acquired_ms=0.092 lane_acquired_to_actual_stage_ms=186.803 pre_sampler_total_ms=6351.24 measured_children_ms=6227.243 residual_ms=123.997 reconciliation_status=ok add_message=True send_sync=True has_sampler=True sampler_count=1 lane_acquired=True
[v2.opt.output_delivery] hash_ms=1.699 descriptor_ms=None
[v2.opt.output_delivery] hash_ms=1.699 descriptor_ms=0.015
[v2.startup_stage] stage=first_durable_result event=ready wall_unix_ns=1786586668996774642 monotonic_ns=685083488239 output_persisted=1
[v2.output] hashes=1 base64_encode=0 base64_decode=0 commit_ms=0.0 commit_status=skipped overlap_ms=0.0 serialized_bytes=2211
[v2.host_memory] stage=result_complete current_mib=absent peak_mib=absent limit_mib=absent process_rss_mib=14227.5 process_maxrss_mib=35687.4 oom_count=absent oom_kill_count=absent status=ok cgroup_path=absent cgroup_mount=absent
[v2.activation_diagnosis] request_id=v2-benchmark-1-2e3c057b3f84 cpu_snapshot_container_active=True execution_prefill_scheduled=True residency_diagnostics_enabled=0 clip_encode_calls=0 clip_encode_graph_calls=0 clip_encode_prefill_calls=0 clip_encode_wall_ms=0 clip_encode_graph_wall_ms=0 clip_encode_prefill_wall_ms=0 clip_encode_process_cpu_ms=0 load_models_gpu_calls=2 unet_gpu_load_calls=1 load_models_gpu_wall_ms=95.518 activation_receipt_count=3 gpu_allocated_delta_bytes=4096 cpu_peak_cores=7.494 cpu_above_16_ms=0.0 cpu_above_19_ms=0.0 cpu_longest_above_19_ms=absent cpu_overlap_graph_clip_ms=0.0 cpu_overlap_prefill_clip_ms=0.0 cpu_overlap_gpu_load_ms=0.0 clip_to_sampler_node_ms=3853.995 sampler_node_to_sampler_start_ms=186.894 diagnostic_accounted_ms=absent diagnostic_unattributed_ms=absent restore_requested_torch_intraop_threads=absent restore_actual_torch_intraop_threads=12 restore_torch_interop_threads=28 restore_torch_thread_limit_status=baseline_passthrough
[v2.process_cpu_spike] status=ok peak_effective_cores=7.494 duration_above_16_ms=0.000 duration_above_19_ms=0.000 longest_above_19_ms=0.000 sample_count=231
[v2.remote_request_origin.remote] request_id=v2-benchmark-1-2e3c057b3f84 trigger_source=benchmark ui_trigger_unix_ms=1786586651000 local_receive_unix_ns=1786586651000007424 modal_generator_create_start_unix_ns=1786586651023517300 modal_submission_attempt_unix_ns=absent modal_generator_created_unix_ns=absent modal_first_iteration_start_unix_ns=absent modal_first_remote_event_unix_ns=absent modal_method_entry_unix_ns=1786586656352013568 prompt_executor_invoke_start_unix_ns=1786586656476991232 trigger_to_dispatch_ms=0.007 dispatch_to_modal_entry_ms=None modal_entry_to_executor_ms=124.981 trigger_to_executor_ms=5476.991 modal_input_id=in-01KZWDSP26GGD6T9MFGPJXNS25:1786586650694-0 modal_task_id=ta-01KZWDSPPN156E7SGBM7XKSERR
[v2.critical_path] python_resume_to_restore_enter_ms=0.0 restore_total_ms=1044.103 restore_exit_to_run_enter_ms=198.009 run_enter_to_plan_received_ms=19.56 plan_received_to_executor_invoke_ms=105.42 executor_invoke_to_first_node_ms=2180.939 first_node_to_sampler_node_ms=3858.271 sampler_node_to_sampler_start_ms=186.894 pre_sampler_unattributed_ms=absent
[v2.cgroup_cpu_spike] status=unavailable reason=no readable cpu.stat candidates=/sys/fs/cgroup/cpu.stat errors=resolve_cgroup_v2_base: returned no readable cgroup base;probe2 path=/sys/fs/cgroup/cpu.stat: FileNotFoundError: [Errno 2] No such file or directory: '/sys/fs/cgroup/cpu.stat';parse_proc_cgroup: no unified 0:: entry
[v2.gpu_allocation] cuda_version=13.0 gpu_actual_name=NVIDIA RTX PRO 6000 Blackwell Server Edition gpu_compute_capability=12.0 gpu_requested_order=RTX-PRO-6000 gpu_vram_total_mib=97250 torch_version=2.13.0+cu130
V2 COLD WATERFALL - REMOTE/PARTIAL (awaiting host reconciliation)
Request: v2-benchmark-1-2e3c057b3f84  Instance: 80222c32fbe648ceb8493b121ea6395d  GPU: ['RTX-PRO-6000']  Fresh: YES
TOTAL WALL:        -   (command->response minus Modal scheduling)
SCHEDULING:        -   (informational - excluded from % and bars)
COMMAND->RESPONSE:  18.033s

+-----+------------------------------------------------+------------+------------+---------+---------------------------------------+
 # | Stage                                          | Duration |     Cum. |      % | Relative wall time
+-----+------------------------------------------------+------------+------------+---------+---------------------------------------+
  1 | Local preparation                              |     0.000s |     0.000s |   0.000% | +                                    
  2 | Modal handle and submission                    |          - |          - |       - |                                      
  3 | Modal scheduling + pre-Python restore (awai... |          - |          - |       - |                                      
  4 | Modal pre-Python snapshot restoration          |          - |          - |       - |                                      
  5 | Python/application restore                     |     1.055s |     1.055s |   5.849% | ##                                   
  6 | Restore-to-method entry                        |     0.198s |     1.253s |   1.098% | #                                    
  7 | ~ Method entry to UNET ownership claim         |          - |          - |       - |                                      
  8 | ~ UNET claim to ready (worker load)            |          - |          - |       - |                                      
  9 |   detail: Checkpoint read                      |     3.683s |          - |  20.424% |                                      
 10 |   detail: Read end ? construction done         |     0.294s |          - |   1.628% |                                      
 11 |   detail: Bind                                 |     0.018s |          - |   0.101% |                                      
 12 |   detail: Synchronized H2D                     |     3.679s |          - |  20.402% |                                      
 13 |   detail: H2D end ? UNET ready                 |     0.002s |          - |   0.009% |                                      
 14 |   detail: UNET ready ? sampler demand          |          - |          - |       - |                                      
 15 |   detail: Sampler demand ? join complete       |          - |          - |       - |                                      
 16 |   detail: Join complete ? sampling             |          - |          - |       - |                                      
 17 | Remote method setup                            |     0.125s |     1.378s |   0.693% | #                                    
 18 |   detail: method entry to graph start          |     0.027s |          - |   0.149% |                                      
 19 |   detail: method entry to runtime configura... |     0.027s |          - |   0.149% |                                      
 20 |   detail: runtime configuration                |     0.000s |          - |   0.000% |                                      
 21 |   detail: graph setup                          |     0.098s |          - |   0.544% |                                      
 22 |   detail: certificate                          |     0.000s |          - |   0.000% |                                      
 23 |   detail: preflight                            |     0.000s |          - |   0.000% |                                      
 24 |   detail: validation                           |     0.000s |          - |   0.000% |                                      
 25 |   detail: legacy runtime resolution            |     0.000s |          - |   0.000% |                                      
 26 |   detail: preload check                        |     0.003s |          - |   0.015% |                                      
 27 |   detail: missing-node repair                  |     0.000s |          - |   0.001% |                                      
 28 |   detail: production registry setup            |     0.000s |          - |   0.000% |                                      
 29 |   detail: pregraph setup                       |     0.001s |          - |   0.004% |                                      
 30 |   detail: executor reset                       |     0.000s |          - |   0.002% |                                      
 31 |   detail: residual before executor invoke      |     0.035s |          - |   0.193% |                                      
 32 |   detail: pre-sampler total                    |     6.351s |          - |  35.220% |                                      
 33 |   detail: measured pre-sampler children        |     6.227s |          - |  34.533% |                                      
 34 |   detail: pre-sampler residual                 |     0.124s |          - |   0.688% |                                      
 35 |   detail: UNET quiesce wait (diagnostic)       |          - |          - |       - |                                      
 36 |   detail: UNET transfer queue delay            |          - |          - |       - |                                      
 37 |   detail: UNET synchronized transfer           |          - |          - |       - |                                      
 38 |   detail: UNET scheduled ? worker start        |          - |          - |       - |                                      
 39 |   detail: Worker start ? checkpoint read start |          - |          - |       - |                                      
 40 | PromptExecutor/cache setup                     |     2.181s |     3.559s |  12.095% | ####                                 
 41 |   detail: PromptExecutor invoke to execution   |     0.012s |          - |   0.066% |                                      
 42 |   detail: execution to cached                  |     2.065s |          - |  11.452% |                                      
 43 |   detail: cached to first node                 |     0.104s |          - |   0.576% |                                      
 44 |   detail: graph/prefill activity               |          - |          - |       - |                                      
 45 |   detail: CPU owner: CLIPTextEncode [CLIP]     |     0.002s |          - |   0.013% |                                      
 46 |   detail: CPU owner: load_models_gpu [other]   |     0.073s |          - |   0.406% |                                      
 47 |   detail: Node: Any Switch (rgthree)           |     0.000s |          - |   0.001% |                                      
 48 |   detail: Node: VAELoader                      |     0.002s |          - |   0.010% |                                      
 49 |   detail: Node: ClownOptions_ExtraOptions_Beta |     0.000s |          - |   0.001% |                                      
 50 |   detail: Node: ImpactIfNone                   |     0.000s |          - |   0.000% |                                      
 51 |   detail: Node: easy ifElse                    |     0.000s |          - |   0.001% |                                      
 52 |   detail: Node: easy int                       |     0.000s |          - |   0.000% |                                      
 53 |   detail: Node: easy ifElse                    |     0.000s |          - |   0.000% |                                      
 54 |   detail: Node: PrimitiveStringMultiline       |     0.000s |          - |   0.002% |                                      
 55 |   detail: Node: JoinStrings                    |     0.000s |          - |   0.000% |                                      
 56 |   detail: Node: CLIPLoader                     |     0.002s |          - |   0.009% |                                      
 57 |   detail: Node: CLIPTextEncode                 |     0.003s |          - |   0.018% |                                      
 58 |   detail: Node: ConditioningZeroOut            |     0.002s |          - |   0.009% |                                      
 59 |   detail: Node: PairConditioningSetProperties  |     0.000s |          - |   0.001% |                                      
 60 |   detail: Node: CustomCombo                    |     0.000s |          - |   0.001% |                                      
 61 |   detail: Node: SimpleMath+                    |     0.000s |          - |   0.001% |                                      
 62 |   detail: Node: ImpactSwitch                   |     0.050s |          - |   0.277% |                                      
 63 |   detail: Node: UNETLoader                     |     3.745s |          - |  20.765% |                                      
 64 |   detail: Node: ModelSamplingAuraFlow          |     0.002s |          - |   0.013% |                                      
 65 |   detail: Node: CacheDiT_Model_Optimizer       |     0.000s |          - |   0.002% |                                      
 66 |   detail: Node: PathchSageAttentionKJ          |     0.000s |          - |   0.001% |                                      
 67 |   detail: Node: easy float                     |     0.000s |          - |   0.001% |                                      
 68 |   detail: Node: easy int                       |     0.000s |          - |   0.000% |                                      
 69 |   detail: Node: easy ifElse                    |     0.000s |          - |   0.001% |                                      
 70 |   detail: Node: StringToCombo|LP               |     0.000s |          - |   0.001% |                                      
 71 |   detail: Node: easy ifElse                    |     0.000s |          - |   0.001% |                                      
 72 |   detail: Node: CustomCombo                    |     0.000s |          - |   0.001% |                                      
 73 |   detail: Node: easy stringToIntList           |     0.000s |          - |   0.001% |                                      
 74 |   detail: Node: easy indexAnything             |     0.000s |          - |   0.001% |                                      
 75 |   detail: Node: easy stringToIntList           |     0.000s |          - |   0.000% |                                      
 76 |   detail: Node: easy indexAnything             |     0.000s |          - |   0.001% |                                      
 77 |   detail: Node: EmptyImage                     |     0.007s |          - |   0.038% |                                      
 78 |   detail: Node: ImageRotate                    |     0.002s |          - |   0.013% |                                      
 79 |   detail: Node: ImpactSwitch                   |     0.036s |          - |   0.200% |                                      
 80 |   detail: Node: easy imageSize                 |     0.000s |          - |   0.001% |                                      
 81 |   detail: Node: EmptySD3LatentImage            |     0.001s |          - |   0.006% |                                      
 82 |   detail: Node: Any Switch (rgthree)           |     0.000s |          - |   0.001% |                                      
 83 |   detail: Node: LGNoiseInjectionLatent         |     0.001s |          - |   0.007% |                                      
 84 |   detail: Node: ClownsharKSampler_Beta         |     0.196s |          - |   1.087% |                                      
 85 |   detail: PromptExecutor internal/unattributed |          - |          - |       - |                                      
 86 | First node to CLIP                             |     0.004s |     3.563s |   0.024% | #                                    
 87 | CLIP to sampler node                           |     3.854s |     7.417s |  21.372% | ########                             
 88 | Sampler graph-join wait                        |          - |          - |       - |                                      
 89 | Sampler node to sampling                       |     0.187s |     7.604s |   1.036% | #                                    
 90 |   detail: sampler lane wait                    |     0.000s |          - |   0.000% |                                      
 91 |   detail: sampler node to lane acquired        |     0.000s |          - |   0.001% |                                      
 92 |   detail: lane acquired to actual stage        |     0.187s |          - |   1.036% |                                      
 93 | Sampling                                       |     5.095s |    12.699s |  28.253% | ##########                           
 94 | Post-sampling transition                       |     0.531s |    13.229s |   2.942% | #                                    
 95 |   detail: Sampling end ? VAE scheduled         |     0.000s |          - |   0.002% |                                      
 96 |   detail: VAE scheduled ? worker/load start    |     0.004s |          - |   0.023% |                                      
 97 | VAE                                            |     0.481s |    13.710s |   2.665% | #                                    
 98 |   detail: VAE load/H2D                         |     0.575s |          - |   3.188% |                                      
 99 |   detail: VAE ready ? consumed                 |     0.000s |          - |   0.001% |                                      
 100 |   detail: Consumed ? decode start              |    INVALID |          - |       - |                                      
 101 | Output encode / descriptor                     |     0.187s |    13.897s |   1.036% | #                                    
 102 |   detail: output encode                        |          - |          - |       - |                                      
 103 |   detail: output commit                        |          - |          - |       - |                                      
 104 |   detail: VAE end ? output encode start        |     0.001s |          - |   0.004% |                                      
 105 |   detail: PNG encode                           |     0.179s |          - |   0.991% |                                      
 106 |   detail: Descriptor/materialization           |     0.008s |          - |   0.045% |                                      
 107 | Remote result handoff                          |          - |          - |       - |                                      
 108 |   detail: Remote result emitted                |          - |          - |       - |                                      
 109 |   detail: Deferred persistence after yield     |          - |          - |       - |                                      
 110 | Remote/local return                            |     0.036s |    13.933s |   0.200% | +                                    
 111 |   detail: Local receipt ? caller return        |          - |          - |       - |                                      
 112 | Residual (unattributed)                        |     4.100s |    18.033s |  22.737% | ========                             
+-----+------------------------------------------------+------------+------------+---------+---------------------------------------+
    | ACCOUNTED     |    13.933s |            |  77.263% | .....................................
    | RECONCILIATION |     4.100s |            |            | .....................................
    | TOTAL WALL |          - |            |       - |                                      
    | COMMAND -> RESPONSE |    18.033s |            |  100.0% | #####################################
    | TOP-LEVEL ACCOUNTED |    13.933s |            |  77.263% | .....................................
    | GLOBAL RESIDUAL |     4.100s |            |            | .....................................
    | RESIDUAL %     |    22.737% |            |            | .....................................
    | RECONCILIATION STATUS | EXCEEDS_TOLERANCE |            |            | .....................................
    | CONTROLLABLE APPLICATION WALL |    13.933s |            |            | .....................................
    | PLATFORM/MODAL WALL |     0.000s |            |            | .....................................
Boundary flags: modal_restore_begin_unavailable (modal_scheduling covers submission->python_resume combined), submission_boundary_unavailable (submission boundary absent; scheduling spans cannot start at the local submit)
REMOTE/PARTIAL WATERFALL - awaiting host reconciliation (missing: missing_submission, missing_modal_restore_begin, missing_local_result_receipt)
+-----+------------------------------------------------+------------+------------+---------+---------------------------------------+
Warnings:
  - global residual 4100.168ms (22.74%) of command-to-response unaccounted
  - reconciliation exceeds tolerance: 4100.168ms > 45.082ms
Restoring Function from memory snapshot.
[v2.startup_stage] stage=post_snapshot_restore event=start wall_unix_ns=1786586783541160774 monotonic_ns=1468541920156
[v2.snapshot_timing] snapshot_callback_age_at_restore_ms=1433151.887 snapshot_callback_to_command_start_ms=unavailable command_start_to_restore_start_ms=unavailable request_latency_included=0 source=snapshot_callback_return_to_restore_start
[v2.snapshot_model_eviction] stage=restore_observed marker=1 cpu_snapshot_models_present=1 clip_present=1 unet_present=0 retained_role=clip_vae retained_model_id=0 retained_model_type= rss_after_restore_mib=11495.109375 native_thread_count=46 torch_intraop=12 torch_interop=14 wall_unix_ns=1786586783553737780
[v2.snapshot_model_eviction] stage=restore_release_retained retain_role=clip_vae status=container_retained container_present=1 clip_present=1 vae_present=1 unet_present=0 retained_slot_release=0 retained_model_id=0 retained_alive_after_release=0 rss_before_release_mib=absent rss_after_gc_mib=absent rss_after_trim_mib=absent rss_drop_mib=absent malloc_trim_status=absent malloc_trim_result=absent restore_release_start_wall_unix_ns=1786586783553883900 restore_release_end_wall_unix_ns=1786586783553883900 wall_unix_ns=1786586783553883900
[v2.residency_config] enabled=0
[v2.host_memory] stage=restore_start current_mib=absent peak_mib=absent limit_mib=absent process_rss_mib=11777.8 process_maxrss_mib=35701.1 oom_count=absent oom_kill_count=absent status=ok cgroup_path=absent cgroup_mount=absent
[v2.runtime_shape] stage=after_restore runtime_shape_fingerprint=f504e296c398bdcb2c4c07e2 runtime_shape_label=None thread_policy=TBASE snapshot_model_order=O0 cpu_request=12 memory_request=32768 native_thread_count=46 configured_omp=None configured_mkl=None configured_openblas=None configured_numexpr=None malloc_arena_max=None native_library_settings={'OMP_NUM_THREADS': '12', 'MKL_NUM_THREADS': '12', 'OPENBLAS_NUM_THREADS': '12', 'NUMEXPR_NUM_THREADS': None, 'MALLOC_ARENA_MAX': None} torch_intraop_threads=12 torch_interop_threads=14 actual_torch_intraop_threads=12 actual_torch_interop_threads=14 requested_torch_intraop_threads=None requested_torch_interop_threads=None requested_vs_actual_match=True status=baseline_passthrough error=
[v2.opt.gpu_state] total_memory_ms=252.941
[comfyapp] gpu_state restored vram=97250MB ram=1048576MB vram_state=VRAMState.HIGH_VRAM in 255.3ms
[restore.cuda_context] available=1 device_index=0 device=NVIDIA RTX PRO 6000 Blackwell Server Edition sync_ms=2.448 total_ms=2.623
[v2.sage_restore] decision=snapshot_exact_skip discovery_called=0 verify_ms=0.194
[v2.custom_node_restore] decision=snapshot_exact_skip callback_called=0 source=persisted_record check_ms=0.891
[v2.startup_stage] stage=snapshot_execution_seed event=start wall_unix_ns=1786586784022205185 monotonic_ns=1469022964217
[v2.seed_restore] source=startup_minimal schema=2 topology_available=0 workflow_hash= loader_signatures=0
[v2.startup_stage] stage=snapshot_execution_seed event=end wall_unix_ns=1786586784025306574 monotonic_ns=1469026065716 duration_ms=3.101
[v2.generation_identity] method=restore custom_nodes_generation='fbecafb8ae72728ebc36d581…' raw_empty=false source=persisted_record runtime_state_generation='' api_object_id=47368319473040 deployment_combined_hash=1bd881d798947977
[v2.prefill_config] env=critical parsed=critical cpu_snapshot_container_active=0 native_fast_disk_unet_execution_active=0
[v2.restore_breakdown] bootstrap_ms=441.032 unet_cache_patch_ms=None clip_prepare_submit_ms=None clip_worker_wait_ms=None unet_spec_extract_ms=None bg_unet_submit_ms=None restore_finalize_ms=0.182
[v2.clip_stages] worker_queue_ms=None load_torch_file_ms=None read_to_ready_ms=None post_read_cpu_prepare_ms=None gpu_wait_ms=None gpu_commit_ms=None read_end_to_ready_ms=None worker_total_ms=None worker_close_wait_ms=None restore_finalization_ms=0.182
[v2.restoration_identity] restored_instance_id=805b19d5b6e74e35b35b19e663a91438 restore_session_id=b3fc872b9078464691af36c9d727fa6e container_session_id=a416429a49c8434d modal_task_id=ta-01KZWDXHAKPPF2FDF847BGB5PR modal_image_id=im-8KexmbMytHCmXTxTMl6pl9 modal_cloud=CLOUD_PROVIDER_GCP modal_region=us-east4 pid=2 hostname=modal restore_total_ms=472.633 remote_python_resume_wall_unix_ns=1786586783541120000 restore_method_start_wall_unix_ns=1786586783541120000 restore_method_end_wall_unix_ns=1786586784026604544 modal_method_entry_wall_unix_ns=absent restore_status=success restore_method_status=success 
[v2.lifecycle] method=restore snap=False container_session=a416429a49c8434d restore_count=1 restore_total_ms=472.633 remote_python_resume_wall_unix_ns=1786586783541120000 restore_method_start_wall_unix_ns=1786586783541120000 restore_method_end_wall_unix_ns=1786586784026604544 modal_method_entry_wall_unix_ns=absent restore_status=success restore_method_status=success status=restored
[v2.host_memory] stage=restore_complete current_mib=absent peak_mib=absent limit_mib=absent process_rss_mib=13339.2 process_maxrss_mib=35701.1 oom_count=absent oom_kill_count=absent status=ok cgroup_path=absent cgroup_mount=absent
[v2.gpu_allocation] cuda_version=13.0 gpu_actual_name=NVIDIA RTX PRO 6000 Blackwell Server Edition gpu_compute_capability=12.0 gpu_requested_order=RTX-PRO-6000 gpu_vram_total_mib=97250 torch_version=2.13.0+cu130
[v2.startup_stage] stage=post_snapshot_restore event=end wall_unix_ns=1786586784030343932 monotonic_ns=1469031102754 duration_ms=489.183
[v2.startup_stage] stage=first_remote_method_entry event=entry wall_unix_ns=1786586784041581218 monotonic_ns=1469042340030
[v2.env_profile] effective_profile=inherit container_profile=inherit request_override=inherit request_override_applied=0 source=request-inherit-noop
[v2.request_variance_env] COMFYMODAL_V2_CONDITIONING_CACHE_ASYNC_LRU=1
[v2.local_submission_breakdown.remote] request_id=v2-benchmark-0-01262b28918d local_receive_to_worker_start_ms=21860.0 worker_start_to_normalize_start_ms=0.0 normalize_production_options_ms=0.0 normalize_end_to_trace_construct_start_ms=0.0 runtime_trace_construct_ms=0.0 trace_construct_to_options_copy_start_ms=15.0 benchmark_options_copy_ms=0.0 options_copy_to_client_id_start_ms=0.0 client_id_generation_ms=0.0 client_id_end_to_plan_call_ms=0.0 plan_call_to_function_entry_ms=0.0 worker_start_to_plan_build_ms=15.0 local_receive_to_plan_build_start_ms=21875.0 worker_queue_ms=15.0 plan_build_ms=78.0 plan_build_to_execute_plan_entry_ms=0.0 execute_plan_entry_to_plan_materialization_ms=0.0 plan_materialization_ms=0.0 plan_materialization_to_active_profile_ms=0.0 active_profile_ms=0.0 restore_plan_build_ms=absent restore_publish_ms=absent restore_publish_to_transport_entry_ms=absent transport_entry_to_handle_lookup_ms=0.0 handle_lookup_ms=absent payload_materialization_ms=0.0 payload_size_measurement_ms=0.0 payload_size_to_serialize_end_ms=0.0 payload_ready_to_modal_call_ms=0.0 local_receive_to_modal_call_ms=21953.0 generator_create_ms=absent generator_created_to_first_iteration_ms=absent local_receive_to_actual_submission_ms=absent measured_children_ms=absent residual_ms=absent reconciliation_status=incomplete profile_cache_hit=False profile_remote_call_performed=False profile_checker_matched=False restore_publish_cache_hit=absent restore_remote_call_performed=absent handle_cache_hit=absent plan_to_dict_count=1 payload_bytes=19464 active_profile_local_ms=0.0 active_profile_cache_lookup_ms=0.0 active_profile_checker_ms=0.0 active_profile_setter_ms=0.0 active_profile_total_ms=0.0 created_modal_client=False performed_cls_from_name=False constructed_class_instance=False input_image_count=0 workflow_node_count=43 unmeasured_boundary=absent
[v2.seed_restore] source=invocation_plan schema=2 topology_available=1 workflow_hash=2e43d4c0ba3b82c0 loader_nodes=3 sampler_nodes=1 reachable_nodes=43 static_signatures=43
[v2.runtime_shape] stage=request_entry runtime_shape_fingerprint=f504e296c398bdcb2c4c07e2 runtime_shape_label=None thread_policy=TBASE snapshot_model_order=O0 cpu_request=12 memory_request=32768 native_thread_count=48 configured_omp=None configured_mkl=None configured_openblas=None configured_numexpr=None malloc_arena_max=None native_library_settings={'OMP_NUM_THREADS': '12', 'MKL_NUM_THREADS': '12', 'OPENBLAS_NUM_THREADS': '12', 'NUMEXPR_NUM_THREADS': None, 'MALLOC_ARENA_MAX': None} torch_intraop_threads=12 torch_interop_threads=14 actual_torch_intraop_threads=12 actual_torch_interop_threads=14 requested_torch_intraop_threads=None requested_torch_interop_threads=None requested_vs_actual_match=True status=baseline_passthrough error=
[v2.method_entry_gap] restore_to_method_ms=11.265 first_line_to_running_log_ms=7.277 same_process=True identity_mismatch_reasons=none remote_python_resume_wall_unix_ns=1786586783541120000 restore_method_start_wall_unix_ns=1786586783541120000 restore_method_end_wall_unix_ns=1786586784026604544 modal_method_entry_wall_unix_ns=1786586784041571840 restore_end_to_modal_method_ms=14.957
[v2.snapshot_timing] snapshot_callback_age_at_restore_ms=1433151.887 snapshot_callback_to_command_start_ms=1403901.513 command_start_to_restore_start_ms=29250.12 command_start_to_python_resume_ms=29250.12 command_start_to_restore_end_ms=29735.604 request_latency_included=0_for_callback_age
[v2.host_memory] stage=prompt_executor_start current_mib=absent peak_mib=absent limit_mib=absent process_rss_mib=13339.5 process_maxrss_mib=35701.1 oom_count=absent oom_kill_count=absent status=ok cgroup_path=absent cgroup_mount=absent
[v2.cpu_snapshot_models] cpu_snapshot_models_present=1 clip_present=1 unet_present=0 cpu_snapshot_active=0
[v2.cpu_snapshot_request] status=present_but_inactive clip_present=1 unet_present=0 action=clip_vae_only_request_activation
[v2.cpu_snapshot_request] status=clip_vae_only_bind clip_source=cpu_snapshot vae_source=cpu_snapshot unet_source=normal_loader clip_object_id=47371660142288 vae_object_id=47371571475216
[v2.cpu_snapshot_request] status=reused reason=clip_vae_only
[v2.unet_identity_chain] stage=snapshot request_id=v2-benchmark-0-01262b28918d unet_object_id=0
[v2.unet_identity_chain] stage=bridge request_id=v2-benchmark-0-01262b28918d unet_object_id=0
[v2.snapshot_activation_invariant] profile=inherit models_container_present=1 clip_present=1 unet_present=0 snapshot_enabled_by_config=1 cpu_snapshot_container_active=1 loader_bridge_active=1 execution_prefill_allowed=0 status=pass reason=ok
[v2.execution_prefill] snapshot_active=1 env_raw=critical scheduled=1
[v2.execution_unet] scheduled=1 snapshot_unet_absent=1 request_id=v2-benchmark-0-01262b28918d
[v2.plan_proof] schema=1 payload=yes validated=True outputs=2 out_ids=107,935:931 wf_hash=2e43d4c0ba3b82c0 recomputed=2e43d4c0ba3b82c0 match=True dep_complete=True consumed=False cert_decision=legacy
[v2.plan_proof.registry] workflow_class_count=31 host_proved_count=31 snapshot_proved_count=31 missing_host=0 missing_snapshot=0 identity_mismatch=0 workflow_registry_match=1 reason=
[v2.plan_proof] parity proof_present=1 proof_complete=1 proof_valid=1 dep_match=1 gen_match=1 wf_reg_match=1 reg_full_match=0 dep_proof_match=1 eligible=1 reason=ok consumed=False
[v2.exec] res4lyf_dummy_init_disabled=1 reported_injected=1 actual_injected=1
[preflight.model_reads] restore_preload_active=0 selected_clip=/root/comfy/ComfyUI/models/text_encoders/qwen_3_4b.safetensors
[v2.generation_identity] custom_nodes_generation='fbecafb8ae72728ebc36d581…' raw_empty=false source=persisted_record runtime_state_generation='' api_object_id=47368319473040 deployment_combined_hash=1bd881d798947977
[v2.plan_proof] decision=plan_validation_fast_path consumed=1 workflow_hash_match=1 validation_hash_match=1 plan_complete=1 snapshot_complete=1 snapshot_valid=1 dep_match=1 gen_match=1 wf_reg_match=1 dependency_match=1 repair_changed=0 outputs_nonempty=1 eligible=1
[active_read] registered owner=graph_loader key=/__modal/volumes/vo-QI6fCKykvocVkUBVGsuZgm/diffusion_models/z_image_turbo_bf16.s active_read_id=a2259fa6d8ad4402 restored_instance_id=805b19d5b6e74e35b35b19e663a91438 restore_session_id=b3fc872b9078464691af36c9d727fa6e request_id= start_wall_unix_ns=1786586784083493376 start_monotonic_ns=1469084242865 start_thread_time_ns=0 start_process_time_ns=104120000000 native_tid=75 active_read_path_hash=8d2256b3cff6bbd2 active_read_file_size=12309866400 active_read_st_dev=30 active_read_st_ino=103 active_read_governor_enabled=0 active_read_priority=100 active_read_size_bytes=12309866400 active_read_size_mb=11739.6 active_read_is_large=1 active_read_classification_source=file_size active_read_queue_enter_ms=0.0 active_read_queue_exit_ms=0.0 active_read_queue_wait_ms=0.0 active_read_large_slots_used_at_enter=0 active_read_large_slots_used_at_start=0 active_read_concurrent_large_reads_at_start=1 active_read_attached_existing_future=0 active_read_duplicate_prevented=0
[v2.clip_conditioning_cache] event=mode flag=COMFYMODAL_V2_CLIP_CONDITIONING_CACHE enabled=1 root=/root/prompt_cache_vol/exact_conditioning max_entries=64 max_bytes=536870912
[v2.host_memory] stage=peak_execution current_mib=absent peak_mib=absent limit_mib=absent process_rss_mib=25082.6 process_maxrss_mib=35701.1 oom_count=absent oom_kill_count=absent status=ok cgroup_path=absent cgroup_mount=absent
[v2.startup_stage] stage=first_prompt_executor_invocation event=start wall_unix_ns=1786586784100993377 monotonic_ns=1469101752749
[v2.experiment] experiment=conditioning_hit arm=async_lru implementation_version=1 selector=request source=env settings={"async_lru":true}
[v2.unet_early_activation] event=mode mode=late env_raw=late restored_instance_id=805b19d5b6e74e35b35b19e663a91438 restore_session_id=b3fc872b9078464691af36c9d727fa6e
[v2.unet_early_activation] event=skipped request_id=v2-benchmark-0-01262b28918d mode=late trigger=conditioning_cache_hit reason=cpu_snapshot_mode_inactive eligible=0
[v2.clip_conditioning_cache] decision=exact_hit key_hash=e24059626b0f3d17f0ba656e18d396b1449e52b9b046a4cf35d5f7874baafa2f identity_status=valid encode_calls=0 schema_version=1 validation_scope=clip_model_workflow_custom_nodes_schema_format_side_conditioning_inputs entries=1 request_id=v2-benchmark-0-01262b28918d
[active_read] completed owner=graph_loader key=/__modal/volumes/vo-QI6fCKykvocVkUBVGsuZgm/diffusion_models/z_image_turbo_bf16.s active_read_id=a2259fa6d8ad4402 restored_instance_id=805b19d5b6e74e35 restore_session_id=b3fc872b9078464691af36c9d727fa6e complete_wall_unix_ns=1786586785330034176 complete_monotonic_ns=1470330787020 complete_thread_time_ns=1090000000 complete_process_time_ns=105700000000 complete_native_tid=75 wall_ms=1246.544 thread_cpu_ms=1090.0 process_cpu_ms=1580.0 majf=None minf=None inblock=None nvcsw=None nivcsw=None read_bytes=None rchar=None path_hash=8d2256b3cff6bbd2 file_size=12309866400 st_dev=30 st_ino=103
[v2.active_read_diag] active_read_id=a2259fa6d8ad4402 owner=graph_loader request_id= restore_session_id=b3fc872b9078464691af36c9d727fa6e path_hash=8d2256b3cff6bbd2 wall_ms=1246.544 thread_cpu_ms=1090.0 process_cpu_ms=1580.0 read_bytes=not_observed_in_this_thread rchar=not_observed_in_this_thread minor_faults=None major_faults=None context_switches=None/None counter_status=unsupported legacy_counter_status=unsupported thread_cpu_status=unsupported process_cpu_status=unsupported io_status=unsupported page_fault_status=unsupported block_input_status=unsupported context_switch_status=unsupported native_thread_id=75
[v2.vae_early_activation] event=mode mode=sampling_end env_raw=sampling_end restored_instance_id=805b19d5b6e74e35b35b19e663a91438 restore_session_id=b3fc872b9078464691af36c9d727fa6e
[v2.cpu_owner] operation=CLIPTextEncode role=CLIP wall_ms=2.147 process_cpu_ms=0.000 effective_cores=0.000 native_threads_start=52 native_threads_peak=53 native_threads_end=52
[v2.native_fast_disk_unet] decision=defer reason=ok stage=to patcher_class=comfy.model_patcher.ModelPatcher patcher_dynamic=0 param_count=453 parameter_bytes=12309817472 dtype_distribution={'torch.bfloat16': 453} device_distribution={'cpu': 453} cpu_params=453 cpu_buffers=1 get_model_ms=325.578 ctor_ms=0.167 bind_ms=None to_wall_ms=None to_device_ms=None to_device_ms_label=unavailable
[v2.native_fast_disk_unet] decision=complete reason=ok stage=load_model_weights patcher_class=comfy.model_patcher.ModelPatcher patcher_dynamic=0 param_count=453 parameter_bytes=12309817472 dtype_distribution={'torch.bfloat16': 453} device_distribution={'cuda': 453} cpu_params=0 cpu_buffers=0 get_model_ms=325.578 ctor_ms=0.167 bind_ms=15.463 to_wall_ms=2444.307 to_device_ms=2444.349 to_device_ms_label=synchronized_device
[v2.unet_runtime_state] stage=normal_loader_ready unet_identity=z_image_turbo_bf16.safetensors requested_weight_dtype=default effective_weight_dtype=default state={"current_device":"cuda:0","diffusion_model_object_id":"47371970984080","diffusion_model_type":"NextDiT","first_buffer_device":"absent","first_buffer_dtype":"absent","first_parameter_device":"cuda:0","first_parameter_dtype":"torch.bfloat16","forward_module":"NextDiT","forward_qualname":"NextDiT.forward","load_device":"cuda:0","loaded_models_member":"0","manual_cast_dtype":"absent","model_dtype":"torch.bfloat16","model_loaded_weight_memory":"0","model_lowvram":"False","model_lowvram_patch_counter":"0","model_object_id":"47371970981840","model_options_keys":["transformer_options"],"model_type":"Lumina2","object_patch_count":0,"offload_device":"cuda:0","patch_count":0,"patcher_object_id":"47371971157904","patcher_type":"ModelPatcher","transformer_options_keys":["wrappers"],"weight_dtype":"absent"}
standard
WARNING:root:[FeatureInjLatent] Reference latent: shape=torch.Size([1, 16, 240, 136])
[v2.sampler_boundary] event=sampler_lane_requested sampler_node_id=1242 sampler_node_class=ClownsharKSampler_Beta blocking_owner=absent
[v2.sampler_boundary] event=sampler_lane_acquired sampler_node_id=1242 sampler_node_class=ClownsharKSampler_Beta wait_ms=0.07 blocking_owner=absent
[CacheDiT] Transformer class: NextDiT (module: comfy.ldm.lumina.model)
[v2.gpu_load_boundary] event=load_models_gpu_start request_id=v2-benchmark-0-01262b28918d restored_instance_id=805b19d5b6e74e35b35b19e663a91438 restore_session_id=b3fc872b9078464691af36c9d727fa6e roles=UNET model_count=1 contains_registered_unet=1 caller_classification=graph_model_loading gpu_allocated_before=12416794624 gpu_reserved_before=12624855040
[v2.gpu_load_boundary] event=load_models_gpu_end request_id=v2-benchmark-0-01262b28918d restored_instance_id=805b19d5b6e74e35b35b19e663a91438 restore_session_id=b3fc872b9078464691af36c9d727fa6e roles=UNET model_count=1 caller_classification=graph_model_loading wall_ms=55.63 gpu_allocated_after=12416798720 gpu_allocated_delta_bytes=4096
[v2.cpu_owner] operation=load_models_gpu role=other wall_ms=56.668 process_cpu_ms=60.000 effective_cores=1.059 native_threads_start=52 native_threads_peak=53 native_threads_end=52
[v2.unet_identity_chain] check=stage_pair stage_a=bridge stage_b=sampler request_id=v2-benchmark-0-01262b28918d patcher_a_object_id=47371971157904 diffusion_a_object_id=47371970984080 patcher_b_object_id=47371715524880 diffusion_b_object_id=47371970984080 ok=1 reason=ok
[v2.unet_gpu_residency] sampler_wrapper_before_sample request_id=v2-benchmark-0-01262b28918d enforce=0 status=gpu_resident unet_object_id=47371715524880 parameter_count=453 gpu_parameter_count=453 cpu_parameter_count=0 meta_parameter_count=0 unknown_parameter_count=0 gpu_parameter_fraction=1.0 load_device=cuda:0 current_device=absent diffusion_model_current_device=absent model_cache_size=2 unet_in_model_cache=1 gpu_allocated_bytes=12420976640 gpu_reserved_bytes=12626952192
[v2.sampler_stall_watchdog] stage=armed request_id=v2-benchmark-0-01262b28918d restored_instance_id=805b19d5b6e74e35b35b19e663a91438 sampler_node_id=1242 sampler_class=ClownsharKSampler_Beta patcher_object_id=47371715524880 diffusion_model_object_id=47371970984080 unet_object_id=47371715524880 first_forward_timeout_s=5.0 first_step_timeout_s=15.0
[v2.sampler_boundary] event=sampling_start request_id=v2-benchmark-0-01262b28918d restored_instance_id=805b19d5b6e74e35b35b19e663a91438 node_id=1242 node_class=ClownsharKSampler_Beta steps=8 patcher_object_id=47371715524880 diffusion_model_object_id=47371970984080 diffusion_model_device=absent diffusion_model_current_device=absent gpu_allocated_bytes=12420976640 gpu_reserved_bytes=12626952192
(RES4LYF) rk_type: res_2s

[v2.unet_forward_boundary] event=first_unet_forward request_id=v2-benchmark-0-01262b28918d diffusion_model_object_id=47371970984080 patcher_object_id=47371971157904 model_object_id=47371970981840 x_device=cuda:0 x_dtype=torch.bfloat16 elapsed_ms=177.218
[v2.sampler_parity] UNET weight_dtype=torch.bfloat16 UNET compute_dtype=torch.bfloat16 manual_cast_dtype=None CacheDiT target=NextDiT CacheDiT attachment_count=1 CacheDiT fallback=0
[1A  0%|          | 0/8 [00:00<?, ?it/s]WARNING:root:[FeatureInjLatent] step=1 | progress=0.00 | eff_str=0.250 | no mask
WARNING:root:[FeatureInjLatent] step=2 | progress=0.01 | eff_str=0.214 | no mask
[v2.sampler_boundary] event=first_sampler_step request_id=v2-benchmark-0-01262b28918d restored_instance_id=805b19d5b6e74e35b35b19e663a91438 node_id=1242 node_class=ClownsharKSampler_Beta steps=8 patcher_object_id=47371715524880 diffusion_model_object_id=47371970984080 diffusion_model_device=absent diffusion_model_current_device=absent gpu_allocated_bytes=12420976640 gpu_reserved_bytes=12626952192

[1A 12%|█▎        | 1/8 [00:01<00:07,  1.13s/it]WARNING:root:[FeatureInjLatent] step=3 | progress=0.03 | eff_str=0.178 | no mask

[1A 25%|██▌       | 2/8 [00:02<00:06,  1.01s/it]
[1A 38%|███▊      | 3/8 [00:02<00:03,  1.31it/s]
[1A 50%|█████     | 4/8 [00:02<00:02,  1.55it/s]
[1A 62%|██████▎   | 5/8 [00:03<00:01,  1.72it/s]
[1A 75%|███████▌  | 6/8 [00:03<00:01,  1.85it/s]
[1A 88%|████████▊ | 7/8 [00:04<00:00,  1.95it/s]
[1A100%|██████████| 8/8 [00:04<00:00,  2.02it/s]100%|██████████| 8/8 [00:04<00:00,  1.66it/s]
[v2.sampler_boundary] event=sampling_end request_id=v2-benchmark-0-01262b28918d restored_instance_id=805b19d5b6e74e35b35b19e663a91438 node_id=1242 node_class=ClownsharKSampler_Beta steps=8 patcher_object_id=47371715524880 diffusion_model_object_id=47371970984080 diffusion_model_device=absent diffusion_model_current_device=absent gpu_allocated_bytes=12420976640 gpu_reserved_bytes=12626952192 duration_ms=4887.274
[v2.vae_early_activation] event=scheduled request_id=v2-benchmark-0-01262b28918d mode=sampling_end trigger=sampling_end key_hash=d7ef98a9e6841138f6d8c265 source=snapshot_vae vae_identity_hash=dd8f11d04333e24d vae_policy_version=1 vae_weight_dtype=bfloat16 vae_compute_dtype=bfloat16_native vae_memory_format=contiguous vae_prefetch_mode=off c5_impl_version=1.0.0 torch=2.13.0+cu130 cuda=13.0 arch=sm_75;sm_80;sm_86;sm_90;sm_100;sm_120 restored_instance_id=805b19d5b6e74e35b35b19e663a91438 restore_session_id=b3fc872b9078464691af36c9d727fa6e
[v2.vae_early_activation] event=load_start request_id=v2-benchmark-0-01262b28918d mode=sampling_end key_hash=d7ef98a9e6841138f6d8c265 source=snapshot_vae vae_object_id=47371571475216 vae_patcher_object_id=47371659918032
[v2.gpu_load_boundary] event=load_models_gpu_start request_id=absent restored_instance_id=805b19d5b6e74e35b35b19e663a91438 restore_session_id=b3fc872b9078464691af36c9d727fa6e roles=modelpatcher model_count=1 contains_registered_unet=0 caller_classification=restore_vae_preparation gpu_allocated_before=12455577088 gpu_reserved_before=14791213056
[v2.gpu_load_boundary] event=load_models_gpu_end request_id=absent restored_instance_id=805b19d5b6e74e35b35b19e663a91438 restore_session_id=b3fc872b9078464691af36c9d727fa6e roles=modelpatcher model_count=1 caller_classification=restore_vae_preparation wall_ms=890.165 gpu_allocated_after=12634647552 gpu_allocated_delta_bytes=179070464
[v2.vae_early_activation] event=terminal request_id=v2-benchmark-0-01262b28918d mode=sampling_end key_hash=d7ef98a9e6841138f6d8c265 status=ready reason=ok error=absent transfer_count=1 vae_policy_version=1 vae_weight_dtype=bfloat16 vae_compute_dtype=bfloat16_native vae_memory_format=contiguous vae_prefetch_mode=off c5_impl_version=1.0.0 source=snapshot_vae
[v2.vae_early_activation] event=consumed request_id=v2-benchmark-0-01262b28918d mode=sampling_end key_hash=d7ef98a9e6841138f6d8c265 join_wait_ms=33.851 status=ready source=snapshot_vae
[v2.gpu_load_boundary] event=load_models_gpu_start request_id=v2-benchmark-0-01262b28918d restored_instance_id=805b19d5b6e74e35b35b19e663a91438 restore_session_id=b3fc872b9078464691af36c9d727fa6e roles=modelpatcher model_count=1 contains_registered_unet=0 caller_classification=graph_model_loading gpu_allocated_before=12634647552 gpu_reserved_before=12754878464
[v2.gpu_load_boundary] event=load_models_gpu_end request_id=v2-benchmark-0-01262b28918d restored_instance_id=805b19d5b6e74e35b35b19e663a91438 restore_session_id=b3fc872b9078464691af36c9d727fa6e roles=modelpatcher model_count=1 caller_classification=graph_model_loading wall_ms=23.935 gpu_allocated_after=12634647552 gpu_allocated_delta_bytes=0
[production.rgthree.encode] side=b (B-only) shape=(1, 1920, 1088, 3) dtype=torch.uint8
[v2.opt.output_encode] total_ms=578.812 png_compress_ms=555.307 gpu_to_cpu_ms=0.009
[production.rgthree] node_id=107 a_count=0 b_count=1 encoded_unique=1 logical_outputs=1 return_a=0 temp_files_written=0 encode_ms=581.4
[v2.startup_stage] stage=first_prompt_executor_invocation event=end wall_unix_ns=1786586795054136205 monotonic_ns=1480054890994 duration_ms=10953.138
[v2.pre_sampler_stages] request_id=v2-benchmark-0-01262b28918d restored_instance_id=805b19d5b6e74e35b35b19e663a91438 restore_session_id=b3fc872b9078464691af36c9d727fa6e container_session_id=a416429a49c8434d modal_input_id=in-01KZWDXGDNZDBNX2MFSW2J6T51:1786586775990-0 modal_task_id=ta-01KZWDXHAKPPF2FDF847BGB5PR pid=2 boot_id=a41aed6f-9562-4de2-b90f-a16d8714f8dd hostname=modal total_nodes=43 first_output_node=107:ComfyModalProductionImageComparerOutput first_executing_node=987:Any Switch (rgthree) sampler_stage_status=sampler_active method_entry_to_graph_start_ms=16.529 graph_setup_ms=42.815 certificate_ms=0.0 cert_identity_build_ms=0.0 cert_cache_hit=0 cert_volume_reload_ms=0.0 cert_file_read_ms=0.0 cert_json_parse_validate_ms=0.0 cert_total_ms=0.0 legacy_preflight_ms=0.0 prompt_validation_ms=0.0 certificate_skipped_preflight=1 certificate_skipped_prompt_validation=1 preflight_ms=0.0 validation_ms=0.0 missing_node_repair_ms=0.184 production_registry_setup_ms=0.041 production_registry_profile_setup_ms=0.041 pregraph_setup_ms=0.442 executor_reset_ms=0.129 sampler_lane_wait_ms=0.051 residual_before_invoke_ms=16.346 method_entry_to_runtime_configuration_ms=16.43 call_to_exec_start_ms=0.841 exec_start_to_cached_ms=1317.567 cached_to_first_executing_ms=156.832 call_to_cached_ms=1318.407 call_to_first_node_ms=1475.239 first_node_to_clip_ms=2.827 clip_to_sampler_node_ms=2597.631 sampler_node_to_sampler_start_ms=135.075 sampler_node_to_lane_acquired_ms=0.094 lane_acquired_to_actual_stage_ms=134.981 pre_sampler_total_ms=4270.068 measured_children_ms=4211.45 residual_ms=58.618 reconciliation_status=ok add_message=True send_sync=True has_sampler=True sampler_count=1 lane_acquired=True
[v2.opt.output_delivery] hash_ms=1.443 descriptor_ms=None
[v2.opt.output_delivery] hash_ms=1.443 descriptor_ms=0.017
[v2.startup_stage] stage=first_durable_result event=ready wall_unix_ns=1786586795062700222 monotonic_ns=1480063455031 output_persisted=1
[v2.output] hashes=1 base64_encode=0 base64_decode=0 commit_ms=0.0 commit_status=skipped overlap_ms=0.0 serialized_bytes=2213
[v2.host_memory] stage=result_complete current_mib=absent peak_mib=absent limit_mib=absent process_rss_mib=14176.7 process_maxrss_mib=35701.1 oom_count=absent oom_kill_count=absent status=ok cgroup_path=absent cgroup_mount=absent
[v2.activation_diagnosis] request_id=v2-benchmark-0-01262b28918d cpu_snapshot_container_active=True execution_prefill_scheduled=True residency_diagnostics_enabled=0 clip_encode_calls=0 clip_encode_graph_calls=0 clip_encode_prefill_calls=0 clip_encode_wall_ms=0 clip_encode_graph_wall_ms=0 clip_encode_prefill_wall_ms=0 clip_encode_process_cpu_ms=0 load_models_gpu_calls=2 unet_gpu_load_calls=1 load_models_gpu_wall_ms=79.565 activation_receipt_count=3 gpu_allocated_delta_bytes=4096 cpu_peak_cores=6.811 cpu_above_16_ms=0.0 cpu_above_19_ms=0.0 cpu_longest_above_19_ms=absent cpu_overlap_graph_clip_ms=0.0 cpu_overlap_prefill_clip_ms=0.0 cpu_overlap_gpu_load_ms=0.0 clip_to_sampler_node_ms=2597.631 sampler_node_to_sampler_start_ms=135.075 diagnostic_accounted_ms=absent diagnostic_unattributed_ms=absent restore_requested_torch_intraop_threads=absent restore_actual_torch_intraop_threads=12 restore_torch_interop_threads=14 restore_torch_thread_limit_status=baseline_passthrough
[v2.process_cpu_spike] status=ok peak_effective_cores=6.811 duration_above_16_ms=0.000 duration_above_19_ms=0.000 longest_above_19_ms=0.000 sample_count=195
[v2.remote_request_origin.remote] request_id=v2-benchmark-0-01262b28918d trigger_source=benchmark ui_trigger_unix_ms=1786586754291 local_receive_unix_ns=1786586754291580416 modal_generator_create_start_unix_ns=1786586776238793700 modal_submission_attempt_unix_ns=absent modal_generator_created_unix_ns=absent modal_first_iteration_start_unix_ns=absent modal_first_remote_event_unix_ns=absent modal_method_entry_unix_ns=1786586784041571840 prompt_executor_invoke_start_unix_ns=1786586784100827904 trigger_to_dispatch_ms=0.58 dispatch_to_modal_entry_ms=None modal_entry_to_executor_ms=59.296 trigger_to_executor_ms=29809.828 modal_input_id=in-01KZWDXGDNZDBNX2MFSW2J6T51:1786586775990-0 modal_task_id=ta-01KZWDXHAKPPF2FDF847BGB5PR
[v2.critical_path] python_resume_to_restore_enter_ms=0.0 restore_total_ms=472.633 restore_exit_to_run_enter_ms=14.957 run_enter_to_plan_received_ms=14.226 plan_received_to_executor_invoke_ms=45.07 executor_invoke_to_first_node_ms=1475.099 first_node_to_sampler_node_ms=2600.439 sampler_node_to_sampler_start_ms=135.075 pre_sampler_unattributed_ms=absent
[v2.cgroup_cpu_spike] status=unavailable reason=no readable cpu.stat candidates=/sys/fs/cgroup/cpu.stat errors=resolve_cgroup_v2_base: returned no readable cgroup base;probe2 path=/sys/fs/cgroup/cpu.stat: FileNotFoundError: [Errno 2] No such file or directory: '/sys/fs/cgroup/cpu.stat';parse_proc_cgroup: no unified 0:: entry
[v2.gpu_allocation] cuda_version=13.0 gpu_actual_name=NVIDIA RTX PRO 6000 Blackwell Server Edition gpu_compute_capability=12.0 gpu_requested_order=RTX-PRO-6000 gpu_vram_total_mib=97250 torch_version=2.13.0+cu130
V2 COLD WATERFALL - REMOTE/PARTIAL (awaiting host reconciliation)
Request: v2-benchmark-0-01262b28918d  Instance: 805b19d5b6e74e35b35b19e663a91438  GPU: ['RTX-PRO-6000']  Fresh: YES
TOTAL WALL:        -   (command->response minus Modal scheduling)
SCHEDULING:        -   (informational - excluded from % and bars)
COMMAND->RESPONSE:  40.802s

+-----+------------------------------------------------+------------+------------+---------+---------------------------------------+
 # | Stage                                          | Duration |     Cum. |      % | Relative wall time
+-----+------------------------------------------------+------------+------------+---------+---------------------------------------+
  1 | Local preparation                              |     0.001s |     0.001s |   0.001% | +                                    
  2 | Modal handle and submission                    |          - |          - |       - |                                      
  3 | Modal scheduling + pre-Python restore (awai... |          - |          - |       - |                                      
  4 | Modal pre-Python snapshot restoration          |          - |          - |       - |                                      
  5 | Python/application restore                     |     0.485s |     0.486s |   1.190% | #                                    
  6 | Restore-to-method entry                        |     0.015s |     0.501s |   0.037% | #                                    
  7 | ~ Method entry to UNET ownership claim         |          - |          - |       - |                                      
  8 | ~ UNET claim to ready (worker load)            |          - |          - |       - |                                      
  9 |   detail: Checkpoint read                      |     2.448s |          - |   5.999% |                                      
 10 |   detail: Read end ? construction done         |     0.326s |          - |   0.798% |                                      
 11 |   detail: Bind                                 |     0.016s |          - |   0.038% |                                      
 12 |   detail: Synchronized H2D                     |     2.444s |          - |   5.991% |                                      
 13 |   detail: H2D end ? UNET ready                 |     0.002s |          - |   0.004% |                                      
 14 |   detail: UNET ready ? sampler demand          |          - |          - |       - |                                      
 15 |   detail: Sampler demand ? join complete       |          - |          - |       - |                                      
 16 |   detail: Join complete ? sampling             |          - |          - |       - |                                      
 17 | Remote method setup                            |     0.059s |     0.560s |   0.145% | #                                    
 18 |   detail: method entry to graph start          |     0.017s |          - |   0.041% |                                      
 19 |   detail: method entry to runtime configura... |     0.016s |          - |   0.040% |                                      
 20 |   detail: runtime configuration                |     0.000s |          - |   0.000% |                                      
 21 |   detail: graph setup                          |     0.043s |          - |   0.105% |                                      
 22 |   detail: certificate                          |     0.000s |          - |   0.000% |                                      
 23 |   detail: preflight                            |     0.000s |          - |   0.000% |                                      
 24 |   detail: validation                           |     0.000s |          - |   0.000% |                                      
 25 |   detail: legacy runtime resolution            |     0.000s |          - |   0.000% |                                      
 26 |   detail: preload check                        |     0.001s |          - |   0.004% |                                      
 27 |   detail: missing-node repair                  |     0.000s |          - |   0.000% |                                      
 28 |   detail: production registry setup            |     0.000s |          - |   0.000% |                                      
 29 |   detail: pregraph setup                       |     0.000s |          - |   0.001% |                                      
 30 |   detail: executor reset                       |     0.000s |          - |   0.000% |                                      
 31 |   detail: residual before executor invoke      |     0.016s |          - |   0.040% |                                      
 32 |   detail: pre-sampler total                    |     4.270s |          - |  10.465% |                                      
 33 |   detail: measured pre-sampler children        |     4.211s |          - |  10.322% |                                      
 34 |   detail: pre-sampler residual                 |     0.059s |          - |   0.144% |                                      
 35 |   detail: UNET quiesce wait (diagnostic)       |          - |          - |       - |                                      
 36 |   detail: UNET transfer queue delay            |          - |          - |       - |                                      
 37 |   detail: UNET synchronized transfer           |          - |          - |       - |                                      
 38 |   detail: UNET scheduled ? worker start        |          - |          - |       - |                                      
 39 |   detail: Worker start ? checkpoint read start |          - |          - |       - |                                      
 40 | PromptExecutor/cache setup                     |     1.475s |     2.036s |   3.616% | #                                    
 41 |   detail: PromptExecutor invoke to execution   |     0.001s |          - |   0.002% |                                      
 42 |   detail: execution to cached                  |     1.318s |          - |   3.229% |                                      
 43 |   detail: cached to first node                 |     0.157s |          - |   0.384% |                                      
 44 |   detail: graph/prefill activity               |          - |          - |       - |                                      
 45 |   detail: CPU owner: CLIPTextEncode [CLIP]     |     0.002s |          - |   0.005% |                                      
 46 |   detail: CPU owner: load_models_gpu [other]   |     0.057s |          - |   0.139% |                                      
 47 |   detail: Node: Any Switch (rgthree)           |     0.000s |          - |   0.001% |                                      
 48 |   detail: Node: VAELoader                      |     0.001s |          - |   0.002% |                                      
 49 |   detail: Node: ClownOptions_ExtraOptions_Beta |     0.000s |          - |   0.000% |                                      
 50 |   detail: Node: ImpactIfNone                   |     0.000s |          - |   0.000% |                                      
 51 |   detail: Node: easy ifElse                    |     0.000s |          - |   0.000% |                                      
 52 |   detail: Node: easy int                       |     0.000s |          - |   0.000% |                                      
 53 |   detail: Node: easy ifElse                    |     0.000s |          - |   0.000% |                                      
 54 |   detail: Node: PrimitiveStringMultiline       |     0.000s |          - |   0.001% |                                      
 55 |   detail: Node: JoinStrings                    |     0.000s |          - |   0.000% |                                      
 56 |   detail: Node: CLIPLoader                     |     0.001s |          - |   0.002% |                                      
 57 |   detail: Node: CLIPTextEncode                 |     0.002s |          - |   0.006% |                                      
 58 |   detail: Node: ConditioningZeroOut            |     0.002s |          - |   0.005% |                                      
 59 |   detail: Node: PairConditioningSetProperties  |     0.000s |          - |   0.000% |                                      
 60 |   detail: Node: CustomCombo                    |     0.000s |          - |   0.001% |                                      
 61 |   detail: Node: SimpleMath+                    |     0.000s |          - |   0.001% |                                      
 62 |   detail: Node: ImpactSwitch                   |     0.058s |          - |   0.142% |                                      
 63 |   detail: Node: UNETLoader                     |     2.494s |          - |   6.114% |                                      
 64 |   detail: Node: ModelSamplingAuraFlow          |     0.003s |          - |   0.007% |                                      
 65 |   detail: Node: CacheDiT_Model_Optimizer       |     0.000s |          - |   0.001% |                                      
 66 |   detail: Node: PathchSageAttentionKJ          |     0.000s |          - |   0.000% |                                      
 67 |   detail: Node: easy float                     |     0.000s |          - |   0.000% |                                      
 68 |   detail: Node: easy int                       |     0.000s |          - |   0.000% |                                      
 69 |   detail: Node: easy ifElse                    |     0.000s |          - |   0.000% |                                      
 70 |   detail: Node: StringToCombo|LP               |     0.000s |          - |   0.000% |                                      
 71 |   detail: Node: easy ifElse                    |     0.000s |          - |   0.000% |                                      
 72 |   detail: Node: CustomCombo                    |     0.000s |          - |   0.001% |                                      
 73 |   detail: Node: easy stringToIntList           |     0.000s |          - |   0.000% |                                      
 74 |   detail: Node: easy indexAnything             |     0.000s |          - |   0.000% |                                      
 75 |   detail: Node: easy stringToIntList           |     0.000s |          - |   0.000% |                                      
 76 |   detail: Node: easy indexAnything             |     0.000s |          - |   0.000% |                                      
 77 |   detail: Node: EmptyImage                     |     0.004s |          - |   0.009% |                                      
 78 |   detail: Node: ImageRotate                    |     0.001s |          - |   0.004% |                                      
 79 |   detail: Node: ImpactSwitch                   |     0.022s |          - |   0.055% |                                      
 80 |   detail: Node: easy imageSize                 |     0.000s |          - |   0.000% |                                      
 81 |   detail: Node: EmptySD3LatentImage            |     0.005s |          - |   0.013% |                                      
 82 |   detail: Node: Any Switch (rgthree)           |     0.000s |          - |   0.000% |                                      
 83 |   detail: Node: LGNoiseInjectionLatent         |     0.001s |          - |   0.002% |                                      
 84 |   detail: Node: ClownsharKSampler_Beta         |     0.141s |          - |   0.347% |                                      
 85 |   detail: PromptExecutor internal/unattributed |          - |          - |       - |                                      
 86 | First node to CLIP                             |     0.003s |     2.038s |   0.007% | #                                    
 87 | CLIP to sampler node                           |     2.598s |     4.636s |   6.366% | ##                                   
 88 | Sampler graph-join wait                        |          - |          - |       - |                                      
 89 | Sampler node to sampling                       |     0.135s |     4.771s |   0.331% | #                                    
 90 |   detail: sampler lane wait                    |     0.000s |          - |   0.000% |                                      
 91 |   detail: sampler node to lane acquired        |     0.000s |          - |   0.000% |                                      
 92 |   detail: lane acquired to actual stage        |     0.135s |          - |   0.331% |                                      
 93 | Sampling                                       |     4.887s |     9.658s |  11.978% | ####                                 
 94 | Post-sampling transition                       |     0.861s |    10.519s |   2.110% | #                                    
 95 |   detail: Sampling end ? VAE scheduled         |     0.000s |          - |   0.001% |                                      
 96 |   detail: VAE scheduled ? worker/load start    |     0.003s |          - |   0.006% |                                      
 97 | VAE                                            |     0.412s |    10.931s |   1.009% | #                                    
 98 |   detail: VAE load/H2D                         |     0.892s |          - |   2.186% |                                      
 99 |   detail: VAE ready ? consumed                 |     0.000s |          - |   0.001% |                                      
 100 |   detail: Consumed ? decode start              |    INVALID |          - |       - |                                      
 101 | Output encode / descriptor                     |     0.590s |    11.521s |   1.447% | #                                    
 102 |   detail: output encode                        |          - |          - |       - |                                      
 103 |   detail: output commit                        |          - |          - |       - |                                      
 104 |   detail: VAE end ? output encode start        |     0.001s |          - |   0.002% |                                      
 105 |   detail: PNG encode                           |     0.585s |          - |   1.433% |                                      
 106 |   detail: Descriptor/materialization           |     0.006s |          - |   0.014% |                                      
 107 | Remote result handoff                          |          - |          - |       - |                                      
 108 |   detail: Remote result emitted                |          - |          - |       - |                                      
 109 |   detail: Deferred persistence after yield     |          - |          - |       - |                                      
 110 | Remote/local return                            |     0.030s |    11.552s |   0.074% | +                                    
 111 |   detail: Local receipt ? caller return        |          - |          - |       - |                                      
 112 | Residual (unattributed)                        |    29.250s |    40.802s |  71.689% | ===========================          
+-----+------------------------------------------------+------------+------------+---------+---------------------------------------+
    | ACCOUNTED     |    11.552s |            |  28.311% | .....................................
    | RECONCILIATION |    29.250s |            |            | .....................................
    | TOTAL WALL |          - |            |       - |                                      
    | COMMAND -> RESPONSE |    40.802s |            |  100.0% | #####################################
    | TOP-LEVEL ACCOUNTED |    11.552s |            |  28.311% | .....................................
    | GLOBAL RESIDUAL |    29.250s |            |            | .....................................
    | RESIDUAL %     |    71.689% |            |            | .....................................
    | RECONCILIATION STATUS | EXCEEDS_TOLERANCE |            |            | .....................................
    | CONTROLLABLE APPLICATION WALL |    11.552s |            |            | .....................................
    | PLATFORM/MODAL WALL |     0.000s |            |            | .....................................
Boundary flags: modal_restore_begin_unavailable (modal_scheduling covers submission->python_resume combined), submission_boundary_unavailable (submission boundary absent; scheduling spans cannot start at the local submit)
REMOTE/PARTIAL WATERFALL - awaiting host reconciliation (missing: missing_submission, missing_modal_restore_begin, missing_local_result_receipt)
+-----+------------------------------------------------+------------+------------+---------+---------------------------------------+
Warnings:
  - global residual 29250.413ms (71.69%) of command-to-response unaccounted
  - reconciliation exceeds tolerance: 29250.413ms > 102.005ms
Restoring Function from memory snapshot.
[v2.startup_stage] stage=post_snapshot_restore event=start wall_unix_ns=1786586823716426495 monotonic_ns=1508717185737
[v2.snapshot_timing] snapshot_callback_age_at_restore_ms=1473327.342 snapshot_callback_to_command_start_ms=unavailable command_start_to_restore_start_ms=unavailable request_latency_included=0 source=snapshot_callback_return_to_restore_start
[v2.snapshot_model_eviction] stage=restore_observed marker=1 cpu_snapshot_models_present=1 clip_present=1 unet_present=0 retained_role=clip_vae retained_model_id=0 retained_model_type= rss_after_restore_mib=11495.109375 native_thread_count=46 torch_intraop=12 torch_interop=14 wall_unix_ns=1786586823732371070
[v2.snapshot_model_eviction] stage=restore_release_retained retain_role=clip_vae status=container_retained container_present=1 clip_present=1 vae_present=1 unet_present=0 retained_slot_release=0 retained_model_id=0 retained_alive_after_release=0 rss_before_release_mib=absent rss_after_gc_mib=absent rss_after_trim_mib=absent rss_drop_mib=absent malloc_trim_status=absent malloc_trim_result=absent restore_release_start_wall_unix_ns=1786586823732563130 restore_release_end_wall_unix_ns=1786586823732563130 wall_unix_ns=1786586823732563130
[v2.residency_config] enabled=0
[v2.host_memory] stage=restore_start current_mib=absent peak_mib=absent limit_mib=absent process_rss_mib=11777.8 process_maxrss_mib=35701.1 oom_count=absent oom_kill_count=absent status=ok cgroup_path=absent cgroup_mount=absent
[v2.runtime_shape] stage=after_restore runtime_shape_fingerprint=f504e296c398bdcb2c4c07e2 runtime_shape_label=None thread_policy=TBASE snapshot_model_order=O0 cpu_request=12 memory_request=32768 native_thread_count=46 configured_omp=None configured_mkl=None configured_openblas=None configured_numexpr=None malloc_arena_max=None native_library_settings={'OMP_NUM_THREADS': '12', 'MKL_NUM_THREADS': '12', 'OPENBLAS_NUM_THREADS': '12', 'NUMEXPR_NUM_THREADS': None, 'MALLOC_ARENA_MAX': None} torch_intraop_threads=12 torch_interop_threads=14 actual_torch_intraop_threads=12 actual_torch_interop_threads=14 requested_torch_intraop_threads=None requested_torch_interop_threads=None requested_vs_actual_match=True status=baseline_passthrough error=
[v2.opt.gpu_state] total_memory_ms=801.028
[comfyapp] gpu_state restored vram=97250MB ram=1048576MB vram_state=VRAMState.HIGH_VRAM in 803.5ms
[restore.cuda_context] available=1 device_index=0 device=NVIDIA RTX PRO 6000 Blackwell Server Edition sync_ms=2.043 total_ms=2.156
[v2.sage_restore] decision=snapshot_exact_skip discovery_called=0 verify_ms=0.09
[v2.custom_node_restore] decision=snapshot_exact_skip callback_called=0 source=persisted_record check_ms=0.776
[v2.startup_stage] stage=snapshot_execution_seed event=start wall_unix_ns=1786586824732550018 monotonic_ns=1509733305277
[v2.seed_restore] source=startup_minimal schema=2 topology_available=0 workflow_hash= loader_signatures=0
[v2.startup_stage] stage=snapshot_execution_seed event=end wall_unix_ns=1786586824735736897 monotonic_ns=1509736492206 duration_ms=3.187
[v2.generation_identity] method=restore custom_nodes_generation='fbecafb8ae72728ebc36d581…' raw_empty=false source=persisted_record runtime_state_generation='' api_object_id=47368319473040 deployment_combined_hash=1bd881d798947977
[v2.prefill_config] env=critical parsed=critical cpu_snapshot_container_active=0 native_fast_disk_unet_execution_active=0
[v2.restore_breakdown] bootstrap_ms=978.766 unet_cache_patch_ms=None clip_prepare_submit_ms=None clip_worker_wait_ms=None unet_spec_extract_ms=None bg_unet_submit_ms=None restore_finalize_ms=0.134
[v2.clip_stages] worker_queue_ms=None load_torch_file_ms=None read_to_ready_ms=None post_read_cpu_prepare_ms=None gpu_wait_ms=None gpu_commit_ms=None read_end_to_ready_ms=None worker_total_ms=None worker_close_wait_ms=None restore_finalization_ms=0.134
[v2.restoration_identity] restored_instance_id=76c6dd1cd3a0435b8efccecd7e364f2b restore_session_id=ef9b9ba92f0e4be1b4fa302e42cba2b9 container_session_id=a416429a49c8434d modal_task_id=ta-01KZWDYT23TGWXC6WE31KMX6XR modal_image_id=im-8KexmbMytHCmXTxTMl6pl9 modal_cloud=CLOUD_PROVIDER_GCP modal_region=us-east4 pid=2 hostname=modal restore_total_ms=1004.216 remote_python_resume_wall_unix_ns=1786586823716381184 restore_method_start_wall_unix_ns=1786586823716381184 restore_method_end_wall_unix_ns=1786586824736881408 modal_method_entry_wall_unix_ns=absent restore_status=success restore_method_status=success 
[v2.lifecycle] method=restore snap=False container_session=a416429a49c8434d restore_count=1 restore_total_ms=1004.216 remote_python_resume_wall_unix_ns=1786586823716381184 restore_method_start_wall_unix_ns=1786586823716381184 restore_method_end_wall_unix_ns=1786586824736881408 modal_method_entry_wall_unix_ns=absent restore_status=success restore_method_status=success status=restored
[v2.host_memory] stage=restore_complete current_mib=absent peak_mib=absent limit_mib=absent process_rss_mib=13339.2 process_maxrss_mib=35701.1 oom_count=absent oom_kill_count=absent status=ok cgroup_path=absent cgroup_mount=absent
[v2.gpu_allocation] cuda_version=13.0 gpu_actual_name=NVIDIA RTX PRO 6000 Blackwell Server Edition gpu_compute_capability=12.0 gpu_requested_order=RTX-PRO-6000 gpu_vram_total_mib=97250 torch_version=2.13.0+cu130
[v2.startup_stage] stage=post_snapshot_restore event=end wall_unix_ns=1786586824740432035 monotonic_ns=1509741187124 duration_ms=1024.001
[v2.startup_stage] stage=first_remote_method_entry event=entry wall_unix_ns=1786586824752152111 monotonic_ns=1509752907210
[v2.env_profile] effective_profile=inherit container_profile=inherit request_override=inherit request_override_applied=0 source=request-inherit-noop
[v2.request_variance_env] COMFYMODAL_V2_CONDITIONING_CACHE_ASYNC_LRU=1
[v2.local_submission_breakdown.remote] request_id=v2-benchmark-1-c74951aeb839 local_receive_to_worker_start_ms=0.0 worker_start_to_normalize_start_ms=0.0 normalize_production_options_ms=0.0 normalize_end_to_trace_construct_start_ms=0.0 runtime_trace_construct_ms=0.0 trace_construct_to_options_copy_start_ms=0.0 benchmark_options_copy_ms=0.0 options_copy_to_client_id_start_ms=0.0 client_id_generation_ms=0.0 client_id_end_to_plan_call_ms=0.0 plan_call_to_function_entry_ms=0.0 worker_start_to_plan_build_ms=0.0 local_receive_to_plan_build_start_ms=0.0 worker_queue_ms=0.0 plan_build_ms=31.0 plan_build_to_execute_plan_entry_ms=0.0 execute_plan_entry_to_plan_materialization_ms=0.0 plan_materialization_ms=0.0 plan_materialization_to_active_profile_ms=0.0 active_profile_ms=0.0 restore_plan_build_ms=absent restore_publish_ms=absent restore_publish_to_transport_entry_ms=absent transport_entry_to_handle_lookup_ms=0.0 handle_lookup_ms=absent payload_materialization_ms=0.0 payload_size_measurement_ms=0.0 payload_size_to_serialize_end_ms=0.0 payload_ready_to_modal_call_ms=0.0 local_receive_to_modal_call_ms=31.0 generator_create_ms=absent generator_created_to_first_iteration_ms=absent local_receive_to_actual_submission_ms=absent measured_children_ms=absent residual_ms=absent reconciliation_status=incomplete profile_cache_hit=False profile_remote_call_performed=False profile_checker_matched=False restore_publish_cache_hit=absent restore_remote_call_performed=absent handle_cache_hit=absent plan_to_dict_count=1 payload_bytes=19368 active_profile_local_ms=0.0 active_profile_cache_lookup_ms=0.0 active_profile_checker_ms=0.0 active_profile_setter_ms=0.0 active_profile_total_ms=0.0 created_modal_client=False performed_cls_from_name=False constructed_class_instance=False input_image_count=0 workflow_node_count=43 unmeasured_boundary=absent
[v2.seed_restore] source=invocation_plan schema=2 topology_available=1 workflow_hash=2e43d4c0ba3b82c0 loader_nodes=3 sampler_nodes=1 reachable_nodes=43 static_signatures=43
[v2.runtime_shape] stage=request_entry runtime_shape_fingerprint=f504e296c398bdcb2c4c07e2 runtime_shape_label=None thread_policy=TBASE snapshot_model_order=O0 cpu_request=12 memory_request=32768 native_thread_count=48 configured_omp=None configured_mkl=None configured_openblas=None configured_numexpr=None malloc_arena_max=None native_library_settings={'OMP_NUM_THREADS': '12', 'MKL_NUM_THREADS': '12', 'OPENBLAS_NUM_THREADS': '12', 'NUMEXPR_NUM_THREADS': None, 'MALLOC_ARENA_MAX': None} torch_intraop_threads=12 torch_interop_threads=14 actual_torch_intraop_threads=12 actual_torch_interop_threads=14 requested_torch_intraop_threads=None requested_torch_interop_threads=None requested_vs_actual_match=True status=baseline_passthrough error=
[v2.method_entry_gap] restore_to_method_ms=11.742 first_line_to_running_log_ms=7.909 same_process=True identity_mismatch_reasons=none remote_python_resume_wall_unix_ns=1786586823716381184 restore_method_start_wall_unix_ns=1786586823716381184 restore_method_end_wall_unix_ns=1786586824736881408 modal_method_entry_wall_unix_ns=1786586824752143360 restore_end_to_modal_method_ms=15.26
[v2.snapshot_timing] snapshot_callback_age_at_restore_ms=1473327.342 snapshot_callback_to_command_start_ms=1468041.513 command_start_to_restore_start_ms=5285.381 command_start_to_python_resume_ms=5285.381 command_start_to_restore_end_ms=6305.881 request_latency_included=0_for_callback_age
[v2.host_memory] stage=prompt_executor_start current_mib=absent peak_mib=absent limit_mib=absent process_rss_mib=13339.5 process_maxrss_mib=35701.1 oom_count=absent oom_kill_count=absent status=ok cgroup_path=absent cgroup_mount=absent
[v2.cpu_snapshot_models] cpu_snapshot_models_present=1 clip_present=1 unet_present=0 cpu_snapshot_active=0
[v2.cpu_snapshot_request] status=present_but_inactive clip_present=1 unet_present=0 action=clip_vae_only_request_activation
[v2.cpu_snapshot_request] status=clip_vae_only_bind clip_source=cpu_snapshot vae_source=cpu_snapshot unet_source=normal_loader clip_object_id=47371660142288 vae_object_id=47371571475216
[v2.cpu_snapshot_request] status=reused reason=clip_vae_only
[v2.unet_identity_chain] stage=snapshot request_id=v2-benchmark-1-c74951aeb839 unet_object_id=0
[v2.unet_identity_chain] stage=bridge request_id=v2-benchmark-1-c74951aeb839 unet_object_id=0
[v2.snapshot_activation_invariant] profile=inherit models_container_present=1 clip_present=1 unet_present=0 snapshot_enabled_by_config=1 cpu_snapshot_container_active=1 loader_bridge_active=1 execution_prefill_allowed=0 status=pass reason=ok
[v2.execution_prefill] snapshot_active=1 env_raw=critical scheduled=1
[v2.execution_unet] scheduled=1 snapshot_unet_absent=1 request_id=v2-benchmark-1-c74951aeb839
[v2.plan_proof] schema=1 payload=yes validated=True outputs=2 out_ids=107,935:931 wf_hash=2e43d4c0ba3b82c0 recomputed=2e43d4c0ba3b82c0 match=True dep_complete=True consumed=False cert_decision=legacy
[v2.plan_proof.registry] workflow_class_count=31 host_proved_count=31 snapshot_proved_count=31 missing_host=0 missing_snapshot=0 identity_mismatch=0 workflow_registry_match=1 reason=
[v2.plan_proof] parity proof_present=1 proof_complete=1 proof_valid=1 dep_match=1 gen_match=1 wf_reg_match=1 reg_full_match=0 dep_proof_match=1 eligible=1 reason=ok consumed=False
[v2.exec] res4lyf_dummy_init_disabled=1 reported_injected=1 actual_injected=1
[preflight.model_reads] restore_preload_active=0 selected_clip=/root/comfy/ComfyUI/models/text_encoders/qwen_3_4b.safetensors
[v2.generation_identity] custom_nodes_generation='fbecafb8ae72728ebc36d581…' raw_empty=false source=persisted_record runtime_state_generation='' api_object_id=47368319473040 deployment_combined_hash=1bd881d798947977[v2.clip_conditioning_cache] event=mode flag=COMFYMODAL_V2_CLIP_CONDITIONING_CACHE enabled=1 root=/root/prompt_cache_vol/exact_conditioning max_entries=64 max_bytes=536870912

[v2.plan_proof] decision=plan_validation_fast_path consumed=1 workflow_hash_match=1 validation_hash_match=1 plan_complete=1 snapshot_complete=1 snapshot_valid=1 dep_match=1 gen_match=1 wf_reg_match=1 dependency_match=1 repair_changed=0 outputs_nonempty=1 eligible=1
[active_read] registered owner=graph_loader key=/__modal/volumes/vo-QI6fCKykvocVkUBVGsuZgm/diffusion_models/z_image_turbo_bf16.s active_read_id=01a7af2fa5234a74 restored_instance_id=76c6dd1cd3a0435b8efccecd7e364f2b restore_session_id=ef9b9ba92f0e4be1b4fa302e42cba2b9 request_id= start_wall_unix_ns=1786586824794317824 start_monotonic_ns=1509795072494 start_thread_time_ns=10000000 start_process_time_ns=104190000000 native_tid=75 active_read_path_hash=8d2256b3cff6bbd2 active_read_file_size=12309866400 active_read_st_dev=30 active_read_st_ino=103 active_read_governor_enabled=0 active_read_priority=100 active_read_size_bytes=12309866400 active_read_size_mb=11739.6 active_read_is_large=1 active_read_classification_source=file_size active_read_queue_enter_ms=0.0 active_read_queue_exit_ms=0.0 active_read_queue_wait_ms=0.0 active_read_large_slots_used_at_enter=0 active_read_large_slots_used_at_start=0 active_read_concurrent_large_reads_at_start=1 active_read_attached_existing_future=0 active_read_duplicate_prevented=0
[v2.host_memory] stage=peak_execution current_mib=absent peak_mib=absent limit_mib=absent process_rss_mib=25082.6 process_maxrss_mib=35701.1 oom_count=absent oom_kill_count=absent status=ok cgroup_path=absent cgroup_mount=absent
[v2.startup_stage] stage=first_prompt_executor_invocation event=start wall_unix_ns=1786586824810533701 monotonic_ns=1509811288778
[v2.experiment] experiment=conditioning_hit arm=async_lru implementation_version=1 selector=request source=env settings={"async_lru":true}
[v2.unet_early_activation] event=mode mode=late env_raw=late restored_instance_id=76c6dd1cd3a0435b8efccecd7e364f2b restore_session_id=ef9b9ba92f0e4be1b4fa302e42cba2b9
[v2.unet_early_activation] event=skipped request_id=v2-benchmark-1-c74951aeb839 mode=late trigger=conditioning_cache_hit reason=cpu_snapshot_mode_inactive eligible=0
[v2.clip_conditioning_cache] decision=exact_hit key_hash=e24059626b0f3d17f0ba656e18d396b1449e52b9b046a4cf35d5f7874baafa2f identity_status=valid encode_calls=0 schema_version=1 validation_scope=clip_model_workflow_custom_nodes_schema_format_side_conditioning_inputs entries=1 request_id=v2-benchmark-1-c74951aeb839
[active_read] completed owner=graph_loader key=/__modal/volumes/vo-QI6fCKykvocVkUBVGsuZgm/diffusion_models/z_image_turbo_bf16.s active_read_id=01a7af2fa5234a74 restored_instance_id=76c6dd1cd3a0435b restore_session_id=ef9b9ba92f0e4be1b4fa302e42cba2b9 complete_wall_unix_ns=1786586825890872320 complete_monotonic_ns=1510891625031 complete_thread_time_ns=950000000 complete_process_time_ns=105430000000 complete_native_tid=75 wall_ms=1096.553 thread_cpu_ms=940.0 process_cpu_ms=1240.0 majf=None minf=None inblock=None nvcsw=None nivcsw=None read_bytes=None rchar=None path_hash=8d2256b3cff6bbd2 file_size=12309866400 st_dev=30 st_ino=103
[v2.active_read_diag] active_read_id=01a7af2fa5234a74 owner=graph_loader request_id= restore_session_id=ef9b9ba92f0e4be1b4fa302e42cba2b9 path_hash=8d2256b3cff6bbd2 wall_ms=1096.553 thread_cpu_ms=940.0 process_cpu_ms=1240.0 read_bytes=not_observed_in_this_thread rchar=not_observed_in_this_thread minor_faults=None major_faults=None context_switches=None/None counter_status=unsupported legacy_counter_status=unsupported thread_cpu_status=unsupported process_cpu_status=unsupported io_status=unsupported page_fault_status=unsupported block_input_status=unsupported context_switch_status=unsupported native_thread_id=75
[v2.vae_early_activation] event=mode mode=sampling_end env_raw=sampling_end restored_instance_id=76c6dd1cd3a0435b8efccecd7e364f2b restore_session_id=ef9b9ba92f0e4be1b4fa302e42cba2b9
[v2.cpu_owner] operation=CLIPTextEncode role=CLIP wall_ms=1.918 process_cpu_ms=0.000 effective_cores=0.000 native_threads_start=52 native_threads_peak=53 native_threads_end=52
[v2.native_fast_disk_unet] decision=defer reason=ok stage=to patcher_class=comfy.model_patcher.ModelPatcher patcher_dynamic=0 param_count=453 parameter_bytes=12309817472 dtype_distribution={'torch.bfloat16': 453} device_distribution={'cpu': 453} cpu_params=453 cpu_buffers=1 get_model_ms=231.424 ctor_ms=0.15 bind_ms=None to_wall_ms=None to_device_ms=None to_device_ms_label=unavailable
[v2.native_fast_disk_unet] decision=complete reason=ok stage=load_model_weights patcher_class=comfy.model_patcher.ModelPatcher patcher_dynamic=0 param_count=453 parameter_bytes=12309817472 dtype_distribution={'torch.bfloat16': 453} device_distribution={'cuda': 453} cpu_params=0 cpu_buffers=0 get_model_ms=231.424 ctor_ms=0.15 bind_ms=19.773 to_wall_ms=2439.283 to_device_ms=2439.328 to_device_ms_label=synchronized_device
[v2.unet_runtime_state] stage=normal_loader_ready unet_identity=z_image_turbo_bf16.safetensors requested_weight_dtype=default effective_weight_dtype=default state={"current_device":"cuda:0","diffusion_model_object_id":"47371970982288","diffusion_model_type":"NextDiT","first_buffer_device":"absent","first_buffer_dtype":"absent","first_parameter_device":"cuda:0","first_parameter_dtype":"torch.bfloat16","forward_module":"NextDiT","forward_qualname":"NextDiT.forward","load_device":"cuda:0","loaded_models_member":"0","manual_cast_dtype":"absent","model_dtype":"torch.bfloat16","model_loaded_weight_memory":"0","model_lowvram":"False","model_lowvram_patch_counter":"0","model_object_id":"47372872003536","model_options_keys":["transformer_options"],"model_type":"Lumina2","object_patch_count":0,"offload_device":"cuda:0","patch_count":0,"patcher_object_id":"47371971157904","patcher_type":"ModelPatcher","transformer_options_keys":["wrappers"],"weight_dtype":"absent"}
standard
WARNING:root:[FeatureInjLatent] Reference latent: shape=torch.Size([1, 16, 240, 136])
[v2.sampler_boundary] event=sampler_lane_requested sampler_node_id=1242 sampler_node_class=ClownsharKSampler_Beta blocking_owner=absent
[v2.sampler_boundary] event=sampler_lane_acquired sampler_node_id=1242 sampler_node_class=ClownsharKSampler_Beta wait_ms=0.095 blocking_owner=absent
[CacheDiT] Transformer class: NextDiT (module: comfy.ldm.lumina.model)
[v2.gpu_load_boundary] event=load_models_gpu_start request_id=v2-benchmark-1-c74951aeb839 restored_instance_id=76c6dd1cd3a0435b8efccecd7e364f2b restore_session_id=ef9b9ba92f0e4be1b4fa302e42cba2b9 roles=UNET model_count=1 contains_registered_unet=1 caller_classification=graph_model_loading gpu_allocated_before=12416794624 gpu_reserved_before=12624855040
[v2.gpu_load_boundary] event=load_models_gpu_end request_id=v2-benchmark-1-c74951aeb839 restored_instance_id=76c6dd1cd3a0435b8efccecd7e364f2b restore_session_id=ef9b9ba92f0e4be1b4fa302e42cba2b9 roles=UNET model_count=1 caller_classification=graph_model_loading wall_ms=51.028 gpu_allocated_after=12416798720 gpu_allocated_delta_bytes=4096
[v2.cpu_owner] operation=load_models_gpu role=other wall_ms=52.045 process_cpu_ms=170.000 effective_cores=3.266 native_threads_start=52 native_threads_peak=53 native_threads_end=52
[v2.unet_identity_chain] check=stage_pair stage_a=bridge stage_b=sampler request_id=v2-benchmark-1-c74951aeb839 patcher_a_object_id=47371971157904 diffusion_a_object_id=47371970982288 patcher_b_object_id=47371550348496 diffusion_b_object_id=47371970982288 ok=1 reason=ok
[v2.unet_gpu_residency] sampler_wrapper_before_sample request_id=v2-benchmark-1-c74951aeb839 enforce=0 status=gpu_resident unet_object_id=47371550348496 parameter_count=453 gpu_parameter_count=453 cpu_parameter_count=0 meta_parameter_count=0 unknown_parameter_count=0 gpu_parameter_fraction=1.0 load_device=cuda:0 current_device=absent diffusion_model_current_device=absent model_cache_size=2 unet_in_model_cache=1 gpu_allocated_bytes=12420976640 gpu_reserved_bytes=12626952192
[v2.sampler_stall_watchdog] stage=armed request_id=v2-benchmark-1-c74951aeb839 restored_instance_id=76c6dd1cd3a0435b8efccecd7e364f2b sampler_node_id=1242 sampler_class=ClownsharKSampler_Beta patcher_object_id=47371550348496 diffusion_model_object_id=47371970982288 unet_object_id=47371550348496 first_forward_timeout_s=5.0 first_step_timeout_s=15.0
[v2.sampler_boundary] event=sampling_start request_id=v2-benchmark-1-c74951aeb839 restored_instance_id=76c6dd1cd3a0435b8efccecd7e364f2b node_id=1242 node_class=ClownsharKSampler_Beta steps=8 patcher_object_id=47371550348496 diffusion_model_object_id=47371970982288 diffusion_model_device=absent diffusion_model_current_device=absent gpu_allocated_bytes=12420976640 gpu_reserved_bytes=12626952192
(RES4LYF) rk_type: res_2s

[v2.unet_forward_boundary] event=first_unet_forward request_id=v2-benchmark-1-c74951aeb839 diffusion_model_object_id=47371970982288 patcher_object_id=47371971157904 model_object_id=47372872003536 x_device=cuda:0 x_dtype=torch.bfloat16 elapsed_ms=165.758
[v2.sampler_parity] UNET weight_dtype=torch.bfloat16 UNET compute_dtype=torch.bfloat16 manual_cast_dtype=None CacheDiT target=NextDiT CacheDiT attachment_count=1 CacheDiT fallback=0
[1A  0%|          | 0/8 [00:00<?, ?it/s]WARNING:root:[FeatureInjLatent] step=1 | progress=0.00 | eff_str=0.250 | no mask
WARNING:root:[FeatureInjLatent] step=2 | progress=0.01 | eff_str=0.214 | no mask
[v2.sampler_boundary] event=first_sampler_step request_id=v2-benchmark-1-c74951aeb839 restored_instance_id=76c6dd1cd3a0435b8efccecd7e364f2b node_id=1242 node_class=ClownsharKSampler_Beta steps=8 patcher_object_id=47371550348496 diffusion_model_object_id=47371970982288 diffusion_model_device=absent diffusion_model_current_device=absent gpu_allocated_bytes=12420976640 gpu_reserved_bytes=12626952192

[1A 12%|█▎        | 1/8 [00:01<00:08,  1.16s/it]WARNING:root:[FeatureInjLatent] step=3 | progress=0.03 | eff_str=0.178 | no mask

[1A 25%|██▌       | 2/8 [00:02<00:06,  1.02s/it]
[1A 38%|███▊      | 3/8 [00:02<00:03,  1.31it/s]
[1A 50%|█████     | 4/8 [00:03<00:02,  1.54it/s]
[1A 62%|██████▎   | 5/8 [00:03<00:01,  1.72it/s]
[1A 75%|███████▌  | 6/8 [00:03<00:01,  1.86it/s]
[1A 88%|████████▊ | 7/8 [00:04<00:00,  1.96it/s]
[1A100%|██████████| 8/8 [00:04<00:00,  2.03it/s]100%|██████████| 8/8 [00:04<00:00,  1.65it/s]
[v2.sampler_boundary] event=sampling_end request_id=v2-benchmark-1-c74951aeb839 restored_instance_id=76c6dd1cd3a0435b8efccecd7e364f2b node_id=1242 node_class=ClownsharKSampler_Beta steps=8 patcher_object_id=47371550348496 diffusion_model_object_id=47371970982288 diffusion_model_device=absent diffusion_model_current_device=absent gpu_allocated_bytes=12420976640 gpu_reserved_bytes=12626952192 duration_ms=4891.92
[v2.vae_early_activation] event=scheduled request_id=v2-benchmark-1-c74951aeb839 mode=sampling_end trigger=sampling_end key_hash=1b1cf49524808dacfc624ee7 source=snapshot_vae vae_identity_hash=dd8f11d04333e24d vae_policy_version=1 vae_weight_dtype=bfloat16 vae_compute_dtype=bfloat16_native vae_memory_format=contiguous vae_prefetch_mode=off c5_impl_version=1.0.0 torch=2.13.0+cu130 cuda=13.0 arch=sm_75;sm_80;sm_86;sm_90;sm_100;sm_120 restored_instance_id=76c6dd1cd3a0435b8efccecd7e364f2b restore_session_id=ef9b9ba92f0e4be1b4fa302e42cba2b9
[v2.vae_early_activation] event=load_start request_id=v2-benchmark-1-c74951aeb839 mode=sampling_end key_hash=1b1cf49524808dacfc624ee7 source=snapshot_vae vae_object_id=47371571475216 vae_patcher_object_id=47371659918032
[v2.gpu_load_boundary] event=load_models_gpu_start request_id=absent restored_instance_id=76c6dd1cd3a0435b8efccecd7e364f2b restore_session_id=ef9b9ba92f0e4be1b4fa302e42cba2b9 roles=modelpatcher model_count=1 contains_registered_unet=0 caller_classification=restore_vae_preparation gpu_allocated_before=12455577088 gpu_reserved_before=14791213056
[v2.gpu_load_boundary] event=load_models_gpu_end request_id=absent restored_instance_id=76c6dd1cd3a0435b8efccecd7e364f2b restore_session_id=ef9b9ba92f0e4be1b4fa302e42cba2b9 roles=modelpatcher model_count=1 caller_classification=restore_vae_preparation wall_ms=863.814 gpu_allocated_after=12634647552 gpu_allocated_delta_bytes=179070464
[v2.vae_early_activation] event=terminal request_id=v2-benchmark-1-c74951aeb839 mode=sampling_end key_hash=1b1cf49524808dacfc624ee7 status=ready reason=ok error=absent transfer_count=1 vae_policy_version=1 vae_weight_dtype=bfloat16 vae_compute_dtype=bfloat16_native vae_memory_format=contiguous vae_prefetch_mode=off c5_impl_version=1.0.0 source=snapshot_vae
[v2.vae_early_activation] event=consumed request_id=v2-benchmark-1-c74951aeb839 mode=sampling_end key_hash=1b1cf49524808dacfc624ee7 join_wait_ms=31.412 status=ready source=snapshot_vae
[v2.gpu_load_boundary] event=load_models_gpu_start request_id=v2-benchmark-1-c74951aeb839 restored_instance_id=76c6dd1cd3a0435b8efccecd7e364f2b restore_session_id=ef9b9ba92f0e4be1b4fa302e42cba2b9 roles=modelpatcher model_count=1 contains_registered_unet=0 caller_classification=graph_model_loading gpu_allocated_before=12634647552 gpu_reserved_before=12754878464
[v2.gpu_load_boundary] event=load_models_gpu_end request_id=v2-benchmark-1-c74951aeb839 restored_instance_id=76c6dd1cd3a0435b8efccecd7e364f2b restore_session_id=ef9b9ba92f0e4be1b4fa302e42cba2b9 roles=modelpatcher model_count=1 caller_classification=graph_model_loading wall_ms=22.223 gpu_allocated_after=12634647552 gpu_allocated_delta_bytes=0
[production.rgthree.encode] side=b (B-only) shape=(1, 1920, 1088, 3) dtype=torch.uint8
[v2.opt.output_encode] total_ms=578.601 png_compress_ms=554.055 gpu_to_cpu_ms=0.009
[production.rgthree] node_id=107 a_count=0 b_count=1 encoded_unique=1 logical_outputs=1 return_a=0 temp_files_written=0 encode_ms=581.7
[v2.startup_stage] stage=first_prompt_executor_invocation event=end wall_unix_ns=1786586835491771433 monotonic_ns=1520492526536 duration_ms=10681.238
[v2.pre_sampler_stages] request_id=v2-benchmark-1-c74951aeb839 restored_instance_id=76c6dd1cd3a0435b8efccecd7e364f2b restore_session_id=ef9b9ba92f0e4be1b4fa302e42cba2b9 container_session_id=a416429a49c8434d modal_input_id=in-01KZWDYSHGT7X2VTNZ03PB0W7R:1786586818097-0 modal_task_id=ta-01KZWDYT23TGWXC6WE31KMX6XR pid=2 boot_id=a41aed6f-9562-4de2-b90f-a16d8714f8dd hostname=modal total_nodes=43 first_output_node=107:ComfyModalProductionImageComparerOutput first_executing_node=987:Any Switch (rgthree) sampler_stage_status=sampler_active method_entry_to_graph_start_ms=18.319 graph_setup_ms=40.026 certificate_ms=0.0 cert_identity_build_ms=0.0 cert_cache_hit=0 cert_volume_reload_ms=0.0 cert_file_read_ms=0.0 cert_json_parse_validate_ms=0.0 cert_total_ms=0.0 legacy_preflight_ms=0.0 prompt_validation_ms=0.0 certificate_skipped_preflight=1 certificate_skipped_prompt_validation=1 preflight_ms=0.0 validation_ms=0.0 missing_node_repair_ms=0.153 production_registry_setup_ms=0.032 production_registry_profile_setup_ms=0.032 pregraph_setup_ms=0.475 executor_reset_ms=0.195 sampler_lane_wait_ms=0.058 residual_before_invoke_ms=14.923 method_entry_to_runtime_configuration_ms=18.28 call_to_exec_start_ms=0.502 exec_start_to_cached_ms=1129.778 cached_to_first_executing_ms=107.564 call_to_cached_ms=1130.28 call_to_first_node_ms=1237.844 first_node_to_clip_ms=2.905 clip_to_sampler_node_ms=2591.374 sampler_node_to_sampler_start_ms=132.336 sampler_node_to_lane_acquired_ms=0.117 lane_acquired_to_actual_stage_ms=132.218 pre_sampler_total_ms=4022.784 measured_children_ms=3965.144 residual_ms=57.64 reconciliation_status=ok add_message=True send_sync=True has_sampler=True sampler_count=1 lane_acquired=True
[v2.opt.output_delivery] hash_ms=1.458 descriptor_ms=None
[v2.opt.output_delivery] hash_ms=1.458 descriptor_ms=0.016
[v2.startup_stage] stage=first_durable_result event=ready wall_unix_ns=1786586835500033680 monotonic_ns=1520500788763 output_persisted=1
[v2.output] hashes=1 base64_encode=0 base64_decode=0 commit_ms=0.0 commit_status=skipped overlap_ms=0.0 serialized_bytes=2213
[v2.host_memory] stage=result_complete current_mib=absent peak_mib=absent limit_mib=absent process_rss_mib=14177.0 process_maxrss_mib=35701.1 oom_count=absent oom_kill_count=absent status=ok cgroup_path=absent cgroup_mount=absent
[v2.activation_diagnosis] request_id=v2-benchmark-1-c74951aeb839 cpu_snapshot_container_active=True execution_prefill_scheduled=True residency_diagnostics_enabled=0 clip_encode_calls=0 clip_encode_graph_calls=0 clip_encode_prefill_calls=0 clip_encode_wall_ms=0 clip_encode_graph_wall_ms=0 clip_encode_prefill_wall_ms=0 clip_encode_process_cpu_ms=0 load_models_gpu_calls=2 unet_gpu_load_calls=1 load_models_gpu_wall_ms=73.251 activation_receipt_count=3 gpu_allocated_delta_bytes=4096 cpu_peak_cores=10.792 cpu_above_16_ms=0.0 cpu_above_19_ms=0.0 cpu_longest_above_19_ms=absent cpu_overlap_graph_clip_ms=0.0 cpu_overlap_prefill_clip_ms=0.0 cpu_overlap_gpu_load_ms=0.0 clip_to_sampler_node_ms=2591.374 sampler_node_to_sampler_start_ms=132.336 diagnostic_accounted_ms=absent diagnostic_unattributed_ms=absent restore_requested_torch_intraop_threads=absent restore_actual_torch_intraop_threads=12 restore_torch_interop_threads=14 restore_torch_thread_limit_status=baseline_passthrough
[v2.process_cpu_spike] status=ok peak_effective_cores=10.792 duration_above_16_ms=0.000 duration_above_19_ms=0.000 longest_above_19_ms=0.000 sample_count=191
[v2.remote_request_origin.remote] request_id=v2-benchmark-1-c74951aeb839 trigger_source=benchmark ui_trigger_unix_ms=1786586818431 local_receive_unix_ns=1786586818431767552 modal_generator_create_start_unix_ns=1786586818457301400 modal_submission_attempt_unix_ns=absent modal_generator_created_unix_ns=absent modal_first_iteration_start_unix_ns=absent modal_first_remote_event_unix_ns=absent modal_method_entry_unix_ns=1786586824752143360 prompt_executor_invoke_start_unix_ns=1786586824810466048 trigger_to_dispatch_ms=0.768 dispatch_to_modal_entry_ms=None modal_entry_to_executor_ms=58.325 trigger_to_executor_ms=6379.466 modal_input_id=in-01KZWDYSHGT7X2VTNZ03PB0W7R:1786586818097-0 modal_task_id=ta-01KZWDYT23TGWXC6WE31KMX6XR
[v2.critical_path] python_resume_to_restore_enter_ms=0.0 restore_total_ms=1004.216 restore_exit_to_run_enter_ms=15.26 run_enter_to_plan_received_ms=16.466 plan_received_to_executor_invoke_ms=41.859 executor_invoke_to_first_node_ms=1237.725 first_node_to_sampler_node_ms=2594.224 sampler_node_to_sampler_start_ms=132.336 pre_sampler_unattributed_ms=absent
[v2.cgroup_cpu_spike] status=unavailable reason=no readable cpu.stat candidates=/sys/fs/cgroup/cpu.stat errors=resolve_cgroup_v2_base: returned no readable cgroup base;probe2 path=/sys/fs/cgroup/cpu.stat: FileNotFoundError: [Errno 2] No such file or directory: '/sys/fs/cgroup/cpu.stat';parse_proc_cgroup: no unified 0:: entry
[v2.gpu_allocation] cuda_version=13.0 gpu_actual_name=NVIDIA RTX PRO 6000 Blackwell Server Edition gpu_compute_capability=12.0 gpu_requested_order=RTX-PRO-6000 gpu_vram_total_mib=97250 torch_version=2.13.0+cu130
V2 COLD WATERFALL - REMOTE/PARTIAL (awaiting host reconciliation)
Request: v2-benchmark-1-c74951aeb839  Instance: 76c6dd1cd3a0435b8efccecd7e364f2b  GPU: ['RTX-PRO-6000']  Fresh: YES
TOTAL WALL:        -   (command->response minus Modal scheduling)
SCHEDULING:        -   (informational - excluded from % and bars)
COMMAND->RESPONSE:  17.098s

+-----+------------------------------------------------+------------+------------+---------+---------------------------------------+
 # | Stage                                          | Duration |     Cum. |      % | Relative wall time
+-----+------------------------------------------------+------------+------------+---------+---------------------------------------+
  1 | Local preparation                              |     0.001s |     0.001s |   0.004% | +                                    
  2 | Modal handle and submission                    |          - |          - |       - |                                      
  3 | Modal scheduling + pre-Python restore (awai... |          - |          - |       - |                                      
  4 | Modal pre-Python snapshot restoration          |          - |          - |       - |                                      
  5 | Python/application restore                     |     1.020s |     1.021s |   5.969% | ##                                   
  6 | Restore-to-method entry                        |     0.015s |     1.037s |   0.089% | #                                    
  7 | ~ Method entry to UNET ownership claim         |          - |          - |       - |                                      
  8 | ~ UNET claim to ready (worker load)            |          - |          - |       - |                                      
  9 |   detail: Checkpoint read                      |     2.443s |          - |  14.287% |                                      
 10 |   detail: Read end ? construction done         |     0.232s |          - |   1.354% |                                      
 11 |   detail: Bind                                 |     0.020s |          - |   0.116% |                                      
 12 |   detail: Synchronized H2D                     |     2.439s |          - |  14.267% |                                      
 13 |   detail: H2D end ? UNET ready                 |     0.002s |          - |   0.011% |                                      
 14 |   detail: UNET ready ? sampler demand          |          - |          - |       - |                                      
 15 |   detail: Sampler demand ? join complete       |          - |          - |       - |                                      
 16 |   detail: Join complete ? sampling             |          - |          - |       - |                                      
 17 | Remote method setup                            |     0.058s |     1.095s |   0.341% | #                                    
 18 |   detail: method entry to graph start          |     0.018s |          - |   0.107% |                                      
 19 |   detail: method entry to runtime configura... |     0.018s |          - |   0.107% |                                      
 20 |   detail: runtime configuration                |     0.000s |          - |   0.000% |                                      
 21 |   detail: graph setup                          |     0.040s |          - |   0.234% |                                      
 22 |   detail: certificate                          |     0.000s |          - |   0.000% |                                      
 23 |   detail: preflight                            |     0.000s |          - |   0.000% |                                      
 24 |   detail: validation                           |     0.000s |          - |   0.000% |                                      
 25 |   detail: legacy runtime resolution            |     0.000s |          - |   0.000% |                                      
 26 |   detail: preload check                        |     0.001s |          - |   0.007% |                                      
 27 |   detail: missing-node repair                  |     0.000s |          - |   0.001% |                                      
 28 |   detail: production registry setup            |     0.000s |          - |   0.000% |                                      
 29 |   detail: pregraph setup                       |     0.000s |          - |   0.003% |                                      
 30 |   detail: executor reset                       |     0.000s |          - |   0.001% |                                      
 31 |   detail: residual before executor invoke      |     0.015s |          - |   0.087% |                                      
 32 |   detail: pre-sampler total                    |     4.023s |          - |  23.528% |                                      
 33 |   detail: measured pre-sampler children        |     3.965s |          - |  23.191% |                                      
 34 |   detail: pre-sampler residual                 |     0.058s |          - |   0.337% |                                      
 35 |   detail: UNET quiesce wait (diagnostic)       |          - |          - |       - |                                      
 36 |   detail: UNET transfer queue delay            |          - |          - |       - |                                      
 37 |   detail: UNET synchronized transfer           |          - |          - |       - |                                      
 38 |   detail: UNET scheduled ? worker start        |          - |          - |       - |                                      
 39 |   detail: Worker start ? checkpoint read start |          - |          - |       - |                                      
 40 | PromptExecutor/cache setup                     |     1.238s |     2.333s |   7.240% | ###                                  
 41 |   detail: PromptExecutor invoke to execution   |     0.001s |          - |   0.003% |                                      
 42 |   detail: execution to cached                  |     1.130s |          - |   6.608% |                                      
 43 |   detail: cached to first node                 |     0.108s |          - |   0.629% |                                      
 44 |   detail: graph/prefill activity               |          - |          - |       - |                                      
 45 |   detail: CPU owner: CLIPTextEncode [CLIP]     |     0.002s |          - |   0.011% |                                      
 46 |   detail: CPU owner: load_models_gpu [other]   |     0.052s |          - |   0.304% |                                      
 47 |   detail: Node: Any Switch (rgthree)           |     0.000s |          - |   0.002% |                                      
 48 |   detail: Node: VAELoader                      |     0.001s |          - |   0.007% |                                      
 49 |   detail: Node: ClownOptions_ExtraOptions_Beta |     0.000s |          - |   0.001% |                                      
 50 |   detail: Node: ImpactIfNone                   |     0.000s |          - |   0.000% |                                      
 51 |   detail: Node: easy ifElse                    |     0.000s |          - |   0.001% |                                      
 52 |   detail: Node: easy int                       |     0.000s |          - |   0.000% |                                      
 53 |   detail: Node: easy ifElse                    |     0.000s |          - |   0.000% |                                      
 54 |   detail: Node: PrimitiveStringMultiline       |     0.000s |          - |   0.002% |                                      
 55 |   detail: Node: JoinStrings                    |     0.000s |          - |   0.000% |                                      
 56 |   detail: Node: CLIPLoader                     |     0.001s |          - |   0.006% |                                      
 57 |   detail: Node: CLIPTextEncode                 |     0.002s |          - |   0.014% |                                      
 58 |   detail: Node: ConditioningZeroOut            |     0.003s |          - |   0.017% |                                      
 59 |   detail: Node: PairConditioningSetProperties  |     0.000s |          - |   0.001% |                                      
 60 |   detail: Node: CustomCombo                    |     0.000s |          - |   0.001% |                                      
 61 |   detail: Node: SimpleMath+                    |     0.000s |          - |   0.001% |                                      
 62 |   detail: Node: ImpactSwitch                   |     0.054s |          - |   0.314% |                                      
 63 |   detail: Node: UNETLoader                     |     2.492s |          - |  14.575% |                                      
 64 |   detail: Node: ModelSamplingAuraFlow          |     0.002s |          - |   0.013% |                                      
 65 |   detail: Node: CacheDiT_Model_Optimizer       |     0.000s |          - |   0.002% |                                      
 66 |   detail: Node: PathchSageAttentionKJ          |     0.000s |          - |   0.001% |                                      
 67 |   detail: Node: easy float                     |     0.000s |          - |   0.000% |                                      
 68 |   detail: Node: easy int                       |     0.000s |          - |   0.000% |                                      
 69 |   detail: Node: easy ifElse                    |     0.000s |          - |   0.001% |                                      
 70 |   detail: Node: StringToCombo|LP               |     0.000s |          - |   0.001% |                                      
 71 |   detail: Node: easy ifElse                    |     0.000s |          - |   0.000% |                                      
 72 |   detail: Node: CustomCombo                    |     0.000s |          - |   0.001% |                                      
 73 |   detail: Node: easy stringToIntList           |     0.000s |          - |   0.000% |                                      
 74 |   detail: Node: easy indexAnything             |     0.000s |          - |   0.001% |                                      
 75 |   detail: Node: easy stringToIntList           |     0.000s |          - |   0.000% |                                      
 76 |   detail: Node: easy indexAnything             |     0.000s |          - |   0.000% |                                      
 77 |   detail: Node: EmptyImage                     |     0.004s |          - |   0.021% |                                      
 78 |   detail: Node: ImageRotate                    |     0.001s |          - |   0.008% |                                      
 79 |   detail: Node: ImpactSwitch                   |     0.024s |          - |   0.138% |                                      
 80 |   detail: Node: easy imageSize                 |     0.000s |          - |   0.001% |                                      
 81 |   detail: Node: EmptySD3LatentImage            |     0.005s |          - |   0.031% |                                      
 82 |   detail: Node: Any Switch (rgthree)           |     0.000s |          - |   0.001% |                                      
 83 |   detail: Node: LGNoiseInjectionLatent         |     0.001s |          - |   0.004% |                                      
 84 |   detail: Node: ClownsharKSampler_Beta         |     0.139s |          - |   0.814% |                                      
 85 |   detail: PromptExecutor internal/unattributed |          - |          - |       - |                                      
 86 | First node to CLIP                             |     0.003s |     2.336s |   0.017% | #                                    
 87 | CLIP to sampler node                           |     2.591s |     4.927s |  15.156% | ######                               
 88 | Sampler graph-join wait                        |          - |          - |       - |                                      
 89 | Sampler node to sampling                       |     0.132s |     5.059s |   0.773% | #                                    
 90 |   detail: sampler lane wait                    |     0.000s |          - |   0.000% |                                      
 91 |   detail: sampler node to lane acquired        |     0.000s |          - |   0.001% |                                      
 92 |   detail: lane acquired to actual stage        |     0.132s |          - |   0.773% |                                      
 93 | Sampling                                       |     4.892s |     9.951s |  28.612% | ###########                          
 94 | Post-sampling transition                       |     0.837s |    10.788s |   4.893% | ##                                   
 95 |   detail: Sampling end ? VAE scheduled         |     0.000s |          - |   0.002% |                                      
 96 |   detail: VAE scheduled ? worker/load start    |     0.002s |          - |   0.013% |                                      
 97 | VAE                                            |     0.406s |    11.193s |   2.372% | #                                    
 98 |   detail: VAE load/H2D                         |     0.865s |          - |   5.062% |                                      
 99 |   detail: VAE ready ? consumed                 |     0.000s |          - |   0.001% |                                      
 100 |   detail: Consumed ? decode start              |    INVALID |          - |       - |                                      
 101 | Output encode / descriptor                     |     0.590s |    11.784s |   3.453% | #                                    
 102 |   detail: output encode                        |          - |          - |       - |                                      
 103 |   detail: output commit                        |          - |          - |       - |                                      
 104 |   detail: VAE end ? output encode start        |     0.001s |          - |   0.004% |                                      
 105 |   detail: PNG encode                           |     0.585s |          - |   3.419% |                                      
 106 |   detail: Descriptor/materialization           |     0.006s |          - |   0.034% |                                      
 107 | Remote result handoff                          |          - |          - |       - |                                      
 108 |   detail: Remote result emitted                |          - |          - |       - |                                      
 109 |   detail: Deferred persistence after yield     |          - |          - |       - |                                      
 110 | Remote/local return                            |     0.028s |    11.812s |   0.166% | +                                    
 111 |   detail: Local receipt ? caller return        |          - |          - |       - |                                      
 112 | Residual (unattributed)                        |     5.286s |    17.098s |  30.914% | ===========                          
+-----+------------------------------------------------+------------+------------+---------+---------------------------------------+
    | ACCOUNTED     |    11.812s |            |  69.086% | .....................................
    | RECONCILIATION |     5.286s |            |            | .....................................
    | TOTAL WALL |          - |            |       - |                                      
    | COMMAND -> RESPONSE |    17.098s |            |  100.0% | #####################################
    | TOP-LEVEL ACCOUNTED |    11.812s |            |  69.086% | .....................................
    | GLOBAL RESIDUAL |     5.286s |            |            | .....................................
    | RESIDUAL %     |    30.914% |            |            | .....................................
    | RECONCILIATION STATUS | EXCEEDS_TOLERANCE |            |            | .....................................
    | CONTROLLABLE APPLICATION WALL |    11.812s |            |            | .....................................
    | PLATFORM/MODAL WALL |     0.000s |            |            | .....................................
Boundary flags: modal_restore_begin_unavailable (modal_scheduling covers submission->python_resume combined), submission_boundary_unavailable (submission boundary absent; scheduling spans cannot start at the local submit)
REMOTE/PARTIAL WATERFALL - awaiting host reconciliation (missing: missing_submission, missing_modal_restore_begin, missing_local_result_receipt)
+-----+------------------------------------------------+------------+------------+---------+---------------------------------------+
Warnings:
  - global residual 5285.533ms (30.91%) of command-to-response unaccounted
  - reconciliation exceeds tolerance: 5285.533ms > 42.744ms
Building image im-SzLcGtnwqEz89SsRpY1Cji

=> Step 0: FROM base

=> Step 1: ENV TORCHINDUCTOR_CACHE_DIR=/root/comfymodal_runtime_state/.inductor-cache

=> Step 2: ENV TORCHINDUCTOR_FX_GRAPH_CACHE=1

=> Step 3: ENV TRITON_CACHE_DIR=/tmp/triton_cache

=> Step 4: ENV TORCHINDUCTOR_EMULATE_PRECISION_CASTS=1

=> Step 5: ENV TORCHINDUCTOR_COMPILE_THREADS=1

=> Step 6: ENV COMFYMODAL_ENABLE_TORCH_COMPILE=0

=> Step 7: ENV COMFYMODAL_ENABLE_GPU_SNAPSHOT=0

=> Step 8: ENV COMFYMODAL_WARMUP_TEXT=warmup

=> Step 9: ENV COMFYMODAL_SAGE_RUNTIME_MODE=baked_cuda

=> Step 10: ENV COMFYMODAL_SAGE_RUNTIME_PROBE_ON_RESTORE=0

=> Step 11: ENV COMFYMODAL_PRELOAD_MODE=clip_only

=> Step 12: ENV COMFYMODAL_DIRECT_WARMUP_LOAD_UNET=0

=> Step 13: ENV COMFYMODAL_DIRECT_WARMUP_LOAD_CLIP=1

=> Step 14: ENV COMFYMODAL_DIRECT_WARMUP_CLIP_ENCODE=1

=> Step 15: ENV COMFYMODAL_EXACT_CLIP_PREFILL=1

=> Step 16: ENV COMFYMODAL_DIRECT_WARMUP_REQUIRE_CPU_CACHE_HIT=1

=> Step 17: ENV COMFYMODAL_SAFETENSORS_READ_MODE=normal

=> Step 18: ENV COMFYMODAL_RUNTIME=1

=> Step 19: ENV PROMPT_ASYNC_PRELOAD=0

=> Step 20: ENV PROMPT_PRELOAD_WORKERS=2

=> Step 21: ENV PROMPT_ASYNC_ACTUAL_LOAD=1

=> Step 22: ENV PROMPT_ASYNC_ACTUAL_LOAD_UNET=1

=> Step 23: ENV ACTUAL_LOAD_MODE=unet_vae_only

=> Step 24: ENV DISABLE_CACHEDIT_FOR_Z_IMAGE=0

=> Step 25: ENV DISABLE_RESTORE_WARMUP_FOR_Z_IMAGE=0

=> Step 26: ENV COMFYMODAL_REQUIREMENTS_REPAIR_MODE=fail_fast

=> Step 27: ENV COMFYMODAL_PRELOAD_UNKNOWN_PROFILES=0

=> Step 28: ENV COMFYMODAL_PRELOAD_MAX_TOTAL_GB=12

=> Step 29: ENV COMFYMODAL_PRELOAD_MAX_FILE_GB=10

=> Step 30: ENV COMFYMODAL_PRELOAD_MIN_THROUGHPUT_GBPS=0.5

=> Step 31: ENV COMFYMODAL_PRELOAD_OUTLIER_ABORT_SECONDS=10

=> Step 32: ENV COMFYMODAL_ENABLE_REMOTE_BACKGROUND_DEPLOY=0

=> Step 33: ENV COMFYMODAL_EXPERIMENTAL_RESTORE_BACKGROUND_CODE=0

=> Step 34: ENV COMFYMODAL_RESTORE_BACKGROUND_UNET=0

=> Step 35: ENV COMFYMODAL_V2_RUNTIME_REVISION=2971534267c8a02d

=> Step 36: ENV COMFYMODAL_V2_PREFILL_LANES=critical

=> Step 37: ENV COMFYMODAL_V2_NATIVE_FAST_DISK_UNET=1

=> Step 38: ENV COMFYMODAL_SAMPLING_DEEP_PROFILE=off

=> Step 39: ENV COMFYMODAL_V2_THREAD_POLICY=TBASE

=> Step 40: ENV COMFYMODAL_V2_SNAPSHOT_MODEL_ORDER=O0

=> Step 41: ENV COMFYMODAL_V2_CPU_REQUEST=12

=> Step 42: ENV COMFYMODAL_V2_MEMORY_REQUEST=32768

=> Step 43: ENV COMFYMODAL_V2_MEMORY_MB=32768

=> Step 44: ENV COMFYMODAL_V2_RUNTIME_SHAPE_FINGERPRINT=f504e296c398bdcb2c4c07e2
Saving image...
Image saved, took 8.50s

Built image im-SzLcGtnwqEz89SsRpY1Cji in 13.51s


Building image im-pIfWUjD1maEs0LkEwvMfpc

=> Step 0: FROM base

=> Step 1: COPY . /
Saving image...
Image saved, took 2.23s

Built image im-pIfWUjD1maEs0LkEwvMfpc in 5.70s


Building image im-fLTERHLBMhXpBYNmOC11g8

=> Step 0: FROM base

=> Step 1: COPY . /
Saving image...
Image saved, took 2.76s

Built image im-fLTERHLBMhXpBYNmOC11g8 in 4.91s


Creating CPU memory snapshot for Function.
[v2.startup_stage] stage=container_python_import event=start wall_unix_ns=1786587457899256221 monotonic_ns=791158171
[critical_path.flags] critical_path=1 unet_phase=1 validation_phase=1 coordinator=0 coordinator_diag=1 source=module_import
[exact_prefill.remote] enabled=1 source=env
[timing_trace] module loaded __file__=/root/timing_trace.py TRACE_VERSION=2.0.0
[timing_trace] module directory in sys.path: /root
[modal-client] 2026-08-13T02:17:38+0000 Warning: function name 'ComfyAPI_H100.*' collision! Overriding existing function [comfyapp].ComfyAPI_H100.* with new function [comfyapp].ComfyAPI_H100.*
[v2.region_pin] region=unpinned cloud=unpinned source=COMFYMODAL_V2_REGION/COMFYMODAL_V2_CLOUD
[v2.startup_stage] stage=snap_true_enter event=start wall_unix_ns=1786587458977149360 monotonic_ns=1869046464
[v2.startup_stage] stage=container_python_import event=end wall_unix_ns=1786587458977177960 monotonic_ns=1869074344 duration_ms=1077.916
[v2.host_memory] stage=restore_start current_mib=absent peak_mib=absent limit_mib=absent process_rss_mib=120.5 process_maxrss_mib=129.6 oom_count=absent oom_kill_count=absent status=ok cgroup_path=absent cgroup_mount=absent
[v2.runtime_shape] stage=image_runtime_initialization runtime_shape_fingerprint=f504e296c398bdcb2c4c07e2 runtime_shape_label=None thread_policy=TBASE snapshot_model_order=O0 cpu_request=12 memory_request=32768 native_thread_count=13 configured_omp=None configured_mkl=None configured_openblas=None configured_numexpr=None malloc_arena_max=None native_library_settings={'OMP_NUM_THREADS': '12', 'MKL_NUM_THREADS': '12', 'OPENBLAS_NUM_THREADS': '12', 'NUMEXPR_NUM_THREADS': None, 'MALLOC_ARENA_MAX': None} torch_intraop_threads=12 torch_interop_threads=14 actual_torch_intraop_threads=12 actual_torch_interop_threads=14 requested_torch_intraop_threads=None requested_torch_interop_threads=None requested_vs_actual_match=True status=baseline_passthrough error= before={'torch_intraop_threads': 12, 'torch_interop_threads': 14}
[v2.startup_stage] stage=snap_true_enter event=end wall_unix_ns=1786587461028338345 monotonic_ns=3920234876 duration_ms=2051.188
[v2.snapshot_target] static_fingerprint=f3182e45e241c930778fe62a1f31fe984bad0b35f958c400ea1e104fb3917afe app=stable-modal-comfy-v2-restore-only-shadow class=ModalRuntimeEntrypointV2 gpu=RTX-PRO-6000 cpu=12 memory=32768 runtime_shape_fingerprint=f504e296c398bdcb2c4c07e2 snapshot_model_order=O0
[v2.snapshot_runtime] image_id=im-fLTERHLBMhXpBYNmOC11g8 cloud=CLOUD_PROVIDER_GCP region=us-east4 container_session_id=b03f12a534084e7b
[v2.manager] network_mode=offline configs=1
[v2.startup_stage] stage=custom_node_source_copy event=start wall_unix_ns=1786587461293809348 monotonic_ns=4185705709
[v2.custom_node_filter] total_source_dirs=39 accepted_dirs=24 duplicate_comfymodal_dirs=14 duplicate_names=[comfyui-modal-aws-rtx6000,comfyui-modal-c1-c5-c6-c8-tail,comfyui-modal-east1-composition,comfyui-modal-exact-clip-conditioning-cache,comfyui-modal-memory-regression-fix,comfyui-modal-pagesfile-probe,comfyui-modal-persistent-modal-handle,comfyui-modal-persistent-submission-v2,comfyui-modal-restore-structure,comfyui-modal-sub13-diagnostic,comfyui-modal-teardown-billing-tail,comfyui-modal-vae-runtime-path,comfyui-modal-vae-snapshot-seed,comyui-modal-pagesfile-probe]
[v2.custom_node_startup] decision=snapshot_exact_skip callback_called=0 source=persisted_record generation=2a72642e34e66186
[v2.custom_node_generation_parity] baked_generation=2a72642e34e66186c43d44eb871ef310 persisted_generation=2a72642e34e66186c43d44eb871ef310 pre_sync_actual_generation= post_sync_actual_generation= persisted_source=persisted_record sync_performed=0 sync_direction=none sync_reason=exact_match baked_matches_persisted=1 baked_matches_pre_sync_actual=- baked_matches_post_sync_actual=- persisted_matches_post_sync_actual=- final_authoritative_generation=2a72642e34e66186c43d44eb871ef310 final_authority_source=persisted_record proof_freeze_generation=2a72642e34e66186c43d44eb871ef310 proof_generation_match=1
[v2.startup_stage] stage=custom_node_source_copy event=end wall_unix_ns=1786587462062771706 monotonic_ns=4954669160 duration_ms=768.963
[v2.startup_stage] stage=comfyui_path_startup event=start wall_unix_ns=1786587462062956426 monotonic_ns=4954852760
[v2.startup_stage] stage=comfyui_path_startup event=end wall_unix_ns=1786587462063140226 monotonic_ns=4955037490 duration_ms=0.185
[v2.startup_stage] stage=backend_startup event=start wall_unix_ns=1786587462063305106 monotonic_ns=4955201460
[v2.runtime_shape] stage=snapshot_pre_capture runtime_shape_fingerprint=f504e296c398bdcb2c4c07e2 runtime_shape_label=None thread_policy=TBASE snapshot_model_order=O0 cpu_request=12 memory_request=32768 native_thread_count=13 configured_omp=None configured_mkl=None configured_openblas=None configured_numexpr=None malloc_arena_max=None native_library_settings={'OMP_NUM_THREADS': '12', 'MKL_NUM_THREADS': '12', 'OPENBLAS_NUM_THREADS': '12', 'NUMEXPR_NUM_THREADS': None, 'MALLOC_ARENA_MAX': None} torch_intraop_threads=12 torch_interop_threads=14 actual_torch_intraop_threads=12 actual_torch_interop_threads=14 requested_torch_intraop_threads=None requested_torch_interop_threads=None requested_vs_actual_match=True status=baseline_passthrough error= before={'torch_intraop_threads': 12, 'torch_interop_threads': 14}
[comfyapp] total_ram=1024.0G  cache_ram=24.0G
[v2.startup_stage] stage=custom_node_import event=start wall_unix_ns=1786587469035174318 monotonic_ns=11927071749
[33mModule 'diffusers' load failed. If you don't have it installed, do it:[0m
[33mpip install diffusers[0m
[34m[ComfyUI-Easy-Use] server: [0mv1.3.6 [92mLoaded[0m
[34m[ComfyUI-Easy-Use] web root: [0m/root/comfy/ComfyUI/custom_nodes/comfyui-easy-use/web_version/v2 [92mLoaded[0m
WARNING:root:[Impact Pack] custom_wildcards path not found: C:\Users\parla\OneDrive\Documents\AI HUB\ComfyUI June Install\ComfyUI\custom_nodes\comfyui-impact-pack\custom_wildcards. Using default path.
WARNING:/root/comfy/ComfyUI/custom_nodes/comfyui-lora-manager.py.config:No valid loras folders found in ComfyUI configuration
WARNING:/root/comfy/ComfyUI/custom_nodes/comfyui-lora-manager.py.config:No valid embeddings folders found in ComfyUI configuration
WARNING:/root/comfy/ComfyUI/custom_nodes/comfyui-lora-manager.py.vue_widget_builder:Node.js/npm not found. Cannot build Vue widgets. Please install Node.js or build manually: cd vue-widgets && npm run build
/usr/local/lib/python3.11/site-packages/sam3/model/sam3_video_inference.py:835: UserWarning: CUDA is not available or torch_xla is imported. Disabling autocast.
  @torch.autocast(device_type="cuda", dtype=torch.bfloat16)
/usr/local/lib/python3.11/site-packages/sam3/model/sam3_video_inference.py:943: UserWarning: CUDA is not available or torch_xla is imported. Disabling autocast.
  @torch.autocast(device_type="cuda", dtype=torch.bfloat16)
### ComfyUI-Workflow-Encrypt: Copy .js from '/root/comfy/ComfyUI/custom_nodes/comfyui-workflow-encrypt/js/comfyui-workflow-encrypt.js' to '/root/comfy/ComfyUI/web/extensions/comfyui-workflow-encrypt'

[92m[rgthree-comfy] Loaded 48 epic nodes. 🎉[0m

[33m[rgthree-comfy] ComfyUI's new Node 2.0 rendering may be incompatible with some rgthree-comfy nodes and features, breaking some rendering as well as losing the ability to access a node's properties (a vital part of many nodes). It also appears to run MUCH more slowly spiking CPU usage and causing jankiness and unresponsiveness, especially with large workflows. Personally I am not planning to use the new Nodes 2.0 and, unfortunately, am not able to invest the time to investigate and overhaul rgthree-comfy where needed. If you have issues when Nodes 2.0 is enabled, I'd urge you to switch it off as well and join me in hoping ComfyUI is not planning to deprecate the existing, stable canvas rendering all together.
[0m
[exact_prefill.local] enabled=1 source=env
[comfyui-modal] Routes registered: /comfymodal/prompt, /comfymodal/model/install, /comfymodal/models/batch-install, /comfymodal/models/inject, /comfymodal/models/inject-all, /comfymodal/health, /comfymodal/object_info, /comfymodal/cancel/{id}, /comfymodal/models, /comfymodal/sync/status, /comfymodal/sync/models, /comfymodal/sync/custom-nodes, /comfymodal/runtime/resync, /comfymodal/runtime/state, /comfymodal/comparison/*, /comfymodal/experiments/*, /comfymodal/presets/*, /comfymodal/assets/{id}, /comfymodal/run-history/*, /comfymodal/deploy-warmup/*, /comfymodal/history/*
warning: The `fitz` API is deprecated and will be removed in future. Use `import pymupdf` instead.
LOADED 5 FONTS


███╗   ███╗ █████╗  ██████╗██╗  ██╗██╗███╗   ██╗███████╗               
████╗ ████║██╔══██╗██╔════╝██║  ██║██║████╗  ██║██╔════╝               
██╔████╔██║███████║██║     ███████║██║██╔██╗ ██║█████╗                 
██║╚██╔╝██║██╔══██║██║     ██╔══██║██║██║╚██╗██║██╔══╝                 
██║ ╚═╝ ██║██║  ██║╚██████╗██║  ██║██║██║ ╚████║███████╗               
╚═╝     ╚═╝╚═╝  ╚═╝ ╚═════╝╚═╝  ╚═╝╚═╝╚═╝  ╚═══╝╚══════╝               
                                                                       
██████╗ ███████╗██╗     ██╗   ██╗███████╗██╗ ██████╗ ███╗   ██╗███████╗
██╔══██╗██╔════╝██║     ██║   ██║██╔════╝██║██╔═══██╗████╗  ██║██╔════╝
██║  ██║█████╗  ██║     ██║   ██║███████╗██║██║   ██║██╔██╗ ██║███████╗
██║  ██║██╔══╝  ██║     ██║   ██║╚════██║██║██║   ██║██║╚██╗██║╚════██║
██████╔╝███████╗███████╗╚██████╔╝███████║██║╚██████╔╝██║ ╚████║███████║
╚═════╝ ╚══════╝╚══════╝ ╚═════╝ ╚══════╝╚═╝ ╚═════╝ ╚═╝  ╚═══╝╚══════╝
                                                                       


[36;20m[/root/comfy/ComfyUI/custom_nodes/comfyui_controlnet_aux] | INFO -> Using ckpts path: /root/comfy/ComfyUI/custom_nodes/comfyui_controlnet_aux/ckpts[0m
[36;20m[/root/comfy/ComfyUI/custom_nodes/comfyui_controlnet_aux] | INFO -> Using symlinks: False[0m
[36;20m[/root/comfy/ComfyUI/custom_nodes/comfyui_controlnet_aux] | INFO -> Using ort providers: ['CUDAExecutionProvider', 'DirectMLExecutionProvider', 'OpenVINOExecutionProvider', 'ROCMExecutionProvider', 'CPUExecutionProvider', 'CoreMLExecutionProvider'][0m
DWPose: Onnxruntime with acceleration providers detected
(RES4LYF) Init
(RES4LYF) Importing beta samplers.
(RES4LYF) Importing legacy samplers.
⚠️  SeedVR2 optimizations check: SageAttention ❌ | Flash Attention ❌ | Triton ✅
💡 Optional: pip install sageattention flash-attn
⚠️ Memory check failed: No GPU backend available (CUDA/MPS) - No available backend!
WARNING:root:Traceback (most recent call last):
  File "/root/comfy/ComfyUI/nodes.py", line 2212, in load_custom_node
    module_spec.loader.exec_module(module)
  File "<frozen importlib._bootstrap_external>", line 940, in exec_module
  File "<frozen importlib._bootstrap>", line 241, in _call_with_frames_removed
  File "/root/comfy/ComfyUI/custom_nodes/ComfyUI-SeedVR2_VideoUpscaler/__init__.py", line 7, in <module>
    from .src.interfaces import comfy_entrypoint, SeedVR2Extension
  File "/root/comfy/ComfyUI/custom_nodes/ComfyUI-SeedVR2_VideoUpscaler/src/interfaces/__init__.py", line 8, in <module>
    from .video_upscaler import SeedVR2VideoUpscaler
  File "/root/comfy/ComfyUI/custom_nodes/ComfyUI-SeedVR2_VideoUpscaler/src/interfaces/video_upscaler.py", line 10, in <module>
    from ..utils.downloads import download_weight
  File "/root/comfy/ComfyUI/custom_nodes/ComfyUI-SeedVR2_VideoUpscaler/src/utils/downloads.py", line 14, in <module>
    from .model_registry import MODEL_REGISTRY, DEFAULT_VAE
  File "/root/comfy/ComfyUI/custom_nodes/ComfyUI-SeedVR2_VideoUpscaler/src/utils/model_registry.py", line 14, in <module>
    from ..models.video_vae_v3.modules.attn_video_vae import VideoAutoencoderKLWrapper
  File "/root/comfy/ComfyUI/custom_nodes/ComfyUI-SeedVR2_VideoUpscaler/src/models/video_vae_v3/modules/attn_video_vae.py", line 20, in <module>
    from diffusers.models.autoencoders.vae import DecoderOutput, DiagonalGaussianDistribution
  File "/usr/local/lib/python3.11/site-packages/diffusers/models/autoencoders/__init__.py", line 16, in <module>
    from .autoencoder_kl_temporal_decoder import AutoencoderKLTemporalDecoder
  File "/usr/local/lib/python3.11/site-packages/diffusers/models/autoencoders/autoencoder_kl_temporal_decoder.py", line 26, in <module>
    from ..unets.unet_3d_blocks import MidBlockTemporalDecoder, UpBlockTemporalDecoder
  File "/usr/local/lib/python3.11/site-packages/diffusers/models/unets/__init__.py", line 8, in <module>
    from .unet_3d_condition import UNet3DConditionModel
  File "/usr/local/lib/python3.11/site-packages/diffusers/models/unets/unet_3d_condition.py", line 37, in <module>
    from ..transformers.transformer_temporal import TransformerTemporalModel
  File "/usr/local/lib/python3.11/site-packages/diffusers/models/transformers/__init__.py", line 20, in <module>
    from .transformer_bria import BriaTransformer2DModel
  File "/usr/local/lib/python3.11/site-packages/diffusers/models/transformers/transformer_bria.py", line 14, in <module>
    from ..attention_dispatch import dispatch_attention_fn
  File "/usr/local/lib/python3.11/site-packages/diffusers/models/attention_dispatch.py", line 92, in <module>
    from sageattention import (
  File "/usr/local/lib/python3.11/site-packages/sageattention/__init__.py", line 1, in <module>
    from .core import sageattn, sageattn_varlen
  File "/usr/local/lib/python3.11/site-packages/sageattention/core.py", line 47, in <module>
    from .quant import per_block_int8 as per_block_int8_cuda
  File "/usr/local/lib/python3.11/site-packages/sageattention/quant.py", line 20, in <module>
    from . import _fused
  File "/root/comfyapp.py", line 17789, in find_spec
    raise ImportError(
ImportError: [comfyapp] blocked CUDA module import 'sageattention._fused' during snap=True to keep snapshot clean

WARNING:root:Cannot import /root/comfy/ComfyUI/custom_nodes/ComfyUI-SeedVR2_VideoUpscaler module for custom nodes: [comfyapp] blocked CUDA module import 'sageattention._fused' during snap=True to keep snapshot clean
[v2.startup_stage] stage=custom_node_import event=end wall_unix_ns=1786587480499773797 monotonic_ns=23391668246 duration_ms=11464.596 slow_import_summary_source=comfyui.nodes.init_external_custom_nodes
[comfyapp] custom_node_import_health: registered=2397 volume_syncable=24 comfy_entries=28 comfy_symlinks=0 failures=0 snapshot_deferred=0
[comfyapp] custom_node_import_health: volume_dirs=['ComfyUI-CacheDiT', 'ComfyUI-Flux2Klein-Enhancer', 'ComfyUI-KJNodes', 'ComfyUI-SeedVR2_VideoUpscaler', 'ComfyUI_LayerStyle', 'RES4LYF', 'cg-use-everywhere', 'comfyui-custom-scripts', 'comfyui-detail-daemon', 'comfyui-easy-use', 'comfyui-impact-pack', 'comfyui-levelpixel', 'comfyui-lora-manager', 'comfyui-manager', 'comfyui-modal', 'comfyui-workflow-encrypt', 'comfyui_controlnet_aux', 'comfyui_essentials', 'comfyui_fill-nodes', 'comfyui_image_metadata_extension', 'comfyui_lg_samplingutils', 'comfyui_sam3', 'masquerade-nodes-comfyui', 'rgthree-comfy']
[comfyapp] sage_policy module=model_optimization_nodes.py found=True patched=True baked_cuda_available=False duration=5.4ms
[comfyapp] in-process backend initialized in 18.456s
[v2.startup_stage] stage=backend_startup event=end wall_unix_ns=1786587480527336937 monotonic_ns=23419233976 duration_ms=18464.033
[v2.sage_snapshot] action=discover_and_patch module=/root/comfy/ComfyUI/custom_nodes/ComfyUI-KJNodes.nodes.model_optimization_nodes target=patch_kjnodes_get_sage_func.<locals>.wrapped_get_sage_func mode=patched_at_snapshot version=comfymodal-sage-v1
[v2.generation_identity] method=startup custom_nodes_generation='2a72642e34e66186c43d44eb…' raw_empty=false source=persisted_record runtime_state_generation='' api_object_id=47242018932816 deployment_combined_hash=2faee9aa62a85351
[v2.startup_stage] stage=certificate_snapshot_retention event=start wall_unix_ns=1786587480540020282 monotonic_ns=23431916831
[v2.cert_snapshot] status=fallback reason=seed_missing
[v2.startup_stage] stage=certificate_snapshot_retention event=end wall_unix_ns=1786587480540210512 monotonic_ns=23432107111 duration_ms=0.19 status=fallback reason=seed_missing
[v2.startup_stage] stage=dependency_validation event=start wall_unix_ns=1786587480540286532 monotonic_ns=23432182981
[v2.startup_stage] stage=baked_manifest_read event=start wall_unix_ns=1786587480540310072 monotonic_ns=23432206391
[v2.startup_stage] stage=baked_manifest_read event=end wall_unix_ns=1786587480540620452 monotonic_ns=23432517361 duration_ms=0.311
[dep_manifest] persisted identity=73d85f3aa136d103... combined_hash=2faee9aa62a85351... elapsed_ms=955.3
[v2.dep_manifest] startup build/persist done in 955.8ms identity=73d85f3aa136d103 combined_hash=2faee9aa62a85351 cn_gen=2a72642e34e66186 repair_mode=fail_fast baked_ok=1 ident_ok=1
[v2.startup_stage] stage=dependency_validation event=end wall_unix_ns=1786587481496126096 monotonic_ns=24388023042 duration_ms=955.84
[v2.deployment_proof] schema=1 complete=True reason=ok dep_hash=2faee9aa62a85351 baked_gen=2a72642e34e66186 gen_ok=1 reg_fp=True dep_identity=True repair_mode=n/a
[comfyapp] snapshot_preload_profile source=none - no warmup profile configured
[v2.runtime_shape] stage=snapshot_pre_capture runtime_shape_fingerprint=f504e296c398bdcb2c4c07e2 runtime_shape_label=None thread_policy=TBASE snapshot_model_order=O0 cpu_request=12 memory_request=32768 native_thread_count=35 configured_omp=None configured_mkl=None configured_openblas=None configured_numexpr=None malloc_arena_max=None native_library_settings={'OMP_NUM_THREADS': '12', 'MKL_NUM_THREADS': '12', 'OPENBLAS_NUM_THREADS': '12', 'NUMEXPR_NUM_THREADS': None, 'MALLOC_ARENA_MAX': None} torch_intraop_threads=12 torch_interop_threads=14 actual_torch_intraop_threads=12 actual_torch_interop_threads=14 requested_torch_intraop_threads=None requested_torch_interop_threads=None requested_vs_actual_match=True status=baseline_passthrough error= before={'torch_intraop_threads': 12, 'torch_interop_threads': 14}
[v2.startup_stage] stage=clip_snapshot_load event=start wall_unix_ns=1786587481608771146 monotonic_ns=24500667641
[active_read] registered owner=graph_loader key=/__modal/volumes/vo-QI6fCKykvocVkUBVGsuZgm/text_encoders/qwen_3_4b.safetensors active_read_id=4eabde31e73d4994 restored_instance_id= restore_session_id= request_id= start_wall_unix_ns=1786587481610023936 start_monotonic_ns=24501918950 start_thread_time_ns=20830000000 start_process_time_ns=24150000000 native_tid=2 active_read_path_hash=18da7c5b6a0c3132 active_read_file_size=8044982048 active_read_st_dev=30 active_read_st_ino=85 active_read_governor_enabled=0 active_read_priority=80 active_read_size_bytes=8044982048 active_read_size_mb=7672.3 active_read_is_large=1 active_read_classification_source=file_size active_read_queue_enter_ms=0.0 active_read_queue_exit_ms=0.0 active_read_queue_wait_ms=0.0 active_read_large_slots_used_at_enter=0 active_read_large_slots_used_at_start=0 active_read_concurrent_large_reads_at_start=1 active_read_attached_existing_future=0 active_read_duplicate_prevented=0
[active_read] completed owner=graph_loader key=/__modal/volumes/vo-QI6fCKykvocVkUBVGsuZgm/text_encoders/qwen_3_4b.safetensors active_read_id=4eabde31e73d4994 restored_instance_id= restore_session_id= complete_wall_unix_ns=1786587483775440128 complete_monotonic_ns=26667333798 complete_thread_time_ns=22360000000 complete_process_time_ns=45910000000 complete_native_tid=2 wall_ms=2165.415 thread_cpu_ms=1530.0 process_cpu_ms=21760.0 majf=None minf=None inblock=None nvcsw=None nivcsw=None read_bytes=None rchar=None path_hash=18da7c5b6a0c3132 file_size=8044982048 st_dev=30 st_ino=85
[v2.active_read_diag] active_read_id=4eabde31e73d4994 owner=graph_loader request_id= restore_session_id= path_hash=18da7c5b6a0c3132 wall_ms=2165.415 thread_cpu_ms=1530.0 process_cpu_ms=21760.0 read_bytes=not_observed_in_this_thread rchar=not_observed_in_this_thread minor_faults=None major_faults=None context_switches=None/None counter_status=unsupported legacy_counter_status=unsupported thread_cpu_status=unsupported process_cpu_status=unsupported io_status=unsupported page_fault_status=unsupported block_input_status=unsupported context_switch_status=unsupported native_thread_id=2
[v2.startup_stage] stage=clip_snapshot_load event=end wall_unix_ns=1786587484465465744 monotonic_ns=27357364266 duration_ms=2856.697
[v2.startup_stage] stage=unet_snapshot_load event=start wall_unix_ns=1786587485236452794 monotonic_ns=28128349393
[active_read] registered owner=graph_loader key=/__modal/volumes/vo-QI6fCKykvocVkUBVGsuZgm/diffusion_models/z_image_turbo_bf16.s active_read_id=83b3bd93e8c74007 restored_instance_id= restore_session_id= request_id= start_wall_unix_ns=1786587485239174656 start_monotonic_ns=28131069822 start_thread_time_ns=23740000000 start_process_time_ns=51670000000 native_tid=2 active_read_path_hash=8d2256b3cff6bbd2 active_read_file_size=12309866400 active_read_st_dev=30 active_read_st_ino=92 active_read_governor_enabled=0 active_read_priority=100 active_read_size_bytes=12309866400 active_read_size_mb=11739.6 active_read_is_large=1 active_read_classification_source=file_size active_read_queue_enter_ms=0.0 active_read_queue_exit_ms=0.0 active_read_queue_wait_ms=0.0 active_read_large_slots_used_at_enter=0 active_read_large_slots_used_at_start=0 active_read_concurrent_large_reads_at_start=1 active_read_attached_existing_future=0 active_read_duplicate_prevented=0
[active_read] completed owner=graph_loader key=/__modal/volumes/vo-QI6fCKykvocVkUBVGsuZgm/diffusion_models/z_image_turbo_bf16.s active_read_id=83b3bd93e8c74007 restored_instance_id= restore_session_id= complete_wall_unix_ns=1786587488753993728 complete_monotonic_ns=31645887768 complete_thread_time_ns=25450000000 complete_process_time_ns=81280000000 complete_native_tid=2 wall_ms=3514.818 thread_cpu_ms=1710.0 process_cpu_ms=29610.0 majf=None minf=None inblock=None nvcsw=None nivcsw=None read_bytes=None rchar=None path_hash=8d2256b3cff6bbd2 file_size=12309866400 st_dev=30 st_ino=92
[v2.active_read_diag] active_read_id=83b3bd93e8c74007 owner=graph_loader request_id= restore_session_id= path_hash=8d2256b3cff6bbd2 wall_ms=3514.818 thread_cpu_ms=1710.0 process_cpu_ms=29610.0 read_bytes=not_observed_in_this_thread rchar=not_observed_in_this_thread minor_faults=None major_faults=None context_switches=None/None counter_status=unsupported legacy_counter_status=unsupported thread_cpu_status=unsupported process_cpu_status=unsupported io_status=unsupported page_fault_status=unsupported block_input_status=unsupported context_switch_status=unsupported native_thread_id=2
[v2.startup_stage] stage=unet_snapshot_load event=end wall_unix_ns=1786587489101136161 monotonic_ns=31993034422 duration_ms=3864.685
[v2.startup_stage] stage=vae_snapshot_load event=start wall_unix_ns=1786587489824247237 monotonic_ns=32716143780
[active_read] registered owner=graph_loader key=/__modal/volumes/vo-QI6fCKykvocVkUBVGsuZgm/vae/ae.safetensors active_read_id=53026ab111dc4ba2 restored_instance_id= restore_session_id= request_id= start_wall_unix_ns=1786587489826172160 start_monotonic_ns=32718067169 start_thread_time_ns=26470000000 start_process_time_ns=85380000000 native_tid=2 active_read_path_hash=4c78afa4b05fac11 active_read_file_size=335304388 active_read_st_dev=30 active_read_st_ino=87 active_read_governor_enabled=0 active_read_priority=40 active_read_size_bytes=335304388 active_read_size_mb=319.8 active_read_is_large=0 active_read_classification_source=file_size active_read_queue_enter_ms=0.0 active_read_queue_exit_ms=0.0 active_read_queue_wait_ms=0.0 active_read_large_slots_used_at_enter=0 active_read_large_slots_used_at_start=0 active_read_concurrent_large_reads_at_start=0 active_read_attached_existing_future=0 active_read_duplicate_prevented=0
[active_read] completed owner=graph_loader key=/__modal/volumes/vo-QI6fCKykvocVkUBVGsuZgm/vae/ae.safetensors active_read_id=53026ab111dc4ba2 restored_instance_id= restore_session_id= complete_wall_unix_ns=1786587489887975424 complete_monotonic_ns=32779869266 complete_thread_time_ns=26530000000 complete_process_time_ns=85990000000 complete_native_tid=2 wall_ms=61.802 thread_cpu_ms=60.0 process_cpu_ms=610.0 majf=None minf=None inblock=None nvcsw=None nivcsw=None read_bytes=None rchar=None path_hash=4c78afa4b05fac11 file_size=335304388 st_dev=30 st_ino=87
[v2.active_read_diag] active_read_id=53026ab111dc4ba2 owner=graph_loader request_id= restore_session_id= path_hash=4c78afa4b05fac11 wall_ms=61.802 thread_cpu_ms=60.0 process_cpu_ms=610.0 read_bytes=not_observed_in_this_thread rchar=not_observed_in_this_thread minor_faults=None major_faults=None context_switches=None/None counter_status=unsupported legacy_counter_status=unsupported thread_cpu_status=unsupported process_cpu_status=unsupported io_status=unsupported page_fault_status=unsupported block_input_status=unsupported context_switch_status=unsupported native_thread_id=2
[v2.startup_stage] stage=vae_snapshot_load event=end wall_unix_ns=1786587489930151628 monotonic_ns=32822048770 duration_ms=105.905
[v2.vae_snapshot] status=retained vae_identity=ae.safetensors object_type=VAE object_id=47246839407056 vae_policy_version=1 vae_weight_dtype=bfloat16 vae_compute_dtype=bfloat16_native vae_memory_format=contiguous vae_prefetch_mode=off c5_impl_version=1.0.0 storage_bytes=167639366 floating_parameter_count=244 mismatched_parameter_buffer_count=0
[v2.unet_runtime_state] stage=snapshot_created unet_identity=z_image_turbo_bf16.safetensors requested_weight_dtype=default effective_snapshot_weight_dtype=bfloat16 effective_snapshot_compute_dtype=bfloat16 effective_snapshot_manual_cast_dtype=none effective_weight_dtype=bfloat16 dtype_resolution_source=target_gpu_policy target_gpus=RTX-PRO-6000 state={"current_device":"cpu","diffusion_model_object_id":"47246839281424","diffusion_model_type":"NextDiT","effective_snapshot_compute_dtype":"bfloat16","effective_snapshot_manual_cast_dtype":"none","first_buffer_device":"absent","first_buffer_dtype":"absent","first_parameter_device":"cpu","first_parameter_dtype":"torch.bfloat16","forward_module":"NextDiT","forward_qualname":"NextDiT.forward","load_device":"cpu","loaded_models_member":"absent","manual_cast_dtype":"absent","model_dtype":"torch.bfloat16","model_loaded_weight_memory":"0","model_lowvram":"False","model_lowvram_patch_counter":"0","model_object_id":"47246839281808","model_options_keys":["transformer_options"],"model_type":"Lumina2","object_patch_count":0,"offload_device":"cpu","param_distribution":{"param_count":453,"param_dev_dtype_count":{"cpu|torch.bfloat16":453},"param_dev_dtype_numel":{"cpu|torch.bfloat16":6154908736},"param_distribution_hash":"96e377c80251860d5549077cedd369a544935a81bfbda9128343843e9dd54c80","total_param_numel":6154908736},"patch_count":0,"patcher_object_id":"47245339365264","patcher_type":"ModelPatcher","transformer_options_keys":[],"weight_dtype":"absent"}
[v2.host_memory] stage=restore_complete current_mib=absent peak_mib=absent limit_mib=absent process_rss_mib=24513.6 process_maxrss_mib=35684.6 oom_count=absent oom_kill_count=absent status=ok cgroup_path=absent cgroup_mount=absent
[v2.startup_stage] stage=cachedit_preparation event=start wall_unix_ns=1786587491327448437 monotonic_ns=34219345775
[cachedit.startup] preimport transformers version=4.55.2 path=/usr/local/lib/python3.11/site-packages/transformers/__init__.py
[cachedit.startup] preimport diffusers version=0.36.0 path=/usr/local/lib/python3.11/site-packages/diffusers/__init__.py
/usr/local/lib/python3.11/site-packages/diffusers/models/transformers/transformer_kandinsky.py:168: UserWarning: CUDA is not available or torch_xla is imported. Disabling autocast.
  @torch.autocast(device_type="cuda", dtype=torch.float32)
/usr/local/lib/python3.11/site-packages/diffusers/models/transformers/transformer_kandinsky.py:272: UserWarning: CUDA is not available or torch_xla is imported. Disabling autocast.
  @torch.autocast(device_type="cuda", dtype=torch.float32)
[cachedit.startup] preimport cache_dit version=1.2.3 path=/usr/local/lib/python3.11/site-packages/cache_dit/__init__.py
[cachedit.startup] cache_dit metadata={'__version__': '1.2.3', 'top_level_classes': ['BasicCacheConfig', 'BlockAdapter', 'CacheType', 'CalibratorConfig', 'DBCacheConfig', 'DBPruneConfig', 'FoCaCalibratorConfig', 'ForwardPattern', 'ParallelismBackend', 'ParallelismConfig', 'ParamsModifier', 'PatchFunctor', 'ProfilerContext', 'TaylorSeerCalibratorConfig']}
[v2.startup_stage] stage=cachedit_preparation event=end wall_unix_ns=1786587491525627914 monotonic_ns=34417525151 duration_ms=198.179
[cachedit.startup] preimport ok transformers=4.55.2 diffusers=0.36.0 cache_dit=1.2.3 cache_dit_info={'__version__': '1.2.3', 'top_level_classes': ['BasicCacheConfig', 'BlockAdapter', 'CacheType', 'CalibratorConfig', 'DBCacheConfig', 'DBPruneConfig', 'FoCaCalibratorConfig', 'ForwardPattern', 'ParallelismBackend', 'ParallelismConfig', 'ParamsModifier', 'PatchFunctor', 'ProfilerContext', 'TaylorSeerCalibratorConfig']}
[v2.snapshot_pools] stage=before_snapshot_capture legacy_threads_joined=0 legacy_worker_refs_removed=0 coordinator_closed=1 native_thread_count=46
[v2.snapshot_model_eviction_memory] stage=full_models_loaded vm_rss_mib=24539.34765625 vm_hwm_mib=absent smaps_rss_mib=absent smaps_pss_mib=absent smaps_private_clean_mib=absent smaps_private_dirty_mib=absent smaps_shared_clean_mib=absent smaps_shared_dirty_mib=absent smaps_anonymous_mib=absent native_thread_count=46 torch_intraop_threads=12 torch_interop_threads=14 loaded_module_count=10454
[v2.snapshot_model_eviction_memory] stage=after_full_eviction vm_rss_mib=16248.96875 vm_hwm_mib=absent smaps_rss_mib=absent smaps_pss_mib=absent smaps_private_clean_mib=absent smaps_private_dirty_mib=absent smaps_shared_clean_mib=absent smaps_shared_dirty_mib=absent smaps_anonymous_mib=absent native_thread_count=46 torch_intraop_threads=12 torch_interop_threads=14 loaded_module_count=10454
[v2.snapshot_model_eviction] stage=snapshot_pre_capture enabled=1 status=full_eviction_complete retain_role=clip_vae clip_original_id=47245320272080 unet_original_id=47245339365264 original_clip_alive_after_full_eviction=0 original_unet_alive_after_full_eviction=0 full_eviction_rss_drop_mib=8290.4 rss_before_mib=24539.34765625 rss_after_eviction_mib=16248.96875 malloc_trim_status=applied malloc_trim_result=1
[v2.runtime_shape] stage=snapshot_pre_capture runtime_shape_fingerprint=f504e296c398bdcb2c4c07e2 runtime_shape_label=None thread_policy=TBASE snapshot_model_order=O0 cpu_request=12 memory_request=32768 native_thread_count=46 configured_omp=None configured_mkl=None configured_openblas=None configured_numexpr=None malloc_arena_max=None native_library_settings={'OMP_NUM_THREADS': '12', 'MKL_NUM_THREADS': '12', 'OPENBLAS_NUM_THREADS': '12', 'NUMEXPR_NUM_THREADS': None, 'MALLOC_ARENA_MAX': None} torch_intraop_threads=12 torch_interop_threads=14 actual_torch_intraop_threads=12 actual_torch_interop_threads=14 requested_torch_intraop_threads=None requested_torch_interop_threads=None requested_vs_actual_match=True status=baseline_passthrough error= before={'torch_intraop_threads': 12, 'torch_interop_threads': 14}
[v2.startup_stage] stage=clip_snapshot_load event=start wall_unix_ns=1786587493801081353 monotonic_ns=36692978613
[active_read] registered owner=graph_loader key=/__modal/volumes/vo-QI6fCKykvocVkUBVGsuZgm/text_encoders/qwen_3_4b.safetensors active_read_id=2ec43f6f5da54093 restored_instance_id= restore_session_id= request_id= start_wall_unix_ns=1786587493803095296 start_monotonic_ns=36694990343 start_thread_time_ns=30210000000 start_process_time_ns=90110000000 native_tid=2 active_read_path_hash=18da7c5b6a0c3132 active_read_file_size=8044982048 active_read_st_dev=30 active_read_st_ino=85 active_read_governor_enabled=0 active_read_priority=80 active_read_size_bytes=8044982048 active_read_size_mb=7672.3 active_read_is_large=1 active_read_classification_source=file_size active_read_queue_enter_ms=0.0 active_read_queue_exit_ms=0.0 active_read_queue_wait_ms=0.0 active_read_large_slots_used_at_enter=0 active_read_large_slots_used_at_start=0 active_read_concurrent_large_reads_at_start=1 active_read_attached_existing_future=0 active_read_duplicate_prevented=0
[active_read] completed owner=graph_loader key=/__modal/volumes/vo-QI6fCKykvocVkUBVGsuZgm/text_encoders/qwen_3_4b.safetensors active_read_id=2ec43f6f5da54093 restored_instance_id= restore_session_id= complete_wall_unix_ns=1786587494559206144 complete_monotonic_ns=37451100245 complete_thread_time_ns=30930000000 complete_process_time_ns=98610000000 complete_native_tid=2 wall_ms=756.11 thread_cpu_ms=720.0 process_cpu_ms=8500.0 majf=None minf=None inblock=None nvcsw=None nivcsw=None read_bytes=None rchar=None path_hash=18da7c5b6a0c3132 file_size=8044982048 st_dev=30 st_ino=85
[v2.active_read_diag] active_read_id=2ec43f6f5da54093 owner=graph_loader request_id= restore_session_id= path_hash=18da7c5b6a0c3132 wall_ms=756.11 thread_cpu_ms=720.0 process_cpu_ms=8500.0 read_bytes=not_observed_in_this_thread rchar=not_observed_in_this_thread minor_faults=None major_faults=None context_switches=None/None counter_status=unsupported legacy_counter_status=unsupported thread_cpu_status=unsupported process_cpu_status=unsupported io_status=unsupported page_fault_status=unsupported block_input_status=unsupported context_switch_status=unsupported native_thread_id=2
[v2.startup_stage] stage=clip_snapshot_load event=end wall_unix_ns=1786587495286493671 monotonic_ns=38178392040 duration_ms=1485.413
[v2.startup_stage] stage=vae_snapshot_load event=start wall_unix_ns=1786587495286651750 monotonic_ns=38178548269
[active_read] registered owner=graph_loader key=/__modal/volumes/vo-QI6fCKykvocVkUBVGsuZgm/vae/ae.safetensors active_read_id=9393e693a2304c12 restored_instance_id= restore_session_id= request_id= start_wall_unix_ns=1786587495287840000 start_monotonic_ns=38179735139 start_thread_time_ns=31630000000 start_process_time_ns=104470000000 native_tid=2 active_read_path_hash=4c78afa4b05fac11 active_read_file_size=335304388 active_read_st_dev=30 active_read_st_ino=87 active_read_governor_enabled=0 active_read_priority=40 active_read_size_bytes=335304388 active_read_size_mb=319.8 active_read_is_large=0 active_read_classification_source=file_size active_read_queue_enter_ms=0.0 active_read_queue_exit_ms=0.0 active_read_queue_wait_ms=0.0 active_read_large_slots_used_at_enter=0 active_read_large_slots_used_at_start=0 active_read_concurrent_large_reads_at_start=0 active_read_attached_existing_future=0 active_read_duplicate_prevented=0
[active_read] completed owner=graph_loader key=/__modal/volumes/vo-QI6fCKykvocVkUBVGsuZgm/vae/ae.safetensors active_read_id=9393e693a2304c12 restored_instance_id= restore_session_id= complete_wall_unix_ns=1786587495335956992 complete_monotonic_ns=38227851121 complete_thread_time_ns=31680000000 complete_process_time_ns=104960000000 complete_native_tid=2 wall_ms=48.116 thread_cpu_ms=50.0 process_cpu_ms=490.0 majf=None minf=None inblock=None nvcsw=None nivcsw=None read_bytes=None rchar=None path_hash=4c78afa4b05fac11 file_size=335304388 st_dev=30 st_ino=87
[v2.active_read_diag] active_read_id=9393e693a2304c12 owner=graph_loader request_id= restore_session_id= path_hash=4c78afa4b05fac11 wall_ms=48.116 thread_cpu_ms=50.0 process_cpu_ms=490.0 read_bytes=not_observed_in_this_thread rchar=not_observed_in_this_thread minor_faults=None major_faults=None context_switches=None/None counter_status=unsupported legacy_counter_status=unsupported thread_cpu_status=unsupported process_cpu_status=unsupported io_status=unsupported page_fault_status=unsupported block_input_status=unsupported context_switch_status=unsupported native_thread_id=2
[v2.startup_stage] stage=vae_snapshot_load event=end wall_unix_ns=1786587495361951693 monotonic_ns=38253848792 duration_ms=75.301
[v2.snapshot_model_eviction] stage=snapshot_pre_capture enabled=1 status=non_fatal_floor_failure retain_role=clip_vae floor=final_reduction threshold_mib=4096 actual_mib=-1804.9 actual_bytes=? selected_reload_rss_rise_mib=10095.3 final_reduction_from_full_mib=-1804.9 selected_storage_total_bytes=8380214928 after_full_eviction_rss_mib=16248.96875 after_selected_reload_rss_mib=26344.265625 full_models_rss_mib=24539.34765625 malloc_trim_status=applied malloc_trim_result=1
[v2.snapshot_model_eviction_memory] stage=after_selected_reload vm_rss_mib=26344.265625 vm_hwm_mib=absent smaps_rss_mib=absent smaps_pss_mib=absent smaps_private_clean_mib=absent smaps_private_dirty_mib=absent smaps_shared_clean_mib=absent smaps_shared_dirty_mib=absent smaps_anonymous_mib=absent native_thread_count=46 torch_intraop_threads=12 torch_interop_threads=14 loaded_module_count=10454
[v2.snapshot_model_eviction] stage=snapshot_pre_capture enabled=1 status=ready floor_failures=1 floor_failures_details=final_reduction=-1804.9 retain_role=clip_vae retained_model_present=0 retained_model_id=47242026648976 retained_model_type=CLIP retained_weakref_alive=1 original_clip_alive_after_full_eviction=0 original_unet_alive_after_full_eviction=0 original_vae_alive_after_full_eviction=0 reloaded_model_present=0 reloaded_model_id=47242026648976 reloaded_model_is_new_object=1 clip_original_id=47245320272080 unet_original_id=47245339365264 vae_original_id=47246839407056 container_retained=1 normal_cpu_snapshot_models_present=1 clip_present=1 vae_present=1 unet_present=0 full_eviction_rss_drop_mib=8290.4 selected_reload_rss_rise_mib=10095.3 final_reduction_from_full_mib=-1804.9 selected_storage_count=399 selected_storage_total_bytes=8380214928 selected_storage_total_mib=7991.996 full_models_rss_mib=24539.34765625 after_full_eviction_rss_mib=16248.96875 after_selected_reload_rss_mib=26344.265625 bridge_active_preparation=0 bridge_active_preparation_before_clear=0 snapshot_loader_output_count=0 snapshot_seed_present=0 native_threads=46 torch_intraop=12 torch_interop=14 patcher_cleanup_count=3 patcher_detach_count=3 patcher_cleanup_errors=0 malloc_trim_status=applied malloc_trim_result=1
[v2.startup_stage] stage=vae_preparation event=start wall_unix_ns=1786587495425497850 monotonic_ns=38317395549 status=skipped reason=vae_not_part_of_cpu_snapshot
[v2.startup_stage] stage=vae_preparation event=end wall_unix_ns=1786587495425579930 monotonic_ns=38317476269 status=skipped reason=vae_not_part_of_cpu_snapshot duration_ms=0.0
[restore_memory_arm] freeze skipped: no_state_dir
[v2.startup_stage] stage=snapshot_startup_callback event=return wall_unix_ns=1786587495427142169 monotonic_ns=38319038528 status=ready
[v2.lifecycle] method=startup snap=True container_session=b03f12a534084e7b restore_total_ms=32348.702 status=ready
Snapshot created. Restoring Function from memory snapshot.
Restoring Function from memory snapshot.
[v2.startup_stage] stage=post_snapshot_restore event=start wall_unix_ns=1786587519423585768 monotonic_ns=62315482485
[v2.snapshot_timing] snapshot_callback_age_at_restore_ms=23996.601 snapshot_callback_to_command_start_ms=unavailable command_start_to_restore_start_ms=unavailable request_latency_included=0 source=snapshot_callback_return_to_restore_start
[v2.snapshot_model_eviction] stage=restore_observed marker=1 cpu_snapshot_models_present=1 clip_present=1 unet_present=0 retained_role=clip_vae retained_model_id=0 retained_model_type= rss_after_restore_mib=11518.640625 native_thread_count=46 torch_intraop=12 torch_interop=14 wall_unix_ns=1786587519489726463
[v2.snapshot_model_eviction] stage=restore_release_retained retain_role=clip_vae status=container_retained container_present=1 clip_present=1 vae_present=1 unet_present=0 retained_slot_release=0 retained_model_id=0 retained_alive_after_release=0 rss_before_release_mib=absent rss_after_gc_mib=absent rss_after_trim_mib=absent rss_drop_mib=absent malloc_trim_status=absent malloc_trim_result=absent restore_release_start_wall_unix_ns=1786587519489869273 restore_release_end_wall_unix_ns=1786587519489869273 wall_unix_ns=1786587519489869273
[v2.residency_config] enabled=0
[v2.host_memory] stage=restore_start current_mib=absent peak_mib=absent limit_mib=absent process_rss_mib=11801.3 process_maxrss_mib=35684.6 oom_count=absent oom_kill_count=absent status=ok cgroup_path=absent cgroup_mount=absent
[v2.runtime_shape] stage=after_restore runtime_shape_fingerprint=f504e296c398bdcb2c4c07e2 runtime_shape_label=None thread_policy=TBASE snapshot_model_order=O0 cpu_request=12 memory_request=32768 native_thread_count=46 configured_omp=None configured_mkl=None configured_openblas=None configured_numexpr=None malloc_arena_max=None native_library_settings={'OMP_NUM_THREADS': '12', 'MKL_NUM_THREADS': '12', 'OPENBLAS_NUM_THREADS': '12', 'NUMEXPR_NUM_THREADS': None, 'MALLOC_ARENA_MAX': None} torch_intraop_threads=12 torch_interop_threads=14 actual_torch_intraop_threads=12 actual_torch_interop_threads=14 requested_torch_intraop_threads=None requested_torch_interop_threads=None requested_vs_actual_match=True status=baseline_passthrough error=
[v2.experiment] restore_memory arm=optimized effective=baseline fallback=no_frozen_capacity
[v2.opt.gpu_state] total_memory_ms=618.609
[comfyapp] gpu_state restored vram=97250MB ram=1048576MB vram_state=VRAMState.HIGH_VRAM in 621.1ms
[restore.cuda_context] available=1 device_index=0 device=NVIDIA RTX PRO 6000 Blackwell Server Edition sync_ms=100.092 total_ms=100.253
[v2.sage_restore] decision=snapshot_exact_skip discovery_called=0 verify_ms=0.181
[v2.custom_node_restore] decision=snapshot_exact_skip callback_called=0 source=persisted_record check_ms=0.82
[v2.startup_stage] stage=snapshot_execution_seed event=start wall_unix_ns=1786587520608605670 monotonic_ns=63500502761
[v2.seed_restore] source=startup_minimal schema=2 topology_available=0 workflow_hash= loader_signatures=0
[v2.startup_stage] stage=snapshot_execution_seed event=end wall_unix_ns=1786587520611759419 monotonic_ns=63503655980 duration_ms=3.153
[v2.generation_identity] method=restore custom_nodes_generation='2a72642e34e66186c43d44eb…' raw_empty=false source=persisted_record runtime_state_generation='' api_object_id=47242018932816 deployment_combined_hash=2faee9aa62a85351
[v2.prefill_config] env=critical parsed=critical cpu_snapshot_container_active=0 native_fast_disk_unet_execution_active=0
[v2.restore_breakdown] bootstrap_ms=876.55 unet_cache_patch_ms=None clip_prepare_submit_ms=None clip_worker_wait_ms=None unet_spec_extract_ms=None bg_unet_submit_ms=None restore_finalize_ms=0.092
[v2.clip_stages] worker_queue_ms=None load_torch_file_ms=None read_to_ready_ms=None post_read_cpu_prepare_ms=None gpu_wait_ms=None gpu_commit_ms=None read_end_to_ready_ms=None worker_total_ms=None worker_close_wait_ms=None restore_finalization_ms=0.092
[v2.restoration_identity] restored_instance_id=beca88865d3a44e2a36fd07425bf1ea4 restore_session_id=8cbb201b1e1340cfb6e5d5b02d60821c container_session_id=b03f12a534084e7b modal_task_id=ta-01KZWEJ7F7M93F9G615N7S594R modal_image_id=im-fLTERHLBMhXpBYNmOC11g8 modal_cloud=CLOUD_PROVIDER_GCP modal_region=us-east4 pid=2 hostname=modal restore_total_ms=1122.919 remote_python_resume_wall_unix_ns=1786587519423529472 restore_method_start_wall_unix_ns=1786587519423529472 restore_method_end_wall_unix_ns=1786587520612882176 modal_method_entry_wall_unix_ns=absent restore_status=success restore_method_status=success 
[v2.lifecycle] method=restore snap=False container_session=b03f12a534084e7b restore_count=1 restore_total_ms=1122.919 remote_python_resume_wall_unix_ns=1786587519423529472 restore_method_start_wall_unix_ns=1786587519423529472 restore_method_end_wall_unix_ns=1786587520612882176 modal_method_entry_wall_unix_ns=absent restore_status=success restore_method_status=success status=restored
[v2.host_memory] stage=restore_complete current_mib=absent peak_mib=absent limit_mib=absent process_rss_mib=13361.1 process_maxrss_mib=35684.6 oom_count=absent oom_kill_count=absent status=ok cgroup_path=absent cgroup_mount=absent
[v2.gpu_allocation] cuda_version=13.0 gpu_actual_name=NVIDIA RTX PRO 6000 Blackwell Server Edition gpu_compute_capability=12.0 gpu_requested_order=RTX-PRO-6000 gpu_vram_total_mib=97250 torch_version=2.13.0+cu130
[v2.startup_stage] stage=post_snapshot_restore event=end wall_unix_ns=1786587520616275628 monotonic_ns=63508172139 duration_ms=1192.69
[v2.clip_conditioning_cache] event=mode flag=COMFYMODAL_V2_CLIP_CONDITIONING_CACHE enabled=1 root=/root/prompt_cache_vol/exact_conditioning max_entries=64 max_bytes=536870912
Building image im-JqZslIsXEXxbs6hnVNdu6D

=> Step 0: FROM base

=> Step 1: ENV TORCHINDUCTOR_CACHE_DIR=/root/comfymodal_runtime_state/.inductor-cache

=> Step 2: ENV TORCHINDUCTOR_FX_GRAPH_CACHE=1

=> Step 3: ENV TRITON_CACHE_DIR=/tmp/triton_cache

=> Step 4: ENV TORCHINDUCTOR_EMULATE_PRECISION_CASTS=1

=> Step 5: ENV TORCHINDUCTOR_COMPILE_THREADS=1

=> Step 6: ENV COMFYMODAL_ENABLE_TORCH_COMPILE=0

=> Step 7: ENV COMFYMODAL_ENABLE_GPU_SNAPSHOT=0

=> Step 8: ENV COMFYMODAL_WARMUP_TEXT=warmup

=> Step 9: ENV COMFYMODAL_SAGE_RUNTIME_MODE=baked_cuda

=> Step 10: ENV COMFYMODAL_SAGE_RUNTIME_PROBE_ON_RESTORE=0

=> Step 11: ENV COMFYMODAL_PRELOAD_MODE=clip_only

=> Step 12: ENV COMFYMODAL_DIRECT_WARMUP_LOAD_UNET=0

=> Step 13: ENV COMFYMODAL_DIRECT_WARMUP_LOAD_CLIP=1

=> Step 14: ENV COMFYMODAL_DIRECT_WARMUP_CLIP_ENCODE=1

=> Step 15: ENV COMFYMODAL_EXACT_CLIP_PREFILL=1

=> Step 16: ENV COMFYMODAL_DIRECT_WARMUP_REQUIRE_CPU_CACHE_HIT=1

=> Step 17: ENV COMFYMODAL_SAFETENSORS_READ_MODE=normal

=> Step 18: ENV COMFYMODAL_RUNTIME=1

=> Step 19: ENV PROMPT_ASYNC_PRELOAD=0

=> Step 20: ENV PROMPT_PRELOAD_WORKERS=2

=> Step 21: ENV PROMPT_ASYNC_ACTUAL_LOAD=1

=> Step 22: ENV PROMPT_ASYNC_ACTUAL_LOAD_UNET=1

=> Step 23: ENV ACTUAL_LOAD_MODE=unet_vae_only

=> Step 24: ENV DISABLE_CACHEDIT_FOR_Z_IMAGE=0

=> Step 25: ENV DISABLE_RESTORE_WARMUP_FOR_Z_IMAGE=0

=> Step 26: ENV COMFYMODAL_REQUIREMENTS_REPAIR_MODE=fail_fast

=> Step 27: ENV COMFYMODAL_PRELOAD_UNKNOWN_PROFILES=0

=> Step 28: ENV COMFYMODAL_PRELOAD_MAX_TOTAL_GB=12

=> Step 29: ENV COMFYMODAL_PRELOAD_MAX_FILE_GB=10

=> Step 30: ENV COMFYMODAL_PRELOAD_MIN_THROUGHPUT_GBPS=0.5

=> Step 31: ENV COMFYMODAL_PRELOAD_OUTLIER_ABORT_SECONDS=10

=> Step 32: ENV COMFYMODAL_ENABLE_REMOTE_BACKGROUND_DEPLOY=0

=> Step 33: ENV COMFYMODAL_EXPERIMENTAL_RESTORE_BACKGROUND_CODE=0

=> Step 34: ENV COMFYMODAL_RESTORE_BACKGROUND_UNET=0

=> Step 35: ENV COMFYMODAL_V2_RUNTIME_REVISION=ae78487862dd1ea0

=> Step 36: ENV COMFYMODAL_V2_PREFILL_LANES=critical

=> Step 37: ENV COMFYMODAL_V2_NATIVE_FAST_DISK_UNET=1

=> Step 38: ENV COMFYMODAL_SAMPLING_DEEP_PROFILE=off

=> Step 39: ENV COMFYMODAL_V2_THREAD_POLICY=TBASE

=> Step 40: ENV COMFYMODAL_V2_SNAPSHOT_MODEL_ORDER=O0

=> Step 41: ENV COMFYMODAL_V2_CPU_REQUEST=12

=> Step 42: ENV COMFYMODAL_V2_MEMORY_REQUEST=32768

=> Step 43: ENV COMFYMODAL_V2_MEMORY_MB=32768

=> Step 44: ENV COMFYMODAL_V2_RUNTIME_SHAPE_FINGERPRINT=f504e296c398bdcb2c4c07e2
Saving image...
Image saved, took 2.52s

Built image im-JqZslIsXEXxbs6hnVNdu6D in 3.78s


Building image im-SIBL5M9OGO6tqSghHST5Eo

=> Step 0: FROM base

=> Step 1: COPY . /
Saving image...
Image saved, took 1.94s

Built image im-SIBL5M9OGO6tqSghHST5Eo in 8.44s


Building image im-1y7JYrXWfP85QBgGfl0G6P

=> Step 0: FROM base

=> Step 1: COPY . /
Saving image...
Image saved, took 4.60s

Built image im-1y7JYrXWfP85QBgGfl0G6P in 6.89s


Creating CPU memory snapshot for Function.
[v2.startup_stage] stage=container_python_import event=start wall_unix_ns=1786593194477793027 monotonic_ns=857605375
[critical_path.flags] critical_path=1 unet_phase=1 validation_phase=1 coordinator=0 coordinator_diag=1 source=module_import
[exact_prefill.remote] enabled=1 source=env
[timing_trace] module loaded __file__=/root/timing_trace.py TRACE_VERSION=2.0.0
[timing_trace] module directory in sys.path: /root
[modal-client] 2026-08-13T03:53:15+0000 Warning: function name 'ComfyAPI_H100.*' collision! Overriding existing function [comfyapp].ComfyAPI_H100.* with new function [comfyapp].ComfyAPI_H100.*
[v2.region_pin] region=unpinned cloud=unpinned source=COMFYMODAL_V2_REGION/COMFYMODAL_V2_CLOUD
[v2.startup_stage] stage=snap_true_enter event=start wall_unix_ns=1786593195617467528 monotonic_ns=1997275045
[v2.startup_stage] stage=container_python_import event=end wall_unix_ns=1786593195617517717 monotonic_ns=1997324475 duration_ms=1139.719
[v2.host_memory] stage=restore_start current_mib=absent peak_mib=absent limit_mib=absent process_rss_mib=121.6 process_maxrss_mib=130.7 oom_count=absent oom_kill_count=absent status=ok cgroup_path=absent cgroup_mount=absent
[v2.runtime_shape] stage=image_runtime_initialization runtime_shape_fingerprint=f504e296c398bdcb2c4c07e2 runtime_shape_label=None thread_policy=TBASE snapshot_model_order=O0 cpu_request=12 memory_request=32768 native_thread_count=13 configured_omp=None configured_mkl=None configured_openblas=None configured_numexpr=None malloc_arena_max=None native_library_settings={'OMP_NUM_THREADS': '12', 'MKL_NUM_THREADS': '12', 'OPENBLAS_NUM_THREADS': '12', 'NUMEXPR_NUM_THREADS': None, 'MALLOC_ARENA_MAX': None} torch_intraop_threads=12 torch_interop_threads=14 actual_torch_intraop_threads=12 actual_torch_interop_threads=14 requested_torch_intraop_threads=None requested_torch_interop_threads=None requested_vs_actual_match=True status=baseline_passthrough error= before={'torch_intraop_threads': 12, 'torch_interop_threads': 14}
[v2.startup_stage] stage=snap_true_enter event=end wall_unix_ns=1786593197679783310 monotonic_ns=4059590119 duration_ms=2062.315
[v2.snapshot_target] static_fingerprint=607a13f2c677084718c3599f926bdc4511b1a258e3866676be894209a4996364 app=stable-modal-comfy-v2-restore-only-shadow class=ModalRuntimeEntrypointV2 gpu=RTX-PRO-6000 cpu=12 memory=32768 runtime_shape_fingerprint=f504e296c398bdcb2c4c07e2 snapshot_model_order=O0
[v2.snapshot_runtime] image_id=im-1y7JYrXWfP85QBgGfl0G6P cloud=CLOUD_PROVIDER_GCP region=us-east4 container_session_id=a95b4ebdbe5f451c
[v2.manager] network_mode=offline configs=1
[v2.startup_stage] stage=custom_node_source_copy event=start wall_unix_ns=1786593197868877308 monotonic_ns=4248684154
[v2.custom_node_filter] total_source_dirs=39 accepted_dirs=24 duplicate_comfymodal_dirs=14 duplicate_names=[comfyui-modal-aws-rtx6000,comfyui-modal-c1-c5-c6-c8-tail,comfyui-modal-east1-composition,comfyui-modal-exact-clip-conditioning-cache,comfyui-modal-memory-regression-fix,comfyui-modal-pagesfile-probe,comfyui-modal-persistent-modal-handle,comfyui-modal-persistent-submission-v2,comfyui-modal-restore-structure,comfyui-modal-sub13-diagnostic,comfyui-modal-teardown-billing-tail,comfyui-modal-vae-runtime-path,comfyui-modal-vae-snapshot-seed,comyui-modal-pagesfile-probe]
[v2.custom_node_startup] decision=snapshot_exact_skip callback_called=0 source=persisted_record generation=4beea0bbdb2a3e74
[v2.custom_node_generation_parity] baked_generation=4beea0bbdb2a3e74517b90a3989b9de5 persisted_generation=4beea0bbdb2a3e74517b90a3989b9de5 pre_sync_actual_generation= post_sync_actual_generation= persisted_source=persisted_record sync_performed=0 sync_direction=none sync_reason=exact_match baked_matches_persisted=1 baked_matches_pre_sync_actual=- baked_matches_post_sync_actual=- persisted_matches_post_sync_actual=- final_authoritative_generation=4beea0bbdb2a3e74517b90a3989b9de5 final_authority_source=persisted_record proof_freeze_generation=4beea0bbdb2a3e74517b90a3989b9de5 proof_generation_match=1
[v2.startup_stage] stage=custom_node_source_copy event=end wall_unix_ns=1786593198300849756 monotonic_ns=4680657463 duration_ms=431.973
[v2.startup_stage] stage=comfyui_path_startup event=start wall_unix_ns=1786593198301023906 monotonic_ns=4680830723
[v2.startup_stage] stage=comfyui_path_startup event=end wall_unix_ns=1786593198301089656 monotonic_ns=4680896413 duration_ms=0.066
[v2.startup_stage] stage=backend_startup event=start wall_unix_ns=1786593198301133896 monotonic_ns=4680940653
[v2.runtime_shape] stage=snapshot_pre_capture runtime_shape_fingerprint=f504e296c398bdcb2c4c07e2 runtime_shape_label=None thread_policy=TBASE snapshot_model_order=O0 cpu_request=12 memory_request=32768 native_thread_count=13 configured_omp=None configured_mkl=None configured_openblas=None configured_numexpr=None malloc_arena_max=None native_library_settings={'OMP_NUM_THREADS': '12', 'MKL_NUM_THREADS': '12', 'OPENBLAS_NUM_THREADS': '12', 'NUMEXPR_NUM_THREADS': None, 'MALLOC_ARENA_MAX': None} torch_intraop_threads=12 torch_interop_threads=14 actual_torch_intraop_threads=12 actual_torch_interop_threads=14 requested_torch_intraop_threads=None requested_torch_interop_threads=None requested_vs_actual_match=True status=baseline_passthrough error= before={'torch_intraop_threads': 12, 'torch_interop_threads': 14}
[comfyapp] total_ram=1024.0G  cache_ram=24.0G
[v2.startup_stage] stage=custom_node_import event=start wall_unix_ns=1786593205031353674 monotonic_ns=11411161471
[36;20m[/root/comfy/ComfyUI/custom_nodes/comfyui_controlnet_aux] | INFO -> Using ckpts path: /root/comfy/ComfyUI/custom_nodes/comfyui_controlnet_aux/ckpts[0m
[36;20m[/root/comfy/ComfyUI/custom_nodes/comfyui_controlnet_aux] | INFO -> Using symlinks: False[0m
[36;20m[/root/comfy/ComfyUI/custom_nodes/comfyui_controlnet_aux] | INFO -> Using ort providers: ['CUDAExecutionProvider', 'DirectMLExecutionProvider', 'OpenVINOExecutionProvider', 'ROCMExecutionProvider', 'CPUExecutionProvider', 'CoreMLExecutionProvider'][0m
DWPose: Onnxruntime with acceleration providers detected
### ComfyUI-Workflow-Encrypt: Copy .js from '/root/comfy/ComfyUI/custom_nodes/comfyui-workflow-encrypt/js/comfyui-workflow-encrypt.js' to '/root/comfy/ComfyUI/web/extensions/comfyui-workflow-encrypt'
[33mModule 'diffusers' load failed. If you don't have it installed, do it:[0m
[33mpip install diffusers[0m
[34m[ComfyUI-Easy-Use] server: [0mv1.3.6 [92mLoaded[0m
[34m[ComfyUI-Easy-Use] web root: [0m/root/comfy/ComfyUI/custom_nodes/comfyui-easy-use/web_version/v2 [92mLoaded[0m
⚠️  SeedVR2 optimizations check: SageAttention ❌ | Flash Attention ❌ | Triton ✅
💡 Optional: pip install sageattention flash-attn
⚠️ Memory check failed: No GPU backend available (CUDA/MPS) - No available backend!
WARNING:root:Traceback (most recent call last):
  File "/root/comfy/ComfyUI/nodes.py", line 2212, in load_custom_node
    module_spec.loader.exec_module(module)
  File "<frozen importlib._bootstrap_external>", line 940, in exec_module
  File "<frozen importlib._bootstrap>", line 241, in _call_with_frames_removed
  File "/root/comfy/ComfyUI/custom_nodes/ComfyUI-SeedVR2_VideoUpscaler/__init__.py", line 7, in <module>
    from .src.interfaces import comfy_entrypoint, SeedVR2Extension
  File "/root/comfy/ComfyUI/custom_nodes/ComfyUI-SeedVR2_VideoUpscaler/src/interfaces/__init__.py", line 8, in <module>
    from .video_upscaler import SeedVR2VideoUpscaler
  File "/root/comfy/ComfyUI/custom_nodes/ComfyUI-SeedVR2_VideoUpscaler/src/interfaces/video_upscaler.py", line 10, in <module>
    from ..utils.downloads import download_weight
  File "/root/comfy/ComfyUI/custom_nodes/ComfyUI-SeedVR2_VideoUpscaler/src/utils/downloads.py", line 14, in <module>
    from .model_registry import MODEL_REGISTRY, DEFAULT_VAE
  File "/root/comfy/ComfyUI/custom_nodes/ComfyUI-SeedVR2_VideoUpscaler/src/utils/model_registry.py", line 14, in <module>
    from ..models.video_vae_v3.modules.attn_video_vae import VideoAutoencoderKLWrapper
  File "/root/comfy/ComfyUI/custom_nodes/ComfyUI-SeedVR2_VideoUpscaler/src/models/video_vae_v3/modules/attn_video_vae.py", line 20, in <module>
    from diffusers.models.autoencoders.vae import DecoderOutput, DiagonalGaussianDistribution
  File "/usr/local/lib/python3.11/site-packages/diffusers/models/autoencoders/__init__.py", line 16, in <module>
    from .autoencoder_kl_temporal_decoder import AutoencoderKLTemporalDecoder
  File "/usr/local/lib/python3.11/site-packages/diffusers/models/autoencoders/autoencoder_kl_temporal_decoder.py", line 26, in <module>
    from ..unets.unet_3d_blocks import MidBlockTemporalDecoder, UpBlockTemporalDecoder
  File "/usr/local/lib/python3.11/site-packages/diffusers/models/unets/__init__.py", line 8, in <module>
    from .unet_3d_condition import UNet3DConditionModel
  File "/usr/local/lib/python3.11/site-packages/diffusers/models/unets/unet_3d_condition.py", line 37, in <module>
    from ..transformers.transformer_temporal import TransformerTemporalModel
  File "/usr/local/lib/python3.11/site-packages/diffusers/models/transformers/__init__.py", line 20, in <module>
    from .transformer_bria import BriaTransformer2DModel
  File "/usr/local/lib/python3.11/site-packages/diffusers/models/transformers/transformer_bria.py", line 14, in <module>
    from ..attention_dispatch import dispatch_attention_fn
  File "/usr/local/lib/python3.11/site-packages/diffusers/models/attention_dispatch.py", line 92, in <module>
    from sageattention import (
  File "/usr/local/lib/python3.11/site-packages/sageattention/__init__.py", line 1, in <module>
    from .core import sageattn, sageattn_varlen
  File "/usr/local/lib/python3.11/site-packages/sageattention/core.py", line 47, in <module>
    from .quant import per_block_int8 as per_block_int8_cuda
  File "/usr/local/lib/python3.11/site-packages/sageattention/quant.py", line 20, in <module>
    from . import _fused
  File "/root/comfyapp.py", line 17798, in find_spec
    raise ImportError(
ImportError: [comfyapp] blocked CUDA module import 'sageattention._fused' during snap=True to keep snapshot clean

WARNING:root:Cannot import /root/comfy/ComfyUI/custom_nodes/ComfyUI-SeedVR2_VideoUpscaler module for custom nodes: [comfyapp] blocked CUDA module import 'sageattention._fused' during snap=True to keep snapshot clean
WARNING:/root/comfy/ComfyUI/custom_nodes/comfyui-lora-manager.py.config:No valid loras folders found in ComfyUI configuration
WARNING:/root/comfy/ComfyUI/custom_nodes/comfyui-lora-manager.py.config:No valid embeddings folders found in ComfyUI configuration
WARNING:/root/comfy/ComfyUI/custom_nodes/comfyui-lora-manager.py.vue_widget_builder:Node.js/npm not found. Cannot build Vue widgets. Please install Node.js or build manually: cd vue-widgets && npm run build
/usr/local/lib/python3.11/site-packages/sam3/model/sam3_video_inference.py:835: UserWarning: CUDA is not available or torch_xla is imported. Disabling autocast.
  @torch.autocast(device_type="cuda", dtype=torch.bfloat16)
/usr/local/lib/python3.11/site-packages/sam3/model/sam3_video_inference.py:943: UserWarning: CUDA is not available or torch_xla is imported. Disabling autocast.
  @torch.autocast(device_type="cuda", dtype=torch.bfloat16)

[92m[rgthree-comfy] Loaded 48 magnificent nodes. 🎉[0m

[33m[rgthree-comfy] ComfyUI's new Node 2.0 rendering may be incompatible with some rgthree-comfy nodes and features, breaking some rendering as well as losing the ability to access a node's properties (a vital part of many nodes). It also appears to run MUCH more slowly spiking CPU usage and causing jankiness and unresponsiveness, especially with large workflows. Personally I am not planning to use the new Nodes 2.0 and, unfortunately, am not able to invest the time to investigate and overhaul rgthree-comfy where needed. If you have issues when Nodes 2.0 is enabled, I'd urge you to switch it off as well and join me in hoping ComfyUI is not planning to deprecate the existing, stable canvas rendering all together.
[0m
(RES4LYF) Init
(RES4LYF) Importing beta samplers.
(RES4LYF) Importing legacy samplers.
[exact_prefill.local] enabled=1 source=env
[comfyui-modal] Routes registered: /comfymodal/prompt, /comfymodal/model/install, /comfymodal/models/batch-install, /comfymodal/models/inject, /comfymodal/models/inject-all, /comfymodal/health, /comfymodal/object_info, /comfymodal/cancel/{id}, /comfymodal/models, /comfymodal/sync/status, /comfymodal/sync/models, /comfymodal/sync/custom-nodes, /comfymodal/runtime/resync, /comfymodal/runtime/state, /comfymodal/comparison/*, /comfymodal/experiments/*, /comfymodal/presets/*, /comfymodal/assets/{id}, /comfymodal/run-history/*, /comfymodal/deploy-warmup/*, /comfymodal/history/*
warning: The `fitz` API is deprecated and will be removed in future. Use `import pymupdf` instead.
LOADED 5 FONTS


███╗   ███╗ █████╗  ██████╗██╗  ██╗██╗███╗   ██╗███████╗               
████╗ ████║██╔══██╗██╔════╝██║  ██║██║████╗  ██║██╔════╝               
██╔████╔██║███████║██║     ███████║██║██╔██╗ ██║█████╗                 
██║╚██╔╝██║██╔══██║██║     ██╔══██║██║██║╚██╗██║██╔══╝                 
██║ ╚═╝ ██║██║  ██║╚██████╗██║  ██║██║██║ ╚████║███████╗               
╚═╝     ╚═╝╚═╝  ╚═╝ ╚═════╝╚═╝  ╚═╝╚═╝╚═╝  ╚═══╝╚══════╝               
                                                                       
██████╗ ███████╗██╗     ██╗   ██╗███████╗██╗ ██████╗ ███╗   ██╗███████╗
██╔══██╗██╔════╝██║     ██║   ██║██╔════╝██║██╔═══██╗████╗  ██║██╔════╝
██║  ██║█████╗  ██║     ██║   ██║███████╗██║██║   ██║██╔██╗ ██║███████╗
██║  ██║██╔══╝  ██║     ██║   ██║╚════██║██║██║   ██║██║╚██╗██║╚════██║
██████╔╝███████╗███████╗╚██████╔╝███████║██║╚██████╔╝██║ ╚████║███████║
╚═════╝ ╚══════╝╚══════╝ ╚═════╝ ╚══════╝╚═╝ ╚═════╝ ╚═╝  ╚═══╝╚══════╝
                                                                       


WARNING:root:[Impact Pack] custom_wildcards path not found: C:\Users\parla\OneDrive\Documents\AI HUB\ComfyUI June Install\ComfyUI\custom_nodes\comfyui-impact-pack\custom_wildcards. Using default path.
[v2.startup_stage] stage=custom_node_import event=end wall_unix_ns=1786593216727668463 monotonic_ns=23107473621 duration_ms=11696.312 slow_import_summary_source=comfyui.nodes.init_external_custom_nodes
[comfyapp] custom_node_import_health: registered=2397 volume_syncable=24 comfy_entries=28 comfy_symlinks=0 failures=0 snapshot_deferred=0
[comfyapp] custom_node_import_health: volume_dirs=['ComfyUI-CacheDiT', 'ComfyUI-Flux2Klein-Enhancer', 'ComfyUI-KJNodes', 'ComfyUI-SeedVR2_VideoUpscaler', 'ComfyUI_LayerStyle', 'RES4LYF', 'cg-use-everywhere', 'comfyui-custom-scripts', 'comfyui-detail-daemon', 'comfyui-easy-use', 'comfyui-impact-pack', 'comfyui-levelpixel', 'comfyui-lora-manager', 'comfyui-manager', 'comfyui-modal', 'comfyui-workflow-encrypt', 'comfyui_controlnet_aux', 'comfyui_essentials', 'comfyui_fill-nodes', 'comfyui_image_metadata_extension', 'comfyui_lg_samplingutils', 'comfyui_sam3', 'masquerade-nodes-comfyui', 'rgthree-comfy']
[comfyapp] sage_policy module=model_optimization_nodes.py found=True patched=True baked_cuda_available=False duration=8.1ms
[comfyapp] in-process backend initialized in 18.451s
[v2.startup_stage] stage=backend_startup event=end wall_unix_ns=1786593216757927163 monotonic_ns=23137734460 duration_ms=18456.794
[v2.sage_snapshot] action=discover_and_patch module=/root/comfy/ComfyUI/custom_nodes/ComfyUI-KJNodes.nodes.model_optimization_nodes target=patch_kjnodes_get_sage_func.<locals>.wrapped_get_sage_func mode=patched_at_snapshot version=comfymodal-sage-v1
[v2.generation_identity] method=startup custom_nodes_generation='4beea0bbdb2a3e74517b90a3…' raw_empty=false source=persisted_record runtime_state_generation='' api_object_id=46801135318544 deployment_combined_hash=7a9dfb40a7cb2979
[v2.startup_stage] stage=certificate_snapshot_retention event=start wall_unix_ns=1786593216771731868 monotonic_ns=23151539645
[v2.cert_snapshot] status=fallback reason=seed_missing
[v2.startup_stage] stage=certificate_snapshot_retention event=end wall_unix_ns=1786593216771946048 monotonic_ns=23151753845 duration_ms=0.214 status=fallback reason=seed_missing
[v2.startup_stage] stage=dependency_validation event=start wall_unix_ns=1786593216772058888 monotonic_ns=23151866065
[v2.startup_stage] stage=baked_manifest_read event=start wall_unix_ns=1786593216772084828 monotonic_ns=23151891575
[v2.startup_stage] stage=baked_manifest_read event=end wall_unix_ns=1786593216772304228 monotonic_ns=23152111105 duration_ms=0.22
[dep_manifest] persisted identity=85a9410284a7fd09... combined_hash=7a9dfb40a7cb2979... elapsed_ms=575.3
[v2.dep_manifest] startup build/persist done in 575.7ms identity=85a9410284a7fd09 combined_hash=7a9dfb40a7cb2979 cn_gen=4beea0bbdb2a3e74 repair_mode=fail_fast baked_ok=1 ident_ok=1
[v2.startup_stage] stage=dependency_validation event=end wall_unix_ns=1786593217347804516 monotonic_ns=23727612326 duration_ms=575.746
[v2.deployment_proof] schema=1 complete=True reason=ok dep_hash=7a9dfb40a7cb2979 baked_gen=4beea0bbdb2a3e74 gen_ok=1 reg_fp=True dep_identity=True repair_mode=n/a
[comfyapp] snapshot_preload_profile source=none - no warmup profile configured
[v2.runtime_shape] stage=snapshot_pre_capture runtime_shape_fingerprint=f504e296c398bdcb2c4c07e2 runtime_shape_label=None thread_policy=TBASE snapshot_model_order=O0 cpu_request=12 memory_request=32768 native_thread_count=35 configured_omp=None configured_mkl=None configured_openblas=None configured_numexpr=None malloc_arena_max=None native_library_settings={'OMP_NUM_THREADS': '12', 'MKL_NUM_THREADS': '12', 'OPENBLAS_NUM_THREADS': '12', 'NUMEXPR_NUM_THREADS': None, 'MALLOC_ARENA_MAX': None} torch_intraop_threads=12 torch_interop_threads=14 actual_torch_intraop_threads=12 actual_torch_interop_threads=14 requested_torch_intraop_threads=None requested_torch_interop_threads=None requested_vs_actual_match=True status=baseline_passthrough error= before={'torch_intraop_threads': 12, 'torch_interop_threads': 14}
[v2.startup_stage] stage=clip_snapshot_load event=start wall_unix_ns=1786593217466568165 monotonic_ns=23846374933
[active_read] registered owner=graph_loader key=/__modal/volumes/vo-QI6fCKykvocVkUBVGsuZgm/text_encoders/qwen_3_4b.safetensors active_read_id=1f25636ca3f040f9 restored_instance_id= restore_session_id= request_id= start_wall_unix_ns=1786593217467698944 start_monotonic_ns=23847504622 start_thread_time_ns=20820000000 start_process_time_ns=24110000000 native_tid=2 active_read_path_hash=18da7c5b6a0c3132 active_read_file_size=8044982048 active_read_st_dev=30 active_read_st_ino=85 active_read_governor_enabled=0 active_read_priority=80 active_read_size_bytes=8044982048 active_read_size_mb=7672.3 active_read_is_large=1 active_read_classification_source=file_size active_read_queue_enter_ms=0.0 active_read_queue_exit_ms=0.0 active_read_queue_wait_ms=0.0 active_read_large_slots_used_at_enter=0 active_read_large_slots_used_at_start=0 active_read_concurrent_large_reads_at_start=1 active_read_attached_existing_future=0 active_read_duplicate_prevented=0
[active_read] completed owner=graph_loader key=/__modal/volumes/vo-QI6fCKykvocVkUBVGsuZgm/text_encoders/qwen_3_4b.safetensors active_read_id=1f25636ca3f040f9 restored_instance_id= restore_session_id= complete_wall_unix_ns=1786593219959540736 complete_monotonic_ns=26339345455 complete_thread_time_ns=22300000000 complete_process_time_ns=47120000000 complete_native_tid=2 wall_ms=2491.841 thread_cpu_ms=1480.0 process_cpu_ms=23010.0 majf=None minf=None inblock=None nvcsw=None nivcsw=None read_bytes=None rchar=None path_hash=18da7c5b6a0c3132 file_size=8044982048 st_dev=30 st_ino=85
[v2.active_read_diag] active_read_id=1f25636ca3f040f9 owner=graph_loader request_id= restore_session_id= path_hash=18da7c5b6a0c3132 wall_ms=2491.841 thread_cpu_ms=1480.0 process_cpu_ms=23010.0 read_bytes=not_observed_in_this_thread rchar=not_observed_in_this_thread minor_faults=None major_faults=None context_switches=None/None counter_status=unsupported legacy_counter_status=unsupported thread_cpu_status=unsupported process_cpu_status=unsupported io_status=unsupported page_fault_status=unsupported block_input_status=unsupported context_switch_status=unsupported native_thread_id=2
[v2.startup_stage] stage=clip_snapshot_load event=end wall_unix_ns=1786593220647636715 monotonic_ns=27027445681 duration_ms=3181.071
[v2.startup_stage] stage=unet_snapshot_load event=start wall_unix_ns=1786593221266315404 monotonic_ns=27646122200
[active_read] registered owner=graph_loader key=/__modal/volumes/vo-QI6fCKykvocVkUBVGsuZgm/diffusion_models/z_image_turbo_bf16.s active_read_id=8cc7e63917204002 restored_instance_id= restore_session_id= request_id= start_wall_unix_ns=1786593221269191168 start_monotonic_ns=27648996249 start_thread_time_ns=23540000000 start_process_time_ns=52850000000 native_tid=2 active_read_path_hash=8d2256b3cff6bbd2 active_read_file_size=12309866400 active_read_st_dev=30 active_read_st_ino=92 active_read_governor_enabled=0 active_read_priority=100 active_read_size_bytes=12309866400 active_read_size_mb=11739.6 active_read_is_large=1 active_read_classification_source=file_size active_read_queue_enter_ms=0.0 active_read_queue_exit_ms=0.0 active_read_queue_wait_ms=0.0 active_read_large_slots_used_at_enter=0 active_read_large_slots_used_at_start=0 active_read_concurrent_large_reads_at_start=1 active_read_attached_existing_future=0 active_read_duplicate_prevented=0
[active_read] completed owner=graph_loader key=/__modal/volumes/vo-QI6fCKykvocVkUBVGsuZgm/diffusion_models/z_image_turbo_bf16.s active_read_id=8cc7e63917204002 restored_instance_id= restore_session_id= complete_wall_unix_ns=1786593225218150912 complete_monotonic_ns=31597956072 complete_thread_time_ns=25330000000 complete_process_time_ns=85860000000 complete_native_tid=2 wall_ms=3948.96 thread_cpu_ms=1790.0 process_cpu_ms=33010.0 majf=None minf=None inblock=None nvcsw=None nivcsw=None read_bytes=None rchar=None path_hash=8d2256b3cff6bbd2 file_size=12309866400 st_dev=30 st_ino=92
[v2.active_read_diag] active_read_id=8cc7e63917204002 owner=graph_loader request_id= restore_session_id= path_hash=8d2256b3cff6bbd2 wall_ms=3948.96 thread_cpu_ms=1790.0 process_cpu_ms=33010.0 read_bytes=not_observed_in_this_thread rchar=not_observed_in_this_thread minor_faults=None major_faults=None context_switches=None/None counter_status=unsupported legacy_counter_status=unsupported thread_cpu_status=unsupported process_cpu_status=unsupported io_status=unsupported page_fault_status=unsupported block_input_status=unsupported context_switch_status=unsupported native_thread_id=2
[v2.startup_stage] stage=unet_snapshot_load event=end wall_unix_ns=1786593225598487380 monotonic_ns=31978295267 duration_ms=4332.173
[v2.startup_stage] stage=vae_snapshot_load event=start wall_unix_ns=1786593226186284559 monotonic_ns=32566091301
[active_read] registered owner=graph_loader key=/__modal/volumes/vo-QI6fCKykvocVkUBVGsuZgm/vae/ae.safetensors active_read_id=d40f1d77c1614aa4 restored_instance_id= restore_session_id= request_id= start_wall_unix_ns=1786593226188392960 start_monotonic_ns=32568198700 start_thread_time_ns=26250000000 start_process_time_ns=90070000000 native_tid=2 active_read_path_hash=4c78afa4b05fac11 active_read_file_size=335304388 active_read_st_dev=30 active_read_st_ino=87 active_read_governor_enabled=0 active_read_priority=40 active_read_size_bytes=335304388 active_read_size_mb=319.8 active_read_is_large=0 active_read_classification_source=file_size active_read_queue_enter_ms=0.0 active_read_queue_exit_ms=0.0 active_read_queue_wait_ms=0.0 active_read_large_slots_used_at_enter=0 active_read_large_slots_used_at_start=0 active_read_concurrent_large_reads_at_start=0 active_read_attached_existing_future=0 active_read_duplicate_prevented=0
[active_read] completed owner=graph_loader key=/__modal/volumes/vo-QI6fCKykvocVkUBVGsuZgm/vae/ae.safetensors active_read_id=d40f1d77c1614aa4 restored_instance_id= restore_session_id= complete_wall_unix_ns=1786593226252547072 complete_monotonic_ns=32632351897 complete_thread_time_ns=26320000000 complete_process_time_ns=90690000000 complete_native_tid=2 wall_ms=64.153 thread_cpu_ms=70.0 process_cpu_ms=620.0 majf=None minf=None inblock=None nvcsw=None nivcsw=None read_bytes=None rchar=None path_hash=4c78afa4b05fac11 file_size=335304388 st_dev=30 st_ino=87
[v2.active_read_diag] active_read_id=d40f1d77c1614aa4 owner=graph_loader request_id= restore_session_id= path_hash=4c78afa4b05fac11 wall_ms=64.153 thread_cpu_ms=70.0 process_cpu_ms=620.0 read_bytes=not_observed_in_this_thread rchar=not_observed_in_this_thread minor_faults=None major_faults=None context_switches=None/None counter_status=unsupported legacy_counter_status=unsupported thread_cpu_status=unsupported process_cpu_status=unsupported io_status=unsupported page_fault_status=unsupported block_input_status=unsupported context_switch_status=unsupported native_thread_id=2
[v2.startup_stage] stage=vae_snapshot_load event=end wall_unix_ns=1786593226303019879 monotonic_ns=32682827460 duration_ms=116.736
[v2.vae_snapshot] status=retained vae_identity=ae.safetensors object_type=VAE object_id=46805770117264 vae_policy_version=1 vae_weight_dtype=bfloat16 vae_compute_dtype=bfloat16_native vae_memory_format=contiguous vae_prefetch_mode=off c5_impl_version=1.0.0 storage_bytes=167639366 floating_parameter_count=244 mismatched_parameter_buffer_count=0
[v2.unet_runtime_state] stage=snapshot_created unet_identity=z_image_turbo_bf16.safetensors requested_weight_dtype=default effective_snapshot_weight_dtype=bfloat16 effective_snapshot_compute_dtype=bfloat16 effective_snapshot_manual_cast_dtype=none effective_weight_dtype=bfloat16 dtype_resolution_source=target_gpu_policy target_gpus=RTX-PRO-6000 state={"current_device":"cpu","diffusion_model_object_id":"46805275333136","diffusion_model_type":"NextDiT","effective_snapshot_compute_dtype":"bfloat16","effective_snapshot_manual_cast_dtype":"none","first_buffer_device":"absent","first_buffer_dtype":"absent","first_parameter_device":"cpu","first_parameter_dtype":"torch.bfloat16","forward_module":"NextDiT","forward_qualname":"NextDiT.forward","load_device":"cpu","loaded_models_member":"absent","manual_cast_dtype":"absent","model_dtype":"torch.bfloat16","model_loaded_weight_memory":"0","model_lowvram":"False","model_lowvram_patch_counter":"0","model_object_id":"46805275331664","model_options_keys":["transformer_options"],"model_type":"Lumina2","object_patch_count":0,"offload_device":"cpu","param_distribution":{"param_count":453,"param_dev_dtype_count":{"cpu|torch.bfloat16":453},"param_dev_dtype_numel":{"cpu|torch.bfloat16":6154908736},"param_distribution_hash":"96e377c80251860d5549077cedd369a544935a81bfbda9128343843e9dd54c80","total_param_numel":6154908736},"patch_count":0,"patcher_object_id":"46805770118096","patcher_type":"ModelPatcher","transformer_options_keys":[],"weight_dtype":"absent"}
[v2.host_memory] stage=restore_complete current_mib=absent peak_mib=absent limit_mib=absent process_rss_mib=24569.7 process_maxrss_mib=35721.3 oom_count=absent oom_kill_count=absent status=ok cgroup_path=absent cgroup_mount=absent
[v2.startup_stage] stage=cachedit_preparation event=start wall_unix_ns=1786593227523448822 monotonic_ns=33903256270
[cachedit.startup] preimport transformers version=4.55.2 path=/usr/local/lib/python3.11/site-packages/transformers/__init__.py
[cachedit.startup] preimport diffusers version=0.36.0 path=/usr/local/lib/python3.11/site-packages/diffusers/__init__.py
/usr/local/lib/python3.11/site-packages/diffusers/models/transformers/transformer_kandinsky.py:168: UserWarning: CUDA is not available or torch_xla is imported. Disabling autocast.
  @torch.autocast(device_type="cuda", dtype=torch.float32)
/usr/local/lib/python3.11/site-packages/diffusers/models/transformers/transformer_kandinsky.py:272: UserWarning: CUDA is not available or torch_xla is imported. Disabling autocast.
  @torch.autocast(device_type="cuda", dtype=torch.float32)
[cachedit.startup] preimport cache_dit version=1.2.3 path=/usr/local/lib/python3.11/site-packages/cache_dit/__init__.py
[cachedit.startup] cache_dit metadata={'__version__': '1.2.3', 'top_level_classes': ['BasicCacheConfig', 'BlockAdapter', 'CacheType', 'CalibratorConfig', 'DBCacheConfig', 'DBPruneConfig', 'FoCaCalibratorConfig', 'ForwardPattern', 'ParallelismBackend', 'ParallelismConfig', 'ParamsModifier', 'PatchFunctor', 'ProfilerContext', 'TaylorSeerCalibratorConfig']}
[v2.startup_stage] stage=cachedit_preparation event=end wall_unix_ns=1786593227888774131 monotonic_ns=34268581989 duration_ms=365.326
[cachedit.startup] preimport ok transformers=4.55.2 diffusers=0.36.0 cache_dit=1.2.3 cache_dit_info={'__version__': '1.2.3', 'top_level_classes': ['BasicCacheConfig', 'BlockAdapter', 'CacheType', 'CalibratorConfig', 'DBCacheConfig', 'DBPruneConfig', 'FoCaCalibratorConfig', 'ForwardPattern', 'ParallelismBackend', 'ParallelismConfig', 'ParamsModifier', 'PatchFunctor', 'ProfilerContext', 'TaylorSeerCalibratorConfig']}
[v2.snapshot_pools] stage=before_snapshot_capture legacy_threads_joined=0 legacy_worker_refs_removed=0 coordinator_closed=1 native_thread_count=46
[v2.snapshot_model_eviction_memory] stage=full_models_loaded vm_rss_mib=24595.44140625 vm_hwm_mib=absent smaps_rss_mib=absent smaps_pss_mib=absent smaps_private_clean_mib=absent smaps_private_dirty_mib=absent smaps_shared_clean_mib=absent smaps_shared_dirty_mib=absent smaps_anonymous_mib=absent native_thread_count=46 torch_intraop_threads=12 torch_interop_threads=14 loaded_module_count=10454
[v2.snapshot_model_eviction_memory] stage=after_full_eviction vm_rss_mib=16260.15625 vm_hwm_mib=absent smaps_rss_mib=absent smaps_pss_mib=absent smaps_private_clean_mib=absent smaps_private_dirty_mib=absent smaps_shared_clean_mib=absent smaps_shared_dirty_mib=absent smaps_anonymous_mib=absent native_thread_count=46 torch_intraop_threads=12 torch_interop_threads=14 loaded_module_count=10454
[v2.snapshot_model_eviction] stage=snapshot_pre_capture enabled=1 status=full_eviction_complete retain_role=clip_vae clip_original_id=46804440124624 unet_original_id=46805770118096 original_clip_alive_after_full_eviction=0 original_unet_alive_after_full_eviction=0 full_eviction_rss_drop_mib=8335.3 rss_before_mib=24595.44140625 rss_after_eviction_mib=16260.15625 malloc_trim_status=applied malloc_trim_result=1
[v2.runtime_shape] stage=snapshot_pre_capture runtime_shape_fingerprint=f504e296c398bdcb2c4c07e2 runtime_shape_label=None thread_policy=TBASE snapshot_model_order=O0 cpu_request=12 memory_request=32768 native_thread_count=46 configured_omp=None configured_mkl=None configured_openblas=None configured_numexpr=None malloc_arena_max=None native_library_settings={'OMP_NUM_THREADS': '12', 'MKL_NUM_THREADS': '12', 'OPENBLAS_NUM_THREADS': '12', 'NUMEXPR_NUM_THREADS': None, 'MALLOC_ARENA_MAX': None} torch_intraop_threads=12 torch_interop_threads=14 actual_torch_intraop_threads=12 actual_torch_interop_threads=14 requested_torch_intraop_threads=None requested_torch_interop_threads=None requested_vs_actual_match=True status=baseline_passthrough error= before={'torch_intraop_threads': 12, 'torch_interop_threads': 14}
[v2.startup_stage] stage=clip_snapshot_load event=start wall_unix_ns=1786593229844503721 monotonic_ns=36224311460
[active_read] registered owner=graph_loader key=/__modal/volumes/vo-QI6fCKykvocVkUBVGsuZgm/text_encoders/qwen_3_4b.safetensors active_read_id=be4b3ddd2c314787 restored_instance_id= restore_session_id= request_id= start_wall_unix_ns=1786593229846558464 start_monotonic_ns=36226364149 start_thread_time_ns=29680000000 start_process_time_ns=94710000000 native_tid=2 active_read_path_hash=18da7c5b6a0c3132 active_read_file_size=8044982048 active_read_st_dev=30 active_read_st_ino=85 active_read_governor_enabled=0 active_read_priority=80 active_read_size_bytes=8044982048 active_read_size_mb=7672.3 active_read_is_large=1 active_read_classification_source=file_size active_read_queue_enter_ms=0.0 active_read_queue_exit_ms=0.0 active_read_queue_wait_ms=0.0 active_read_large_slots_used_at_enter=0 active_read_large_slots_used_at_start=0 active_read_concurrent_large_reads_at_start=1 active_read_attached_existing_future=0 active_read_duplicate_prevented=0
[active_read] completed owner=graph_loader key=/__modal/volumes/vo-QI6fCKykvocVkUBVGsuZgm/text_encoders/qwen_3_4b.safetensors active_read_id=be4b3ddd2c314787 restored_instance_id= restore_session_id= complete_wall_unix_ns=1786593230585699328 complete_monotonic_ns=36965504171 complete_thread_time_ns=30390000000 complete_process_time_ns=103120000000 complete_native_tid=2 wall_ms=739.14 thread_cpu_ms=710.0 process_cpu_ms=8410.0 majf=None minf=None inblock=None nvcsw=None nivcsw=None read_bytes=None rchar=None path_hash=18da7c5b6a0c3132 file_size=8044982048 st_dev=30 st_ino=85
[v2.active_read_diag] active_read_id=be4b3ddd2c314787 owner=graph_loader request_id= restore_session_id= path_hash=18da7c5b6a0c3132 wall_ms=739.14 thread_cpu_ms=710.0 process_cpu_ms=8410.0 read_bytes=not_observed_in_this_thread rchar=not_observed_in_this_thread minor_faults=None major_faults=None context_switches=None/None counter_status=unsupported legacy_counter_status=unsupported thread_cpu_status=unsupported process_cpu_status=unsupported io_status=unsupported page_fault_status=unsupported block_input_status=unsupported context_switch_status=unsupported native_thread_id=2
[v2.startup_stage] stage=clip_snapshot_load event=end wall_unix_ns=1786593231300648620 monotonic_ns=37680457889 duration_ms=1456.146
[v2.startup_stage] stage=vae_snapshot_load event=start wall_unix_ns=1786593231300857440 monotonic_ns=37680664319
[active_read] registered owner=graph_loader key=/__modal/volumes/vo-QI6fCKykvocVkUBVGsuZgm/vae/ae.safetensors active_read_id=1bf22aeaa177421c restored_instance_id= restore_session_id= request_id= start_wall_unix_ns=1786593231302527488 start_monotonic_ns=37682332808 start_thread_time_ns=31070000000 start_process_time_ns=108840000000 native_tid=2 active_read_path_hash=4c78afa4b05fac11 active_read_file_size=335304388 active_read_st_dev=30 active_read_st_ino=87 active_read_governor_enabled=0 active_read_priority=40 active_read_size_bytes=335304388 active_read_size_mb=319.8 active_read_is_large=0 active_read_classification_source=file_size active_read_queue_enter_ms=0.0 active_read_queue_exit_ms=0.0 active_read_queue_wait_ms=0.0 active_read_large_slots_used_at_enter=0 active_read_large_slots_used_at_start=0 active_read_concurrent_large_reads_at_start=0 active_read_attached_existing_future=0 active_read_duplicate_prevented=0
[active_read] completed owner=graph_loader key=/__modal/volumes/vo-QI6fCKykvocVkUBVGsuZgm/vae/ae.safetensors active_read_id=1bf22aeaa177421c restored_instance_id= restore_session_id= complete_wall_unix_ns=1786593231343907840 complete_monotonic_ns=37723712244 complete_thread_time_ns=31110000000 complete_process_time_ns=109210000000 complete_native_tid=2 wall_ms=41.379 thread_cpu_ms=40.0 process_cpu_ms=370.0 majf=None minf=None inblock=None nvcsw=None nivcsw=None read_bytes=None rchar=None path_hash=4c78afa4b05fac11 file_size=335304388 st_dev=30 st_ino=87
[v2.active_read_diag] active_read_id=1bf22aeaa177421c owner=graph_loader request_id= restore_session_id= path_hash=4c78afa4b05fac11 wall_ms=41.379 thread_cpu_ms=40.0 process_cpu_ms=370.0 read_bytes=not_observed_in_this_thread rchar=not_observed_in_this_thread minor_faults=None major_faults=None context_switches=None/None counter_status=unsupported legacy_counter_status=unsupported thread_cpu_status=unsupported process_cpu_status=unsupported io_status=unsupported page_fault_status=unsupported block_input_status=unsupported context_switch_status=unsupported native_thread_id=2
[v2.startup_stage] stage=vae_snapshot_load event=end wall_unix_ns=1786593231373433405 monotonic_ns=37753241273 duration_ms=72.577
[v2.snapshot_model_eviction] stage=snapshot_pre_capture enabled=1 status=non_fatal_floor_failure retain_role=clip_vae floor=final_reduction threshold_mib=4096 actual_mib=-1860.7 actual_bytes=? selected_reload_rss_rise_mib=10196.0 final_reduction_from_full_mib=-1860.7 selected_storage_total_bytes=8380214928 after_full_eviction_rss_mib=16260.15625 after_selected_reload_rss_mib=26456.109375 full_models_rss_mib=24595.44140625 malloc_trim_status=applied malloc_trim_result=1
[v2.snapshot_model_eviction_memory] stage=after_selected_reload vm_rss_mib=26456.109375 vm_hwm_mib=absent smaps_rss_mib=absent smaps_pss_mib=absent smaps_private_clean_mib=absent smaps_private_dirty_mib=absent smaps_shared_clean_mib=absent smaps_shared_dirty_mib=absent smaps_anonymous_mib=absent native_thread_count=46 torch_intraop_threads=12 torch_interop_threads=14 loaded_module_count=10454
[v2.snapshot_model_eviction] stage=snapshot_pre_capture enabled=1 status=ready floor_failures=1 floor_failures_details=final_reduction=-1860.7 retain_role=clip_vae retained_model_present=0 retained_model_id=46801142723408 retained_model_type=CLIP retained_weakref_alive=1 original_clip_alive_after_full_eviction=0 original_unet_alive_after_full_eviction=0 original_vae_alive_after_full_eviction=0 reloaded_model_present=0 reloaded_model_id=46801142723408 reloaded_model_is_new_object=1 clip_original_id=46804440124624 unet_original_id=46805770118096 vae_original_id=46805770117264 container_retained=1 normal_cpu_snapshot_models_present=1 clip_present=1 vae_present=1 unet_present=0 full_eviction_rss_drop_mib=8335.3 selected_reload_rss_rise_mib=10196.0 final_reduction_from_full_mib=-1860.7 selected_storage_count=399 selected_storage_total_bytes=8380214928 selected_storage_total_mib=7991.996 full_models_rss_mib=24595.44140625 after_full_eviction_rss_mib=16260.15625 after_selected_reload_rss_mib=26456.109375 bridge_active_preparation=0 bridge_active_preparation_before_clear=0 snapshot_loader_output_count=0 snapshot_seed_present=0 native_threads=46 torch_intraop=12 torch_interop=14 patcher_cleanup_count=3 patcher_detach_count=3 patcher_cleanup_errors=0 malloc_trim_status=applied malloc_trim_result=1
[v2.startup_stage] stage=vae_preparation event=start wall_unix_ns=1786593231423896587 monotonic_ns=37803703586 status=skipped reason=vae_not_part_of_cpu_snapshot
[v2.startup_stage] stage=vae_preparation event=end wall_unix_ns=1786593231423965297 monotonic_ns=37803772026 status=skipped reason=vae_not_part_of_cpu_snapshot duration_ms=0.0
[restore_memory_arm] freeze stored source=nvidia-smi vram_mib=97887 gpu_name='NVIDIA RTX PRO 6000 Blackwell Server Edition'
[restore_memory_arm] freeze status=ok path=/mnt/comfymodal_runtime_state/gpu_capacity_frozen.json gpu_name=NVIDIA RTX PRO 6000 Blackwell Server Edition vram_mib=97887 file_written=1
[v2.startup_stage] stage=snapshot_startup_callback event=return wall_unix_ns=1786593231451659947 monotonic_ns=37831466886 status=ready
[v2.lifecycle] method=startup snap=True container_session=a95b4ebdbe5f451c restore_total_ms=31904.072 status=ready
Snapshot created. Restoring Function from memory snapshot.
Restoring Function from memory snapshot.
[v2.startup_stage] stage=post_snapshot_restore event=start wall_unix_ns=1786593260579639409 monotonic_ns=66959446092
[v2.snapshot_timing] snapshot_callback_age_at_restore_ms=29128.207 snapshot_callback_to_command_start_ms=unavailable command_start_to_restore_start_ms=unavailable request_latency_included=0 source=snapshot_callback_return_to_restore_start
[v2.snapshot_model_eviction] stage=restore_observed marker=1 cpu_snapshot_models_present=1 clip_present=1 unet_present=0 retained_role=clip_vae retained_model_id=0 retained_model_type= rss_after_restore_mib=11631.484375 native_thread_count=46 torch_intraop=12 torch_interop=14 wall_unix_ns=1786593260614751297
[v2.snapshot_model_eviction] stage=restore_release_retained retain_role=clip_vae status=container_retained container_present=1 clip_present=1 vae_present=1 unet_present=0 retained_slot_release=0 retained_model_id=0 retained_alive_after_release=0 rss_before_release_mib=absent rss_after_gc_mib=absent rss_after_trim_mib=absent rss_drop_mib=absent malloc_trim_status=absent malloc_trim_result=absent restore_release_start_wall_unix_ns=1786593260614877237 restore_release_end_wall_unix_ns=1786593260614877237 wall_unix_ns=1786593260614877237
[v2.residency_config] enabled=0
[v2.host_memory] stage=restore_start current_mib=absent peak_mib=absent limit_mib=absent process_rss_mib=11915.2 process_maxrss_mib=35721.3 oom_count=absent oom_kill_count=absent status=ok cgroup_path=absent cgroup_mount=absent
[v2.runtime_shape] stage=after_restore runtime_shape_fingerprint=f504e296c398bdcb2c4c07e2 runtime_shape_label=None thread_policy=TBASE snapshot_model_order=O0 cpu_request=12 memory_request=32768 native_thread_count=47 configured_omp=None configured_mkl=None configured_openblas=None configured_numexpr=None malloc_arena_max=None native_library_settings={'OMP_NUM_THREADS': '12', 'MKL_NUM_THREADS': '12', 'OPENBLAS_NUM_THREADS': '12', 'NUMEXPR_NUM_THREADS': None, 'MALLOC_ARENA_MAX': None} torch_intraop_threads=12 torch_interop_threads=14 actual_torch_intraop_threads=12 actual_torch_interop_threads=14 requested_torch_intraop_threads=None requested_torch_interop_threads=None requested_vs_actual_match=True status=baseline_passthrough error=
[v2.experiment] restore_memory arm=optimized effective=baseline fallback=no_frozen_capacity
[v2.restore_memory_arm] requested=optimized frozen_capacity_path=/mnt/comfymodal_runtime_state/gpu_capacity_frozen.json frozen_capacity_present=0 effective=baseline fallback=no_frozen_capacity
[v2.opt.gpu_state] total_memory_ms=945.428
[comfyapp] gpu_state restored vram=97250MB ram=1048576MB vram_state=VRAMState.HIGH_VRAM in 948.6ms
[restore.cuda_context] available=1 device_index=0 device=NVIDIA RTX PRO 6000 Blackwell Server Edition sync_ms=110.926 total_ms=111.093
[v2.sage_restore] decision=snapshot_exact_skip discovery_called=0 verify_ms=0.046
[v2.custom_node_restore] decision=snapshot_exact_skip callback_called=0 source=persisted_record check_ms=1.189
[v2.startup_stage] stage=snapshot_execution_seed event=start wall_unix_ns=1786593262642598104 monotonic_ns=69022405538
[v2.seed_restore] source=startup_minimal schema=2 topology_available=0 workflow_hash= loader_signatures=0
[v2.startup_stage] stage=snapshot_execution_seed event=end wall_unix_ns=1786593262646312833 monotonic_ns=69026119647 duration_ms=3.714
[v2.generation_identity] method=restore custom_nodes_generation='4beea0bbdb2a3e74517b90a3…' raw_empty=false source=persisted_record runtime_state_generation='' api_object_id=46801135318544 deployment_combined_hash=7a9dfb40a7cb2979
[v2.prefill_config] env=critical parsed=critical cpu_snapshot_container_active=0 native_fast_disk_unet_execution_active=0
[v2.restore_breakdown] bootstrap_ms=1353.093 unet_cache_patch_ms=None clip_prepare_submit_ms=None clip_worker_wait_ms=None unet_spec_extract_ms=None bg_unet_submit_ms=None restore_finalize_ms=0.103
[v2.clip_stages] worker_queue_ms=None load_torch_file_ms=None read_to_ready_ms=None post_read_cpu_prepare_ms=None gpu_wait_ms=None gpu_commit_ms=None read_end_to_ready_ms=None worker_total_ms=None worker_close_wait_ms=None restore_finalization_ms=0.103
[v2.restoration_identity] restored_instance_id=8d6cc05b54f84a4dafc151780f2cfd9f restore_session_id=86f72118f2e849998591708c45fa8ccf container_session_id=a95b4ebdbe5f451c modal_task_id=ta-01KZWM19RFCN8KNKD30BDRMMER modal_image_id=im-1y7JYrXWfP85QBgGfl0G6P modal_cloud=CLOUD_PROVIDER_GCP modal_region=us-east4 pid=2 hostname=modal restore_total_ms=2032.593 remote_python_resume_wall_unix_ns=1786593260579579648 restore_method_start_wall_unix_ns=1786593260579579648 restore_method_end_wall_unix_ns=1786593262647641856 modal_method_entry_wall_unix_ns=absent restore_status=success restore_method_status=success 
[v2.lifecycle] method=restore snap=False container_session=a95b4ebdbe5f451c restore_count=1 restore_total_ms=2032.593 remote_python_resume_wall_unix_ns=1786593260579579648 restore_method_start_wall_unix_ns=1786593260579579648 restore_method_end_wall_unix_ns=1786593262647641856 modal_method_entry_wall_unix_ns=absent restore_status=success restore_method_status=success status=restored
[v2.host_memory] stage=restore_complete current_mib=absent peak_mib=absent limit_mib=absent process_rss_mib=13475.8 process_maxrss_mib=35721.3 oom_count=absent oom_kill_count=absent status=ok cgroup_path=absent cgroup_mount=absent
[v2.gpu_allocation] cuda_version=13.0 gpu_actual_name=NVIDIA RTX PRO 6000 Blackwell Server Edition gpu_compute_capability=12.0 gpu_requested_order=RTX-PRO-6000 gpu_vram_total_mib=97250 torch_version=2.13.0+cu130
[v2.startup_stage] stage=post_snapshot_restore event=end wall_unix_ns=1786593262651320841 monotonic_ns=69031127455 duration_ms=2071.681
[v2.clip_conditioning_cache] event=mode flag=COMFYMODAL_V2_CLIP_CONDITIONING_CACHE enabled=1 root=/root/prompt_cache_vol/exact_conditioning max_entries=64 max_bytes=536870912
Restoring Function from memory snapshot.
[v2.startup_stage] stage=post_snapshot_restore event=start wall_unix_ns=1786593641914712755 monotonic_ns=448294519579
[v2.snapshot_timing] snapshot_callback_age_at_restore_ms=410463.211 snapshot_callback_to_command_start_ms=unavailable command_start_to_restore_start_ms=unavailable request_latency_included=0 source=snapshot_callback_return_to_restore_start
[v2.snapshot_model_eviction] stage=restore_observed marker=1 cpu_snapshot_models_present=1 clip_present=1 unet_present=0 retained_role=clip_vae retained_model_id=0 retained_model_type= rss_after_restore_mib=11631.484375 native_thread_count=46 torch_intraop=12 torch_interop=14 wall_unix_ns=1786593641932082699
[v2.snapshot_model_eviction] stage=restore_release_retained retain_role=clip_vae status=container_retained container_present=1 clip_present=1 vae_present=1 unet_present=0 retained_slot_release=0 retained_model_id=0 retained_alive_after_release=0 rss_before_release_mib=absent rss_after_gc_mib=absent rss_after_trim_mib=absent rss_drop_mib=absent malloc_trim_status=absent malloc_trim_result=absent restore_release_start_wall_unix_ns=1786593641932212249 restore_release_end_wall_unix_ns=1786593641932212249 wall_unix_ns=1786593641932212249
[v2.residency_config] enabled=0
[v2.host_memory] stage=restore_start current_mib=absent peak_mib=absent limit_mib=absent process_rss_mib=11915.2 process_maxrss_mib=35721.3 oom_count=absent oom_kill_count=absent status=ok cgroup_path=absent cgroup_mount=absent
[v2.runtime_shape] stage=after_restore runtime_shape_fingerprint=f504e296c398bdcb2c4c07e2 runtime_shape_label=None thread_policy=TBASE snapshot_model_order=O0 cpu_request=12 memory_request=32768 native_thread_count=47 configured_omp=None configured_mkl=None configured_openblas=None configured_numexpr=None malloc_arena_max=None native_library_settings={'OMP_NUM_THREADS': '12', 'MKL_NUM_THREADS': '12', 'OPENBLAS_NUM_THREADS': '12', 'NUMEXPR_NUM_THREADS': None, 'MALLOC_ARENA_MAX': None} torch_intraop_threads=12 torch_interop_threads=14 actual_torch_intraop_threads=12 actual_torch_interop_threads=14 requested_torch_intraop_threads=None requested_torch_interop_threads=None requested_vs_actual_match=True status=baseline_passthrough error=
[v2.experiment] restore_memory arm=optimized source=snapshot_frozen vram_mib=97887
[v2.restore_memory_arm] requested=optimized frozen_capacity_path=/mnt/comfymodal_runtime_state/gpu_capacity_frozen.json frozen_capacity_present=1 effective=optimized fallback=none frozen_capacity_used=1
[v2.opt.gpu_state] total_memory_ms=frozen:97887
[v2.experiment] experiment=restore_memory arm=optimized implementation_version=1 selector=deployment source=env settings={"total_vram_frozen":true}
[comfyapp] gpu_state restored vram=97887MB ram=1048576MB vram_state=VRAMState.HIGH_VRAM in 3.6ms
[restore.cuda_context] available=1 device_index=0 device=NVIDIA RTX PRO 6000 Blackwell Server Edition sync_ms=208.94 total_ms=370.051
[v2.sage_restore] decision=snapshot_exact_skip discovery_called=0 verify_ms=0.044
[v2.custom_node_restore] decision=snapshot_exact_skip callback_called=0 source=persisted_record check_ms=0.803
[v2.startup_stage] stage=snapshot_execution_seed event=start wall_unix_ns=1786593644025834615 monotonic_ns=450405641159
[v2.seed_restore] source=startup_minimal schema=2 topology_available=0 workflow_hash= loader_signatures=0
[v2.startup_stage] stage=snapshot_execution_seed event=end wall_unix_ns=1786593644028336034 monotonic_ns=450408142699 duration_ms=2.502
[v2.generation_identity] method=restore custom_nodes_generation='4beea0bbdb2a3e74517b90a3…' raw_empty=false source=persisted_record runtime_state_generation='' api_object_id=46801135318544 deployment_combined_hash=7a9dfb40a7cb2979
[v2.prefill_config] env=critical parsed=critical cpu_snapshot_container_active=0 native_fast_disk_unet_execution_active=0
[v2.restore_breakdown] bootstrap_ms=568.327 unet_cache_patch_ms=None clip_prepare_submit_ms=None clip_worker_wait_ms=None unet_spec_extract_ms=None bg_unet_submit_ms=None restore_finalize_ms=0.103
[v2.clip_stages] worker_queue_ms=None load_torch_file_ms=None read_to_ready_ms=None post_read_cpu_prepare_ms=None gpu_wait_ms=None gpu_commit_ms=None read_end_to_ready_ms=None worker_total_ms=None worker_close_wait_ms=None restore_finalization_ms=0.103
[v2.restoration_identity] restored_instance_id=f5bc81b695324b1cbe0ac69f32c1a370 restore_session_id=2b5659aae0d64c9188f4f7622bb14371 container_session_id=a95b4ebdbe5f451c modal_task_id=ta-01KZWMEV58VVHJX76KY86AV8HR modal_image_id=im-1y7JYrXWfP85QBgGfl0G6P modal_cloud=CLOUD_PROVIDER_GCP modal_region=us-east4 pid=2 hostname=modal restore_total_ms=2096.951 remote_python_resume_wall_unix_ns=1786593641914679296 restore_method_start_wall_unix_ns=1786593641914679296 restore_method_end_wall_unix_ns=1786593644029318912 modal_method_entry_wall_unix_ns=absent restore_status=success restore_method_status=success 
[v2.lifecycle] method=restore snap=False container_session=a95b4ebdbe5f451c restore_count=1 restore_total_ms=2096.951 remote_python_resume_wall_unix_ns=1786593641914679296 restore_method_start_wall_unix_ns=1786593641914679296 restore_method_end_wall_unix_ns=1786593644029318912 modal_method_entry_wall_unix_ns=absent restore_status=success restore_method_status=success status=restored
[v2.host_memory] stage=restore_complete current_mib=absent peak_mib=absent limit_mib=absent process_rss_mib=13715.2 process_maxrss_mib=35721.3 oom_count=absent oom_kill_count=absent status=ok cgroup_path=absent cgroup_mount=absent
[v2.gpu_allocation] cuda_version=13.0 gpu_actual_name=NVIDIA RTX PRO 6000 Blackwell Server Edition gpu_compute_capability=12.0 gpu_requested_order=RTX-PRO-6000 gpu_vram_total_mib=97250 torch_version=2.13.0+cu130
[v2.startup_stage] stage=post_snapshot_restore event=end wall_unix_ns=1786593644032589493 monotonic_ns=450412396027 duration_ms=2117.876
[v2.clip_conditioning_cache] event=mode flag=COMFYMODAL_V2_CLIP_CONDITIONING_CACHE enabled=1 root=/root/prompt_cache_vol/exact_conditioning max_entries=64 max_bytes=536870912
Restoring Function from memory snapshot.
[v2.startup_stage] stage=post_snapshot_restore event=start wall_unix_ns=1786593762399709842 monotonic_ns=568779516279
[v2.snapshot_timing] snapshot_callback_age_at_restore_ms=530948.265 snapshot_callback_to_command_start_ms=unavailable command_start_to_restore_start_ms=unavailable request_latency_included=0 source=snapshot_callback_return_to_restore_start
[v2.snapshot_model_eviction] stage=restore_observed marker=1 cpu_snapshot_models_present=1 clip_present=1 unet_present=0 retained_role=clip_vae retained_model_id=0 retained_model_type= rss_after_restore_mib=11631.484375 native_thread_count=46 torch_intraop=12 torch_interop=14 wall_unix_ns=1786593762570843703
[v2.snapshot_model_eviction] stage=restore_release_retained retain_role=clip_vae status=container_retained container_present=1 clip_present=1 vae_present=1 unet_present=0 retained_slot_release=0 retained_model_id=0 retained_alive_after_release=0 rss_before_release_mib=absent rss_after_gc_mib=absent rss_after_trim_mib=absent rss_drop_mib=absent malloc_trim_status=absent malloc_trim_result=absent restore_release_start_wall_unix_ns=1786593762571135703 restore_release_end_wall_unix_ns=1786593762571135703 wall_unix_ns=1786593762571135703
[v2.residency_config] enabled=0
[v2.host_memory] stage=restore_start current_mib=absent peak_mib=absent limit_mib=absent process_rss_mib=11915.2 process_maxrss_mib=35721.3 oom_count=absent oom_kill_count=absent status=ok cgroup_path=absent cgroup_mount=absent
[v2.runtime_shape] stage=after_restore runtime_shape_fingerprint=f504e296c398bdcb2c4c07e2 runtime_shape_label=None thread_policy=TBASE snapshot_model_order=O0 cpu_request=12 memory_request=32768 native_thread_count=47 configured_omp=None configured_mkl=None configured_openblas=None configured_numexpr=None malloc_arena_max=None native_library_settings={'OMP_NUM_THREADS': '12', 'MKL_NUM_THREADS': '12', 'OPENBLAS_NUM_THREADS': '12', 'NUMEXPR_NUM_THREADS': None, 'MALLOC_ARENA_MAX': None} torch_intraop_threads=12 torch_interop_threads=14 actual_torch_intraop_threads=12 actual_torch_interop_threads=14 requested_torch_intraop_threads=None requested_torch_interop_threads=None requested_vs_actual_match=True status=baseline_passthrough error=
[v2.experiment] restore_memory arm=optimized source=snapshot_frozen vram_mib=97887
[v2.restore_memory_arm] requested=optimized frozen_capacity_path=/mnt/comfymodal_runtime_state/gpu_capacity_frozen.json frozen_capacity_present=1 effective=optimized fallback=none frozen_capacity_used=1
[v2.opt.gpu_state] total_memory_ms=frozen:97887
[v2.experiment] experiment=restore_memory arm=optimized implementation_version=1 selector=deployment source=env settings={"total_vram_frozen":true}
[comfyapp] gpu_state restored vram=97887MB ram=1048576MB vram_state=VRAMState.HIGH_VRAM in 3.9ms
[restore.cuda_context] available=1 device_index=0 device=NVIDIA RTX PRO 6000 Blackwell Server Edition sync_ms=177.913 total_ms=242.686
[v2.sage_restore] decision=snapshot_exact_skip discovery_called=0 verify_ms=0.03
[v2.custom_node_restore] decision=snapshot_exact_skip callback_called=0 source=persisted_record check_ms=1.287
[v2.startup_stage] stage=snapshot_execution_seed event=start wall_unix_ns=1786593762997563776 monotonic_ns=569377370309
[v2.seed_restore] source=startup_minimal schema=2 topology_available=0 workflow_hash= loader_signatures=0
[v2.startup_stage] stage=snapshot_execution_seed event=end wall_unix_ns=1786593763000455835 monotonic_ns=569380262488 duration_ms=2.892
[v2.generation_identity] method=restore custom_nodes_generation='4beea0bbdb2a3e74517b90a3…' raw_empty=false source=persisted_record runtime_state_generation='' api_object_id=46801135318544 deployment_combined_hash=7a9dfb40a7cb2979
[v2.prefill_config] env=critical parsed=critical cpu_snapshot_container_active=0 native_fast_disk_unet_execution_active=0
[v2.restore_breakdown] bootstrap_ms=402.616 unet_cache_patch_ms=None clip_prepare_submit_ms=None clip_worker_wait_ms=None unet_spec_extract_ms=None bg_unet_submit_ms=None restore_finalize_ms=0.115
[v2.clip_stages] worker_queue_ms=None load_torch_file_ms=None read_to_ready_ms=None post_read_cpu_prepare_ms=None gpu_wait_ms=None gpu_commit_ms=None read_end_to_ready_ms=None worker_total_ms=None worker_close_wait_ms=None restore_finalization_ms=0.115
[v2.restoration_identity] restored_instance_id=8a6000bd24694ba3b3b53e3b5225faad restore_session_id=13b44028096747f0ae2c8dd685deeaf4 container_session_id=a95b4ebdbe5f451c modal_task_id=ta-01KZWMJEH7YNC4J83TC3GRDMGR modal_image_id=im-1y7JYrXWfP85QBgGfl0G6P modal_cloud=CLOUD_PROVIDER_GCP modal_region=us-east4 pid=2 hostname=modal restore_total_ms=430.611 remote_python_resume_wall_unix_ns=1786593762399660288 restore_method_start_wall_unix_ns=1786593762399660288 restore_method_end_wall_unix_ns=1786593763001918976 modal_method_entry_wall_unix_ns=absent restore_status=success restore_method_status=success 
[v2.lifecycle] method=restore snap=False container_session=a95b4ebdbe5f451c restore_count=1 restore_total_ms=430.611 remote_python_resume_wall_unix_ns=1786593762399660288 restore_method_start_wall_unix_ns=1786593762399660288 restore_method_end_wall_unix_ns=1786593763001918976 modal_method_entry_wall_unix_ns=absent restore_status=success restore_method_status=success status=restored
[v2.host_memory] stage=restore_complete current_mib=absent peak_mib=absent limit_mib=absent process_rss_mib=13715.2 process_maxrss_mib=35721.3 oom_count=absent oom_kill_count=absent status=ok cgroup_path=absent cgroup_mount=absent
[v2.gpu_allocation] cuda_version=13.0 gpu_actual_name=NVIDIA RTX PRO 6000 Blackwell Server Edition gpu_compute_capability=12.0 gpu_requested_order=RTX-PRO-6000 gpu_vram_total_mib=97250 torch_version=2.13.0+cu130
[v2.startup_stage] stage=post_snapshot_restore event=end wall_unix_ns=1786593763006231043 monotonic_ns=569386037406 duration_ms=606.521
[v2.startup_stage] stage=first_remote_method_entry event=entry wall_unix_ns=1786593763018979889 monotonic_ns=569398786262
[v2.env_profile] effective_profile=inherit container_profile=inherit request_override=inherit request_override_applied=0 source=request-inherit-noop
[v2.local_submission_breakdown.remote] request_id=v2-benchmark-0-f6598f71a74a local_receive_to_worker_start_ms=17266.0 worker_start_to_normalize_start_ms=0.0 normalize_production_options_ms=0.0 normalize_end_to_trace_construct_start_ms=0.0 runtime_trace_construct_ms=0.0 trace_construct_to_options_copy_start_ms=0.0 benchmark_options_copy_ms=0.0 options_copy_to_client_id_start_ms=0.0 client_id_generation_ms=0.0 client_id_end_to_plan_call_ms=0.0 plan_call_to_function_entry_ms=0.0 worker_start_to_plan_build_ms=0.0 local_receive_to_plan_build_start_ms=17266.0 worker_queue_ms=0.0 plan_build_ms=94.0 plan_build_to_execute_plan_entry_ms=0.0 execute_plan_entry_to_plan_materialization_ms=0.0 plan_materialization_ms=0.0 plan_materialization_to_active_profile_ms=0.0 active_profile_ms=0.0 restore_plan_build_ms=absent restore_publish_ms=absent restore_publish_to_transport_entry_ms=absent transport_entry_to_handle_lookup_ms=0.0 handle_lookup_ms=absent payload_materialization_ms=0.0 payload_size_measurement_ms=0.0 payload_size_to_serialize_end_ms=0.0 payload_ready_to_modal_call_ms=0.0 local_receive_to_modal_call_ms=17360.0 generator_create_ms=absent generator_created_to_first_iteration_ms=absent local_receive_to_actual_submission_ms=absent measured_children_ms=absent residual_ms=absent reconciliation_status=incomplete profile_cache_hit=False profile_remote_call_performed=False profile_checker_matched=False restore_publish_cache_hit=absent restore_remote_call_performed=absent handle_cache_hit=absent plan_to_dict_count=1 payload_bytes=19377 active_profile_local_ms=0.0 active_profile_cache_lookup_ms=0.0 active_profile_checker_ms=0.0 active_profile_setter_ms=0.0 active_profile_total_ms=0.0 created_modal_client=False performed_cls_from_name=False constructed_class_instance=False input_image_count=0 workflow_node_count=43 unmeasured_boundary=absent
[v2.seed_restore] source=invocation_plan schema=2 topology_available=1 workflow_hash=2e43d4c0ba3b82c0 loader_nodes=3 sampler_nodes=1 reachable_nodes=43 static_signatures=43
[v2.runtime_shape] stage=request_entry runtime_shape_fingerprint=f504e296c398bdcb2c4c07e2 runtime_shape_label=None thread_policy=TBASE snapshot_model_order=O0 cpu_request=12 memory_request=32768 native_thread_count=49 configured_omp=None configured_mkl=None configured_openblas=None configured_numexpr=None malloc_arena_max=None native_library_settings={'OMP_NUM_THREADS': '12', 'MKL_NUM_THREADS': '12', 'OPENBLAS_NUM_THREADS': '12', 'NUMEXPR_NUM_THREADS': None, 'MALLOC_ARENA_MAX': None} torch_intraop_threads=12 torch_interop_threads=14 actual_torch_intraop_threads=12 actual_torch_interop_threads=14 requested_torch_intraop_threads=None requested_torch_interop_threads=None requested_vs_actual_match=True status=baseline_passthrough error=
[v2.snapshot_timing] snapshot_callback_age_at_restore_ms=530948.265 snapshot_callback_to_command_start_ms=504162.356 command_start_to_restore_start_ms=26785.66 command_start_to_python_resume_ms=26785.66 command_start_to_restore_end_ms=27387.919 request_latency_included=0_for_callback_age
[v2.host_memory] stage=prompt_executor_start current_mib=absent peak_mib=absent limit_mib=absent process_rss_mib=13716.4 process_maxrss_mib=35721.3 oom_count=absent oom_kill_count=absent status=ok cgroup_path=absent cgroup_mount=absent
[v2.cpu_snapshot_models] cpu_snapshot_models_present=1 clip_present=1 unet_present=0 cpu_snapshot_active=0
[v2.cpu_snapshot_request] status=present_but_inactive clip_present=1 unet_present=0 action=clip_vae_only_request_activation
[v2.cpu_snapshot_request] status=clip_vae_only_bind clip_source=cpu_snapshot vae_source=cpu_snapshot unet_source=normal_loader clip_object_id=46801142723408 vae_object_id=46804152446032
[v2.cpu_snapshot_request] status=reused reason=clip_vae_only
[v2.unet_identity_chain] stage=snapshot request_id=v2-benchmark-0-f6598f71a74a unet_object_id=0
[v2.unet_identity_chain] stage=bridge request_id=v2-benchmark-0-f6598f71a74a unet_object_id=0
[v2.snapshot_activation_invariant] profile=inherit models_container_present=1 clip_present=1 unet_present=0 snapshot_enabled_by_config=1 cpu_snapshot_container_active=1 loader_bridge_active=1 execution_prefill_allowed=0 status=pass reason=ok
[v2.execution_prefill] snapshot_active=1 env_raw=critical scheduled=1
[v2.execution_unet] scheduled=1 snapshot_unet_absent=1 request_id=v2-benchmark-0-f6598f71a74a
[v2.plan_proof] schema=1 payload=yes validated=True outputs=2 out_ids=107,935:931 wf_hash=2e43d4c0ba3b82c0 recomputed=2e43d4c0ba3b82c0 match=True dep_complete=True consumed=False cert_decision=legacy
[v2.plan_proof.registry] workflow_class_count=31 host_proved_count=31 snapshot_proved_count=31 missing_host=0 missing_snapshot=0 identity_mismatch=0 workflow_registry_match=1 reason=
[v2.plan_proof] parity proof_present=1 proof_complete=1 proof_valid=1 dep_match=1 gen_match=1 wf_reg_match=1 reg_full_match=0 dep_proof_match=1 eligible=1 reason=ok consumed=False
[v2.exec] res4lyf_dummy_init_disabled=1 reported_injected=1 actual_injected=1
[preflight.model_reads] restore_preload_active=0 selected_clip=/root/comfy/ComfyUI/models/text_encoders/qwen_3_4b.safetensors
[v2.clip_conditioning_cache] event=mode flag=COMFYMODAL_V2_CLIP_CONDITIONING_CACHE enabled=1 root=/root/prompt_cache_vol/exact_conditioning max_entries=64 max_bytes=536870912
[active_read] registered owner=graph_loader key=/__modal/volumes/vo-QI6fCKykvocVkUBVGsuZgm/diffusion_models/z_image_turbo_bf16.s active_read_id=4862d83ff2604550 restored_instance_id=8a6000bd24694ba3b3b53e3b5225faad restore_session_id=13b44028096747f0ae2c8dd685deeaf4 request_id= start_wall_unix_ns=1786593763068563712 start_monotonic_ns=569448368254 start_thread_time_ns=10000000 start_process_time_ns=112470000000 native_tid=78 active_read_path_hash=8d2256b3cff6bbd2 active_read_file_size=12309866400 active_read_st_dev=30 active_read_st_ino=104 active_read_governor_enabled=0 active_read_priority=100 active_read_size_bytes=12309866400 active_read_size_mb=11739.6 active_read_is_large=1 active_read_classification_source=file_size active_read_queue_enter_ms=0.0 active_read_queue_exit_ms=0.0 active_read_queue_wait_ms=0.0 active_read_large_slots_used_at_enter=0 active_read_large_slots_used_at_start=0 active_read_concurrent_large_reads_at_start=1 active_read_attached_existing_future=0 active_read_duplicate_prevented=0
[v2.generation_identity] custom_nodes_generation='4beea0bbdb2a3e74517b90a3…' raw_empty=false source=persisted_record runtime_state_generation='' api_object_id=46801135318544 deployment_combined_hash=7a9dfb40a7cb2979
[v2.plan_proof] decision=plan_validation_fast_path consumed=1 workflow_hash_match=1 validation_hash_match=1 plan_complete=1 snapshot_complete=1 snapshot_valid=1 dep_match=1 gen_match=1 wf_reg_match=1 dependency_match=1 repair_changed=0 outputs_nonempty=1 eligible=1
[v2.startup_stage] stage=first_prompt_executor_invocation event=start wall_unix_ns=1786593763097409552 monotonic_ns=569477215854
[v2.clip_conditioning_cache] decision=miss key_hash=18aca23f6ed3d5e1a24fc064905f09f51f9655ea8b7e47a4519565f3ce35f57d identity_status=valid schema_version=1 validation_scope=clip_model_workflow_custom_nodes_schema_format_side_conditioning_inputs hit_count=0 miss_count=1 entries=1 lookup_wall_ms=23.04 request_id=v2-benchmark-0-f6598f71a74a
[v2.unet_early_activation] event=mode mode=late env_raw=late restored_instance_id=8a6000bd24694ba3b3b53e3b5225faad restore_session_id=13b44028096747f0ae2c8dd685deeaf4
[v2.gpu_load_boundary] event=load_models_gpu_start request_id=absent restored_instance_id=8a6000bd24694ba3b3b53e3b5225faad restore_session_id=13b44028096747f0ae2c8dd685deeaf4 roles=modelpatcher model_count=1 contains_registered_unet=0 caller_classification=not_observed gpu_allocated_before=0 gpu_reserved_before=0
[v2.gpu_load_boundary] event=load_models_gpu_end request_id=absent restored_instance_id=8a6000bd24694ba3b3b53e3b5225faad restore_session_id=13b44028096747f0ae2c8dd685deeaf4 roles=modelpatcher model_count=1 caller_classification=not_observed wall_ms=1.838 gpu_allocated_after=0 gpu_allocated_delta_bytes=0
[active_read] completed owner=graph_loader key=/__modal/volumes/vo-QI6fCKykvocVkUBVGsuZgm/diffusion_models/z_image_turbo_bf16.s active_read_id=4862d83ff2604550 restored_instance_id=8a6000bd24694ba3 restore_session_id=13b44028096747f0ae2c8dd685deeaf4 complete_wall_unix_ns=1786593765042232832 complete_monotonic_ns=571422036512 complete_thread_time_ns=1670000000 complete_process_time_ns=115170000000 complete_native_tid=78 wall_ms=1973.668 thread_cpu_ms=1660.0 process_cpu_ms=2700.0 majf=None minf=None inblock=None nvcsw=None nivcsw=None read_bytes=None rchar=None path_hash=8d2256b3cff6bbd2 file_size=12309866400 st_dev=30 st_ino=104
[v2.active_read_diag] active_read_id=4862d83ff2604550 owner=graph_loader request_id= restore_session_id=13b44028096747f0ae2c8dd685deeaf4 path_hash=8d2256b3cff6bbd2 wall_ms=1973.668 thread_cpu_ms=1660.0 process_cpu_ms=2700.0 read_bytes=not_observed_in_this_thread rchar=not_observed_in_this_thread minor_faults=None major_faults=None context_switches=None/None counter_status=unsupported legacy_counter_status=unsupported thread_cpu_status=unsupported process_cpu_status=unsupported io_status=unsupported page_fault_status=unsupported block_input_status=unsupported context_switch_status=unsupported native_thread_id=78
[v2.native_fast_disk_unet] decision=defer reason=ok stage=to patcher_class=comfy.model_patcher.ModelPatcher patcher_dynamic=0 param_count=453 parameter_bytes=12309817472 dtype_distribution={'torch.bfloat16': 453} device_distribution={'cpu': 453} cpu_params=453 cpu_buffers=1 get_model_ms=275.072 ctor_ms=0.57 bind_ms=None to_wall_ms=None to_device_ms=None to_device_ms_label=unavailable
[v2.vae_early_activation] event=mode mode=sampling_end env_raw=sampling_end restored_instance_id=8a6000bd24694ba3b3b53e3b5225faad restore_session_id=13b44028096747f0ae2c8dd685deeaf4
[v2.native_fast_disk_unet] decision=complete reason=ok stage=load_model_weights patcher_class=comfy.model_patcher.ModelPatcher patcher_dynamic=0 param_count=453 parameter_bytes=12309817472 dtype_distribution={'torch.bfloat16': 453} device_distribution={'cuda': 453} cpu_params=0 cpu_buffers=0 get_model_ms=275.072 ctor_ms=0.57 bind_ms=89.953 to_wall_ms=3542.091 to_device_ms=3542.12 to_device_ms_label=synchronized_device
[v2.unet_runtime_state] stage=normal_loader_ready unet_identity=z_image_turbo_bf16.safetensors requested_weight_dtype=default effective_weight_dtype=default state={"current_device":"cuda:0","diffusion_model_object_id":"46805770169488","diffusion_model_type":"NextDiT","first_buffer_device":"absent","first_buffer_dtype":"absent","first_parameter_device":"cuda:0","first_parameter_dtype":"torch.bfloat16","forward_module":"NextDiT","forward_qualname":"NextDiT.forward","load_device":"cuda:0","loaded_models_member":"0","manual_cast_dtype":"absent","model_dtype":"torch.bfloat16","model_loaded_weight_memory":"0","model_lowvram":"False","model_lowvram_patch_counter":"0","model_object_id":"46804484475280","model_options_keys":["transformer_options"],"model_type":"Lumina2","object_patch_count":0,"offload_device":"cuda:0","patch_count":0,"patcher_object_id":"46804538019408","patcher_type":"ModelPatcher","transformer_options_keys":["wrappers"],"weight_dtype":"absent"}
[v2.clip_conditioning_cache] decision=miss_stored key_hash=18aca23f6ed3d5e1a24fc064905f09f51f9655ea8b7e47a4519565f3ce35f57d identity_status=valid encode_calls=1 encode_loop_wall_ms=6376.448 cache_store_wall_ms=9.293 cache_store_calls=1 store_diagnostics={'store_calls': 1, 'store_failed': 0, 'key_build_digest_ms': 0.201, 'serialization_ms': 8.362, 'materialize_ms': 4.7989999999999995, 'checksum_ms': 2.925, 'serialized_payload_bytes': 2900184, 'enqueue_ms': 0.636, 'lock_wait_ms': 0.0, 'total_ms': 9.263, 'measured_children_ms': 9.208, 'residual_ms': 0.055, 'store_reason': '', 'materialize_bytes': 2900184, 'enqueued': 1, 'persisted': 0, 'persist_failed': 0, 'commit_failed': 0, 'queue_depth': 1, 'queue_deduped': 0, 'queue_full_dropped': 0, 'batch_size': 0, 'batch_count': 0, 'persistence_queue_wait_ms': 0.0, 'file_write_ms': 0.0, 'manifest_ms': 0.0, 'reload_ms': 0.0, 'commit_ms': 0.0, 'unindexed_files_removed': 0, 'last_flush_ms': 0.0, 'last_flush_status': '', 'flush_count': 0, 'fallback_sync_stores': 0} schema_version=1 validation_scope=clip_model_workflow_custom_nodes_schema_format_side_conditioning_inputs enqueued=1 persisted=0 persist_failed=0 entries=1 request_id=v2-benchmark-0-f6598f71a74a
[v2.cpu_owner] operation=CLIPTextEncode role=CLIP wall_ms=4150.713 process_cpu_ms=6920.000 effective_cores=1.667 native_threads_start=52 native_threads_peak=53 native_threads_end=53
standard
WARNING:root:[FeatureInjLatent] Reference latent: shape=torch.Size([1, 16, 240, 136])
[v2.sampler_boundary] event=sampler_lane_requested sampler_node_id=1242 sampler_node_class=ClownsharKSampler_Beta blocking_owner=absent
[v2.sampler_boundary] event=sampler_lane_acquired sampler_node_id=1242 sampler_node_class=ClownsharKSampler_Beta wait_ms=0.237 blocking_owner=absent
[CacheDiT] Transformer class: NextDiT (module: comfy.ldm.lumina.model)
[v2.gpu_load_boundary] event=load_models_gpu_start request_id=v2-benchmark-0-f6598f71a74a restored_instance_id=8a6000bd24694ba3b3b53e3b5225faad restore_session_id=13b44028096747f0ae2c8dd685deeaf4 roles=UNET model_count=1 contains_registered_unet=1 caller_classification=graph_model_loading gpu_allocated_before=12445630464 gpu_reserved_before=13008633856
[v2.gpu_load_boundary] event=load_models_gpu_end request_id=v2-benchmark-0-f6598f71a74a restored_instance_id=8a6000bd24694ba3b3b53e3b5225faad restore_session_id=13b44028096747f0ae2c8dd685deeaf4 roles=UNET model_count=1 caller_classification=graph_model_loading wall_ms=71.179 gpu_allocated_after=12445634560 gpu_allocated_delta_bytes=4096
[v2.cpu_owner] operation=load_models_gpu role=other wall_ms=73.042 process_cpu_ms=70.000 effective_cores=0.958 native_threads_start=53 native_threads_peak=54 native_threads_end=53
[v2.unet_identity_chain] check=stage_pair stage_a=bridge stage_b=sampler request_id=v2-benchmark-0-f6598f71a74a patcher_a_object_id=46804538019408 diffusion_a_object_id=46805770169488 patcher_b_object_id=46804538502160 diffusion_b_object_id=46805770169488 ok=1 reason=ok
[v2.unet_gpu_residency] sampler_wrapper_before_sample request_id=v2-benchmark-0-f6598f71a74a enforce=0 status=gpu_resident unet_object_id=46804538502160 parameter_count=453 gpu_parameter_count=453 cpu_parameter_count=0 meta_parameter_count=0 unknown_parameter_count=0 gpu_parameter_fraction=1.0 load_device=cuda:0 current_device=absent diffusion_model_current_device=absent model_cache_size=2 unet_in_model_cache=1 gpu_allocated_bytes=12450117120 gpu_reserved_bytes=12815695872
[v2.sampler_stall_watchdog] stage=armed request_id=v2-benchmark-0-f6598f71a74a restored_instance_id=8a6000bd24694ba3b3b53e3b5225faad sampler_node_id=1242 sampler_class=ClownsharKSampler_Beta patcher_object_id=46804538502160 diffusion_model_object_id=46805770169488 unet_object_id=46804538502160 first_forward_timeout_s=5.0 first_step_timeout_s=15.0
[v2.sampler_boundary] event=sampling_start request_id=v2-benchmark-0-f6598f71a74a restored_instance_id=8a6000bd24694ba3b3b53e3b5225faad node_id=1242 node_class=ClownsharKSampler_Beta steps=8 patcher_object_id=46804538502160 diffusion_model_object_id=46805770169488 diffusion_model_device=absent diffusion_model_current_device=absent gpu_allocated_bytes=12450117120 gpu_reserved_bytes=12815695872
(RES4LYF) rk_type: res_2s

[v2.unet_forward_boundary] event=first_unet_forward request_id=v2-benchmark-0-f6598f71a74a diffusion_model_object_id=46805770169488 patcher_object_id=46804538019408 model_object_id=46804484475280 x_device=cuda:0 x_dtype=torch.bfloat16 elapsed_ms=120.991
[v2.sampler_parity] UNET weight_dtype=torch.bfloat16 UNET compute_dtype=torch.bfloat16 manual_cast_dtype=None CacheDiT target=NextDiT CacheDiT attachment_count=1 CacheDiT fallback=0
[1A  0%|          | 0/8 [00:00<?, ?it/s]WARNING:root:[FeatureInjLatent] step=1 | progress=0.00 | eff_str=0.250 | no mask
WARNING:root:[FeatureInjLatent] step=2 | progress=0.01 | eff_str=0.214 | no mask
[v2.sampler_boundary] event=first_sampler_step request_id=v2-benchmark-0-f6598f71a74a restored_instance_id=8a6000bd24694ba3b3b53e3b5225faad node_id=1242 node_class=ClownsharKSampler_Beta steps=8 patcher_object_id=46804538502160 diffusion_model_object_id=46805770169488 diffusion_model_device=absent diffusion_model_current_device=absent gpu_allocated_bytes=12450117120 gpu_reserved_bytes=12815695872

[1A 12%|█▎        | 1/8 [00:01<00:07,  1.10s/it]WARNING:root:[FeatureInjLatent] step=3 | progress=0.03 | eff_str=0.178 | no mask

[1A 25%|██▌       | 2/8 [00:02<00:05,  1.01it/s]
[1A 38%|███▊      | 3/8 [00:02<00:03,  1.32it/s]
[1A 50%|█████     | 4/8 [00:02<00:02,  1.56it/s]
[1A 62%|██████▎   | 5/8 [00:03<00:01,  1.72it/s]
[1A 75%|███████▌  | 6/8 [00:03<00:01,  1.86it/s]
[1A 88%|████████▊ | 7/8 [00:04<00:00,  1.96it/s]
[1A100%|██████████| 8/8 [00:04<00:00,  2.03it/s]100%|██████████| 8/8 [00:04<00:00,  1.67it/s]
[v2.sampler_boundary] event=sampling_end request_id=v2-benchmark-0-f6598f71a74a restored_instance_id=8a6000bd24694ba3b3b53e3b5225faad node_id=1242 node_class=ClownsharKSampler_Beta steps=8 patcher_object_id=46804538502160 diffusion_model_object_id=46805770169488 diffusion_model_device=absent diffusion_model_current_device=absent gpu_allocated_bytes=12450117120 gpu_reserved_bytes=12815695872 duration_ms=4829.768
[v2.vae_early_activation] event=scheduled request_id=v2-benchmark-0-f6598f71a74a mode=sampling_end trigger=sampling_end key_hash=988dd0fbad7947c478e7708c source=snapshot_vae vae_identity_hash=dd8f11d04333e24d vae_policy_version=1 vae_weight_dtype=bfloat16 vae_compute_dtype=bfloat16_native vae_memory_format=contiguous vae_prefetch_mode=off c5_impl_version=1.0.0 torch=2.13.0+cu130 cuda=13.0 arch=sm_75;sm_80;sm_86;sm_90;sm_100;sm_120 restored_instance_id=8a6000bd24694ba3b3b53e3b5225faad restore_session_id=13b44028096747f0ae2c8dd685deeaf4
[v2.vae_early_activation] event=load_start request_id=v2-benchmark-0-f6598f71a74a mode=sampling_end key_hash=988dd0fbad7947c478e7708c source=snapshot_vae vae_object_id=46804152446032 vae_patcher_object_id=46804776087504
[v2.gpu_load_boundary] event=load_models_gpu_start request_id=absent restored_instance_id=8a6000bd24694ba3b3b53e3b5225faad restore_session_id=13b44028096747f0ae2c8dd685deeaf4 roles=modelpatcher model_count=1 contains_registered_unet=0 caller_classification=restore_vae_preparation gpu_allocated_before=12484945408 gpu_reserved_before=14787018752
[v2.gpu_load_boundary] event=load_models_gpu_end request_id=absent restored_instance_id=8a6000bd24694ba3b3b53e3b5225faad restore_session_id=13b44028096747f0ae2c8dd685deeaf4 roles=modelpatcher model_count=1 caller_classification=restore_vae_preparation wall_ms=762.633 gpu_allocated_after=12657776128 gpu_allocated_delta_bytes=172830720
[v2.vae_early_activation] event=terminal request_id=v2-benchmark-0-f6598f71a74a mode=sampling_end key_hash=988dd0fbad7947c478e7708c status=ready reason=ok error=absent transfer_count=1 vae_policy_version=1 vae_weight_dtype=bfloat16 vae_compute_dtype=bfloat16_native vae_memory_format=contiguous vae_prefetch_mode=off c5_impl_version=1.0.0 source=snapshot_vae
[v2.vae_early_activation] event=consumed request_id=v2-benchmark-0-f6598f71a74a mode=sampling_end key_hash=988dd0fbad7947c478e7708c join_wait_ms=38.776 status=ready source=snapshot_vae
[v2.gpu_load_boundary] event=load_models_gpu_start request_id=v2-benchmark-0-f6598f71a74a restored_instance_id=8a6000bd24694ba3b3b53e3b5225faad restore_session_id=13b44028096747f0ae2c8dd685deeaf4 roles=modelpatcher model_count=1 contains_registered_unet=0 caller_classification=graph_model_loading gpu_allocated_before=12657776128 gpu_reserved_before=12859736064
[v2.gpu_load_boundary] event=load_models_gpu_end request_id=v2-benchmark-0-f6598f71a74a restored_instance_id=8a6000bd24694ba3b3b53e3b5225faad restore_session_id=13b44028096747f0ae2c8dd685deeaf4 roles=modelpatcher model_count=1 caller_classification=graph_model_loading wall_ms=28.352 gpu_allocated_after=12657776128 gpu_allocated_delta_bytes=0
[production.rgthree.encode] side=b (B-only) shape=(1, 1920, 1088, 3) dtype=torch.uint8
[v2.opt.output_encode] total_ms=566.042 png_compress_ms=556.344 gpu_to_cpu_ms=0.137
[production.rgthree] node_id=107 a_count=0 b_count=1 encoded_unique=1 logical_outputs=1 return_a=0 temp_files_written=0 encode_ms=569.4
[v2.startup_stage] stage=first_prompt_executor_invocation event=end wall_unix_ns=1786593776415214394 monotonic_ns=582795020742 duration_ms=13317.805
[v2.pre_sampler_stages] request_id=v2-benchmark-0-f6598f71a74a restored_instance_id=8a6000bd24694ba3b3b53e3b5225faad restore_session_id=13b44028096747f0ae2c8dd685deeaf4 container_session_id=a95b4ebdbe5f451c modal_input_id=in-01KZWMJDK9TJTP3GX41KXKMEWP:1786593752682-0 modal_task_id=ta-01KZWMJEH7YNC4J83TC3GRDMGR pid=2 boot_id=601f51c5-357f-4637-9153-ee4c49ac261c hostname=modal total_nodes=43 first_output_node=107:ComfyModalProductionImageComparerOutput first_executing_node=987:Any Switch (rgthree) sampler_stage_status=sampler_active method_entry_to_graph_start_ms=24.169 graph_setup_ms=54.246 certificate_ms=0.0 cert_identity_build_ms=0.0 cert_cache_hit=0 cert_volume_reload_ms=0.0 cert_file_read_ms=0.0 cert_json_parse_validate_ms=0.0 cert_total_ms=0.0 legacy_preflight_ms=0.0 prompt_validation_ms=0.0 certificate_skipped_preflight=1 certificate_skipped_prompt_validation=1 preflight_ms=0.0 validation_ms=0.0 missing_node_repair_ms=0.097 production_registry_setup_ms=0.036 production_registry_profile_setup_ms=0.036 pregraph_setup_ms=0.475 executor_reset_ms=0.264 sampler_lane_wait_ms=0.246 residual_before_invoke_ms=0.159 method_entry_to_runtime_configuration_ms=24.129 call_to_exec_start_ms=0.699 exec_start_to_cached_ms=2108.282 cached_to_first_executing_ms=180.002 call_to_cached_ms=2108.981 call_to_first_node_ms=2288.983 first_node_to_clip_ms=4.424 clip_to_sampler_node_ms=4275.119 sampler_node_to_sampler_start_ms=138.783 sampler_node_to_lane_acquired_ms=0.253 lane_acquired_to_actual_stage_ms=138.53 pre_sampler_total_ms=6785.708 measured_children_ms=6708.127 residual_ms=77.581 reconciliation_status=ok add_message=True send_sync=True has_sampler=True sampler_count=1 lane_acquired=True
[v2.opt.output_delivery] hash_ms=1.451 descriptor_ms=None
[v2.opt.output_delivery] hash_ms=1.451 descriptor_ms=0.027
[v2.startup_stage] stage=first_durable_result event=ready wall_unix_ns=1786593776425053330 monotonic_ns=582804859669 output_persisted=1
[v2.output] hashes=1 base64_encode=0 base64_decode=0 commit_ms=0.0 commit_status=skipped overlap_ms=0.0 serialized_bytes=2215
[v2.activation_diagnosis] request_id=v2-benchmark-0-f6598f71a74a cpu_snapshot_container_active=True execution_prefill_scheduled=True residency_diagnostics_enabled=0 clip_encode_calls=1 clip_encode_graph_calls=0 clip_encode_prefill_calls=1 clip_encode_wall_ms=6365.669 clip_encode_graph_wall_ms=0 clip_encode_prefill_wall_ms=6365.669 clip_encode_process_cpu_ms=9980.0 load_models_gpu_calls=2 unet_gpu_load_calls=1 load_models_gpu_wall_ms=99.531 activation_receipt_count=4 gpu_allocated_delta_bytes=4096 cpu_peak_cores=absent cpu_above_16_ms=absent cpu_above_19_ms=absent cpu_longest_above_19_ms=absent cpu_overlap_graph_clip_ms=absent cpu_overlap_prefill_clip_ms=absent cpu_overlap_gpu_load_ms=absent clip_to_sampler_node_ms=4275.119 sampler_node_to_sampler_start_ms=138.783 diagnostic_accounted_ms=absent diagnostic_unattributed_ms=absent restore_requested_torch_intraop_threads=absent restore_actual_torch_intraop_threads=12 restore_torch_interop_threads=14 restore_torch_thread_limit_status=baseline_passthrough
[v2.process_cpu_spike] status=ok peak_effective_cores=7.345 duration_above_16_ms=0.000 duration_above_19_ms=0.000 longest_above_19_ms=0.000 sample_count=242
[v2.critical_path] python_resume_to_restore_enter_ms=0.0 restore_total_ms=430.611 restore_exit_to_run_enter_ms=17.041 run_enter_to_plan_received_ms=21.731 plan_received_to_executor_invoke_ms=56.668 executor_invoke_to_first_node_ms=2288.897 first_node_to_sampler_node_ms=4279.505 sampler_node_to_sampler_start_ms=138.783 pre_sampler_unattributed_ms=absent
[v2.cgroup_cpu_spike] source=process_cpu_fallback peak_effective_cores=7.255 interval_count=0
V2 COLD WATERFALL - REMOTE/PARTIAL (awaiting host reconciliation)
Request: v2-benchmark-0-f6598f71a74a  Instance: 8a6000bd24694ba3b3b53e3b5225faad  GPU: ['RTX-PRO-6000']  Fresh: YES
TOTAL WALL:        -   (command->response minus Modal scheduling)
SCHEDULING:        -   (informational - excluded from % and bars)
COMMAND->RESPONSE:  40.840s

+-----+------------------------------------------------+------------+------------+---------+---------------------------------------+
 # | Stage                                          | Duration |     Cum. |      % | Relative wall time
+-----+------------------------------------------------+------------+------------+---------+---------------------------------------+
  1 | Local preparation                              |     0.001s |     0.001s |       - |                                      
  2 | Modal handle and submission                    |          - |          - |       - |                                      
  3 | Modal scheduling + pre-Python restore (awai... |          - |          - |       - |                                      
  4 | Modal pre-Python snapshot restoration          |          - |          - |       - |                                      
  5 | Python/application restore                     |     0.602s |     0.603s |       - |                                      
  6 | Restore-to-method entry                        |     0.017s |     0.620s |       - |                                      
  7 | ~ Method entry to UNET ownership claim         |          - |          - |       - |                                      
  8 | ~ UNET claim to ready (worker load)            |          - |          - |       - |                                      
  9 | Remote method setup                            |     0.078s |     0.699s |       - |                                      
 10 | PromptExecutor/cache setup                     |     2.289s |     2.988s |       - |                                      
 11 | First node to CLIP                             |     0.004s |     2.992s |       - |                                      
 12 | CLIP to sampler node                           |     4.275s |     7.267s |       - |                                      
 13 | Sampler graph-join wait                        |          - |          - |       - |                                      
 14 | Sampler node to sampling                       |     0.139s |     7.406s |       - |                                      
 15 | Sampling                                       |     4.830s |    12.235s |       - |                                      
 16 | Post-sampling transition                       |     0.729s |    12.964s |       - |                                      
 17 | VAE                                            |     0.481s |    13.445s |       - |                                      
 18 | Output encode / descriptor                     |     0.580s |    14.025s |       - |                                      
 19 | Remote result handoff                          |          - |          - |       - |                                      
 20 | Remote/local return                            |     0.029s |    14.055s |       - |                                      
+-----+------------------------------------------------+------------+------------+---------+---------------------------------------+

Expanded diagnostics
[PromptExecutor]
  detail: method entry to graph start                        0.024s
  detail: method entry to runtime configuration              0.024s
  detail: runtime configuration                              0.000s
  detail: graph setup                                        0.054s
  detail: certificate                                        0.000s
  detail: preflight                                          0.000s
  detail: validation                                         0.000s
  detail: legacy runtime resolution                          0.000s
  detail: preload check                                      0.002s
  detail: missing-node repair                                0.000s
  detail: production registry setup                          0.000s
  detail: pregraph setup                                     0.000s
  detail: executor reset                                     0.000s
  detail: residual before executor invoke                    0.000s
  detail: pre-sampler total                                  6.786s
  detail: measured pre-sampler children                      6.708s
  detail: pre-sampler residual                               0.078s
  detail: PromptExecutor invoke to execution                 0.001s
  detail: execution to cached                                2.108s
  detail: cached to first node                               0.180s
  detail: graph/prefill activity                           -
  detail: PromptExecutor internal/unattributed             -
[Sampler]
  detail: sampler lane wait                                  0.000s
  detail: sampler node to lane acquired                      0.000s
  detail: lane acquired to actual stage                      0.139s
[Output]
  detail: output encode                                    -
  detail: output commit                                    -
  detail: VAE end ? output encode start                      0.001s
  detail: PNG encode                                         0.573s
  detail: Descriptor/materialization                         0.007s
  detail: Remote result emitted                            -
  detail: Deferred persistence after yield                 -
[UNET]
  detail: UNET quiesce wait (diagnostic)                   -
  detail: UNET transfer queue delay                        -
  detail: UNET synchronized transfer                       -
  detail: UNET scheduled ? worker start                    -
  detail: Worker start ? checkpoint read start             -
  overlap: Checkpoint read (overlap: H2D span fallback)       3.550s
  detail: Read end ? construction done                       0.276s
  detail: Bind                                               0.090s
  detail: Synchronized H2D                                   3.542s
  detail: H2D end ? UNET ready                               0.002s
  detail: UNET ready ? sampler demand                      -
  detail: Sampler demand ? join complete                   -
  detail: Join complete ? sampling                         -
[CPU ownership]
  detail: CPU owner: CLIPTextEncode [CLIP]                   4.151s
  detail: CPU owner: load_models_gpu [other]                 0.073s
[Node timings]
  detail: Node: CLIPLoader                                   0.001s
  detail: Node: CLIPTextEncode                               4.151s
  detail: Node: ImpactSwitch                                 0.064s
  detail: Node: UNETLoader                                   0.002s
  detail: Node: ImpactSwitch                                 0.035s
  detail: Node: ClownsharKSampler_Beta                       0.146s
[VAE]
  detail: Sampling end ? VAE scheduled                       0.000s
  detail: VAE scheduled ? worker/load start                  0.002s
  detail: VAE load/H2D                                       0.765s
  detail: VAE ready ? consumed                               0.000s
  detail: Consumed ? decode start                          -
[Return]
  detail: Local receipt ? caller return                    -

    | ACCOUNTED     |    14.055s |            |       - | .....................................
    | RECONCILIATION |    26.786s |            |            | .....................................
    | TOTAL WALL |          - |            |       - |                                      
    | COMMAND -> RESPONSE |    40.840s |            |       - |                                      
    | TOP-LEVEL ACCOUNTED |    14.055s |            |       - | .....................................
    | GLOBAL RESIDUAL |    26.786s |            |            | .....................................
    | RESIDUAL %     |    65.587% |            |            | .....................................
    | RECONCILIATION STATUS | EXCEEDS_TOLERANCE |            |            | .....................................
    | CONTROLLABLE APPLICATION WALL |    14.055s |            |            | .....................................
    | PLATFORM/MODAL WALL |     0.000s |            |            | .....................................
Pending host reconciliation: command start -> Python resume = 26785.660 ms - classification = scheduling + pre-Python restore (unresolved platform interval)
Boundary flags: modal_restore_begin_unavailable (modal_scheduling covers submission->python_resume combined), submission_boundary_unavailable (submission boundary absent; scheduling spans cannot start at the local submit)
REMOTE/PARTIAL WATERFALL - awaiting host reconciliation (missing: missing_submission, missing_modal_restore_begin, missing_local_result_receipt)
+-----+------------------------------------------------+------------+------------+---------+---------------------------------------+
Warnings:
  - global residual 26785.874ms (65.59%) of command-to-response unaccounted
  - reconciliation exceeds tolerance: 26785.874ms > 102.101ms
