receipt,role,ordinal,reader_id,thread_id,slot_index,source_offset,nbytes,memcpy_start_ns,memcpy_end_ns,ready_ns,access_start_ns,source_start_ns,copy_wall_ns,copy_thread_cpu_ns,offcpu_ns,cpu_wall_ratio,slot_wait_ns,pacing_wait_ns,claim_wall_ns,claim_cpu_ns,rusage_minflt,rusage_majflt,rusage_nvcsw,rusage_nivcsw,map_start_ns,munmap_start_ns,effective_concurrency,flags,source_wall_ms
run_20260930-035227_13076d45.json,clip,0,3,67,0,45856,67108864,126798258041,126877661008,126877661290,126798256818,126798258041,79402967,80000000,-597033,1.007519026335628,0,0,126798112119,0,0,0,0,0,0,0,1,257,2076.385388
run_20260930-035227_13076d45.json,clip,1,0,64,1,67154720,67108864,126802700058,126889460863,126889461240,126802698219,126802700058,86760805,80000000,6760805,0.9220753541878732,0,3778752,126798451573,0,0,0,0,0,0,0,2,258,2076.385388
run_20260930-035227_13076d45.json,clip,2,1,65,2,134263584,67108864,126806980249,126894317917,126894318288,126806976433,126806980249,87337668,80000000,7337668,0.9159850707257263,0,3879306,126798629695,0,0,0,0,0,0,0,3,259,2076.385388
run_20260930-035227_13076d45.json,clip,3,2,66,3,201372448,67108864,126811138937,126908190773,126908191119,126811135371,126811138937,97051836,90000000,7051836,0.9273394889716461,0,3916020,126798726088,0,0,0,0,0,0,0,4,260,2076.385388
run_20260930-035227_13076d45.json,clip,4,3,67,4,268481312,67108864,126877958337,126938297584,126938297821,126877956747,126877958337,60339247,60000000,339247,0.9943776726282315,0,0,126877917845,80000000,0,0,0,0,0,0,4,260,2076.385388
run_20260930-035227_13076d45.json,clip,5,0,64,5,335590176,67108864,126889620679,126967947695,126967947911,126889619834,126889620679,78327016,70000000,8327016,0.8936890944498639,0,0,126889606136,80000000,0,0,0,0,0,0,4,260,2076.385388
run_20260930-035227_13076d45.json,clip,6,1,65,6,402699040,67108864,126894464845,126969641995,126969642195,126894463909,126894464845,75177150,70000000,5177150,0.9311339948375271,0,0,126894448327,80000000,0,0,0,0,0,0,4,260,2076.385388
run_20260930-035227_13076d45.json,clip,7,2,66,7,469807904,67108864,126908670618,126995989373,126995989530,126908647062,126908670618,87318755,80000000,7318755,0.9161834705499409,0,0,126908489404,90000000,0,0,0,0,0,0,4,260,2076.385388
run_20260930-035227_13076d45.json,clip,8,3,67,0,536916768,67108864,126984740977,127028935031,127028935151,126984739982,126984740977,44194054,40000000,4194054,0.9050991339242153,46274778,0,126984724068,140000000,0,0,0,0,0,0,2,258,2076.385388
run_20260930-035227_13076d45.json,clip,9,1,65,1,604025632,67108864,127005874657,127067423461,127067423708,127005873664,127005874657,61548804,60000000,1548804,0.9748361641600705,36068536,0,127005856610,150000000,0,0,0,0,0,0,2,258,2076.385388
run_20260930-035227_13076d45.json,clip,10,0,64,2,671134496,67108864,127013347119,127083974042,127083974436,127013345912,127013347119,70626923,60000000,10626923,0.8495343907308549,45248805,0,127013317401,150000000,0,0,0,0,0,0,3,259,2076.385388
run_20260930-035227_13076d45.json,clip,11,2,66,3,738243360,67108864,127019575497,127086682884,127086683386,127019573917,127019575497,67107387,70000000,-2892613,1.0431042412663154,23449687,0,127019554835,170000000,0,0,0,0,0,0,4,260,2076.385388
run_20260930-035227_13076d45.json,clip,12,3,67,4,805352224,67108864,127029044744,127103439591,127103439860,127029043806,127029044744,74394847,70000000,4394847,0.9409253842541003,0,0,127029033888,180000000,0,0,0,0,0,0,4,260,2076.385388
run_20260930-035227_13076d45.json,clip,13,1,65,5,872461088,67108864,127067541947,127135757986,127135758227,127067541193,127067541947,68216039,60000000,8216039,0.8795585448753481,0,0,127067531484,210000000,0,0,0,0,0,0,4,260,2076.385388
run_20260930-035227_13076d45.json,clip,14,0,64,0,939569952,67108864,127084139157,127140178385,127140178842,127084138175,127084139157,56039228,60000000,-3960772,1.0706785610965233,0,0,127084126847,210000000,0,0,0,0,0,0,4,260,2076.385388
run_20260930-035227_13076d45.json,clip,15,2,66,1,1006678816,67108864,127088242365,127140920632,127140921028,127088239757,127088242365,52678267,50000000,2678267,0.9491580275410351,0,1311689,127086817066,240000000,0,0,0,0,0,0,4,260,2076.385388
run_20260930-035227_13076d45.json,clip,16,3,67,2,1073787680,67108864,127103597437,127162442835,127162443250,127103596595,127103597437,58845398,60000000,-1154602,1.019620939601768,0,0,127103583865,250000000,0,0,0,0,0,0,4,260,2076.385388
run_20260930-035227_13076d45.json,clip,17,1,65,3,1140896544,67108864,127158947984,127187848501,127187848820,127158946462,127158947984,28900517,20000000,8900517,0.6920291425928471,0,0,127158932151,270000000,0,0,0,0,0,0,2,258,2076.385388
run_20260930-035227_13076d45.json,clip,18,0,64,6,1208005408,67108864,127162974280,127233330702,127233331169,127162972152,127162974280,70356422,70000000,356422,0.994934051649187,0,3903702,127159029274,270000000,0,0,0,0,0,0,3,259,2076.385388
run_20260930-035227_13076d45.json,clip,19,2,66,7,1275114272,67108864,127167649122,127236682170,127236682691,127167647105,127167649122,69033048,70000000,-966952,1.0140070883151502,0,3899607,127159080639,290000000,0,0,0,0,0,0,4,260,2076.385388
run_20260930-035227_13076d45.json,clip,20,3,67,4,1342223136,67108864,127186326927,127237453504,127237453982,127186325340,127186326927,51126577,50000000,1126577,0.9779649437512705,23585720,0,127186309647,310000000,0,0,0,0,0,0,4,260,2076.385388
run_20260930-035227_13076d45.json,clip,21,1,65,5,1409332000,67108864,127201833347,127253819619,127253819810,127201832267,127201833347,51986272,50000000,1986272,0.961792374725389,13865062,0,127201817014,290000000,0,0,0,0,0,0,4,260,2076.385388
run_20260930-035227_13076d45.json,clip,22,0,64,0,1476440864,67108864,127233596005,127284474028,127284474508,127233594352,127233596005,50878023,50000000,878023,0.9827425880915224,0,0,127233578466,340000000,0,0,0,0,0,0,4,260,2076.385388
run_20260930-035227_13076d45.json,clip,23,2,66,1,1543549728,67108864,127237635573,127292004734,127292005177,127237633862,127237635573,54369161,50000000,4369161,0.9196389843131845,0,746994,127236837317,360000000,0,0,0,0,0,0,4,260,2076.385388
run_20260930-035227_13076d45.json,clip,24,3,67,2,1610658592,67108864,127242230297,127295353241,127295353506,127242228626,127242230297,53122944,50000000,3122944,0.9412128966346444,0,3953983,127237601055,360000000,0,0,0,0,0,0,4,260,2076.385388
run_20260930-035227_13076d45.json,clip,25,1,65,3,1677767456,67108864,127254656573,127307466211,127307466415,127254655145,127254656573,52809638,50000000,2809638,0.9467968706772806,0,0,127254534195,340000000,0,0,0,0,0,0,4,260,2076.385388
run_20260930-035227_13076d45.json,clip,26,0,64,4,1744876320,67108864,127284797026,127341911957,127341912197,127284795446,127284797026,57114931,50000000,7114931,0.8754278281453234,0,0,127284765205,390000000,0,0,0,0,0,0,4,260,2076.385388
run_20260930-035227_13076d45.json,clip,27,2,66,0,1811985184,67108864,127292346158,127350755358,127350755607,127292344897,127292346158,58409200,50000000,8409200,0.856029529594653,0,0,127292313466,420000000,0,0,0,0,0,0,4,260,2076.385388
run_20260930-035227_13076d45.json,clip,28,3,67,1,1879094048,67108864,127296463884,127356247893,127356248242,127296462509,127296463884,59784009,50000000,9784009,0.8363440464489426,0,701448,127295617648,410000000,0,0,0,0,0,0,4,260,2076.385388
run_20260930-035227_13076d45.json,clip,29,1,65,2,1946202912,67108864,127307676951,127364822115,127364822434,127307676128,127307676951,57145164,50000000,7145164,0.8749646776759622,0,0,127307667721,390000000,0,0,0,0,0,0,4,260,2076.385388
run_20260930-035227_13076d45.json,clip,30,0,64,3,2013311776,67108864,127342167184,127402639074,127402639364,127342165593,127342167184,60471890,60000000,471890,0.9921965395822754,0,0,127342148811,440000000,0,0,0,0,0,0,4,260,2076.385388
run_20260930-035227_13076d45.json,clip,31,2,66,4,2080420640,67108864,127350894188,127407650356,127407650558,127350892949,127350894188,56756168,50000000,6756168,0.8809615194598761,0,0,127350870511,470000000,0,0,0,0,0,0,4,260,2076.385388
run_20260930-035227_13076d45.json,clip,32,3,67,0,2147529504,67108864,127357384772,127414589650,127414590086,127357383326,127357384772,57204878,50000000,7204878,0.874051335272492,0,0,127357356129,470000000,0,0,0,0,0,0,4,260,2076.385388
run_20260930-035227_13076d45.json,clip,33,1,65,1,2214638368,67108864,127365074786,127426581706,127426582241,127365073844,127365074786,61506920,60000000,1506920,0.9754999925211667,0,0,127365060998,440000000,0,0,0,0,0,0,4,260,2076.385388
run_20260930-035227_13076d45.json,clip,34,0,64,2,2281747232,67108864,127402908910,127459443281,127459443459,127402907793,127402908910,56534371,50000000,6534371,0.8844177288184563,0,0,127402878963,500000000,0,0,0,0,0,0,4,260,2076.385388
run_20260930-035227_13076d45.json,clip,35,2,66,3,2348856096,67108864,127407951058,127466391410,127466391546,127407950076,127407951058,58440352,60000000,-1559648,1.0266878611545667,0,0,127407920155,520000000,0,0,0,0,0,0,4,260,2076.385388
run_20260930-035227_13076d45.json,clip,36,3,67,4,2415964960,67108864,127414870258,127469191458,127469191655,127414869308,127414870258,54321200,50000000,4321200,0.9204509473281149,0,0,127414843374,520000000,0,0,0,0,0,0,4,260,2076.385388
run_20260930-035227_13076d45.json,clip,37,1,65,0,2483073824,67108864,127426929717,127488278906,127488279381,127426928059,127426929717,61349189,60000000,1349189,0.9780080385414712,0,0,127426880323,500000000,0,0,0,0,0,0,4,260,2076.385388
run_20260930-035227_13076d45.json,clip,38,0,64,1,2550182688,67108864,127459663388,127532170374,127532170678,127459662376,127459663388,72506986,70000000,2506986,0.9654242144336271,0,0,127459650600,550000000,0,0,0,0,0,0,4,260,2076.385388
run_20260930-035227_13076d45.json,clip,39,2,66,2,2617291552,67108864,127466632703,127536008831,127536009138,127466631776,127466632703,69376128,60000000,9376128,0.8648508028582973,0,0,127466600346,580000000,0,0,0,0,0,0,4,260,2076.385388
run_20260930-035227_13076d45.json,clip,40,3,67,3,2684400416,67108864,127470695343,127540891578,127540891889,127470693598,127470695343,70196235,70000000,196235,0.9972044796989468,0,1146960,127469456386,570000000,0,0,0,0,0,0,4,260,2076.385388
run_20260930-035227_13076d45.json,clip,41,1,65,4,2751509280,67108864,127494727177,127555266723,127555267184,127494724377,127494727177,60539546,50000000,10539546,0.8259064248681349,0,0,127494634694,570000000,0,0,0,0,0,0,4,260,2076.385388
run_20260930-035227_13076d45.json,clip,42,0,64,0,2818618144,67108864,127532471435,127590642113,127590642498,127532469956,127532471435,58170678,60000000,-1829322,1.0314474931854842,0,0,127532452682,620000000,0,0,0,0,0,0,4,260,2076.385388
run_20260930-035227_13076d45.json,clip,43,2,66,1,2885727008,67108864,127536546570,127597617915,127597618307,127536544982,127536546570,61071345,50000000,11071345,0.8187145706386523,0,324639,127536132708,640000000,0,0,0,0,0,0,4,260,2076.385388
run_20260930-035227_13076d45.json,clip,44,3,67,2,2952835872,67108864,127541309030,127599998484,127599998910,127541308090,127541309030,58689454,50000000,8689454,0.851941815645448,0,0,127541235148,640000000,0,0,0,0,0,0,4,260,2076.385388
run_20260930-035227_13076d45.json,clip,45,1,65,3,3019944736,67108864,127555523555,127616450872,127616451150,127555522536,127555523555,60927317,60000000,927317,0.9847799468996805,0,0,127555510722,620000000,0,0,0,0,0,0,4,260,2076.385388
run_20260930-035227_13076d45.json,clip,46,0,64,4,3087053600,67108864,127590917117,127652915994,127652916102,127590916050,127590917117,61998877,50000000,11998877,0.8064662203478299,0,0,127590903800,680000000,0,0,0,0,0,0,4,260,2076.385388
run_20260930-035227_13076d45.json,clip,47,2,66,0,3154162464,67108864,127597918796,127662650881,127662651339,127597915455,127597918796,64732085,60000000,4732085,0.9268973801786239,0,0,127597900829,690000000,0,0,0,0,0,0,4,260,2076.385388
run_20260930-035227_13076d45.json,clip,48,3,67,1,3221271328,67108864,127602699570,127669113632,127669114037,127602697856,127602699570,66414062,60000000,6414062,0.9034231334924221,0,1756875,127600150831,700000000,0,0,0,0,0,0,4,260,2076.385388
run_20260930-035227_13076d45.json,clip,49,1,65,2,3288380192,67108864,127616637711,127677487771,127677488052,127616636676,127616637711,60850060,60000000,850060,0.9860302520654869,0,0,127616628004,680000000,0,0,0,0,0,0,4,260,2076.385388
run_20260930-035227_13076d45.json,clip,50,0,64,3,3355489056,67108864,127653225764,127711147325,127711147721,127653224499,127653225764,57921561,50000000,7921561,0.8632364034525934,0,0,127653196564,740000000,0,0,0,0,0,0,4,260,2076.385388
run_20260930-035227_13076d45.json,clip,51,2,66,4,3422597920,67108864,127662891159,127718333617,127718334102,127662890351,127662891159,55442458,60000000,-4557542,1.0822031014570097,0,0,127662866168,750000000,0,0,0,0,0,0,4,260,2076.385388
run_20260930-035227_13076d45.json,clip,52,3,67,0,3489706784,67108864,127669705128,127734705067,127734705383,127669703971,127669705128,64999939,60000000,4999939,0.9230777893499253,0,0,127669667115,760000000,0,0,0,0,0,0,4,260,2076.385388
run_20260930-035227_13076d45.json,clip,53,1,65,1,3556815648,67108864,127677720580,127745442452,127745442842,127677719817,127677720580,67721872,60000000,7721872,0.8859766900714144,0,0,127677709690,740000000,0,0,0,0,0,0,4,260,2076.385388
run_20260930-035227_13076d45.json,clip,54,0,64,2,3623924512,67108864,127711452519,127785340712,127785340916,127711451214,127711452519,73888193,70000000,3888193,0.9473773434951914,0,0,127711424140,790000000,0,0,0,0,0,0,4,260,2076.385388
run_20260930-035227_13076d45.json,clip,55,2,66,3,3691033376,67108864,127718504139,127792268144,127792268400,127718502989,127718504139,73764005,70000000,3764005,0.9489723341350568,0,0,127718489269,810000000,0,0,0,0,0,0,4,260,2076.385388
run_20260930-035227_13076d45.json,clip,56,3,67,4,3758142240,67108864,127734994763,127802055957,127802056382,127734993890,127734994763,67061194,70000000,-2938806,1.0438227509041966,0,0,127734968164,820000000,0,0,0,0,0,0,4,260,2076.385388
run_20260930-035227_13076d45.json,clip,57,1,65,0,3825251104,67108864,127745713317,127817288544,127817288880,127745711970,127745713317,71575227,70000000,1575227,0.9779920083243326,0,0,127745690659,800000000,0,0,0,0,0,0,4,260,2076.385388
run_20260930-035227_13076d45.json,clip,58,0,64,1,3892359968,67108864,127785588713,127867672851,127867673038,127785587610,127785588713,82084138,80000000,2084138,0.9746097351963421,0,0,127785561599,860000000,0,0,0,0,0,0,4,260,2076.385388
run_20260930-035227_13076d45.json,clip,59,2,66,2,3959468832,67108864,127792408218,127872942077,127872942377,127792407273,127792408218,80533859,70000000,10533859,0.8691996244709942,0,0,127792395632,880000000,0,0,0,0,0,0,4,260,2076.385388
run_20260930-035227_13076d45.json,clip,60,3,67,3,4026577696,67108864,127802330512,127881050309,127881050508,127802329184,127802330512,78719797,70000000,8719797,0.8892299353871556,0,0,127802309758,890000000,0,0,0,0,0,0,4,260,2076.385388
run_20260930-035227_13076d45.json,clip,61,1,65,4,4093686560,67108864,127817594613,127893114136,127893114529,127817593324,127817594613,75519523,70000000,5519523,0.926912634233667,0,0,127817577342,870000000,0,0,0,0,0,0,4,260,2076.385388
run_20260930-035227_13076d45.json,clip,62,0,64,0,4160795424,67108864,127868026060,127937298710,127937299076,127868025010,127868026060,69272650,60000000,9272650,0.8661426984531413,0,0,127868010069,940000000,0,0,0,0,0,0,4,260,2076.385388
run_20260930-035227_13076d45.json,clip,63,2,66,1,4227904288,67108864,127873098396,127940776335,127940776739,127873097460,127873098396,67677939,60000000,7677939,0.8865518200842375,0,0,127873081792,950000000,0,0,0,0,0,0,4,260,2076.385388
run_20260930-035227_13076d45.json,clip,64,3,67,2,4295013152,67108864,127881256049,127949301275,127949301695,127881254769,127881256049,68045226,60000000,8045226,0.8817664886585872,0,0,127881243965,960000000,0,0,0,0,0,0,4,260,2076.385388
run_20260930-035227_13076d45.json,clip,65,1,65,3,4362122016,67108864,127902270339,127961385852,127961386097,127902266797,127902270339,59115513,50000000,9115513,0.8458016764567365,0,0,127902226643,950000000,0,0,0,0,0,0,4,260,2076.385388
run_20260930-035227_13076d45.json,clip,66,0,64,4,4429230880,67108864,127937551256,128003631157,128003631563,127937549872,127937551256,66079901,60000000,6079901,0.9079916751085931,0,0,127937534573,1000000000,0,0,0,0,0,0,4,260,2076.385388
run_20260930-035227_13076d45.json,clip,67,2,66,0,4496339744,67108864,127941853675,128005807746,128005807856,127941851758,127941853675,63954071,60000000,3954071,0.9381732712527401,0,609600,127940925723,1010000000,0,0,0,0,0,0,4,260,2076.385388
run_20260930-035227_13076d45.json,clip,68,3,67,1,4563448608,67108864,127949568155,128012653042,128012653450,127949567255,127949568155,63084887,60000000,3084887,0.9510994289329551,0,0,127949539230,1020000000,0,0,0,0,0,0,4,260,2076.385388
run_20260930-035227_13076d45.json,clip,69,1,65,2,4630557472,67108864,127961652946,128027185227,128027185544,127961652174,127961652946,65532281,70000000,-4467719,1.0681758506162786,0,0,127961635396,1000000000,0,0,0,0,0,0,4,260,2076.385388
run_20260930-035227_13076d45.json,clip,70,0,64,3,4697666336,67108864,128003900326,128077402555,128077402850,128003899570,128003900326,73502229,60000000,13502229,0.8163017750114762,0,0,128003868236,1070000000,0,0,0,0,0,0,4,260,2076.385388
run_20260930-035227_13076d45.json,clip,71,2,66,4,4764775200,67108864,128007993780,128086704140,128086704340,128007992567,128007993780,78710360,70000000,8710360,0.8893365498518874,0,1964410,128005931011,1070000000,0,0,0,0,0,0,4,260,2076.385388
run_20260930-035227_13076d45.json,clip,72,3,67,0,4831884064,67108864,128012995163,128093039619,128093039712,128012993981,128012995163,80044456,80000000,44456,0.9994446086309837,0,0,128012966609,1080000000,0,0,0,0,0,0,4,260,2076.385388
run_20260930-035227_13076d45.json,clip,73,1,65,1,4898992928,67108864,128027447622,128104675378,128104675755,128027446502,128027447622,77227756,70000000,7227756,0.906409866421601,0,0,128027430531,1070000000,0,0,0,0,0,0,4,260,2076.385388
run_20260930-035227_13076d45.json,clip,74,0,64,2,4966101792,67108864,128078033501,128135941922,128135942192,128078032226,128078033501,57908421,60000000,-2091579,1.0361187365132958,0,0,128077862245,1130000000,0,0,0,0,0,0,4,260,2076.385388
run_20260930-035227_13076d45.json,clip,75,2,66,3,5033210656,67108864,128086981893,128156266531,128156266807,128086980842,128086981893,69284638,60000000,9284638,0.8659928337938346,0,0,128086965555,1140000000,0,0,0,0,0,0,4,260,2076.385388
run_20260930-035227_13076d45.json,clip,76,3,67,4,5100319520,67108864,128093359857,128167070737,128167071016,128093358483,128093359857,73710880,60000000,13710880,0.813991096022731,0,0,128093316784,1160000000,0,0,0,0,0,0,4,260,2076.385388
run_20260930-035227_13076d45.json,clip,77,1,65,0,5167428384,67108864,128104998469,128177054258,128177054835,128104997205,128104998469,72055789,60000000,12055789,0.8326881272509555,0,0,128104967496,1140000000,0,0,0,0,0,0,4,260,2076.385388
run_20260930-035227_13076d45.json,clip,78,0,64,1,5234537248,67108864,128136619533,128226073166,128226073435,128136616638,128136619533,89453633,70000000,19453633,0.7825283071510355,0,0,128136575764,1190000000,0,0,0,0,0,0,4,260,2076.385388
run_20260930-035227_13076d45.json,clip,79,2,66,2,5301646112,67108864,128156554908,128233769282,128233769518,128156553604,128156554908,77214374,60000000,17214374,0.7770573908946021,0,0,128156537745,1200000000,0,0,0,0,0,0,4,260,2076.385388
run_20260930-035227_13076d45.json,clip,80,3,67,3,5368754976,67108864,128167387411,128242939455,128242939794,128167386427,128167387411,75552044,60000000,15552044,0.794154556559714,0,0,128167349919,1220000000,0,0,0,0,0,0,4,260,2076.385388
run_20260930-035227_13076d45.json,clip,81,1,65,4,5435863840,67108864,128177343465,128251770180,128251770467,128177342174,128177343465,74426715,60000000,14426715,0.8061621421824139,0,0,128177330211,1200000000,0,0,0,0,0,0,4,260,2076.385388
run_20260930-035227_13076d45.json,clip,82,0,64,0,5502972704,67108864,128226411674,128301157575,128301157899,128226410268,128226411674,74745901,70000000,4745901,0.9365062038652795,0,0,128226374984,1260000000,0,0,0,0,0,0,4,260,2076.385388
run_20260930-035227_13076d45.json,clip,83,2,66,1,5570081568,67108864,128233937336,128311626365,128311626628,128233936557,128233937336,77689029,80000000,-2310971,1.0297464266157839,0,0,128233918810,1260000000,0,0,0,0,0,0,4,260,2076.385388
run_20260930-035227_13076d45.json,clip,84,3,67,2,5637190432,67108864,128243207903,128317081197,128317081695,128243206471,128243207903,73873294,70000000,3873294,0.947568413559574,0,0,128243184936,1280000000,0,0,0,0,0,0,4,260,2076.385388
run_20260930-035227_13076d45.json,clip,85,1,65,3,5704299296,67108864,128252227132,128339800871,128339801252,128252225544,128252227132,87573739,80000000,7573739,0.9135158657551438,0,0,128252209636,1260000000,0,0,0,0,0,0,4,260,2076.385388
run_20260930-035227_13076d45.json,clip,86,0,64,4,5771408160,67108864,128301450907,128370305359,128370305537,128301449978,128301450907,68854452,60000000,8854452,0.8714033480362315,0,0,128301431822,1330000000,0,0,0,0,0,0,4,260,2076.385388
run_20260930-035227_13076d45.json,clip,87,2,66,0,5838517024,67108864,128311874183,128376580783,128376581154,128311873408,128311874183,64706600,60000000,4706600,0.9272624430892675,0,0,128311851989,1340000000,0,0,0,0,0,0,4,260,2076.385388
run_20260930-035227_13076d45.json,clip,88,3,67,1,5905625888,67108864,128317351593,128379612387,128379612558,128317350330,128317351593,62260794,60000000,2260794,0.9636883204541208,0,0,128317321597,1350000000,0,0,0,0,0,0,4,260,2076.385388
run_20260930-035227_13076d45.json,clip,89,1,65,2,5972734752,67108864,128340130668,128398322223,128398322562,128340129346,128340130668,58191555,60000000,-1808445,1.0310774475780893,0,0,128340102916,1340000000,0,0,0,0,0,0,4,260,2076.385388
run_20260930-035227_13076d45.json,clip,90,0,64,3,6039843616,67108864,128370611746,128437765027,128437765429,128370610147,128370611746,67153281,70000000,-2846719,1.0423913613394407,0,0,128370588390,1390000000,0,0,0,0,0,0,4,260,2076.385388
run_20260930-035227_13076d45.json,clip,91,2,66,4,6106952480,67108864,128376780186,128444502356,128444502660,128376779305,128376780186,67722170,60000000,7722170,0.8859727914802494,0,0,128376759941,1400000000,0,0,0,0,0,0,4,260,2076.385388
run_20260930-035227_13076d45.json,clip,92,3,67,0,6174061344,67108864,128380928805,128454520604,128454520789,128380927262,128380928805,73591799,70000000,3591799,0.9511929447464655,0,929276,128379825272,1410000000,0,0,0,0,0,0,4,260,2076.385388
run_20260930-035227_13076d45.json,clip,93,1,65,1,6241170208,67108864,128398485466,128462528870,128462529140,128398484602,128398485466,64043404,60000000,4043404,0.9368646301186614,0,0,128398462726,1400000000,0,0,0,0,0,0,4,260,2076.385388
run_20260930-035227_13076d45.json,clip,94,0,64,2,6308279072,67108864,128438050457,128499943952,128499944241,128438049010,128438050457,61893495,50000000,11893495,0.8078393375588178,0,0,128438034205,1460000000,0,0,0,0,0,0,4,260,2076.385388
run_20260930-035227_13076d45.json,clip,95,2,66,3,6375387936,67108864,128444794298,128508604722,128508605111,128444793153,128444794298,63810424,60000000,3810424,0.9402852424237144,0,0,128444778559,1460000000,0,0,0,0,0,0,4,260,2076.385388
run_20260930-035227_13076d45.json,clip,96,3,67,4,6442496800,67108864,128454664156,128514105532,128514105684,128454663545,128454664156,59441376,60000000,-558624,1.0093978981913205,0,0,128454643436,1480000000,0,0,0,0,0,0,4,260,2076.385388
run_20260930-035227_13076d45.json,clip,97,1,65,0,6509605664,67108864,128462853934,128523636196,128523636469,128462852737,128462853934,60782262,60000000,782262,0.9871300939737978,0,0,128462824944,1460000000,0,0,0,0,0,0,4,260,2076.385388
run_20260930-035227_13076d45.json,clip,98,0,64,1,6576714528,67108864,128500492664,128567279513,128567280100,128500491572,128500492664,66786849,70000000,-3213151,1.048110534455668,0,0,128500447403,1510000000,0,0,0,0,0,0,4,260,2076.385388
run_20260930-035227_13076d45.json,clip,99,2,66,2,6643823392,67108864,128508910271,128582209500,128582209878,128508908519,128508910271,73299229,70000000,3299229,0.9549895811318834,0,0,128508893426,1520000000,0,0,0,0,0,0,4,260,2076.385388
run_20260930-035227_13076d45.json,clip,100,3,67,3,6710932256,67108864,128514406896,128587207163,128587207299,128514405478,128514406896,72800267,60000000,12800267,0.8241728014541485,0,0,128514386023,1540000000,0,0,0,0,0,0,4,260,2076.385388
run_20260930-035227_13076d45.json,clip,101,1,65,4,6778041120,67108864,128523876973,128596276313,128596276671,128523875913,128523876973,72399340,60000000,12399340,0.8287368365512724,0,0,128523851229,1520000000,0,0,0,0,0,0,4,260,2076.385388
run_20260930-035227_13076d45.json,clip,102,0,64,0,6845149984,67108864,128567520364,128626583794,128626584024,128567519011,128567520364,59063430,50000000,9063430,0.8465475167967725,0,0,128567502544,1580000000,0,0,0,0,0,0,4,260,2076.385388
run_20260930-035227_13076d45.json,clip,103,2,66,1,6912258848,67108864,128582911055,128645519655,128645519915,128582908096,128582911055,62608600,60000000,2608600,0.9583347974559405,0,0,128582852383,1590000000,0,0,0,0,0,0,4,260,2076.385388
run_20260930-035227_13076d45.json,clip,104,3,67,2,6979367712,67108864,128587479104,128646745218,128646745633,128587477645,128587479104,59266114,50000000,9266114,0.8436524115618581,0,0,128587462011,1610000000,0,0,0,0,0,0,4,260,2076.385388
run_20260930-035227_13076d45.json,clip,105,1,65,3,7046476576,67108864,128596524933,128655973881,128655974138,128596523218,128596524933,59448948,60000000,-551052,1.0092693313933832,0,0,128596506371,1580000000,0,0,0,0,0,0,4,260,2076.385388
run_20260930-035227_13076d45.json,clip,106,0,64,4,7113585440,67108864,128626854673,128694069268,128694069508,128626853582,128626854673,67214595,70000000,-2785405,1.0414404788126745,0,0,128626824601,1630000000,0,0,0,0,0,0,4,260,2076.385388
run_20260930-035227_13076d45.json,clip,107,2,66,0,7180694304,67108864,128645822737,128709117789,128709118186,128645821733,128645822737,63295052,60000000,3295052,0.947941396746147,0,0,128645788265,1650000000,0,0,0,0,0,0,4,260,2076.385388
run_20260930-035227_13076d45.json,clip,108,3,67,5,7247803168,67108864,128650938376,128712437061,128712437221,128650935514,128650938376,61498685,50000000,11498685,0.8130255142853867,0,2885603,128646922247,1660000000,0,0,0,0,0,0,4,260,2076.385388
run_20260930-035227_13076d45.json,clip,109,1,65,1,7314912032,67108864,128656100819,128721951085,128721951419,128656100116,128656100819,65850266,60000000,5850266,0.9111580505992185,0,0,128656085055,1640000000,0,0,0,0,0,0,4,260,2076.385388
run_20260930-035227_13076d45.json,clip,110,0,64,2,7382020896,67108864,128694296127,128756682780,128756683069,128694295188,128694296127,62386653,60000000,2386653,0.9617441730685569,0,0,128694283783,1700000000,0,0,0,0,0,0,4,260,2076.385388
run_20260930-035227_13076d45.json,clip,111,2,66,3,7449129760,67108864,128709766223,128766366165,128766366543,128709765279,128709766223,56599942,50000000,6599942,0.8833931313922548,0,0,128709716779,1710000000,0,0,0,0,0,0,4,260,2076.385388
run_20260930-035227_13076d45.json,clip,112,3,67,0,7516238624,67108864,128714134933,128773487046,128773487358,128714131969,128714134933,59352113,50000000,9352113,0.842429990655935,0,1023016,128712713672,1720000000,0,0,0,0,0,0,4,260,2076.385388
run_20260930-035227_13076d45.json,clip,113,1,65,4,7583347488,67108864,128722219102,128782863037,128782863284,128722218149,128722219102,60643935,60000000,643935,0.9893817081625722,0,0,128722184765,1700000000,0,0,0,0,0,0,4,260,2076.385388
run_20260930-035227_13076d45.json,clip,114,0,64,1,7650456352,67108864,128756973243,128818578988,128818579296,128756971750,128756973243,61605745,50000000,11605745,0.8116126182712343,0,0,128756941960,1760000000,0,0,0,0,0,0,4,260,2076.385388
run_20260930-035227_13076d45.json,clip,115,2,66,2,7717565216,67108864,128766571674,128825664249,128825664494,128766571003,128766571674,59092575,50000000,9092575,0.8461299917967697,0,0,128766561986,1770000000,0,0,0,0,0,0,4,260,2076.385388
run_20260930-035227_13076d45.json,clip,116,3,67,3,7784674080,67108864,128773717468,128831827250,128831827538,128773716418,128773717468,58109782,60000000,-1890218,1.0325283959936384,0,0,128773703125,1770000000,0,0,0,0,0,0,4,260,2076.385388
run_20260930-035227_13076d45.json,clip,117,1,65,0,7851782944,67108864,128783155160,128850234733,128850235129,128783153931,128783155160,67079573,60000000,7079573,0.8944600765422285,0,0,128783124666,1760000000,0,0,0,0,0,0,4,260,2076.385388
run_20260930-035227_13076d45.json,clip,118,0,64,4,7918891808,67108864,128819335139,128867307773,128867308348,128819333514,128819335139,47972634,50000000,-2027366,1.0422608856541002,0,0,128819301688,1810000000,0,0,0,0,0,0,4,260,2076.385388
run_20260930-035227_13076d45.json,clip,119,2,66,1,7986000672,58981376,128825960233,128874643429,128874643712,128825958872,128825960233,48683196,50000000,-1316804,1.0270484296059774,0,0,128825932180,1820000000,0,0,0,0,0,0,4,260,2076.385388
run_20260930-035227_13076d45.json,unet,0,2,66,0,48928,67108864,129315210394,129351184100,129351184638,129315208676,129315210394,35973706,30000000,5973706,0.8339424356222848,0,0,129013243135,1870000000,0,0,0,0,0,0,1,257,2401.338232
run_20260930-035227_13076d45.json,unet,3,0,64,3,201375520,67108864,129327473396,129379371684,129379371993,129327470570,129327473396,51898288,50000000,1898288,0.9634229167636512,0,3915755,129315924740,1860000000,0,0,0,0,0,0,4,260,2401.338232
run_20260930-035227_13076d45.json,unet,2,1,65,2,134266656,67108864,129323335895,129381725285,129381725676,129323332721,129323335895,58389390,50000000,8389390,0.8563199581293793,0,3916725,129315829509,1830000000,0,0,0,0,0,0,3,259,2401.338232
run_20260930-035227_13076d45.json,unet,4,2,66,4,268484384,67108864,129351472926,129397221230,129397221768,129351471382,129351472926,45748304,40000000,5748304,0.8743493529290178,0,0,129351451029,2200000000,0,0,0,0,0,0,4,260,2401.338232
run_20260930-035227_13076d45.json,unet,6,1,65,5,402702112,67108864,129383773961,129436365693,129436365965,129383772708,129383773961,52591732,50000000,2591732,0.9507197823414525,0,1783302,129381919730,1880000000,0,0,0,0,0,0,4,260,2401.338232
run_20260930-035227_13076d45.json,unet,1,3,67,1,67157792,67108864,129319284571,129436701549,129436701800,129319280452,129319284571,117416978,110000000,7416978,0.9368321504578324,0,3558118,129315635282,2130000000,0,0,0,0,0,0,2,258,2401.338232
run_20260930-035227_13076d45.json,unet,7,2,66,2,469810976,67108864,129397488968,129455541539,129455541735,129397486164,129397488968,58052571,50000000,8052571,0.8612882967750042,0,0,129397467667,2240000000,0,0,0,0,0,0,4,260,2401.338232
run_20260930-035227_13076d45.json,unet,8,1,65,3,536919840,67108864,129437286773,129481031739,129481032161,129437284951,129437286773,43744966,40000000,3744966,0.914390926718288,0,0,129437227830,1930000000,0,0,0,0,0,0,3,259,2401.338232
run_20260930-035227_13076d45.json,unet,9,3,67,4,604028704,67108864,129441809726,129492187580,129492187852,129441807136,129441809726,50377854,50000000,377854,0.9924996011144103,0,3820668,129437448733,2240000000,0,0,0,0,0,0,4,260,2401.338232
run_20260930-035227_13076d45.json,unet,10,2,66,5,671137568,67108864,129455815587,129498921334,129498921649,129455813857,129455815587,43105747,40000000,3105747,0.9279505120280134,0,0,129455777151,2290000000,0,0,0,0,0,0,4,260,2401.338232
run_20260930-035227_13076d45.json,unet,11,1,65,1,738246432,67108864,129481317879,129522024633,129522025089,129481316557,129481317879,40706754,40000000,706754,0.9826379180221543,0,0,129481298239,1970000000,0,0,0,0,0,0,4,260,2401.338232
run_20260930-035227_13076d45.json,unet,12,3,67,2,805355296,67108864,129492399232,129542221923,129542222664,129492398457,129492399232,49822691,50000000,-177309,1.0035588001459015,0,0,129492381330,2290000000,0,0,0,0,0,0,4,260,2401.338232
run_20260930-035227_13076d45.json,unet,13,2,66,3,872464160,67108864,129499105006,129552315083,129552315291,129499103551,129499105006,53210077,40000000,13210077,0.7517373072021677,0,0,129499082543,2340000000,0,0,0,0,0,0,4,260,2401.338232
run_20260930-035227_13076d45.json,unet,14,1,65,4,939573024,67108864,129522524374,129565864911,129565865263,129522522616,129522524374,43340537,40000000,3340537,0.9229234976945486,0,0,129522493534,2010000000,0,0,0,0,0,0,4,260,2401.338232
run_20260930-035227_13076d45.json,unet,15,3,67,1,1006681888,67108864,129542516218,129580974845,129580975331,129542514631,129542516218,38458627,30000000,8458627,0.7800590489098844,0,0,129542492804,2340000000,0,0,0,0,0,0,4,260,2401.338232
run_20260930-035227_13076d45.json,unet,16,2,66,2,1073790752,67108864,129552554503,129603050129,129603050383,129552553307,129552554503,50495626,40000000,10495626,0.7921478189021758,0,0,129552534993,2390000000,0,0,0,0,0,0,4,260,2401.338232
run_20260930-035227_13076d45.json,unet,17,1,65,3,1140899616,67108864,129566105710,129609259998,129609260596,129566104559,129566105710,43154288,40000000,3154288,0.9269067305663808,0,0,129566084767,2050000000,0,0,0,0,0,0,4,260,2401.338232
run_20260930-035227_13076d45.json,unet,18,3,67,4,1208008480,67108864,129581354961,129623258002,129623258429,129581353699,129581354961,41903041,40000000,1903041,0.9545846565169339,0,0,129581328970,2370000000,0,0,0,0,0,0,4,260,2401.338232
run_20260930-035227_13076d45.json,unet,19,2,66,1,1275117344,67108864,129603259296,129653507752,129653508036,129603258550,129603259296,50248456,50000000,248456,0.9950554500619879,0,0,129603242363,2430000000,0,0,0,0,0,0,4,260,2401.338232
run_20260930-035227_13076d45.json,unet,20,1,65,2,1342226208,67108864,129609497735,129654534598,129654535088,129609496729,129609497735,45036863,40000000,5036863,0.8881613268668379,0,0,129609479695,2090000000,0,0,0,0,0,0,4,260,2401.338232
run_20260930-035227_13076d45.json,unet,21,3,67,3,1409335072,67108864,129623521713,129670423758,129670424012,129623520552,129623521713,46902045,50000000,-3097955,1.0660515975369518,0,0,129623502738,2410000000,0,0,0,0,0,0,4,260,2401.338232
run_20260930-035227_13076d45.json,unet,23,1,65,5,1543552800,67108864,129658336342,129699328078,129699328537,129658334020,129658336342,40991736,30000000,10991736,0.7318548304468003,0,2953433,129654816247,2130000000,0,0,0,0,0,0,4,260,2401.338232
run_20260930-035227_13076d45.json,unet,22,2,66,4,1476443936,67108864,129653787212,129701318457,129701318838,129653785789,129653787212,47531245,50000000,-2468755,1.0519396241356607,0,0,129653769420,2480000000,0,0,0,0,0,0,4,260,2401.338232
run_20260930-035227_13076d45.json,unet,5,0,64,0,335593248,67108864,129379715802,129715052887,129715053177,129379714145,129379715802,335337085,320000000,15337085,0.9542636776961307,0,0,129379664850,1910000000,0,0,0,0,0,0,4,260,2401.338232
run_20260930-035227_13076d45.json,unet,24,3,67,1,1610661664,67108864,129670723640,129717592034,129717592742,129670722230,129670723640,46868394,40000000,6868394,0.8534536088435204,0,0,129670696087,2460000000,0,0,0,0,0,0,4,260,2401.338232
run_20260930-035227_13076d45.json,unet,25,1,65,2,1677770528,67108864,129699694510,129748963558,129748964220,129699692931,129699694510,49269048,50000000,-730952,1.0148359270104022,0,0,129699673875,2160000000,0,0,0,0,0,0,4,260,2401.338232
run_20260930-035227_13076d45.json,unet,26,2,66,3,1744879392,67108864,129703906920,129755609303,129755609868,129703905130,129703906920,51702383,50000000,1702383,0.9670734132312625,0,2225320,129701453018,2530000000,0,0,0,0,0,0,4,260,2401.338232
run_20260930-035227_13076d45.json,unet,27,0,64,4,1811988256,67108864,129715195762,129768690462,129768690670,129715195130,129715195762,53494700,50000000,3494700,0.934672032930365,0,0,129715183916,2230000000,0,0,0,0,0,0,4,260,2401.338232
run_20260930-035227_13076d45.json,unet,28,3,67,5,1879097120,67108864,129720191758,129780104344,129780104651,129720189314,129720191758,59912586,60000000,-87414,1.001459025654476,0,1386709,129717790325,2500000000,0,0,0,0,0,0,4,260,2401.338232
run_20260930-035227_13076d45.json,unet,29,1,65,0,1946205984,67108864,129749302517,129807428343,129807428565,129749300697,129749302517,58125826,60000000,-1874174,1.0322433955605208,0,0,129749282826,2210000000,0,0,0,0,0,0,4,260,2401.338232
run_20260930-035227_13076d45.json,unet,30,2,66,1,2013314848,67108864,129755809435,129808232728,129808233194,129755808226,129755809435,52423293,50000000,2423293,0.9537744986756174,0,0,129755790265,2580000000,0,0,0,0,0,0,4,260,2401.338232
run_20260930-035227_13076d45.json,unet,31,0,64,2,2080423712,67108864,129768867737,129822836319,129822836692,129768866991,129768867737,53968582,50000000,3968582,0.9264649569632939,0,0,129768836513,2280000000,0,0,0,0,0,0,4,260,2401.338232
run_20260930-035227_13076d45.json,unet,32,3,67,3,2147532576,67108864,129780500127,129839576269,129839576554,129780498222,129780500127,59076142,60000000,-923858,1.0156384281153634,0,0,129780460467,2560000000,0,0,0,0,0,0,4,260,2401.338232
run_20260930-035227_13076d45.json,unet,34,2,66,5,2281750304,67108864,129812146348,129866308473,129866309043,129812144263,129812146348,54162125,50000000,4162125,0.923154326016566,0,3076292,129808478477,2630000000,0,0,0,0,0,0,4,260,2401.338232
run_20260930-035227_13076d45.json,unet,33,1,65,4,2214641440,67108864,129807571421,129867942038,129867942312,129807570579,129807571421,60370617,50000000,10370617,0.8282174753986695,0,0,129807553298,2270000000,0,0,0,0,0,0,4,260,2401.338232
run_20260930-035227_13076d45.json,unet,35,0,64,0,2348859168,67108864,129823146013,129884626846,129884627178,129823145021,129823146013,61480833,60000000,1480833,0.975913907997961,0,0,129823122194,2330000000,0,0,0,0,0,0,4,260,2401.338232
run_20260930-035227_13076d45.json,unet,36,3,67,1,2415968032,67108864,129839676776,129890820841,129890821292,129839676350,129839676776,51144065,40000000,11144065,0.7821044338184695,0,0,129839668352,2620000000,0,0,0,0,0,0,4,260,2401.338232
run_20260930-035227_13076d45.json,unet,37,2,66,2,2483076896,67108864,129866755310,129921463401,129921463754,129866753946,129866755310,54708091,50000000,4708091,0.9139415959515019,0,0,129866734911,2680000000,0,0,0,0,0,0,4,260,2401.338232
run_20260930-035227_13076d45.json,unet,38,1,65,3,2550185760,67108864,129871576519,129924889944,129924890167,129871573100,129871576519,53313425,40000000,13313425,0.7502800654806927,0,2668668,129868071858,2320000000,0,0,0,0,0,0,4,260,2401.338232
run_20260930-035227_13076d45.json,unet,39,0,64,4,2617294624,67108864,129884863074,129937252633,129937252851,129884861996,129884863074,52389559,50000000,2389559,0.954388640683156,0,0,129884841085,2390000000,0,0,0,0,0,0,4,260,2401.338232
run_20260930-035227_13076d45.json,unet,40,3,67,0,2684403488,67108864,129890967786,129948426288,129948426553,129890967157,129890967786,57458502,60000000,-2541498,1.0442318875629581,0,0,129890953501,2660000000,0,0,0,0,0,0,4,260,2401.338232
run_20260930-035227_13076d45.json,unet,41,2,66,1,2751512352,67108864,129921786130,129978343712,129978343910,129921785000,129921786130,56557582,50000000,6557582,0.8840547674050139,0,0,129921767044,2730000000,0,0,0,0,0,0,4,260,2401.338232
run_20260930-035227_13076d45.json,unet,42,1,65,2,2818621216,67108864,129926572641,129984744746,129984745170,129926571005,129926572641,58172105,50000000,8172105,0.8595184925833439,0,757725,129925019870,2380000000,0,0,0,0,0,0,4,260,2401.338232
run_20260930-035227_13076d45.json,unet,43,0,64,3,2885730080,67108864,129937611377,129986352107,129986352566,129937609975,129937611377,48740730,40000000,8740730,0.8206688738556029,0,0,129937590081,2440000000,0,0,0,0,0,0,4,260,2401.338232
run_20260930-035227_13076d45.json,unet,44,3,67,4,2952838944,67108864,129948730806,130016208927,130016209317,129948729730,129948730806,67478121,60000000,7478121,0.8891771008265035,0,0,129948697641,2720000000,0,0,0,0,0,0,4,260,2401.338232
run_20260930-035227_13076d45.json,unet,47,0,64,5,3154165536,67108864,129989404540,130048207309,130048207576,129989403092,129989404540,58802769,50000000,8802769,0.8503000938612262,0,2450905,129986622290,2480000000,0,0,0,0,0,0,4,260,2401.338232
run_20260930-035227_13076d45.json,unet,45,2,66,0,3019947808,67108864,129978548518,130052756342,130052756693,129978547662,129978548518,74207824,70000000,4207824,0.9432967607297041,0,0,129978529260,2790000000,0,0,0,0,0,0,4,260,2401.338232
run_20260930-035227_13076d45.json,unet,46,1,65,1,3087056672,67108864,129985092289,130053083808,130053084123,129985091289,129985092289,67991519,70000000,-2008481,1.029540169561442,0,0,129985074970,2430000000,0,0,0,0,0,0,4,260,2401.338232
run_20260930-035227_13076d45.json,unet,48,3,67,2,3221274400,67108864,130016412591,130085487966,130085488268,130016411729,130016412591,69075375,70000000,-924625,1.0133857398530228,0,0,130016396328,2780000000,0,0,0,0,0,0,4,260,2401.338232
run_20260930-035227_13076d45.json,unet,49,0,64,3,3288383264,67108864,130048472235,130106271920,130106272152,130048471250,130048472235,57799685,60000000,-2200315,1.0380679410277063,0,0,130048447106,2530000000,0,0,0,0,0,0,4,260,2401.338232
run_20260930-035227_13076d45.json,unet,50,2,66,4,3355492128,67108864,130053130668,130109247845,130109248112,130053129819,130053130668,56117177,50000000,6117177,0.8909927881796335,0,0,130053117086,2860000000,0,0,0,0,0,0,4,260,2401.338232
run_20260930-035227_13076d45.json,unet,51,1,65,5,3422600992,67108864,130057407922,130112869020,130112869267,130057406332,130057407922,55461098,50000000,5461098,0.9015328185532858,0,3845413,130053270903,2500000000,0,0,0,0,0,0,4,260,2401.338232
run_20260930-035227_13076d45.json,unet,52,3,67,0,3489709856,67108864,130085740292,130130429200,130130429422,130085739537,130085740292,44688908,40000000,4688908,0.8950766933038506,0,0,130085721287,2850000000,0,0,0,0,0,0,4,260,2401.338232
run_20260930-035227_13076d45.json,unet,53,0,64,1,3556818720,67108864,130106579109,130145460436,130145460684,130106578055,130106579109,38881327,30000000,8881327,0.7715786037858224,0,0,130106559747,2590000000,0,0,0,0,0,0,4,260,2401.338232
run_20260930-035227_13076d45.json,unet,54,2,66,2,3623927584,67108864,130111411820,130149814053,130149814326,130111410455,130111411820,38402233,40000000,-1597767,1.041606096187167,0,1203990,130109367484,2910000000,0,0,0,0,0,0,4,260,2401.338232
run_20260930-035227_13076d45.json,unet,55,1,65,3,3691036448,67108864,130115679638,130156930429,130156930694,130115678239,130115679638,41250791,30000000,11250791,0.7272587815346377,0,2391087,130113010258,2550000000,0,0,0,0,0,0,4,260,2401.338232
run_20260930-035227_13076d45.json,unet,56,3,67,4,3758145312,67108864,130130550847,130171674858,130171675137,130130550244,130130550847,41124011,40000000,1124011,0.9726677682291253,0,0,130130541259,2890000000,0,0,0,0,0,0,4,260,2401.338232
run_20260930-035227_13076d45.json,unet,57,0,64,0,3825254176,67108864,130145573150,130191903125,130191903416,130145572516,130145573150,46329975,50000000,-3670025,1.07921491431843,0,0,130145563028,2620000000,0,0,0,0,0,0,4,260,2401.338232
run_20260930-035227_13076d45.json,unet,58,2,66,1,3892363040,67108864,130150098906,130197440185,130197440493,130150097877,130150098906,47341279,40000000,7341279,0.8449285875863218,0,0,130150074291,2950000000,0,0,0,0,0,0,4,260,2401.338232
run_20260930-035227_13076d45.json,unet,59,1,65,2,3959471904,67108864,130157033904,130204878546,130204878644,130157033121,130157033904,47844642,50000000,-2155358,1.0450490987057652,0,0,130157022671,2590000000,0,0,0,0,0,0,4,260,2401.338232
run_20260930-035227_13076d45.json,unet,60,3,67,3,4026580768,67108864,130171920631,130220182407,130220182636,130171919777,130171920631,48261776,40000000,8261776,0.8288132620730742,0,0,130171892924,2930000000,0,0,0,0,0,0,4,260,2401.338232
run_20260930-035227_13076d45.json,unet,61,0,64,4,4093689632,67108864,130192019245,130239281478,130239281733,130192018503,130192019245,47262233,40000000,7262233,0.8463417291349734,0,0,130192004887,2670000000,0,0,0,0,0,0,4,260,2401.338232
run_20260930-035227_13076d45.json,unet,62,2,66,0,4160798496,67108864,130197659856,130246243478,130246243831,130197657863,130197659856,48583622,50000000,-1416378,1.0291534048243665,0,0,130197623344,2990000000,0,0,0,0,0,0,4,260,2401.338232
run_20260930-035227_13076d45.json,unet,63,1,65,1,4227907360,67108864,130204982691,130253581866,130253582188,130204981572,130204982691,48599175,50000000,-1400825,1.0288240489679095,0,0,130204972080,2640000000,0,0,0,0,0,0,4,260,2401.338232
run_20260930-035227_13076d45.json,unet,64,3,67,2,4295016224,67108864,130220295342,130268178815,130268179126,130220294475,130220295342,47883473,50000000,-2116527,1.0442016183746738,0,0,130220282304,2970000000,0,0,0,0,0,0,4,260,2401.338232
run_20260930-035227_13076d45.json,unet,65,0,64,3,4362125088,67108864,130239385112,130287095886,130287096197,130239384405,130239385112,47710774,50000000,-2289226,1.0479813217869824,0,0,130239375251,2710000000,0,0,0,0,0,0,4,260,2401.338232
run_20260930-035227_13076d45.json,unet,66,2,66,4,4429233952,67108864,130246542537,130294492959,130294493552,130246541326,130246542537,47950422,40000000,7950422,0.8341949524448398,0,0,130246505912,3040000000,0,0,0,0,0,0,4,260,2401.338232
run_20260930-035227_13076d45.json,unet,67,1,65,5,4496342816,67108864,130253683976,130301784085,130301784327,130253683538,130253683976,48100109,40000000,8100109,0.8315989471042571,0,0,130253673342,2690000000,0,0,0,0,0,0,4,260,2401.338232
run_20260930-035227_13076d45.json,unet,68,3,67,0,4563451680,67108864,130268450532,130312402673,130312402860,130268449495,130268450532,43952141,40000000,3952141,0.910080808122635,0,0,130268413739,3020000000,0,0,0,0,0,0,4,260,2401.338232
run_20260930-035227_13076d45.json,unet,69,0,64,1,4630560544,67108864,130287323425,130328075113,130328075350,130287322433,130287323425,40751688,40000000,751688,0.9815544327881583,0,0,130287299504,2760000000,0,0,0,0,0,0,4,260,2401.338232
run_20260930-035227_13076d45.json,unet,70,2,66,2,4697669408,67108864,130294747376,130337835467,130337835684,130294745823,130294747376,43088091,50000000,-6911909,1.1604134423128656,0,0,130294726121,3080000000,0,0,0,0,0,0,4,260,2401.338232
run_20260930-035227_13076d45.json,unet,71,1,65,3,4764778272,67108864,130301923613,130346751169,130346751334,130301922961,130301923613,44827556,50000000,-5172444,1.115385366982755,0,0,130301913262,2730000000,0,0,0,0,0,0,4,260,2401.338232
run_20260930-035227_13076d45.json,unet,72,3,67,4,4831887136,67108864,130312544864,130357685661,130357685915,130312544289,130312544864,45140797,50000000,-4859203,1.107645485302353,0,0,130312527189,3060000000,0,0,0,0,0,0,4,260,2401.338232
run_20260930-035227_13076d45.json,unet,73,0,64,0,4898996000,67108864,130328251225,130369061919,130369062171,130328250227,130328251225,40810694,40000000,810694,0.9801352557248842,0,0,130328240437,2800000000,0,0,0,0,0,0,4,260,2401.338232
run_20260930-035227_13076d45.json,unet,74,2,66,1,4966104864,67108864,130337995316,130383325069,130383325302,130337994712,130337995316,45329753,40000000,5329753,0.8824226330992803,0,0,130337979434,3130000000,0,0,0,0,0,0,4,260,2401.338232
run_20260930-035227_13076d45.json,unet,75,1,65,2,5033213728,67108864,130346947324,130392271023,130392271259,130346946326,130346947324,45323699,40000000,5323699,0.8825405005006322,0,0,130346925717,2780000000,0,0,0,0,0,0,4,260,2401.338232
run_20260930-035227_13076d45.json,unet,76,3,67,3,5100322592,67108864,130357841729,130404993306,130404993552,130357840748,130357841729,47151577,40000000,7151577,0.8483279360942689,0,0,130357827005,3110000000,0,0,0,0,0,0,4,260,2401.338232
run_20260930-035227_13076d45.json,unet,77,0,64,4,5167431456,67108864,130369175392,130412752448,130412752641,130369174617,130369175392,43577056,40000000,3577056,0.9179142344999166,0,0,130369163689,2840000000,0,0,0,0,0,0,4,260,2401.338232
run_20260930-035227_13076d45.json,unet,78,2,66,0,5234540320,67108864,130383444788,130430405023,130430405347,130383444163,130383444788,46960235,40000000,6960235,0.8517844938382442,0,0,130383423338,3170000000,0,0,0,0,0,0,4,260,2401.338232
run_20260930-035227_13076d45.json,unet,79,1,65,1,5301649184,67108864,130392414536,130438790915,130438791109,130392413566,130392414536,46376379,40000000,6376379,0.8625080453133265,0,0,130392396846,2820000000,0,0,0,0,0,0,4,260,2401.338232
run_20260930-035227_13076d45.json,unet,80,3,67,2,5368758048,67108864,130405118197,130455460537,130455460866,130405117273,130405118197,50342340,50000000,342340,0.9931997598840261,0,0,130405105975,3150000000,0,0,0,0,0,0,4,260,2401.338232
run_20260930-035227_13076d45.json,unet,81,0,64,3,5435866912,67108864,130412864039,130461581743,130461581983,130412863321,130412864039,48717704,40000000,8717704,0.8210567558766727,0,0,130412853850,2880000000,0,0,0,0,0,0,4,260,2401.338232
run_20260930-035227_13076d45.json,unet,82,2,66,4,5502975776,67108864,130430569537,130480357952,130480358229,130430568633,130430569537,49788415,50000000,-211585,1.004249683385181,0,0,130430556473,3210000000,0,0,0,0,0,0,4,260,2401.338232
run_20260930-035227_13076d45.json,unet,83,1,65,0,5570084640,67108864,130438909087,130486551966,130486552288,130438908251,130438909087,47642879,50000000,-2357121,1.0494747809006253,0,0,130438893631,2860000000,0,0,0,0,0,0,4,260,2401.338232
run_20260930-035227_13076d45.json,unet,84,3,67,1,5637193504,67108864,130455581770,130504018598,130504018871,130455580950,130455581770,48436828,40000000,8436828,0.8258179086376176,0,0,130455570734,3200000000,0,0,0,0,0,0,4,260,2401.338232
run_20260930-035227_13076d45.json,unet,85,0,64,2,5704302368,67108864,130461697221,130509821621,130509821980,130461696416,130461697221,48124400,50000000,-1875600,1.0389739924030221,0,0,130461686509,2920000000,0,0,0,0,0,0,4,260,2401.338232
run_20260930-035227_13076d45.json,unet,86,2,66,3,5771411232,67108864,130480472793,130530979825,130530980067,130480472060,130480472793,50507032,50000000,507032,0.9899611602598228,0,0,130480462446,3260000000,0,0,0,0,0,0,4,260,2401.338232
run_20260930-035227_13076d45.json,unet,87,1,65,4,5838520096,67108864,130486662508,130537269244,130537269594,130486661846,130486662508,50606736,50000000,606736,0.9880107659976332,0,0,130486646829,2910000000,0,0,0,0,0,0,4,260,2401.338232
run_20260930-035227_13076d45.json,unet,88,3,67,0,5905628960,67108864,130504125044,130554897930,130554898412,130504124275,130504125044,50772886,40000000,10772886,0.787822067077298,0,0,130504112994,3250000000,0,0,0,0,0,0,4,260,2401.338232
run_20260930-035227_13076d45.json,unet,89,0,64,1,5972737824,67108864,130509944040,130560186990,130560187246,130509943445,130509944040,50242950,50000000,242950,0.9951644957153193,0,0,130509933059,2970000000,0,0,0,0,0,0,4,260,2401.338232
run_20260930-035227_13076d45.json,unet,90,2,66,2,6039846688,67108864,130531226458,130580943664,130580943950,130531225617,130531226458,49717206,50000000,-282794,1.0056880509335138,0,0,130531202572,3310000000,0,0,0,0,0,0,4,260,2401.338232
run_20260930-035227_13076d45.json,unet,91,1,65,3,6106955552,67108864,130537520049,130587235944,130587236308,130537519494,130537520049,49715895,40000000,9715895,0.8045716566100238,0,0,130537503423,2960000000,0,0,0,0,0,0,4,260,2401.338232
run_20260930-035227_13076d45.json,unet,92,3,67,4,6174064416,67108864,130555039069,130605464717,130605465237,130555038322,130555039069,50425648,50000000,425648,0.9915588987572356,0,0,130555025955,3290000000,0,0,0,0,0,0,4,260,2401.338232
run_20260930-035227_13076d45.json,unet,93,0,64,0,6241173280,67108864,130560303032,130610568919,130610569099,130560302194,130560303032,50265887,40000000,10265887,0.7957683110217472,0,0,130560291553,3020000000,0,0,0,0,0,0,4,260,2401.338232
run_20260930-035227_13076d45.json,unet,94,2,66,1,6308282144,67108864,130581062928,130631688103,130631688473,130581062195,130581062928,50625175,50000000,625175,0.987650906885754,0,0,130581050246,3360000000,0,0,0,0,0,0,4,260,2401.338232
run_20260930-035227_13076d45.json,unet,95,1,65,2,6375391008,67108864,130587338989,130639178996,130639179295,130587338406,130587338989,51840007,50000000,1840007,0.9645060426014217,0,0,130587328356,3000000000,0,0,0,0,0,0,4,260,2401.338232
run_20260930-035227_13076d45.json,unet,96,3,67,3,6442499872,67108864,130605582639,130657000216,130657000650,130605581991,130605582639,51417577,50000000,1417577,0.9724301088711357,0,0,130605572011,3340000000,0,0,0,0,0,0,4,260,2401.338232
run_20260930-035227_13076d45.json,unet,97,0,64,4,6509608736,67108864,130610669094,130663211112,130663211393,130610668385,130610669094,52542018,40000000,12542018,0.76129546451756,0,0,130610660032,3070000000,0,0,0,0,0,0,4,260,2401.338232
run_20260930-035227_13076d45.json,unet,98,2,66,0,6576717600,67108864,130631796933,130682838793,130682839063,130631796204,130631796933,51041860,40000000,11041860,0.7836705010358165,0,0,130631785999,3410000000,0,0,0,0,0,0,4,260,2401.338232
run_20260930-035227_13076d45.json,unet,99,1,65,1,6643826464,67108864,130639321196,130689069118,130689069384,130639320349,130639321196,49747922,50000000,-252078,1.005067106119528,0,0,130639308927,3050000000,0,0,0,0,0,0,4,260,2401.338232
run_20260930-035227_13076d45.json,unet,100,3,67,2,6710935328,67108864,130657134169,130707802572,130707802861,130657133476,130657134169,50668403,50000000,668403,0.9868082876028281,0,0,130657117163,3390000000,0,0,0,0,0,0,4,260,2401.338232
run_20260930-035227_13076d45.json,unet,101,0,64,3,6778044192,67108864,130663413794,130712754153,130712754502,130663412727,130663413794,49340359,40000000,9340359,0.8106953579320328,0,0,130663397088,3120000000,0,0,0,0,0,0,4,260,2401.338232
run_20260930-035227_13076d45.json,unet,102,2,66,4,6845153056,67108864,130682974865,130727816385,130727816625,130682973905,130682974865,44841520,50000000,-5158480,1.1150380272568816,0,0,130682960341,3450000000,0,0,0,0,0,0,4,260,2401.338232
run_20260930-035227_13076d45.json,unet,103,1,65,0,6912261920,67108864,130689288173,130731914351,130731914770,130689287185,130689288173,42626178,40000000,2626178,0.9383904885866146,0,0,130689275750,3100000000,0,0,0,0,0,0,4,260,2401.338232
run_20260930-035227_13076d45.json,unet,104,3,67,1,6979370784,67108864,130708094525,130747016531,130747016987,130708093301,130708094525,38922006,30000000,8922006,0.7707721950405125,0,0,130708075646,3440000000,0,0,0,0,0,0,4,260,2401.338232
run_20260930-035227_13076d45.json,unet,105,0,64,2,7046479648,67108864,130712890555,130752476039,130752476396,130712889845,130712890555,39585484,40000000,-414516,1.010471414218404,0,0,130712875900,3160000000,0,0,0,0,0,0,4,260,2401.338232
run_20260930-035227_13076d45.json,unet,106,2,66,3,7113588512,67108864,130727937874,130768203941,130768204181,130727937095,130727937874,40266067,30000000,10266067,0.7450442080673039,0,0,130727925781,3500000000,0,0,0,0,0,0,4,260,2401.338232
run_20260930-035227_13076d45.json,unet,107,1,65,4,7180697376,67108864,130732032799,130773189778,130773190084,130732032045,130732032799,41156979,40000000,1156979,0.9718886315732747,0,0,130732020072,3140000000,0,0,0,0,0,0,4,260,2401.338232
run_20260930-035227_13076d45.json,unet,108,3,67,0,7247806240,67108864,130747163295,130788922118,130788922409,130747162543,130747163295,41758823,40000000,1758823,0.9578814038891853,0,0,130747149240,3470000000,0,0,0,0,0,0,4,260,2401.338232
run_20260930-035227_13076d45.json,unet,109,0,64,1,7314915104,67108864,130752740957,130796090897,130796091180,130752739697,130752740957,43349940,40000000,3349940,0.9227233071141505,0,0,130752726968,3200000000,0,0,0,0,0,0,4,260,2401.338232
run_20260930-035227_13076d45.json,unet,110,2,66,2,7382023968,67108864,130768306576,130816573315,130816573500,130768305792,130768306576,48266739,50000000,-1733261,1.035910049775685,0,0,130768297893,3530000000,0,0,0,0,0,0,4,260,2401.338232
run_20260930-035227_13076d45.json,unet,111,1,65,3,7449132832,67108864,130773345944,130822124983,130822125183,130773344975,130773345944,48779039,40000000,8779039,0.8200243551333596,0,0,130773330992,3180000000,0,0,0,0,0,0,4,260,2401.338232
run_20260930-035227_13076d45.json,unet,112,3,67,4,7516241696,67108864,130789078549,130835924084,130835924328,130789077631,130789078549,46845535,50000000,-3154465,1.0673375808388141,0,0,130789065243,3510000000,0,0,0,0,0,0,4,260,2401.338232
run_20260930-035227_13076d45.json,unet,113,0,64,0,7583350560,67108864,130796303901,130841288622,130841288893,130796303054,130796303901,44984721,40000000,4984721,0.8891907988047764,0,0,130796293252,3240000000,0,0,0,0,0,0,4,260,2401.338232
run_20260930-035227_13076d45.json,unet,114,2,66,1,7650459424,67108864,130816684784,130859166073,130859166460,130816683934,130816684784,42481289,40000000,2481289,0.9415910143404547,0,0,130816664299,3580000000,0,0,0,0,0,0,4,260,2401.338232
run_20260930-035227_13076d45.json,unet,115,1,65,2,7717568288,67108864,130822247838,130865995422,130865995653,130822246964,130822247838,43747584,40000000,3747584,0.9143362065434287,0,0,130822236333,3220000000,0,0,0,0,0,0,4,260,2401.338232
run_20260930-035227_13076d45.json,unet,116,3,67,3,7784677152,67108864,130836209957,130884854587,130884854934,130836208407,130836209957,48644630,40000000,8644630,0.8222901479567221,0,0,130836177936,3560000000,0,0,0,0,0,0,4,260,2401.338232
run_20260930-035227_13076d45.json,unet,117,0,64,4,7851786016,67108864,130841724050,130891550488,130891550717,130841722892,130841724050,49826438,50000000,-173562,1.003483331479565,0,0,130841694745,3280000000,0,0,0,0,0,0,4,260,2401.338232
run_20260930-035227_13076d45.json,unet,118,2,66,0,7918894880,67108864,130859328792,130908527914,130908528221,130859327942,130859328792,49199122,40000000,9199122,0.8130226388999381,0,0,130859315686,3620000000,0,0,0,0,0,0,4,260,2401.338232
run_20260930-035227_13076d45.json,unet,119,1,65,1,7986003744,67108864,130866098157,130915510072,130915510368,130866097404,130866098157,49411915,40000000,9411915,0.8095213472297117,0,0,130866088488,3270000000,0,0,0,0,0,0,4,260,2401.338232
run_20260930-035227_13076d45.json,unet,120,3,67,2,8053112608,67108864,130885098096,130935765194,130935765454,130885097198,130885098096,50667098,50000000,667098,0.9868337041920182,0,0,130885082327,3600000000,0,0,0,0,0,0,4,260,2401.338232
run_20260930-035227_13076d45.json,unet,121,0,64,3,8120221472,67108864,130891801431,130939770974,130939771370,130891800146,130891801431,47969543,40000000,7969543,0.8338624364213768,0,0,130891785649,3330000000,0,0,0,0,0,0,4,260,2401.338232
run_20260930-035227_13076d45.json,unet,122,2,66,4,8187330336,67108864,130908660012,130958924704,130958924939,130908659228,130908660012,50264692,40000000,10264692,0.7957872297317569,0,0,130908647452,3670000000,0,0,0,0,0,0,4,260,2401.338232
run_20260930-035227_13076d45.json,unet,123,1,65,0,8254439200,67108864,130915612477,130965347378,130965347558,130915611715,130915612477,49734901,50000000,-265099,1.0053302408302773,0,0,130915602931,3310000000,0,0,0,0,0,0,4,260,2401.338232
run_20260930-035227_13076d45.json,unet,124,3,67,1,8321548064,67108864,130935895574,130988476162,130988476425,130935894908,130935895574,52580588,50000000,2580588,0.9509212791610471,0,0,130935878697,3650000000,0,0,0,0,0,0,4,260,2401.338232
run_20260930-035227_13076d45.json,unet,125,0,64,2,8388656928,67108864,130939910886,130991095411,130991095823,130939910168,130939910886,51184525,40000000,11184525,0.7814862011516176,0,0,130939894386,3380000000,0,0,0,0,0,0,4,260,2401.338232
run_20260930-035227_13076d45.json,unet,126,2,66,3,8455765792,67108864,130959048646,131007754500,131007754827,130959048023,130959048646,48705854,50000000,-1294146,1.026570645902236,0,0,130959032227,3710000000,0,0,0,0,0,0,4,260,2401.338232
run_20260930-035227_13076d45.json,unet,127,1,65,4,8522874656,67108864,130965583285,131011269736,131011269976,130965582334,130965583285,45686451,40000000,5686451,0.8755330984234254,0,0,130965557618,3360000000,0,0,0,0,0,0,4,260,2401.338232
run_20260930-035227_13076d45.json,unet,128,3,67,0,8589983520,67108864,130988579730,131031668515,131031668777,130988579007,130988579730,43088785,40000000,3088785,0.9283158018960154,0,0,130988570237,3700000000,0,0,0,0,0,0,4,260,2401.338232
run_20260930-035227_13076d45.json,unet,129,0,64,1,8657092384,67108864,130992791624,131037007422,131037007733,130992789669,130992791624,44215798,40000000,4215798,0.9046540333841764,0,1364713,130991205370,3420000000,0,0,0,0,0,0,4,260,2401.338232
run_20260930-035227_13076d45.json,unet,130,2,66,2,8724201248,67108864,131007913544,131059040054,131059040362,131007913000,131007913544,51126510,50000000,1126510,0.9779662253496278,0,0,131007902797,3760000000,0,0,0,0,0,0,4,260,2401.338232
run_20260930-035227_13076d45.json,unet,131,1,65,3,8791310112,67108864,131011949013,131062402906,131062403126,131011946588,131011949013,50453893,50000000,453893,0.9910038061879586,0,540190,131011360029,3400000000,0,0,0,0,0,0,4,260,2401.338232
run_20260930-035227_13076d45.json,unet,132,3,67,4,8858418976,67108864,131031897607,131084074808,131084074969,131031896683,131031897607,52177201,50000000,2177201,0.9582729437709777,0,0,131031886471,3740000000,0,0,0,0,0,0,4,260,2401.338232
run_20260930-035227_13076d45.json,unet,133,0,64,0,8925527840,67108864,131037120675,131088548665,131088548820,131037120031,131037120675,51427990,50000000,1427990,0.9722332138588344,0,0,131037110926,3470000000,0,0,0,0,0,0,4,260,2401.338232
run_20260930-035227_13076d45.json,unet,134,2,66,1,8992636704,67108864,131059293324,131110065124,131110065368,131059292411,131059293324,50771800,50000000,771800,0.9847986480684159,0,0,131059262598,3810000000,0,0,0,0,0,0,4,260,2401.338232
run_20260930-035227_13076d45.json,unet,135,1,65,5,9059745568,67108864,131064059821,131113750987,131113751183,131064057919,131064059821,49691166,50000000,-308834,1.0062150684892361,0,618434,131062645904,3450000000,0,0,0,0,0,0,4,260,2401.338232
run_20260930-035227_13076d45.json,unet,136,3,67,2,9126854432,67108864,131084186019,131131015726,131131015970,131084185226,131084186019,46829707,50000000,-3170293,1.0676983308906887,0,0,131084172436,3790000000,0,0,0,0,0,0,4,260,2401.338232
run_20260930-035227_13076d45.json,unet,137,0,64,3,9193963296,67108864,131088651983,131134516881,131134517263,131088651263,131088651983,45864898,40000000,5864898,0.8721266533722587,0,0,131088642507,3520000000,0,0,0,0,0,0,4,260,2401.338232
run_20260930-035227_13076d45.json,unet,138,2,66,0,9261072160,67108864,131110316090,131151580184,131151580515,131110315207,131110316090,41264094,40000000,1264094,0.9693657638527093,0,0,131110292074,3860000000,0,0,0,0,0,0,4,260,2401.338232
run_20260930-035227_13076d45.json,unet,139,1,65,1,9328181024,67108864,131114351147,131157738707,131157738877,131114349439,131114351147,43387560,40000000,3387560,0.9219232425146747,0,271043,131114013549,3500000000,0,0,0,0,0,0,4,260,2401.338232
run_20260930-035227_13076d45.json,unet,140,3,67,4,9395289888,67108864,131131315030,131179537964,131179538255,131131313710,131131315030,48222934,40000000,8222934,0.8294808441145451,0,0,131131281223,3840000000,0,0,0,0,0,0,4,260,2401.338232
run_20260930-035227_13076d45.json,unet,141,0,64,2,9462398752,67108864,131135730503,131183368175,131183368542,131135728440,131135730503,47637672,50000000,-2362328,1.0495894929542318,0,687112,131134618750,3560000000,0,0,0,0,0,0,4,260,2401.338232
run_20260930-035227_13076d45.json,unet,142,2,66,3,9529507616,67108864,131151719880,131198943948,131198944342,131151718779,131151719880,47224068,40000000,7224068,0.8470257157854338,0,0,131151706242,3900000000,0,0,0,0,0,0,4,260,2401.338232
run_20260930-035227_13076d45.json,unet,143,1,65,0,9596616480,67108864,131157836339,131202773446,131202773902,131157835577,131157836339,44937107,40000000,4937107,0.8901329584924103,0,0,131157827203,3540000000,0,0,0,0,0,0,4,260,2401.338232
run_20260930-035227_13076d45.json,unet,144,3,67,1,9663725344,67108864,131179665256,131221187801,131221188051,131179664305,131179665256,41522545,40000000,1522545,0.9633320886279971,0,0,131179648265,3880000000,0,0,0,0,0,0,4,260,2401.338232
run_20260930-035227_13076d45.json,unet,145,0,64,4,9730834208,67108864,131183720207,131226816260,131226816536,131183717989,131183720207,43096053,40000000,3096053,0.9281592446528688,0,182216,131183473300,3610000000,0,0,0,0,0,0,4,260,2401.338232
run_20260930-035227_13076d45.json,unet,146,2,66,2,9797943072,67108864,131199225505,131247584718,131247585058,131199224254,131199225505,48359213,50000000,-1640787,1.0339291501704133,0,0,131199199122,3940000000,0,0,0,0,0,0,4,260,2401.338232
run_20260930-035227_13076d45.json,unet,147,1,65,3,9865051936,67108864,131203280403,131252954328,131252954609,131203278317,131203280403,49673925,40000000,9673925,0.805251447313656,0,290771,131202922498,3590000000,0,0,0,0,0,0,4,260,2401.338232
run_20260930-035227_13076d45.json,unet,148,3,67,0,9932160800,67108864,131221426326,131269498568,131269498785,131221425192,131221426326,48072242,50000000,-1927758,1.0401012709163846,0,0,131221402205,3920000000,0,0,0,0,0,0,4,260,2401.338232
run_20260930-035227_13076d45.json,unet,149,0,64,1,9999269664,67108864,131227041053,131276512732,131276512932,131227040383,131227041053,49471679,40000000,9471679,0.8085434092503713,0,0,131227014419,3650000000,0,0,0,0,0,0,4,260,2401.338232
run_20260930-035227_13076d45.json,unet,150,2,66,4,10066378528,67108864,131247703228,131295588012,131295588251,131247702503,131247703228,47884784,40000000,7884784,0.8353384239970676,0,0,131247692077,3990000000,0,0,0,0,0,0,4,260,2401.338232
run_20260930-035227_13076d45.json,unet,151,1,65,5,10133487392,67108864,131253075304,131300760827,131300761120,131253074549,131253075304,47685523,50000000,-2314477,1.048536261204475,0,0,131253063477,3630000000,0,0,0,0,0,0,4,260,2401.338232
run_20260930-035227_13076d45.json,unet,152,3,67,2,10200596256,67108864,131269702520,131319644016,131319644331,131269701277,131269702520,49941496,40000000,9941496,0.8009371605528196,0,0,131269683607,3970000000,0,0,0,0,0,0,4,260,2401.338232
run_20260930-035227_13076d45.json,unet,153,0,64,0,10267705120,67108864,131276687090,131327354175,131327354535,131276686107,131276687090,50667085,50000000,667085,0.9868339573906808,0,0,131276674505,3690000000,0,0,0,0,0,0,4,260,2401.338232
run_20260930-035227_13076d45.json,unet,154,2,66,1,10334813984,67108864,131295762127,131346660149,131346660356,131295761110,131295762127,50898022,50000000,898022,0.9823564459931272,0,0,131295741816,4030000000,0,0,0,0,0,0,4,260,2401.338232
run_20260930-035227_13076d45.json,unet,155,1,65,3,10401922848,67108864,131300946832,131352529940,131352530302,131300945952,131300946832,51583108,50000000,1583108,0.9693095654492164,0,0,131300936105,3680000000,0,0,0,0,0,0,4,260,2401.338232
run_20260930-035227_13076d45.json,unet,156,3,67,4,10469031712,67108864,131319804116,131366581976,131366582240,131319803199,131319804116,46777860,50000000,-3222140,1.0688817316568138,0,0,131319792498,4010000000,0,0,0,0,0,0,4,260,2401.338232
run_20260930-035227_13076d45.json,unet,157,0,64,2,10536140576,67108864,131327486640,131374642252,131374642500,131327486039,131327486640,47155612,50000000,-2844388,1.0603191832183199,0,0,131327476296,3740000000,0,0,0,0,0,0,4,260,2401.338232
run_20260930-035227_13076d45.json,unet,158,2,66,0,10603249440,67108864,131346845413,131394450576,131394450823,131346844335,131346845413,47605163,50000000,-2394837,1.0503062451440404,0,0,131346828674,4080000000,0,0,0,0,0,0,4,260,2401.338232
run_20260930-035227_13076d45.json,unet,159,1,65,5,10670358304,67108864,131352679581,131399094033,131399094366,131352678771,131352679581,46414452,40000000,6414452,0.8618005443649318,0,0,131352667658,3730000000,0,0,0,0,0,0,4,260,2401.338232
run_20260930-035227_13076d45.json,unet,160,3,67,1,10737467168,67108864,131366694498,131411942368,131411942625,131366693836,131366694498,45247870,40000000,5247870,0.8840195129627096,0,0,131366684493,4060000000,0,0,0,0,0,0,4,260,2401.338232
run_20260930-035227_13076d45.json,unet,161,0,64,3,10804576032,67108864,131374749033,131418361395,131418361661,131374748381,131374749033,43612362,40000000,3612362,0.9171711451904394,0,0,131374739540,3790000000,0,0,0,0,0,0,4,260,2401.338232
run_20260930-035227_13076d45.json,unet,162,2,66,2,10871684896,67108864,131394641703,131432367217,131432367407,131394640778,131394641703,37725514,30000000,7725514,0.7952177934540534,0,0,131394624406,4130000000,0,0,0,0,0,0,4,260,2401.338232
run_20260930-035227_13076d45.json,unet,163,1,65,0,10938793760,67108864,131399289448,131438066530,131438066800,131399287761,131399289448,38777082,40000000,-1222918,1.0315371331963554,0,0,131399269856,3770000000,0,0,0,0,0,0,4,260,2401.338232
run_20260930-035227_13076d45.json,unet,164,3,67,4,11005902624,67108864,131412109039,131455933522,131455933926,131412108358,131412109039,43824483,40000000,3824483,0.9127318170530386,0,0,131412095510,4100000000,0,0,0,0,0,0,4,260,2401.338232
run_20260930-035227_13076d45.json,unet,165,0,64,1,11073011488,67108864,131418502431,131463470156,131463470385,131418501928,131418502431,44967725,40000000,4967725,0.8895268773325757,0,0,131418492455,3830000000,0,0,0,0,0,0,4,260,2401.338232
run_20260930-035227_13076d45.json,unet,166,2,66,5,11140120352,67108864,131432492439,131476705723,131476706134,131432491783,131432492439,44213284,40000000,4213284,0.904705472681016,0,0,131432478027,4160000000,0,0,0,0,0,0,4,260,2401.338232
run_20260930-035227_13076d45.json,unet,167,1,65,6,11207229216,67108864,131438175486,131484773472,131484773813,131438174915,131438175486,46597986,40000000,6597986,0.8584061980704488,0,0,131438165755,3810000000,0,0,0,0,0,0,4,260,2401.338232
run_20260930-035227_13076d45.json,unet,168,3,67,7,11274338080,67108864,131456035151,131506407005,131506407263,131456034631,131456035151,50371854,50000000,371854,0.9926178218494797,0,0,131456021293,4140000000,0,0,0,0,0,0,4,260,2401.338232
run_20260930-035227_13076d45.json,unet,169,0,64,2,11341446944,67108864,131531663100,131558259574,131558259876,131531662040,131531663100,26596474,20000000,6596474,0.7519793789206795,68034105,0,131531642622,3880000000,0,0,0,0,0,0,1,257,2401.338232
run_20260930-035227_13076d45.json,unet,170,2,66,3,11408555808,67108864,131535857384,131582300762,131582301036,131535853991,131535857384,46443378,40000000,6443378,0.8612637952390112,54847898,3921433,131531732008,4200000000,0,0,0,0,0,0,2,258,2401.338232
run_20260930-035227_13076d45.json,unet,171,1,65,0,11475664672,67108864,131540867425,131590790342,131590790621,131540865479,131540867425,49922917,50000000,-77083,1.0015440403853004,48724158,3941497,131533590634,3850000000,0,0,0,0,0,0,3,259,2401.338232
run_20260930-035227_13076d45.json,unet,172,3,67,4,11542773536,67108864,131545131898,131598345229,131598345504,131545130797,131545131898,53213331,50000000,3213331,0.9396141729973642,27245233,3924831,131533762124,4190000000,0,0,0,0,0,0,4,260,2401.338232
run_20260930-035227_13076d45.json,unet,173,0,64,1,11609882400,67108864,131558415033,131610933719,131610933839,131558414253,131558415033,52518686,50000000,2518686,0.9520420979306299,0,0,131558405171,3900000000,0,0,0,0,0,0,4,260,2401.338232
run_20260930-035227_13076d45.json,unet,174,2,66,2,11676991264,67108864,131582456485,131634068070,131634068357,131582455370,131582456485,51611585,50000000,1611585,0.9687747431124233,0,0,131582440960,4240000000,0,0,0,0,0,0,4,260,2401.338232
run_20260930-035227_13076d45.json,unet,175,1,65,3,11744100128,67108864,131590939637,131646013885,131646014134,131590938834,131590939637,55074248,60000000,-4925752,1.089438388700287,0,0,131590927758,3900000000,0,0,0,0,0,0,4,260,2401.338232
run_20260930-035227_13076d45.json,unet,176,3,67,0,11811208992,67108864,131598590924,131652195713,131652196020,131598589907,131598590924,53604789,50000000,3604789,0.9327524822455695,0,0,131598570087,4240000000,0,0,0,0,0,0,4,260,2401.338232
run_20260930-035227_13076d45.json,unet,177,0,64,4,11878317856,67108864,131611157025,131662009258,131662009604,131611156144,131611157025,50852233,50000000,852233,0.9832409916001132,0,0,131611134440,3950000000,0,0,0,0,0,0,4,260,2401.338232
run_20260930-035227_13076d45.json,unet,178,2,66,1,11945426720,67108864,131634237700,131678834969,131678835318,131634236638,131634237700,44597269,40000000,4597269,0.8969159075637568,0,0,131634223417,4300000000,0,0,0,0,0,0,4,260,2401.338232
run_20260930-035227_13076d45.json,unet,179,1,65,2,12012535584,67108864,131646126563,131693704632,131693704888,131646125785,131646126563,47578069,40000000,7578069,0.8407234854361155,0,0,131646111012,3960000000,0,0,0,0,0,0,4,260,2401.338232
run_20260930-035227_13076d45.json,unet,180,3,67,3,12079644448,67108864,131652658938,131698724097,131698724531,131652658132,131652658938,46065159,50000000,-3934841,1.0854190256892415,0,0,131652619343,4290000000,0,0,0,0,0,0,4,260,2401.338232
run_20260930-035227_13076d45.json,unet,181,0,64,0,12146753312,67108864,131662167159,131706729132,131706729515,131662166319,131662167159,44561973,40000000,4561973,0.8976263236818531,0,0,131662153995,4000000000,0,0,0,0,0,0,4,260,2401.338232
run_20260930-035227_13076d45.json,unet,182,2,66,4,12213862176,67108864,131679168228,131715992954,131715993275,131679166912,131679168228,36824726,30000000,6824726,0.8146700127517581,0,0,131679151078,4340000000,0,0,0,0,0,0,4,260,2401.338232
run_20260930-035227_13076d45.json,unet,183,1,65,1,12280971040,28895360,131693809643,131716548626,131716548964,131693808982,131693809643,22738983,20000000,2738983,0.8795468117461541,0,0,131693797815,4000000000,0,0,0,0,0,0,4,260,2401.338232
run_20260930-035423_13076d45.json,clip,0,3,67,0,45856,67108864,68575852077,68688342080,68688342960,68575850577,68575852077,112490003,110000000,2490003,0.9778646730056537,0,0,68575589541,0,0,0,0,0,0,0,1,257,1979.285913
run_20260930-035423_13076d45.json,clip,1,2,66,1,67154720,67108864,68579933655,68703342168,68703343378,68579931305,68579933655,123408513,110000000,13408513,0.891348557129118,0,3498011,68576118242,0,0,0,0,0,0,0,2,258,1979.285913
run_20260930-035423_13076d45.json,clip,2,0,64,2,134263584,67108864,68584912470,68710282571,68710282880,68584908970,68584912470,125370101,120000000,5370101,0.9571660152048533,0,3930489,68576650462,0,0,0,0,0,0,0,3,259,1979.285913
run_20260930-035423_13076d45.json,clip,3,1,65,3,201372448,67108864,68588972328,68740075461,68740076141,68588966338,68588972328,151103133,140000000,11103133,0.9265195050588395,0,2236906,68576749044,0,0,0,0,0,0,0,4,260,1979.285913
run_20260930-035423_13076d45.json,clip,4,3,67,4,268481312,67108864,68688927052,68782372751,68782373751,68688924632,68688927052,93445699,90000000,3445699,0.9631261894675324,0,0,68688877981,110000000,0,0,0,0,0,0,4,260,1979.285913
run_20260930-035423_13076d45.json,clip,5,2,66,5,335590176,67108864,68703799427,68813291683,68813292413,68703797946,68703799427,109492256,100000000,9492256,0.9133065995096493,0,0,68703768436,110000000,0,0,0,0,0,0,4,260,1979.285913
run_20260930-035423_13076d45.json,clip,6,0,64,6,402699040,67108864,68710485835,68819256827,68819257767,68710484444,68710485835,108770992,100000000,8770992,0.9193627653961269,0,0,68710465924,120000000,0,0,0,0,0,0,4,260,1979.285913
run_20260930-035423_13076d45.json,clip,7,1,65,7,469807904,67108864,68740644062,68850882213,68850882863,68740639422,68740644062,110238151,110000000,238151,0.9978396680474076,0,0,68740578501,140000000,0,0,0,0,0,0,4,260,1979.285913
run_20260930-035423_13076d45.json,clip,8,3,67,0,536916768,67108864,68784020632,68865719967,68865721047,68784018172,68784020632,81699335,80000000,1699335,0.9792001366963391,0,0,68783975442,200000000,0,0,0,0,0,0,4,260,1979.285913
run_20260930-035423_13076d45.json,clip,9,2,66,1,604025632,67108864,68814144449,68887255599,68887256109,68814141289,68814144449,73111150,70000000,3111150,0.9574462992306919,0,0,68814097588,220000000,0,0,0,0,0,0,4,260,1979.285913
run_20260930-035423_13076d45.json,clip,10,0,64,2,671134496,67108864,68819915270,68896244241,68896244711,68819913670,68819915270,76328971,70000000,6328971,0.9170829775761028,0,0,68819880349,230000000,0,0,0,0,0,0,4,260,1979.285913
run_20260930-035423_13076d45.json,clip,11,1,65,3,738243360,67108864,68851348672,68922934632,68922935302,68851345992,68851348672,71585960,70000000,1585960,0.9778453763838607,0,0,68851320611,250000000,0,0,0,0,0,0,4,260,1979.285913
run_20260930-035423_13076d45.json,clip,12,3,67,4,805352224,67108864,68867042072,68940423327,68940423657,68867039882,68867042072,73381255,70000000,3381255,0.953922088140902,0,0,68867013672,280000000,0,0,0,0,0,0,4,260,1979.285913
run_20260930-035423_13076d45.json,clip,13,2,66,0,872461088,67108864,68887629586,68945282970,68945283480,68887627636,68887629586,57653384,60000000,-2346616,1.0407021381433568,0,0,68887601436,290000000,0,0,0,0,0,0,4,260,1979.285913
run_20260930-035423_13076d45.json,clip,14,0,64,5,939569952,67108864,68896485616,68965801683,68965802393,68896484436,68896485616,69316067,70000000,-683933,1.009866875453277,0,0,68896463535,300000000,0,0,0,0,0,0,4,260,1979.285913
run_20260930-035423_13076d45.json,clip,15,1,65,1,1006678816,67108864,68923490933,68969948692,68969949163,68923488433,68923490933,46457759,40000000,6457759,0.8609971910181893,0,0,68923450562,320000000,0,0,0,0,0,0,4,260,1979.285913
run_20260930-035423_13076d45.json,clip,16,3,67,2,1073787680,67108864,68940899216,68989671610,68989672760,68940897616,68940899216,48772394,50000000,-1227606,1.0251700992983859,0,0,68940862035,350000000,0,0,0,0,0,0,4,260,1979.285913
run_20260930-035423_13076d45.json,clip,17,2,66,6,1140896544,67108864,68945786590,69020405589,69020406518,68945784390,68945786590,74618999,70000000,4618999,0.9380988881933406,0,0,68945734189,350000000,0,0,0,0,0,0,4,260,1979.285913
run_20260930-035423_13076d45.json,clip,18,0,64,7,1208005408,67108864,68966190140,69037621978,69037622678,68966188491,68966190140,71431838,60000000,11431838,0.839961586876709,0,0,68966149920,370000000,0,0,0,0,0,0,4,260,1979.285913
run_20260930-035423_13076d45.json,clip,19,3,67,3,1275114272,67108864,68990002866,69050422403,69050422843,68990001346,68990002866,60419537,60000000,419537,0.9930562691998119,0,0,68989978376,400000000,0,0,0,0,0,0,3,259,1979.285913
run_20260930-035423_13076d45.json,clip,20,1,65,4,1342223136,67108864,69048073468,69085051126,69085051836,69048071388,69048073468,36977658,30000000,6977658,0.8113007048742784,77405743,0,69048027947,360000000,0,0,0,0,0,0,2,258,1979.285913
run_20260930-035423_13076d45.json,clip,21,3,67,0,1409332000,67108864,69059072379,69089742226,69089742706,69059070359,69059072379,30669847,30000000,669847,0.9781594280532276,8394311,0,69059038628,460000000,0,0,0,0,0,0,2,258,1979.285913
run_20260930-035423_13076d45.json,clip,22,0,64,5,1476440864,67108864,69066747506,69127001529,69127002589,69066745156,69066747506,60254023,60000000,254023,0.9957841321234269,28706999,0,69066679584,440000000,0,0,0,0,0,0,3,259,1979.285913
run_20260930-035423_13076d45.json,clip,23,2,66,1,1543549728,67108864,69071006867,69138256364,69138256885,69071004747,69071006867,67249497,60000000,7249497,0.8921999818080424,47610132,0,69070973997,430000000,0,0,0,0,0,0,4,260,1979.285913
run_20260930-035423_13076d45.json,clip,24,1,65,2,1610658592,67108864,69085707109,69145875210,69145875990,69085705079,69085707109,60168101,60000000,168101,0.9972061441659925,0,0,69085672118,390000000,0,0,0,0,0,0,4,260,1979.285913
run_20260930-035423_13076d45.json,clip,25,3,67,6,1677767456,67108864,69093536269,69151979987,69151980217,69093533609,69093536269,58443718,60000000,-1556282,1.026628730225548,3441986,0,69093465587,490000000,0,0,0,0,0,0,4,260,1979.285913
run_20260930-035423_13076d45.json,clip,26,0,64,0,1744876320,67108864,69127732973,69183679354,69183679954,69127730313,69127732973,55946381,60000000,-4053619,1.072455428350227,0,0,69127665992,500000000,0,0,0,0,0,0,4,260,1979.285913
run_20260930-035423_13076d45.json,clip,27,2,66,3,1811985184,67108864,69138841156,69210233212,69210233742,69138837876,69138841156,71392056,70000000,1392056,0.9805012479259597,0,0,69138800025,490000000,0,0,0,0,0,0,4,260,1979.285913
run_20260930-035423_13076d45.json,clip,28,1,65,1,1879094048,67108864,69146354559,69214287939,69214288969,69146352669,69146354559,67933380,70000000,-2066620,1.0304212744898016,0,0,69146318749,450000000,0,0,0,0,0,0,4,260,1979.285913
run_20260930-035423_13076d45.json,clip,29,3,67,4,1946202912,67108864,69152438686,69215563684,69215564034,69152436706,69152438686,63124998,60000000,3124998,0.9504950796196461,0,0,69152402185,550000000,0,0,0,0,0,0,4,260,1979.285913
run_20260930-035423_13076d45.json,clip,30,0,64,2,2013311776,67108864,69184204684,69251662155,69251663715,69184202514,69184204684,67457471,60000000,7457471,0.8894492946526263,0,0,69184179633,560000000,0,0,0,0,0,0,4,260,1979.285913
run_20260930-035423_13076d45.json,clip,31,2,66,0,2080420640,67108864,69210848694,69292961405,69292963925,69210846503,69210848694,82112711,80000000,2112711,0.9742705973987389,0,0,69210819933,560000000,0,0,0,0,0,0,4,260,1979.285913
run_20260930-035423_13076d45.json,clip,33,3,67,6,2214638368,67108864,69219964738,69303319643,69303320703,69219961628,69219964738,83354905,80000000,3354905,0.959751558711512,0,3038862,69215902960,610000000,0,0,0,0,0,0,4,260,1979.285913
run_20260930-035423_13076d45.json,clip,32,1,65,5,2147529504,67108864,69214973373,69304101488,69304102128,69214969673,69214973373,89128115,80000000,9128115,0.897584336884046,0,29904,69214770279,520000000,0,0,0,0,0,0,4,260,1979.285913
run_20260930-035423_13076d45.json,clip,34,0,64,1,2281747232,67108864,69252667674,69318281559,69318282130,69252666214,69252667674,65613885,60000000,5613885,0.9144405943955307,0,0,69252644814,620000000,0,0,0,0,0,0,4,260,1979.285913
run_20260930-035423_13076d45.json,clip,35,2,66,2,2348856096,67108864,69293829302,69355075543,69355077284,69293827051,69293829302,61246241,60000000,1246241,0.9796519593749435,0,0,69293763080,640000000,0,0,0,0,0,0,4,260,1979.285913
run_20260930-035423_13076d45.json,clip,36,3,67,0,2415964960,67108864,69303808882,69368141864,69368142434,69303806793,69303808882,64332982,60000000,4332982,0.9326475803655425,0,0,69303779972,690000000,0,0,0,0,0,0,4,260,1979.285913
run_20260930-035423_13076d45.json,clip,37,1,65,3,2483073824,67108864,69308484122,69394776143,69394776663,69308470902,69308484122,86292021,90000000,-3707979,1.0429701258242636,0,3420378,69304370943,600000000,0,0,0,0,0,0,4,260,1979.285913
run_20260930-035423_13076d45.json,clip,38,0,64,4,2550182688,67108864,69318828790,69403915608,69403916148,69318826580,69318828790,85086818,90000000,-4913182,1.0577431629891247,0,0,69318774939,680000000,0,0,0,0,0,0,4,260,1979.285913
run_20260930-035423_13076d45.json,clip,39,2,66,1,2617291552,67108864,69355768167,69425424210,69425425220,69355766277,69355768167,69656043,70000000,-343957,1.0049379348178018,0,0,69355711376,700000000,0,0,0,0,0,0,4,260,1979.285913
run_20260930-035423_13076d45.json,clip,40,3,67,2,2684400416,67108864,69368593042,69430168381,69430169771,69368591402,69368593042,61575339,60000000,1575339,0.9744160726423284,0,0,69368550241,750000000,0,0,0,0,0,0,4,260,1979.285913
run_20260930-035423_13076d45.json,clip,41,1,65,0,2751509280,67108864,69395457796,69456974904,69456975424,69395455506,69395457796,61517108,60000000,1517108,0.9753384375611416,0,0,69395424046,690000000,0,0,0,0,0,0,4,260,1979.285913
run_20260930-035423_13076d45.json,clip,42,0,64,3,2818618144,67108864,69404361067,69471761856,69471762456,69404359367,69404361067,67400789,60000000,7400789,0.8901972942779646,0,0,69404302396,770000000,0,0,0,0,0,0,4,260,1979.285913
run_20260930-035423_13076d45.json,clip,43,2,66,4,2885727008,67108864,69425857618,69502682298,69502683118,69425856038,69425857618,76824680,70000000,6824680,0.9111655264948711,0,0,69425836768,770000000,0,0,0,0,0,0,4,260,1979.285913
run_20260930-035423_13076d45.json,clip,44,3,67,5,2952835872,67108864,69430886084,69505196696,69505197336,69430884034,69430886084,74310612,70000000,4310612,0.9419919728288606,0,0,69430828043,810000000,0,0,0,0,0,0,4,260,1979.285913
run_20260930-035423_13076d45.json,clip,45,1,65,1,3019944736,67108864,69457361451,69512599388,69512599868,69457359881,69457361451,55237937,50000000,5237937,0.9051750068073686,0,0,69457328570,750000000,0,0,0,0,0,0,4,260,1979.285913
run_20260930-035423_13076d45.json,clip,46,0,64,0,3087053600,67108864,69472374718,69536376393,69536376883,69472372278,69472374718,64001675,60000000,4001675,0.9374754645093273,0,0,69472312027,830000000,0,0,0,0,0,0,4,260,1979.285913
run_20260930-035423_13076d45.json,clip,47,2,66,2,3154162464,67108864,69503301390,69560030856,69560032156,69503299730,69503301390,56729466,50000000,6729466,0.8813761793562449,0,0,69503271050,840000000,0,0,0,0,0,0,4,260,1979.285913
run_20260930-035423_13076d45.json,clip,48,3,67,3,3221271328,67108864,69507476410,69571086077,69571086787,69507472580,69507476410,63609667,60000000,3609667,0.9432528549473463,0,1786748,69505488782,880000000,0,0,0,0,0,0,4,260,1979.285913
run_20260930-035423_13076d45.json,clip,49,1,65,4,3288380192,67108864,69513000836,69572054556,69572055246,69512998646,69513000836,59053720,50000000,9053720,0.8466867116923371,0,0,69512947075,800000000,0,0,0,0,0,0,4,260,1979.285913
run_20260930-035423_13076d45.json,clip,50,0,64,1,3355489056,67108864,69536606537,69591972867,69591973597,69536605088,69536606537,55366330,50000000,5366330,0.9030759308048772,0,0,69536588897,890000000,0,0,0,0,0,0,4,260,1979.285913
run_20260930-035423_13076d45.json,clip,51,2,66,0,3422597920,67108864,69560829371,69608119866,69608120766,69560825681,69560829371,47290495,50000000,-2709505,1.057294917297863,0,0,69560768790,890000000,0,0,0,0,0,0,4,260,1979.285913
run_20260930-035423_13076d45.json,clip,52,3,67,2,3489706784,67108864,69571642018,69624671523,69624671843,69571639668,69571642018,53029505,50000000,3029505,0.9428713317237263,0,0,69571581627,940000000,0,0,0,0,0,0,4,260,1979.285913
run_20260930-035423_13076d45.json,clip,53,1,65,5,3556815648,67108864,69576602793,69637322385,69637323395,69576599293,69576602793,60719592,60000000,719592,0.9881489322260268,0,3179944,69572430043,850000000,0,0,0,0,0,0,4,260,1979.285913
run_20260930-035423_13076d45.json,clip,54,0,64,3,3623924512,67108864,69592436906,69648658232,69648659232,69592435496,69592436906,56221326,60000000,-3778674,1.067210687986975,0,0,69592406005,940000000,0,0,0,0,0,0,4,260,1979.285913
run_20260930-035423_13076d45.json,clip,55,2,66,1,3691033376,67108864,69608701447,69668122864,69668123574,69608699127,69608701447,59421417,50000000,9421417,0.8414474531968835,0,0,69608667816,940000000,0,0,0,0,0,0,4,260,1979.285913
run_20260930-035423_13076d45.json,clip,56,3,67,0,3758142240,67108864,69625117181,69677984153,69677984733,69625114491,69625117181,52866972,50000000,2866972,0.9457700736104198,0,0,69625078250,990000000,0,0,0,0,0,0,4,260,1979.285913
run_20260930-035423_13076d45.json,clip,57,1,65,2,3825251104,67108864,69637852455,69687543436,69687543766,69637850205,69637852455,49690981,40000000,9690981,0.804975051710088,0,0,69637814994,910000000,0,0,0,0,0,0,4,260,1979.285913
run_20260930-035423_13076d45.json,clip,58,0,64,4,3892359968,67108864,69649156891,69702769447,69702770007,69649154861,69649156891,53612556,50000000,3612556,0.9326173518009475,0,0,69649127081,1000000000,0,0,0,0,0,0,4,260,1979.285913
run_20260930-035423_13076d45.json,clip,59,2,66,3,3959468832,67108864,69668933070,69723863711,69723863971,69668928940,69668933070,54930641,50000000,4930641,0.9102387863997436,0,0,69668875089,1000000000,0,0,0,0,0,0,4,260,1979.285913
run_20260930-035423_13076d45.json,clip,60,3,67,1,4026577696,67108864,69678457782,69733558706,69733559146,69678455722,69678457782,55100924,60000000,-4899076,1.088910959097528,0,0,69678427431,1040000000,0,0,0,0,0,0,4,260,1979.285913
run_20260930-035423_13076d45.json,clip,61,1,65,0,4093686560,67108864,69688195078,69742687361,69742687901,69688192608,69688195078,54492283,60000000,-5507717,1.1010733391368461,0,0,69688108107,950000000,0,0,0,0,0,0,4,260,1979.285913
run_20260930-035423_13076d45.json,clip,62,0,64,2,4160795424,67108864,69703255406,69759180397,69759180867,69703253617,69703255406,55924991,50000000,5924991,0.894054681206833,0,0,69703220906,1050000000,0,0,0,0,0,0,4,260,1979.285913
run_20260930-035423_13076d45.json,clip,63,2,66,4,4227904288,67108864,69724547984,69780973034,69780973534,69724543474,69724547984,56425050,50000000,6425050,0.886131248443732,0,0,69724492463,1050000000,0,0,0,0,0,0,4,260,1979.285913
run_20260930-035423_13076d45.json,clip,64,3,67,3,4295013152,67108864,69734124697,69787888406,69787888786,69734122297,69734124697,53763709,50000000,3763709,0.9299953617411328,0,0,69734058576,1100000000,0,0,0,0,0,0,4,260,1979.285913
run_20260930-035423_13076d45.json,clip,65,1,65,1,4362122016,67108864,69743211401,69793685947,69793686587,69743210191,69743211401,50474546,50000000,474546,0.9905983106811896,0,0,69743178981,1010000000,0,0,0,0,0,0,4,260,1979.285913
run_20260930-035423_13076d45.json,clip,66,0,64,0,4429230880,67108864,69759532774,69817252868,69817253308,69759531103,69759532774,57720094,60000000,-2279906,1.0394993466226856,0,0,69759490903,1100000000,0,0,0,0,0,0,4,260,1979.285913
run_20260930-035423_13076d45.json,clip,67,2,66,2,4496339744,67108864,69781735088,69835791653,69835792093,69781731668,69781735088,54056565,60000000,-5943435,1.1099484401200854,0,0,69781680207,1100000000,0,0,0,0,0,0,4,260,1979.285913
run_20260930-035423_13076d45.json,clip,68,3,67,5,4563448608,67108864,69788448627,69845208963,69845209453,69788446967,69788448627,56760336,60000000,-3239664,1.0570761948977891,0,0,69788417246,1150000000,0,0,0,0,0,0,4,260,1979.285913
run_20260930-035423_13076d45.json,clip,69,1,65,4,4630557472,67108864,69794307619,69849650758,69849651288,69794305819,69794307619,55343139,50000000,5343139,0.9034543559229627,0,0,69794239018,1060000000,0,0,0,0,0,0,4,260,1979.285913
run_20260930-035423_13076d45.json,clip,70,0,64,1,4697666336,67108864,69817783718,69877770896,69877771556,69817781778,69817783718,59987178,60000000,-12822,1.0002137456774514,0,0,69817737797,1160000000,0,0,0,0,0,0,4,260,1979.285913
run_20260930-035423_13076d45.json,clip,71,2,66,0,4764775200,67108864,69836292152,69886768238,69886768658,69836290092,69836292152,50476086,40000000,10476086,0.7924544704199133,0,0,69836236771,1160000000,0,0,0,0,0,0,4,260,1979.285913
run_20260930-035423_13076d45.json,clip,72,3,67,2,4831884064,67108864,69845766774,69905248572,69905249222,69845764634,69845766774,59481798,50000000,9481798,0.8405932853610107,0,0,69845718063,1210000000,0,0,0,0,0,0,4,260,1979.285913
run_20260930-035423_13076d45.json,clip,73,1,65,3,4898992928,67108864,69849994185,69907672589,69907673049,69849992855,69849994185,57678404,60000000,-2321596,1.0402506976441304,0,0,69849969164,1110000000,0,0,0,0,0,0,4,260,1979.285913
run_20260930-035423_13076d45.json,clip,74,0,64,4,4966101792,67108864,69878247195,69942692999,69942693609,69878244945,69878247195,64445804,60000000,4445804,0.9310148415558599,0,0,69878216745,1220000000,0,0,0,0,0,0,4,260,1979.285913
run_20260930-035423_13076d45.json,clip,75,2,66,1,5033210656,67108864,69887354040,69957181676,69957182096,69887351529,69887354040,69827636,60000000,9827636,0.8592586465335874,0,0,69887292319,1210000000,0,0,0,0,0,0,4,260,1979.285913
run_20260930-035423_13076d45.json,clip,76,3,67,0,5100319520,67108864,69906332783,69982029581,69982030001,69906327583,69906332783,75696798,80000000,-4303202,1.0568478735388516,0,0,69906217250,1260000000,0,0,0,0,0,0,4,260,1979.285913
run_20260930-035423_13076d45.json,clip,77,1,65,5,5167428384,67108864,69911279927,69989315541,69989315981,69911276027,69911279927,78035614,70000000,8035614,0.8970263244164389,0,2043643,69908249520,1170000000,0,0,0,0,0,0,4,260,1979.285913
run_20260930-035423_13076d45.json,clip,78,0,64,2,5234537248,67108864,69943329371,70004320558,70004320828,69943325991,69943329371,60991187,60000000,991187,0.9837486848714717,0,0,69943282220,1280000000,0,0,0,0,0,0,4,260,1979.285913
run_20260930-035423_13076d45.json,clip,79,2,66,3,5301646112,67108864,69957612164,70026318979,70026319459,69957610414,69957612164,68706815,70000000,-1293185,1.0188217864559723,0,0,69957583304,1270000000,0,0,0,0,0,0,4,260,1979.285913
run_20260930-035423_13076d45.json,clip,80,3,67,1,5368754976,67108864,69982577722,70044833793,70044834183,69982575692,69982577722,62256071,60000000,2256071,0.9637614297889117,0,0,69982528211,1340000000,0,0,0,0,0,0,4,260,1979.285913
run_20260930-035423_13076d45.json,clip,81,1,65,4,5435863840,67108864,69989822970,70052658543,70052658753,69989821201,69989822970,62835573,60000000,2835573,0.9548731257690608,0,0,69989764759,1240000000,0,0,0,0,0,0,4,260,1979.285913
run_20260930-035423_13076d45.json,clip,82,0,64,0,5502972704,67108864,70004834938,70062995661,70062995901,70004832528,70004834938,58160723,50000000,8160723,0.8596866995618332,0,0,70004785317,1340000000,0,0,0,0,0,0,4,260,1979.285913
run_20260930-035423_13076d45.json,clip,83,2,66,2,5570081568,67108864,70026808208,70096484161,70096484821,70026806328,70026808208,69675953,70000000,-324047,1.0046507724121119,0,0,70026764688,1340000000,0,0,0,0,0,0,4,260,1979.285913
run_20260930-035423_13076d45.json,clip,84,3,67,3,5637190432,67108864,70045410474,70105116247,70105116887,70045408204,70045410474,59705773,50000000,9705773,0.8374399574392916,0,0,70045377434,1400000000,0,0,0,0,0,0,4,260,1979.285913
run_20260930-035423_13076d45.json,clip,85,1,65,1,5704299296,67108864,70053294745,70112119050,70112119470,70053292035,70053294745,58824305,60000000,-1175695,1.0199865514773188,0,0,70053257035,1300000000,0,0,0,0,0,0,4,260,1979.285913
run_20260930-035423_13076d45.json,clip,86,0,64,4,5771408160,67108864,70063484430,70122526640,70122527250,70063482400,70063484430,59042210,60000000,-957790,1.0162221231217463,0,0,70063444919,1390000000,0,0,0,0,0,0,4,260,1979.285913
run_20260930-035423_13076d45.json,clip,87,2,66,0,5838517024,67108864,70096928820,70155138454,70155139374,70096927700,70096928820,58209634,50000000,8209634,0.8589643425691356,0,0,70096883559,1410000000,0,0,0,0,0,0,4,260,1979.285913
run_20260930-035423_13076d45.json,clip,88,3,67,2,5905625888,67108864,70105726868,70164633486,70164634166,70105725588,70105726868,58906618,60000000,-1093382,1.0185612760861606,0,0,70105711018,1450000000,0,0,0,0,0,0,4,260,1979.285913
run_20260930-035423_13076d45.json,clip,89,1,65,5,5972734752,67108864,70112821694,70172076498,70172077168,70112818824,70112821694,59254804,60000000,-745196,1.0125761280047436,0,0,70112765063,1360000000,0,0,0,0,0,0,4,260,1979.285913
run_20260930-035423_13076d45.json,clip,90,0,64,1,6039843616,67108864,70122999609,70189435080,70189435490,70122997689,70122999609,66435471,70000000,-3564529,1.053654003596964,0,0,70122939498,1450000000,0,0,0,0,0,0,4,260,1979.285913
run_20260930-035423_13076d45.json,clip,91,2,66,3,6106952480,67108864,70155778976,70212372880,70212373569,70155776716,70155778976,56593904,60000000,-3406096,1.0601848566587666,0,0,70155725725,1460000000,0,0,0,0,0,0,4,260,1979.285913
run_20260930-035423_13076d45.json,clip,92,3,67,0,6174061344,67108864,70165116275,70220869132,70220869592,70165113695,70165116275,55752857,60000000,-4247143,1.076178033351726,0,0,70165066944,1510000000,0,0,0,0,0,0,4,260,1979.285913
run_20260930-035423_13076d45.json,clip,93,1,65,2,6241170208,67108864,70172413645,70221793080,70221793520,70172411715,70172413645,49379435,50000000,-620565,1.0125672762355422,0,0,70172383474,1420000000,0,0,0,0,0,0,4,260,1979.285913
run_20260930-035423_13076d45.json,clip,94,0,64,4,6308279072,67108864,70189709286,70239195273,70239195863,70189707876,70189709286,49485987,40000000,9485987,0.8083096331896947,0,0,70189682375,1520000000,0,0,0,0,0,0,4,260,1979.285913
run_20260930-035423_13076d45.json,clip,95,2,66,1,6375387936,67108864,70212995561,70265314143,70265314573,70212992791,70212995561,52318582,50000000,2318582,0.955683393712773,0,0,70212958881,1520000000,0,0,0,0,0,0,4,260,1979.285913
run_20260930-035423_13076d45.json,clip,96,3,67,3,6442496800,67108864,70221454713,70271545762,70271546202,70221452673,70221454713,50091049,40000000,10091049,0.7985458639526595,0,0,70221384342,1570000000,0,0,0,0,0,0,4,260,1979.285913
run_20260930-035423_13076d45.json,clip,97,1,65,5,6509605664,67108864,70226157003,70273453178,70273453558,70226151583,70226157003,47296175,50000000,-2703825,1.0571679422278863,0,3415499,70222018064,1470000000,0,0,0,0,0,0,4,260,1979.285913
run_20260930-035423_13076d45.json,clip,98,0,64,0,6576714528,67108864,70239533219,70291126777,70291127207,70239531039,70239533219,51593558,50000000,1593558,0.9691132369665221,0,0,70239506049,1560000000,0,0,0,0,0,0,4,260,1979.285913
run_20260930-035423_13076d45.json,clip,99,2,66,2,6643823392,67108864,70265765131,70315637586,70315638106,70265763591,70265765131,49872455,50000000,-127545,1.0025574237321984,0,0,70265729261,1570000000,0,0,0,0,0,0,4,260,1979.285913
run_20260930-035423_13076d45.json,clip,100,3,67,4,6710932256,67108864,70272215855,70320297105,70320297555,70272213135,70272215855,48081250,40000000,8081250,0.8319251267385935,0,0,70272171814,1620000000,0,0,0,0,0,0,4,260,1979.285913
run_20260930-035423_13076d45.json,clip,101,1,65,1,6778041120,67108864,70276366094,70322284523,70322284933,70276363334,70276366094,45918429,40000000,5918429,0.8711099415008297,0,2495372,70273699553,1520000000,0,0,0,0,0,0,4,260,1979.285913
run_20260930-035423_13076d45.json,clip,102,0,64,3,6845149984,67108864,70291691767,70340888769,70340889019,70291689267,70291691767,49197002,50000000,-802998,1.016322092146997,0,0,70291645437,1610000000,0,0,0,0,0,0,4,260,1979.285913
run_20260930-035423_13076d45.json,clip,103,2,66,0,6912258848,67108864,70316175646,70367044650,70367045090,70316174126,70316175646,50869004,50000000,869004,0.9829168269148734,0,0,70316147296,1620000000,0,0,0,0,0,0,4,260,1979.285913
run_20260930-035423_13076d45.json,clip,104,3,67,5,6979367712,67108864,70320787215,70375400060,70375400320,70320785494,70320787215,54612845,50000000,4612845,0.9155355301486308,0,0,70320761214,1660000000,0,0,0,0,0,0,4,260,1979.285913
run_20260930-035423_13076d45.json,clip,105,1,65,6,7046476576,67108864,70325213739,70376137764,70376138404,70325211139,70325213739,50924025,50000000,924025,0.9818548317812663,0,2188746,70322576879,1560000000,0,0,0,0,0,0,4,260,1979.285913
run_20260930-035423_13076d45.json,clip,106,0,64,1,7113585440,67108864,70341186915,70394436594,70394437094,70341185505,70341186915,53249679,50000000,3249679,0.9389727964369513,0,0,70341159814,1660000000,0,0,0,0,0,0,4,260,1979.285913
run_20260930-035423_13076d45.json,clip,107,2,66,2,7180694304,67108864,70367488118,70416803282,70416803472,70367486558,70367488118,49315164,50000000,-684836,1.0138869253278768,0,0,70367456128,1670000000,0,0,0,0,0,0,4,260,1979.285913
run_20260930-035423_13076d45.json,clip,108,3,67,0,7247803168,67108864,70375952350,70427529658,70427530118,70375950460,70375952350,51577308,40000000,11577308,0.7755348534281782,0,0,70375883669,1720000000,0,0,0,0,0,0,4,260,1979.285913
run_20260930-035423_13076d45.json,clip,109,1,65,3,7314912032,67108864,70380796593,70429240990,70429241410,70380794593,70380796593,48444397,50000000,-1555603,1.032111102549176,0,3482190,70376455260,1610000000,0,0,0,0,0,0,4,260,1979.285913
run_20260930-035423_13076d45.json,clip,110,0,64,4,7382020896,67108864,70394806601,70442031155,70442031575,70394804951,70394806601,47224554,50000000,-2775446,1.0587712485331253,0,0,70394766340,1710000000,0,0,0,0,0,0,4,260,1979.285913
run_20260930-035423_13076d45.json,clip,111,2,66,1,7449129760,67108864,70417257711,70470431248,70470431748,70417255141,70417257711,53173537,50000000,3173537,0.9403173612468172,0,0,70417221350,1720000000,0,0,0,0,0,0,4,260,1979.285913
run_20260930-035423_13076d45.json,clip,112,3,67,2,7516238624,67108864,70428031567,70478058674,70478059185,70428029797,70428031567,50027107,40000000,10027107,0.7995665230052179,0,0,70427975636,1770000000,0,0,0,0,0,0,4,260,1979.285913
run_20260930-035423_13076d45.json,clip,113,1,65,5,7583347488,67108864,70433091654,70482816296,70482816766,70433087224,70433091654,49724642,50000000,-275358,1.0055376567618124,0,2607273,70429412394,1660000000,0,0,0,0,0,0,4,260,1979.285913
run_20260930-035423_13076d45.json,clip,114,0,64,0,7650456352,67108864,70442419452,70495623631,70495624301,70442417832,70442419452,53204179,50000000,3204179,0.9397758021977936,0,0,70442385372,1760000000,0,0,0,0,0,0,4,260,1979.285913
run_20260930-035423_13076d45.json,clip,115,2,66,3,7717565216,67108864,70470873357,70518486418,70518486878,70470871667,70470873357,47613061,40000000,7613061,0.8401056172380935,0,0,70470828146,1770000000,0,0,0,0,0,0,4,260,1979.285913
run_20260930-035423_13076d45.json,clip,116,3,67,1,7784674080,67108864,70478459732,70530563950,70530565079,70478456802,70478459732,52104218,50000000,2104218,0.9596152081200029,0,0,70478404781,1810000000,0,0,0,0,0,0,4,260,1979.285913
run_20260930-035423_13076d45.json,clip,117,1,65,4,7851782944,67108864,70483154742,70534808491,70534809581,70483152832,70483154742,51653749,50000000,1653749,0.9679839502065959,0,0,70483132742,1710000000,0,0,0,0,0,0,4,260,1979.285913
run_20260930-035423_13076d45.json,clip,118,0,64,2,7918891808,67108864,70496350905,70542009198,70542009618,70496348435,70496350905,45658293,50000000,-4341707,1.0950913123274233,0,0,70496322584,1810000000,0,0,0,0,0,0,4,260,1979.285913
run_20260930-035423_13076d45.json,clip,119,2,66,0,7986000672,58981376,70518782954,70555137990,70555138400,70518781894,70518782954,36355036,40000000,-3644964,1.1002602225452343,0,0,70518740473,1810000000,0,0,0,0,0,0,4,260,1979.285913
run_20260930-035423_13076d45.json,unet,0,1,65,0,48928,67108864,71147444235,71202292785,71202293205,71147441825,71147444235,54848550,50000000,4848550,0.9116011271036335,0,0,70736433510,1760000000,0,0,0,0,0,0,1,257,3050.818612
run_20260930-035423_13076d45.json,unet,1,3,67,1,67157792,67108864,71151841989,71209569304,71209569704,71151839169,71151841989,57727315,60000000,-2272685,1.0393693176271925,0,2998321,71148400843,2260000000,0,0,0,0,0,0,2,258,3050.818612
run_20260930-035423_13076d45.json,unet,2,2,66,2,134266656,67108864,71156193183,71214014679,71214015059,71156190423,71156193183,57821496,50000000,7821496,0.86473030722,0,3788596,71148577247,1850000000,0,0,0,0,0,0,3,259,3050.818612
run_20260930-035423_13076d45.json,unet,3,0,64,3,201375520,67108864,71160319931,71240316112,71240316522,71160311551,71160319931,79996181,80000000,-3819,1.0000477397789778,0,3954550,71148766890,1860000000,0,0,0,0,0,0,4,260,3050.818612
run_20260930-035423_13076d45.json,unet,4,1,65,4,268484384,67108864,71202861305,71251886474,71251886914,71202858756,71202861305,49025169,50000000,-974831,1.019884296574276,0,0,71202807984,2200000000,0,0,0,0,0,0,4,260,3050.818612
run_20260930-035423_13076d45.json,unet,5,3,67,5,335593248,67108864,71209873500,71266472782,71266473193,71209872110,71209873500,56599282,50000000,6599282,0.8834034325735793,0,0,71209844909,2320000000,0,0,0,0,0,0,4,260,3050.818612
run_20260930-035423_13076d45.json,unet,6,2,66,6,402702112,67108864,71214326195,71268779037,71268779457,71214325375,71214326195,54452842,50000000,4452842,0.9182257190542965,0,0,71214309064,1900000000,0,0,0,0,0,0,4,260,3050.818612
run_20260930-035423_13076d45.json,unet,7,0,64,0,469810976,67108864,71240766471,71291586773,71291587363,71240763591,71240766471,50820302,50000000,820302,0.9838587736058712,0,0,71240630118,1940000000,0,0,0,0,0,0,4,260,3050.818612
run_20260930-035423_13076d45.json,unet,8,1,65,1,536919840,67108864,71252294211,71307576469,71307577059,71252292221,71252294211,55282258,50000000,5282258,0.9044493081306484,0,0,71252248580,2250000000,0,0,0,0,0,0,4,260,3050.818612
run_20260930-035423_13076d45.json,unet,9,3,67,2,604028704,67108864,71266825579,71317038480,71317038880,71266823539,71266825579,50212901,50000000,212901,0.9957600338606208,0,0,71266795609,2370000000,0,0,0,0,0,0,4,260,3050.818612
run_20260930-035423_13076d45.json,unet,10,2,66,3,671137568,67108864,71270915587,71322624527,71322624747,71270912387,71270915587,51708940,40000000,11708940,0.7735606260735571,0,1575063,71269178184,1950000000,0,0,0,0,0,0,4,260,3050.818612
run_20260930-035423_13076d45.json,unet,11,0,64,4,738246432,67108864,71291926389,71342183331,71342184241,71291925009,71291926389,50256942,40000000,10256942,0.795909946132417,0,0,71291893999,1990000000,0,0,0,0,0,0,4,260,3050.818612
run_20260930-035423_13076d45.json,unet,12,1,65,7,805355296,67108864,71308075569,71363311885,71363312295,71308074098,71308075569,55236316,50000000,5236316,0.9052015706478325,0,0,71307960526,2300000000,0,0,0,0,0,0,4,260,3050.818612
run_20260930-035423_13076d45.json,unet,13,3,67,5,872464160,67108864,71323867551,71376571759,71376572419,71323866331,71323867551,52704208,50000000,2704208,0.9486908521611784,6515245,0,71323838940,2420000000,0,0,0,0,0,0,3,259,3050.818612
run_20260930-035423_13076d45.json,unet,14,2,66,6,939573024,67108864,71327972539,71379182309,71379182529,71327968899,71327972539,51209770,50000000,1209770,0.9763761875907664,4740651,43395,71327789976,2000000000,0,0,0,0,0,0,4,260,3050.818612
run_20260930-035423_13076d45.json,unet,15,0,64,0,1006681888,67108864,71342678800,71391756070,71391756459,71342674751,71342678800,49077270,50000000,-922730,1.0188015755562605,0,0,71342471027,2030000000,0,0,0,0,0,0,4,260,3050.818612
run_20260930-035423_13076d45.json,unet,16,1,65,1,1073790752,67108864,71363655872,71424283432,71424283832,71363654542,71363655872,60627560,50000000,10627560,0.8247074432815703,0,0,71363629901,2360000000,0,0,0,0,0,0,4,260,3050.818612
run_20260930-035423_13076d45.json,unet,17,3,67,2,1140899616,67108864,71377022697,71435288872,71435289052,71377020448,71377022697,58266175,50000000,8266175,0.8581308108864191,0,0,71376985557,2470000000,0,0,0,0,0,0,4,260,3050.818612
run_20260930-035423_13076d45.json,unet,18,2,66,3,1208008480,67108864,71381859910,71440347069,71440347649,71381856460,71381859910,58487159,60000000,-1512841,1.0258662076576501,0,1516832,71379484685,2050000000,0,0,0,0,0,0,4,260,3050.818612
run_20260930-035423_13076d45.json,unet,19,0,64,4,1275117344,67108864,71392040585,71452244527,71452244967,71392039235,71392040585,60203942,60000000,203942,0.9966124809568118,0,0,71392015724,2080000000,0,0,0,0,0,0,4,260,3050.818612
run_20260930-035423_13076d45.json,unet,20,1,65,0,1342226208,67108864,71424629368,71479540869,71479541459,71424627808,71424629368,54911501,50000000,4911501,0.9105560600137301,0,0,71424595938,2410000000,0,0,0,0,0,0,4,260,3050.818612
run_20260930-035423_13076d45.json,unet,21,3,67,5,1409335072,67108864,71435719940,71496220788,71496221238,71435716880,71435719940,60500848,60000000,500848,0.9917216366950757,0,0,71435553107,2520000000,0,0,0,0,0,0,4,260,3050.818612
run_20260930-035423_13076d45.json,unet,22,2,66,1,1476443936,67108864,71440638505,71497947951,71497948391,71440637145,71440638505,57309446,50000000,7309446,0.8724565231358196,0,0,71440612934,2110000000,0,0,0,0,0,0,4,260,3050.818612
run_20260930-035423_13076d45.json,unet,23,0,64,2,1543552800,67108864,71452656445,71506517395,71506517985,71452654315,71452656445,53860950,50000000,3860950,0.9283163405027204,0,0,71452615714,2140000000,0,0,0,0,0,0,4,260,3050.818612
run_20260930-035423_13076d45.json,unet,24,1,65,3,1610661664,67108864,71479912716,71529896693,71529897622,71479911346,71479912716,49983977,40000000,9983977,0.8002564501820253,0,0,71479869425,2470000000,0,0,0,0,0,0,4,260,3050.818612
run_20260930-035423_13076d45.json,unet,25,3,67,0,1677770528,67108864,71496640576,71555084054,71555084434,71496638776,71496640576,58443478,60000000,-1556522,1.0266329461090595,0,0,71496610036,2580000000,0,0,0,0,0,0,4,260,3050.818612
run_20260930-035423_13076d45.json,unet,27,0,64,5,1811988256,67108864,71506973994,71581743104,71581743694,71506972014,71506973994,74769110,70000000,4769110,0.9362155039694868,0,0,71506934113,2190000000,0,0,0,0,0,0,4,260,3050.818612
run_20260930-035423_13076d45.json,unet,26,2,66,4,1744879392,67108864,71501521339,71590558813,71590559293,71501517230,71501521339,89037474,80000000,9037474,0.8984980863226196,0,2389129,71498230487,2160000000,0,0,0,0,0,0,4,260,3050.818612
run_20260930-035423_13076d45.json,unet,28,1,65,1,1879097120,67108864,71530575185,71608334203,71608334603,71530572905,71530575185,77759018,80000000,-2240982,1.0288195769138957,0,0,71530518494,2510000000,0,0,0,0,0,0,4,260,3050.818612
run_20260930-035423_13076d45.json,unet,29,3,67,2,1946205984,67108864,71555415791,71614968980,71614969380,71555414181,71555415791,59553189,50000000,9553189,0.8395856013688873,0,0,71555391400,2640000000,0,0,0,0,0,0,4,260,3050.818612
run_20260930-035423_13076d45.json,unet,30,0,64,0,2013314848,67108864,71582127002,71634095616,71634096216,71582125152,71582127002,51968614,50000000,1968614,0.9621191744694211,0,0,71582085301,2260000000,0,0,0,0,0,0,4,260,3050.818612
run_20260930-035423_13076d45.json,unet,31,2,66,3,2080423712,67108864,71591369409,71647848889,71647849309,71591367729,71591369409,56479480,60000000,-3520520,1.0623327268593832,0,0,71591315277,2240000000,0,0,0,0,0,0,4,260,3050.818612
run_20260930-035423_13076d45.json,unet,32,1,65,4,2147532576,67108864,71608846133,71668559105,71668559495,71608843963,71608846133,59712972,60000000,-287028,1.0048067947446997,0,0,71608782532,2590000000,0,0,0,0,0,0,4,260,3050.818612
run_20260930-035423_13076d45.json,unet,33,3,67,5,2214641440,67108864,71615241935,71670843779,71670844169,71615240675,71615241935,55601844,60000000,-4398156,1.0791009017614597,0,0,71615217905,2690000000,0,0,0,0,0,0,4,260,3050.818612
run_20260930-035423_13076d45.json,unet,34,0,64,1,2281750304,67108864,71634569935,71688193061,71688193511,71634567775,71634569935,53623126,50000000,3623126,0.9324335175834396,0,0,71634536804,2310000000,0,0,0,0,0,0,4,260,3050.818612
run_20260930-035423_13076d45.json,unet,35,2,66,0,2348859168,67108864,71648977661,71703553075,71703553665,71648968620,71648977661,54575414,50000000,4575414,0.9161634577797247,0,0,71648821158,2300000000,0,0,0,0,0,0,4,260,3050.818612
run_20260930-035423_13076d45.json,unet,36,1,65,2,2415968032,67108864,71669133816,71727441192,71727441842,71669131706,71669133816,58307376,50000000,8307376,0.8575244408186025,0,0,71669076905,2650000000,0,0,0,0,0,0,4,260,3050.818612
run_20260930-035423_13076d45.json,unet,37,3,67,3,2483076896,67108864,71674176313,71732592280,71732592691,71674173713,71674176313,58415967,60000000,-1584033,1.0271164389010286,0,1974131,71671137645,2750000000,0,0,0,0,0,0,4,260,3050.818612
run_20260930-035423_13076d45.json,unet,38,0,64,4,2550185760,67108864,71688608569,71743001450,71743001700,71688606349,71688608569,54392881,50000000,4392881,0.9192379421858533,0,0,71688573368,2370000000,0,0,0,0,0,0,4,260,3050.818612
run_20260930-035423_13076d45.json,unet,39,2,66,1,2617294624,67108864,71704698317,71760291200,71760291860,71704695177,71704698317,55592883,50000000,5592883,0.899395701424587,0,0,71704600755,2350000000,0,0,0,0,0,0,4,260,3050.818612
run_20260930-035423_13076d45.json,unet,40,1,65,0,2684403488,67108864,71727837109,71788209164,71788209564,71727835720,71727837109,60372055,60000000,372055,0.9938372977365107,0,0,71727812569,2700000000,0,0,0,0,0,0,4,260,3050.818612
run_20260930-035423_13076d45.json,unet,41,3,67,5,2751512352,67108864,71733356405,71790242303,71790242763,71733353925,71733356405,56885898,50000000,6885898,0.8789524602389155,0,0,71733308154,2810000000,0,0,0,0,0,0,4,260,3050.818612
run_20260930-035423_13076d45.json,unet,42,0,64,2,2818621216,67108864,71743585221,71801232174,71801232444,71743583301,71743585221,57646953,50000000,7646953,0.8673485309795992,0,0,71743512279,2420000000,0,0,0,0,0,0,4,260,3050.818612
run_20260930-035423_13076d45.json,unet,43,2,66,3,2885730080,67108864,71760914642,71821572703,71821573333,71760912572,71760914642,60658061,60000000,658061,0.989151301753612,0,0,71760875561,2400000000,0,0,0,0,0,0,4,260,3050.818612
run_20260930-035423_13076d45.json,unet,44,1,65,1,2952838944,67108864,71788775455,71844220446,71844221306,71788773555,71788775455,55444991,50000000,5444991,0.9017947175787259,0,0,71788744705,2760000000,0,0,0,0,0,0,4,260,3050.818612
run_20260930-035423_13076d45.json,unet,45,3,67,4,3019947808,67108864,71793149219,71854411551,71854411921,71793142999,71793149219,61262332,60000000,1262332,0.979394646615803,0,2237706,71790502148,2860000000,0,0,0,0,0,0,4,260,3050.818612
run_20260930-035423_13076d45.json,unet,46,0,64,0,3087056672,67108864,71802115241,71866246617,71866247028,71802113221,71802115241,64131376,60000000,4131376,0.9355794892035374,0,0,71802061440,2470000000,0,0,0,0,0,0,4,260,3050.818612
run_20260930-035423_13076d45.json,unet,47,2,66,2,3154165536,67108864,71822812226,71907539567,71907539988,71822805937,71822812226,84727341,80000000,4727341,0.9442052477487757,0,0,71822650883,2460000000,0,0,0,0,0,0,4,260,3050.818612
run_20260930-035423_13076d45.json,unet,48,1,65,3,3221274400,67108864,71845306817,71909577877,71909578287,71845302057,71845306817,64271060,70000000,-5728940,1.0891371637561291,0,0,71845238206,2810000000,0,0,0,0,0,0,4,260,3050.818612
run_20260930-035423_13076d45.json,unet,49,3,67,1,3288383264,67108864,71854916291,71915303986,71915304626,71854914261,71854916291,60387695,60000000,387695,0.9935799006734733,0,0,71854849879,2920000000,0,0,0,0,0,0,4,260,3050.818612
run_20260930-035423_13076d45.json,unet,50,0,64,4,3355492128,67108864,71866658516,71930037908,71930038418,71866656636,71866658516,63379392,60000000,3379392,0.9466799555287624,0,0,71866629335,2540000000,0,0,0,0,0,0,4,260,3050.818612
run_20260930-035423_13076d45.json,unet,51,2,66,0,3422600992,67108864,71908105038,71974404457,71974404897,71908103208,71908105038,66299419,60000000,6299419,0.9049853061306615,0,0,71908077508,2550000000,0,0,0,0,0,0,4,260,3050.818612
run_20260930-035423_13076d45.json,unet,52,1,65,5,3489709856,67108864,71912786578,71977824032,71977824212,71912783098,71912786578,65037454,60000000,5037454,0.9225453382600125,0,2191645,71909887463,2880000000,0,0,0,0,0,0,4,260,3050.818612
run_20260930-035423_13076d45.json,unet,53,3,67,2,3556818720,67108864,71917134581,71980041595,71980041995,71917129541,71917134581,62907014,60000000,2907014,0.95378871424417,0,807729,71915960999,2980000000,0,0,0,0,0,0,4,260,3050.818612
run_20260930-035423_13076d45.json,unet,54,0,64,1,3623927584,67108864,71930623459,71993033433,71993034133,71930621319,71930623459,62409974,60000000,2409974,0.9613847940394912,0,0,71930599009,2600000000,0,0,0,0,0,0,4,260,3050.818612
run_20260930-035423_13076d45.json,unet,55,2,66,3,3691036448,67108864,71974892386,72036972184,72036972594,71974890236,71974892386,62079798,60000000,2079798,0.9664979902157542,0,0,71974841915,2610000000,0,0,0,0,0,0,4,260,3050.818612
run_20260930-035423_13076d45.json,unet,56,1,65,4,3758145312,67108864,71979031055,72041681194,72041681584,71979027915,71979031055,62650139,60000000,2650139,0.9576993915368648,0,516003,71978321262,2940000000,0,0,0,0,0,0,4,260,3050.818612
run_20260930-035423_13076d45.json,unet,57,3,67,6,3825254176,67108864,71983202325,72044819984,72044820384,71983200145,71983202325,61617659,60000000,1617659,0.9737468279994214,0,2639963,71980368101,3040000000,0,0,0,0,0,0,4,260,3050.818612
run_20260930-035423_13076d45.json,unet,58,0,64,0,3892363040,67108864,71993750717,72074307289,72074307729,71993748057,71993750717,80556572,70000000,10556572,0.8689545528327596,0,0,71993668575,2660000000,0,0,0,0,0,0,4,260,3050.818612
run_20260930-035423_13076d45.json,unet,59,2,66,1,3959471904,67108864,72037370722,72085426761,72085427171,72037368502,72037370722,48056039,50000000,-1943961,1.0404519606786569,0,0,72037340011,2670000000,0,0,0,0,0,0,4,260,3050.818612
run_20260930-035423_13076d45.json,unet,60,1,65,2,4026580768,67108864,72042308006,72103648270,72103648670,72042306036,72042308006,61340264,60000000,1340264,0.9781503385769582,0,0,72042265655,3000000000,0,0,0,0,0,0,4,260,3050.818612
run_20260930-035423_13076d45.json,unet,61,3,67,3,4093689632,67108864,72046454225,72107630406,72107630816,72046450325,72046454225,61176181,60000000,1176181,0.9807738734132488,0,1063544,72045197041,3100000000,0,0,0,0,0,0,4,260,3050.818612
run_20260930-035423_13076d45.json,unet,62,0,64,4,4160798496,67108864,72074585734,72128273511,72128273911,72074583364,72074585734,53687777,50000000,3687777,0.9313106780338475,0,0,72074553843,2740000000,0,0,0,0,0,0,4,260,3050.818612
run_20260930-035423_13076d45.json,unet,63,2,66,0,4227907360,67108864,72085752788,72141242539,72141242930,72085751017,72085752788,55489751,50000000,5489751,0.901067297995264,0,0,72085717757,2720000000,0,0,0,0,0,0,4,260,3050.818612
run_20260930-035423_13076d45.json,unet,64,1,65,1,4295016224,67108864,72104138249,72165933732,72165934122,72104135899,72104138249,61795483,60000000,1795483,0.9709447533568109,0,0,72104089608,3060000000,0,0,0,0,0,0,4,260,3050.818612
run_20260930-035423_13076d45.json,unet,65,3,67,5,4362125088,67108864,72108239838,72169483080,72169483490,72108236988,72108239838,61243242,60000000,1243242,0.9796999316267417,0,241818,72107875241,3160000000,0,0,0,0,0,0,4,260,3050.818612
run_20260930-035423_13076d45.json,unet,66,0,64,2,4429233952,67108864,72128601948,72187937853,72187938313,72128600617,72128601948,59335905,50000000,9335905,0.842660106052145,0,0,72128573707,2790000000,0,0,0,0,0,0,4,260,3050.818612
run_20260930-035423_13076d45.json,unet,67,2,66,3,4496342816,67108864,72141911492,72197177370,72197177770,72141908202,72141911492,55265878,50000000,5265878,0.9047173737111351,0,0,72141856111,2770000000,0,0,0,0,0,0,4,260,3050.818612
run_20260930-035423_13076d45.json,unet,68,1,65,0,4563451680,67108864,72166465662,72223823870,72223824260,72166463192,72166465662,57358208,60000000,-2641792,1.0460577847899293,0,0,72166426092,3120000000,0,0,0,0,0,0,4,260,3050.818612
run_20260930-035423_13076d45.json,unet,69,3,67,4,4630560544,67108864,72171128931,72229729053,72229729723,72171125191,72171128931,58600122,50000000,8600122,0.8532405444480132,0,670666,72169774556,3220000000,0,0,0,0,0,0,4,260,3050.818612
run_20260930-035423_13076d45.json,unet,70,0,64,6,4697669408,67108864,72188496124,72247504313,72247505093,72188494104,72188496124,59008189,60000000,-991811,1.0168080230355825,0,0,72188441463,2840000000,0,0,0,0,0,0,4,260,3050.818612
run_20260930-035423_13076d45.json,unet,71,2,66,1,4764778272,67108864,72197634619,72258887171,72258887571,72197632579,72197634619,61252552,60000000,1252552,0.9795510234414396,0,0,72197606448,2820000000,0,0,0,0,0,0,4,260,3050.818612
run_20260930-035423_13076d45.json,unet,72,1,65,2,4831887136,67108864,72224250088,72285461739,72285462199,72224248388,72224250088,61211651,60000000,1211651,0.9802055494304508,0,0,72224183957,3180000000,0,0,0,0,0,0,4,260,3050.818612
run_20260930-035423_13076d45.json,unet,74,0,64,0,4966104864,67108864,72248662035,72309436008,72309436418,72248659605,72248662035,60773973,60000000,773973,0.9872647292616529,0,0,72248601514,2900000000,0,0,0,0,0,0,4,260,3050.818612
run_20260930-035423_13076d45.json,unet,73,3,67,3,4898996000,67108864,72230043829,72309912607,72309912847,72230041819,72230043829,79868778,70000000,9868778,0.8764375986821784,0,0,72230015698,3280000000,0,0,0,0,0,0,4,260,3050.818612
run_20260930-035423_13076d45.json,unet,75,2,66,4,5033213728,67108864,72262677803,72323718112,72323718532,72262675923,72262677803,61040309,60000000,1040309,0.9829570161579622,0,0,72262616062,2880000000,0,0,0,0,0,0,4,260,3050.818612
run_20260930-035423_13076d45.json,unet,76,1,65,1,5100322592,67108864,72285793326,72340023564,72340023974,72285791526,72285793326,54230238,50000000,4230238,0.9219948472289574,0,0,72285764395,3240000000,0,0,0,0,0,0,4,260,3050.818612
run_20260930-035423_13076d45.json,unet,77,0,64,2,5167431456,67108864,72309741084,72374086226,72374086676,72309739734,72309741084,64345142,70000000,-5654858,1.0878832157989486,0,0,72309715004,2960000000,0,0,0,0,0,0,4,260,3050.818612
run_20260930-035423_13076d45.json,unet,78,3,67,5,5234540320,67108864,72313812032,72379980928,72379981508,72313808302,72313812032,66168896,60000000,6168896,0.9067704560160713,0,3409509,72310308875,3350000000,0,0,0,0,0,0,4,260,3050.818612
run_20260930-035423_13076d45.json,unet,79,2,66,0,5301649184,67108864,72324166000,72402252475,72402252885,72324163870,72324166000,78086475,70000000,8086475,0.8964420535054246,0,0,72324043068,2940000000,0,0,0,0,0,0,4,260,3050.818612
run_20260930-035423_13076d45.json,unet,80,1,65,3,5368758048,67108864,72340307409,72406473075,72406473806,72340306029,72340307409,66165666,70000000,-3834334,1.0579505086520251,0,0,72340281539,3290000000,0,0,0,0,0,0,4,260,3050.818612
run_20260930-035423_13076d45.json,unet,81,0,64,1,5435866912,67108864,72374482573,72429180850,72429181340,72374480743,72374482573,54698277,50000000,4698277,0.9141055759398052,0,0,72374449743,3030000000,0,0,0,0,0,0,4,260,3050.818612
run_20260930-035423_13076d45.json,unet,82,3,67,4,5502975776,67108864,72380321495,72443322991,72443323631,72380319755,72380321495,63001496,60000000,3001496,0.952358337649633,0,0,72380290024,3410000000,0,0,0,0,0,0,4,260,3050.818612
run_20260930-035423_13076d45.json,unet,84,1,65,5,5637193504,67108864,72407392273,72486295643,72486296033,72407389243,72407392273,78903370,80000000,-1096630,1.0138983924260776,0,0,72407308682,3360000000,0,0,0,0,0,0,4,260,3050.818612
run_20260930-035423_13076d45.json,unet,85,0,64,0,5704302368,67108864,72429832922,72492447911,72492448551,72429829862,72429832922,62614989,60000000,2614989,0.9582370125466284,0,0,72429768261,3080000000,0,0,0,0,0,0,4,260,3050.818612
run_20260930-035423_13076d45.json,unet,83,2,66,2,5570084640,67108864,72402585871,72495920807,72495921087,72402584721,72402585871,93334936,90000000,3334936,0.9642691564067715,0,0,72402554871,3010000000,0,0,0,0,0,0,4,260,3050.818612
run_20260930-035423_13076d45.json,unet,86,3,67,1,5771411232,67108864,72443689078,72504213966,72504214356,72443687548,72443689078,60524888,60000000,524888,0.991327732816292,0,0,72443665627,3470000000,0,0,0,0,0,0,4,260,3050.818612
run_20260930-035423_13076d45.json,unet,87,1,65,3,5838520096,67108864,72486628440,72557048647,72557049047,72486627129,72486628440,70420207,60000000,10420207,0.8520281685624695,0,0,72486600179,3440000000,0,0,0,0,0,0,4,260,3050.818612
run_20260930-035423_13076d45.json,unet,88,0,64,4,5905628960,67108864,72492941140,72566692222,72566692622,72492938780,72492941140,73751082,70000000,3751082,0.9491386173832677,0,0,72492875869,3140000000,0,0,0,0,0,0,4,260,3050.818612
run_20260930-035423_13076d45.json,unet,89,2,66,5,5972737824,67108864,72497292833,72583019504,72583019884,72497272453,72497292833,85726671,80000000,5726671,0.9331984908174027,0,835959,72496083441,3110000000,0,0,0,0,0,0,4,260,3050.818612
run_20260930-035423_13076d45.json,unet,90,3,67,0,6039846688,67108864,72504668305,72586454100,72586454480,72504666275,72504668305,81785795,80000000,1785795,0.9781649735140436,0,0,72504638074,3530000000,0,0,0,0,0,0,4,260,3050.818612
run_20260930-035423_13076d45.json,unet,91,1,65,1,6106955552,67108864,72557395964,72619524713,72619525313,72557394084,72557395964,62128749,60000000,2128749,0.9657364902035932,0,0,72557367153,3500000000,0,0,0,0,0,0,4,260,3050.818612
run_20260930-035423_13076d45.json,unet,92,0,64,2,6174064416,67108864,72567239762,72631921430,72631921830,72567238072,72567239762,64681668,60000000,4681668,0.9276198628643899,0,0,72567188011,3210000000,0,0,0,0,0,0,4,260,3050.818612
run_20260930-035423_13076d45.json,unet,94,3,67,4,6308282144,67108864,72587501400,72665715947,72665716647,72587497600,72587501400,78214547,70000000,8214547,0.8949741791638837,0,543774,72586792696,3610000000,0,0,0,0,0,0,4,260,3050.818612
run_20260930-035423_13076d45.json,unet,93,2,66,3,6241173280,67108864,72583358571,72682937056,72682937296,72583357061,72583358571,99578485,90000000,9578485,0.9038096934292583,0,0,72583334690,3190000000,0,0,0,0,0,0,4,260,3050.818612
run_20260930-035423_13076d45.json,unet,95,1,65,0,6375391008,67108864,72619851139,72689114425,72689114855,72619849659,72619851139,69263286,70000000,-736714,1.010636428655724,0,0,72619827439,3560000000,0,0,0,0,0,0,4,260,3050.818612
run_20260930-035423_13076d45.json,unet,96,0,64,1,6442499872,67108864,72632282097,72693379286,72693379886,72632280527,72632282097,61097189,60000000,1097189,0.9820419070343809,0,0,72632255136,3270000000,0,0,0,0,0,0,4,260,3050.818612
run_20260930-035423_13076d45.json,unet,97,3,67,2,6509608736,67108864,72666382780,72724905789,72724906440,72666380600,72666382780,58523009,50000000,8523009,0.8543648191431852,0,0,72666337829,3690000000,0,0,0,0,0,0,4,260,3050.818612
run_20260930-035423_13076d45.json,unet,98,2,66,4,6576717600,67108864,72683279473,72741317534,72741318084,72683277813,72683279473,58038061,60000000,-1961939,1.0338043512515003,0,0,72683251772,3280000000,0,0,0,0,0,0,4,260,3050.818612
run_20260930-035423_13076d45.json,unet,100,0,64,3,6710935328,67108864,72693887196,72751879486,72751879776,72693885386,72693887196,57992290,60000000,-2007710,1.034620291766371,0,0,72693831695,3330000000,0,0,0,0,0,0,4,260,3050.818612
run_20260930-035423_13076d45.json,unet,99,1,65,5,6643826464,67108864,72689620794,72752031879,72752032259,72689618934,72689620794,62411085,60000000,2411085,0.9613676801164408,0,0,72689581533,3630000000,0,0,0,0,0,0,4,260,3050.818612
run_20260930-035423_13076d45.json,unet,101,3,67,0,6778044192,67108864,72725337468,72780861351,72780861760,72725334538,72725337468,55523883,50000000,5523883,0.900513388085628,0,0,72725264136,3740000000,0,0,0,0,0,0,4,260,3050.818612
run_20260930-035423_13076d45.json,unet,102,2,66,1,6845153056,67108864,72741775892,72796343387,72796344277,72741774123,72741775892,54567495,50000000,4567495,0.9162964141931016,0,0,72741739562,3340000000,0,0,0,0,0,0,4,260,3050.818612
run_20260930-035423_13076d45.json,unet,103,0,64,2,6912261920,67108864,72752427536,72812015147,72812015747,72752426176,72752427536,59587611,50000000,9587611,0.8391005976057674,0,0,72752392366,3390000000,0,0,0,0,0,0,3,259,3050.818612
run_20260930-035423_13076d45.json,unet,104,1,65,4,6979370784,67108864,72756860621,72815118066,72815118466,72756853761,72756860621,58257445,60000000,-1742555,1.0299112843002298,0,3759745,72752643700,3690000000,0,0,0,0,0,0,4,260,3050.818612
run_20260930-035423_13076d45.json,unet,105,3,67,3,7046479648,67108864,72781499843,72837439933,72837440333,72781497823,72781499843,55940090,50000000,5940090,0.8938133635466086,0,0,72781453502,3800000000,0,0,0,0,0,0,4,260,3050.818612
run_20260930-035423_13076d45.json,unet,106,2,66,0,7113588512,67108864,72797162832,72853622973,72853623373,72797159582,72797162832,56460141,50000000,6460141,0.8855805018269437,0,0,72797085351,3390000000,0,0,0,0,0,0,4,260,3050.818612
run_20260930-035423_13076d45.json,unet,107,0,64,1,7180697376,67108864,72812368083,72878195453,72878195883,72812366783,72812368083,65827370,60000000,5827370,0.9114749685427201,0,0,72812343163,3450000000,0,0,0,0,0,0,4,260,3050.818612
run_20260930-035423_13076d45.json,unet,108,1,65,5,7247806240,67108864,72816954911,72878934487,72878934877,72816952851,72816954911,61979576,60000000,1979576,0.9680608334590737,0,986012,72815356241,3750000000,0,0,0,0,0,0,4,260,3050.818612
run_20260930-035423_13076d45.json,unet,109,3,67,2,7314915104,67108864,72837774490,72895577526,72895577716,72837773100,72837774490,57803036,50000000,7803036,0.8650064678263613,0,0,72837737289,3850000000,0,0,0,0,0,0,4,260,3050.818612
run_20260930-035423_13076d45.json,unet,110,2,66,3,7382023968,67108864,72854001610,72909576824,72909577654,72853999280,72854001610,55575214,60000000,-4424786,1.0796179750203032,0,0,72853886268,3440000000,0,0,0,0,0,0,4,260,3050.818612
run_20260930-035423_13076d45.json,unet,111,0,64,0,7449132832,67108864,72878391437,72935417658,72935418068,72878389397,72878391437,57026221,50000000,7026221,0.8767896438377005,0,0,72878364606,3510000000,0,0,0,0,0,0,4,260,3050.818612
run_20260930-035423_13076d45.json,unet,112,1,65,4,7516241696,67108864,72882635738,72938994457,72938994897,72882629448,72882635738,56358719,50000000,6358719,0.8871741744165619,0,3065552,72879301975,3810000000,0,0,0,0,0,0,4,260,3050.818612
run_20260930-035423_13076d45.json,unet,113,3,67,1,7583350560,67108864,72895786730,72955093795,72955094205,72895783280,72895786730,59307065,60000000,-692935,1.0116838525055996,0,0,72895758629,3900000000,0,0,0,0,0,0,4,260,3050.818612
run_20260930-035423_13076d45.json,unet,114,2,66,2,7650459424,67108864,72909878029,72967156196,72967157046,72909876760,72909878029,57278167,50000000,7278167,0.8729329623973476,0,0,72909853019,3500000000,0,0,0,0,0,0,4,260,3050.818612
run_20260930-035423_13076d45.json,unet,115,0,64,3,7717568288,67108864,72935731964,72990347429,72990348380,72935730734,72935731964,54615465,50000000,4615465,0.9154916102975595,0,0,72935697974,3560000000,0,0,0,0,0,0,4,260,3050.818612
run_20260930-035423_13076d45.json,unet,116,1,65,5,7784677152,67108864,72939878514,72997298503,72997298893,72939873754,72939878514,57419989,50000000,7419989,0.8707768996611964,0,356160,72939339613,3860000000,0,0,0,0,0,0,4,260,3050.818612
run_20260930-035423_13076d45.json,unet,117,3,67,0,7851786016,67108864,72955464082,73014136685,73014137085,72955462382,72955464082,58672603,60000000,-1327397,1.0226237959819169,0,0,72955435201,3960000000,0,0,0,0,0,0,4,260,3050.818612
run_20260930-035423_13076d45.json,unet,118,2,66,1,7918894880,67108864,72967832549,73023867311,73023868341,72967829259,72967832549,56034762,60000000,-3965238,1.070763894740911,0,0,72967756797,3550000000,0,0,0,0,0,0,4,260,3050.818612
run_20260930-035423_13076d45.json,unet,119,0,64,2,7986003744,67108864,72991001892,73045746680,73045747110,72990999762,72991001892,54744788,60000000,-5255212,1.0959947456550567,0,0,72990939671,3610000000,0,0,0,0,0,0,4,260,3050.818612
run_20260930-035423_13076d45.json,unet,120,1,65,4,8053112608,67108864,72997670810,73055671280,73055671680,72997669340,72997670810,58000470,60000000,-1999530,1.0344743758110926,0,0,72997632749,3910000000,0,0,0,0,0,0,4,260,3050.818612
run_20260930-035423_13076d45.json,unet,121,3,67,3,8120221472,67108864,73014665875,73072521862,73072522482,73014664185,73014665875,57855987,50000000,7855987,0.8642147959553433,0,0,73014605864,4020000000,0,0,0,0,0,0,4,260,3050.818612
run_20260930-035423_13076d45.json,unet,122,2,66,6,8187330336,67108864,73024199108,73080977134,73080977404,73024197667,73024199108,56778026,50000000,6778026,0.8806223731695075,0,0,73024157577,3610000000,0,0,0,0,0,0,4,260,3050.818612
run_20260930-035423_13076d45.json,unet,123,0,64,0,8254439200,67108864,73046107747,73097441349,73097441879,73046105437,73046107747,51333602,40000000,11333602,0.7792167009827208,0,0,73046076076,3670000000,0,0,0,0,0,0,4,260,3050.818612
run_20260930-035423_13076d45.json,unet,124,1,65,1,8321548064,67108864,73056283562,73108062262,73108063012,73056281471,73056283562,51778700,50000000,1778700,0.9656480367409765,0,0,73056181680,3970000000,0,0,0,0,0,0,4,260,3050.818612
run_20260930-035423_13076d45.json,unet,125,3,67,2,8388656928,67108864,73073011362,73127333221,73127333601,73073008931,73073011362,54321859,50000000,4321859,0.920439780972886,0,0,73072936890,4070000000,0,0,0,0,0,0,4,260,3050.818612
run_20260930-035423_13076d45.json,unet,126,2,66,3,8455765792,67108864,73081366271,73135232972,73135233382,73081364421,73081366271,53866701,50000000,3866701,0.9282172301585724,0,0,73081341231,3660000000,0,0,0,0,0,0,4,260,3050.818612
run_20260930-035423_13076d45.json,unet,127,0,64,4,8522874656,67108864,73097745955,73153445421,73153445831,73097744375,73097745955,55699466,50000000,5699466,0.8976746742958003,0,0,73097720454,3720000000,0,0,0,0,0,0,4,260,3050.818612
run_20260930-035423_13076d45.json,unet,128,1,65,0,8589983520,67108864,73108553312,73165559753,73165560133,73108551672,73108553312,57006441,50000000,7006441,0.8770938708487345,0,0,73108520351,4020000000,0,0,0,0,0,0,4,260,3050.818612
run_20260930-035423_13076d45.json,unet,129,3,67,1,8657092384,67108864,73127646477,73185216079,73185216669,73127645137,73127646477,57569602,60000000,-2430398,1.0422166892868219,0,0,73127615907,4120000000,0,0,0,0,0,0,4,260,3050.818612
run_20260930-035423_13076d45.json,unet,130,2,66,2,8724201248,67108864,73135485467,73192654151,73192654751,73135483487,73135485467,57168684,60000000,-2831316,1.0495256458938254,0,0,73135456537,3710000000,0,0,0,0,0,0,4,260,3050.818612
run_20260930-035423_13076d45.json,unet,131,0,64,3,8791310112,67108864,73153779697,73210542143,73210542854,73153777957,73153779697,56762446,50000000,6762446,0.8808640839755214,0,0,73153752477,3770000000,0,0,0,0,0,0,4,260,3050.818612
run_20260930-035423_13076d45.json,unet,132,1,65,4,8858418976,67108864,73165857908,73224495331,73224495721,73165856198,73165857908,58637423,60000000,-1362577,1.0232373274657722,0,0,73165832008,4070000000,0,0,0,0,0,0,4,260,3050.818612
run_20260930-035423_13076d45.json,unet,133,3,67,0,8925527840,67108864,73185498984,73245033364,73245033874,73185497944,73185498984,59534380,60000000,-465620,1.0078210271107215,0,0,73185475214,4180000000,0,0,0,0,0,0,4,260,3050.818612
run_20260930-035423_13076d45.json,unet,134,2,66,1,8992636704,67108864,73192923556,73249811675,73249812055,73192921976,73192923556,56888119,50000000,6888119,0.8789181445777808,0,0,73192899956,3770000000,0,0,0,0,0,0,4,260,3050.818612
run_20260930-035423_13076d45.json,unet,135,0,64,2,9059745568,67108864,73211052943,73266853831,73266854281,73211050903,73211052943,55800888,60000000,-4199112,1.0752517056717807,0,0,73211016903,3820000000,0,0,0,0,0,0,4,260,3050.818612
run_20260930-035423_13076d45.json,unet,136,1,65,3,9126854432,67108864,73224784936,73278232649,73278232909,73224783446,73224784936,53447713,50000000,3447713,0.9354937226219576,0,0,73224760976,4130000000,0,0,0,0,0,0,4,260,3050.818612
run_20260930-035423_13076d45.json,unet,137,3,67,4,9193963296,67108864,73245505623,73300181039,73300181429,73245503333,73245505623,54675416,50000000,4675416,0.9144877836869133,0,0,73245464532,4240000000,0,0,0,0,0,0,4,260,3050.818612
run_20260930-035423_13076d45.json,unet,138,2,66,5,9261072160,67108864,73250479348,73305387089,73305387519,73250477858,73250479348,54907741,50000000,4907741,0.9106184135311631,0,0,73250445277,3820000000,0,0,0,0,0,0,4,260,3050.818612
run_20260930-035423_13076d45.json,unet,139,0,64,0,9328181024,67108864,73267262279,73322116789,73322117169,73267260019,73267262279,54854510,50000000,4854510,0.9115020806857996,0,0,73267220068,3880000000,0,0,0,0,0,0,4,260,3050.818612
run_20260930-035423_13076d45.json,unet,140,1,65,1,9395289888,67108864,73278664517,73331190213,73331190903,73278662597,73278664517,52525696,50000000,2525696,0.9519150398311714,0,0,73278588756,4180000000,0,0,0,0,0,0,4,260,3050.818612
run_20260930-035423_13076d45.json,unet,141,3,67,2,9462398752,67108864,73300481155,73353510750,73353511160,73300479615,73300481155,53029595,50000000,3029595,0.9428697315150153,0,0,73300454374,4290000000,0,0,0,0,0,0,4,260,3050.818612
run_20260930-035423_13076d45.json,unet,142,2,66,3,9529507616,67108864,73305622703,73359625997,73359626597,73305621193,73305622703,54003294,50000000,4003294,0.9258694478896047,0,0,73305594393,3880000000,0,0,0,0,0,0,4,260,3050.818612
run_20260930-035423_13076d45.json,unet,143,0,64,6,9596616480,67108864,73322449635,73378161851,73378162462,73322448465,73322449635,55712216,60000000,-4287784,1.0769630847209524,0,0,73322424595,3930000000,0,0,0,0,0,0,4,260,3050.818612
run_20260930-035423_13076d45.json,unet,144,1,65,4,9663725344,67108864,73331648061,73386583503,73386583863,73331645861,73331648061,54935442,50000000,4935442,0.9101592374554845,0,0,73331497509,4230000000,0,0,0,0,0,0,4,260,3050.818612
run_20260930-035423_13076d45.json,unet,145,3,67,0,9730834208,67108864,73354262934,73412298365,73412299025,73354259934,73354262934,58035431,60000000,-1964569,1.0338512003124436,0,0,73354173692,4340000000,0,0,0,0,0,0,4,260,3050.818612
run_20260930-035423_13076d45.json,unet,146,2,66,1,9797943072,67108864,73359899252,73418481713,73418482113,73359898102,73359899252,58582461,50000000,8582461,0.8534977729938659,0,0,73359878012,3930000000,0,0,0,0,0,0,4,260,3050.818612
run_20260930-035423_13076d45.json,unet,147,0,64,2,9865051936,67108864,73378536399,73430287329,73430287939,73378534919,73378536399,51750930,50000000,1750930,0.9661662118922307,0,0,73378507998,3990000000,0,0,0,0,0,0,4,260,3050.818612
run_20260930-035423_13076d45.json,unet,148,1,65,3,9932160800,67108864,73386840448,73443411010,73443411230,73386839308,73386840448,56570562,60000000,-3429438,1.060622307411406,0,0,73386812927,4280000000,0,0,0,0,0,0,4,260,3050.818612
run_20260930-035423_13076d45.json,unet,149,3,67,4,9999269664,67108864,73412971658,73472976546,73472977106,73412969128,73412971658,60004888,60000000,4888,0.9999185399696104,0,0,73412918947,4400000000,0,0,0,0,0,0,4,260,3050.818612
run_20260930-035423_13076d45.json,unet,150,2,66,5,10066378528,67108864,73418874191,73477158456,73477158926,73418872631,73418874191,58284265,60000000,-1715735,1.0294373618677357,0,0,73418765649,3980000000,0,0,0,0,0,0,4,260,3050.818612
run_20260930-035423_13076d45.json,unet,151,0,64,6,10133487392,67108864,73430636316,73488054785,73488055185,73430634816,73430636316,57418469,50000000,7418469,0.8707999511446396,0,0,73430594605,4040000000,0,0,0,0,0,0,4,260,3050.818612
run_20260930-035423_13076d45.json,unet,152,1,65,7,10200596256,67108864,73443698316,73503416229,73503416659,73443697156,73443698316,59717913,60000000,-282087,1.004723658042102,0,0,73443671525,4340000000,0,0,0,0,0,0,4,260,3050.818612
run_20260930-035423_13076d45.json,unet,153,3,67,0,10267705120,67108864,73473412765,73530145400,73530145830,73473411125,73473412765,56732635,50000000,6732635,0.8813269470032549,0,0,73473378104,4460000000,0,0,0,0,0,0,4,260,3050.818612
run_20260930-035423_13076d45.json,unet,154,2,66,1,10334813984,67108864,73477436351,73530786092,73530786303,73477434551,73477436351,53349741,50000000,3349741,0.937211672686471,0,0,73477404301,4040000000,0,0,0,0,0,0,4,260,3050.818612
run_20260930-035423_13076d45.json,unet,155,0,64,2,10401922848,67108864,73488376681,73544400943,73544401333,73488375041,73488376681,56024262,50000000,6024262,0.8924704800216735,0,0,73488347210,4090000000,0,0,0,0,0,0,4,260,3050.818612
run_20260930-035423_13076d45.json,unet,156,1,65,3,10469031712,67108864,73503717114,73560304037,73560304717,73503715734,73503717114,56586923,50000000,6586923,0.8835963743778753,0,0,73503694814,4400000000,0,0,0,0,0,0,4,260,3050.818612
run_20260930-035423_13076d45.json,unet,157,3,67,4,10536140576,67108864,73530530868,73584998420,73584999040,73530529188,73530530868,54467552,50000000,4467552,0.9179777347070784,0,0,73530502727,4510000000,0,0,0,0,0,0,4,260,3050.818612
run_20260930-035423_13076d45.json,unet,158,2,66,5,10603249440,67108864,73534936392,73588532898,73588533298,73534932142,73534936392,53596506,50000000,3596506,0.9328966332245613,0,3245606,73531267832,4090000000,0,0,0,0,0,0,4,260,3050.818612
run_20260930-035423_13076d45.json,unet,159,0,64,6,10670358304,67108864,73544780130,73601633999,73601634199,73544778360,73544780130,56853869,60000000,-3146131,1.055337148646823,0,0,73544735099,4140000000,0,0,0,0,0,0,4,260,3050.818612
run_20260930-035423_13076d45.json,unet,160,1,65,7,10737467168,67108864,73563187563,73616933901,73616934321,73563184813,73563187563,53746338,50000000,3746338,0.9302959394182353,1816104,0,73563141122,4450000000,0,0,0,0,0,0,4,260,3050.818612
run_20260930-035423_13076d45.json,unet,161,3,67,0,10804576032,67108864,73585331056,73642186595,73642186975,73585329807,73585331056,56855539,60000000,-3144461,1.0553061505581716,0,0,73585301656,4560000000,0,0,0,0,0,0,4,260,3050.818612
run_20260930-035423_13076d45.json,unet,162,2,66,1,10871684896,67108864,73589467036,73644515969,73644516179,73589463546,73589467036,55048933,50000000,5048933,0.90828281812474,0,490992,73588812573,4150000000,0,0,0,0,0,0,4,260,3050.818612
run_20260930-035423_13076d45.json,unet,163,0,64,2,10938793760,67108864,73601993345,73660170439,73660170839,73601991675,73601993345,58177094,60000000,-1822906,1.0313337410768575,0,0,73601961735,4200000000,0,0,0,0,0,0,4,260,3050.818612
run_20260930-035423_13076d45.json,unet,164,1,65,3,11005902624,67108864,73617881279,73693344704,73693345164,73617876439,73617881279,75463425,70000000,5463425,0.9276016825369376,0,0,73617779828,4510000000,0,0,0,0,0,0,4,260,3050.818612
run_20260930-035423_13076d45.json,unet,165,3,67,4,11073011488,67108864,73642647084,73702775684,73702776104,73642644273,73642647084,60128600,60000000,128600,0.9978612507192917,0,0,73642521041,4620000000,0,0,0,0,0,0,4,260,3050.818612
run_20260930-035423_13076d45.json,unet,166,2,66,5,11140120352,67108864,73646863434,73704371915,73704372135,73646860234,73646863434,57508481,60000000,-2491519,1.0433243750604368,0,1851079,73644761214,4200000000,0,0,0,0,0,0,4,260,3050.818612
run_20260930-035423_13076d45.json,unet,167,0,64,0,11207229216,67108864,73660590597,73728564688,73728565328,73660587887,73660590597,67974091,60000000,7974091,0.8826892587647843,0,0,73660449854,4260000000,0,0,0,0,0,0,4,260,3050.818612
run_20260930-035423_13076d45.json,unet,169,3,67,2,11341446944,67108864,73703127181,73764549806,73764550437,73703125481,73703127181,61422625,50000000,11422625,0.814032288590727,0,0,73703097390,4680000000,0,0,0,0,0,0,4,260,3050.818612
run_20260930-035423_13076d45.json,unet,170,2,66,3,11408555808,67108864,73708154057,73769044112,73769044492,73708149437,73708154057,60890055,60000000,890055,0.9853825883389332,0,2612413,73704502977,4260000000,0,0,0,0,0,0,4,260,3050.818612
run_20260930-035423_13076d45.json,unet,168,1,65,1,11274338080,67108864,73694102818,73772374746,73772375136,73694098068,73694102818,78271928,70000000,8271928,0.8943180753130292,0,0,73693977306,4580000000,0,0,0,0,0,0,4,260,3050.818612
run_20260930-035423_13076d45.json,unet,171,0,64,4,11475664672,67108864,73729061037,73798824052,73798824662,73729059327,73729061037,69763015,70000000,-236985,1.0033970005453463,0,0,73729029587,4320000000,0,0,0,0,0,0,4,260,3050.818612
run_20260930-035423_13076d45.json,unet,172,3,67,5,11542773536,67108864,73765176378,73819281454,73819281804,73765171128,73765176378,54105076,50000000,4105076,0.9241277103094726,0,0,73765078487,4740000000,0,0,0,0,0,0,4,260,3050.818612
run_20260930-035423_13076d45.json,unet,173,2,66,6,11609882400,67108864,73769251687,73825001083,73825001383,73769250896,73769251687,55749396,50000000,5749396,0.8968707033166781,0,0,73769235736,4320000000,0,0,0,0,0,0,4,260,3050.818612
run_20260930-035423_13076d45.json,unet,174,1,65,7,11676991264,67108864,73774279273,73847332781,73847333271,73774275992,73774279273,73053508,80000000,-6946492,1.0950877266564667,0,454223,73772770294,4650000000,0,0,0,0,0,0,4,260,3050.818612
run_20260930-035423_13076d45.json,unet,175,3,67,0,11744100128,67108864,74019500346,74062765184,74062765604,74019498266,74019500346,43264838,40000000,3264838,0.9245383052168137,195537032,0,74019354353,4790000000,0,0,0,0,0,0,1,257,3050.818612
run_20260930-035423_13076d45.json,unet,176,0,64,2,11811208992,67108864,74023543843,74085632061,74085632491,74023541093,74023543843,62088218,60000000,2088218,0.9663669200491468,224225011,108716,74023353310,4410000000,0,0,0,0,0,0,2,258,3050.818612
run_20260930-035423_13076d45.json,unet,178,2,66,1,11945426720,67108864,74031817792,74112166549,74112166929,74031813341,74031817792,80348757,80000000,348757,0.9956594599217011,205493143,70825,74031612918,4380000000,0,0,0,0,0,0,4,260,3050.818612
run_20260930-035423_13076d45.json,unet,177,1,65,3,11878317856,67108864,74027707253,74127338729,74127339139,74027704903,74027707253,99631476,90000000,9631476,0.9033289841053845,179811811,0,74027662532,4730000000,0,0,0,0,0,0,3,259,3050.818612
run_20260930-035423_13076d45.json,unet,179,3,67,4,12012535584,67108864,74063179832,74130406308,74130406898,74063178182,74063179832,67226476,60000000,7226476,0.8925055063127212,0,0,74063150071,4830000000,0,0,0,0,0,0,4,260,3050.818612
run_20260930-035423_13076d45.json,unet,180,0,64,0,12079644448,67108864,74085989228,74140568743,74140569153,74085987978,74085989228,54579515,50000000,4579515,0.916094619015944,0,0,74085962987,4470000000,0,0,0,0,0,0,4,260,3050.818612
run_20260930-035423_13076d45.json,unet,183,3,67,5,12280971040,28895360,74131766214,74170350963,74170351393,74131761774,74131766214,38584749,30000000,8584749,0.777509269271131,0,993092,74130669453,4900000000,0,0,0,0,0,0,4,260,3050.818612
run_20260930-035423_13076d45.json,unet,181,2,66,2,12146753312,67108864,74112608837,74172349671,74172350051,74112605977,74112608837,59740834,60000000,-259166,1.0043381717771132,0,0,74112573027,4460000000,0,0,0,0,0,0,4,260,3050.818612
run_20260930-035423_13076d45.json,unet,182,1,65,1,12213862176,67108864,74127688096,74198262847,74198263237,74127686616,74127688096,70574751,70000000,574751,0.9918561384651573,0,0,74127649755,4820000000,0,0,0,0,0,0,4,260,3050.818612
run_20260930-035455_13076d45.json,clip,0,3,67,0,45856,67108864,273825265574,273894996258,273894996930,273825263838,273825265574,69730684,60000000,9730684,0.8604533407416454,0,0,273825069132,0,0,0,0,0,0,0,1,257,1712.679557
run_20260930-035455_13076d45.json,clip,1,1,65,1,67154720,67108864,273829414838,273919336138,273919336437,273829413154,273829414838,89921300,90000000,-78700,1.0008752097667628,0,3807229,273825433146,10000000,0,0,0,0,0,0,2,258,1712.679557
run_20260930-035455_13076d45.json,clip,2,2,66,2,134263584,67108864,273833449897,273921938319,273921938991,273833448157,273833449897,88488422,90000000,-1511578,1.0170822121791256,0,3891414,273825550708,0,0,0,0,0,0,0,3,259,1712.679557
run_20260930-035455_13076d45.json,clip,3,0,64,3,201372448,67108864,273837713479,273939615079,273939615660,273837709972,273837713479,101901600,90000000,11901600,0.8832049742104148,0,3865080,273825756682,10000000,0,0,0,0,0,0,4,260,1712.679557
run_20260930-035455_13076d45.json,clip,4,3,67,4,268481312,67108864,273895274549,273961630866,273961631528,273895273100,273895274549,66356317,70000000,-3643683,1.0549108685462456,0,0,273895250577,60000000,0,0,0,0,0,0,4,260,1712.679557
run_20260930-035455_13076d45.json,clip,6,2,66,6,402699040,67108864,273923986467,274008135657,274008136336,273923982621,273923986467,84149190,80000000,4149190,0.950692454674846,0,1403856,273922104930,90000000,0,0,0,0,0,0,4,260,1712.679557
run_20260930-035455_13076d45.json,clip,5,1,65,5,335590176,67108864,273919525067,274009467284,274009468270,273919523897,273919525067,89942217,80000000,9942217,0.8894599518266266,0,0,273919504270,100000000,0,0,0,0,0,0,4,260,1712.679557
run_20260930-035455_13076d45.json,clip,7,0,64,7,469807904,67108864,273939843617,274021158330,274021158832,273939838942,273939843617,81314713,80000000,1314713,0.9838317943764986,0,0,273939812593,100000000,0,0,0,0,0,0,4,260,1712.679557
run_20260930-035455_13076d45.json,clip,8,3,67,0,536916768,67108864,273961870220,274049101974,274049102729,273961869106,273961870220,87231754,80000000,7231754,0.9170972304420246,0,0,273961846258,130000000,0,0,0,0,0,0,4,260,1712.679557
run_20260930-035455_13076d45.json,clip,9,2,66,1,604025632,67108864,274008323738,274060199444,274060199879,274008322650,274008323738,51875706,50000000,1875706,0.9638423041413644,0,0,274008305394,170000000,0,0,0,0,0,0,4,260,1712.679557
run_20260930-035455_13076d45.json,clip,10,1,65,2,671134496,67108864,274012432929,274076369943,274076370629,274012430391,274012432929,63937014,60000000,3937014,0.9384235554072012,0,2425542,274009877037,180000000,0,0,0,0,0,0,4,260,1712.679557
run_20260930-035455_13076d45.json,clip,11,0,64,3,738243360,67108864,274021372784,274092338998,274092339344,274021371006,274021372784,70966214,70000000,966214,0.986384873229957,0,0,274021353624,180000000,0,0,0,0,0,0,4,260,1712.679557
run_20260930-035455_13076d45.json,clip,12,3,67,4,805352224,67108864,274049290963,274109896013,274109896406,274049289501,274049290963,60605050,60000000,605050,0.9900165085252797,0,0,274049272631,210000000,0,0,0,0,0,0,4,260,1712.679557
run_20260930-035455_13076d45.json,clip,13,2,66,5,872461088,67108864,274061014857,274122758040,274122758395,274061012055,274061014857,61743183,60000000,1743183,0.9717671989796833,0,0,274060958904,220000000,0,0,0,0,0,0,4,260,1712.679557
run_20260930-035455_13076d45.json,clip,14,1,65,6,939569952,67108864,274076742295,274141744490,274141744915,274076740407,274076742295,65002195,60000000,5002195,0.9230457525318952,0,0,274076697507,240000000,0,0,0,0,0,0,4,260,1712.679557
run_20260930-035455_13076d45.json,clip,15,0,64,7,1006678816,67108864,274092693522,274151447840,274151448236,274092691907,274092693522,58754318,60000000,-1245682,1.0212015396042893,0,0,274092673467,250000000,0,0,0,0,0,0,4,260,1712.679557
run_20260930-035455_13076d45.json,clip,16,3,67,0,1073787680,67108864,274112603336,274186804034,274186804331,274112601564,274112603336,74200698,70000000,4200698,0.943387351962646,0,0,274112556821,270000000,0,0,0,0,0,0,4,260,1712.679557
run_20260930-035455_13076d45.json,clip,17,2,66,1,1140896544,67108864,274145287904,274195715486,274195715798,274145286179,274145287904,50427582,50000000,427582,0.9915208704633112,22276621,0,274145270925,280000000,0,0,0,0,0,0,3,259,1712.679557
run_20260930-035455_13076d45.json,clip,18,1,65,2,1208005408,67108864,274153672422,274204778342,274204778617,274153670680,274153672422,51105920,50000000,1105920,0.9783602369353688,11622262,0,274153636126,300000000,0,0,0,0,0,0,3,259,1712.679557
run_20260930-035455_13076d45.json,clip,19,0,64,3,1275114272,67108864,274159208436,274219708114,274219708406,274159207115,274159208436,60499678,50000000,10499678,0.826450679621799,7303834,0,274159172292,310000000,0,0,0,0,0,0,4,260,1712.679557
run_20260930-035455_13076d45.json,clip,20,3,67,4,1342223136,67108864,274187108095,274239848601,274239849052,274187106534,274187108095,52740506,50000000,2740506,0.948037927432854,0,0,274187087731,340000000,0,0,0,0,0,0,4,260,1712.679557
run_20260930-035455_13076d45.json,clip,21,2,66,0,1409332000,67108864,274196004522,274250246605,274250246882,274196003060,274196004522,54242083,50000000,4242083,0.9217935085568155,0,0,274195975471,330000000,0,0,0,0,0,0,4,260,1712.679557
run_20260930-035455_13076d45.json,clip,22,1,65,1,1476440864,67108864,274205079821,274256405331,274256405679,274205077744,274205079821,51325510,50000000,1325510,0.9741744407410662,0,0,274205053209,350000000,0,0,0,0,0,0,4,260,1712.679557
run_20260930-035455_13076d45.json,clip,23,0,64,2,1543549728,67108864,274219881577,274269388836,274269389034,274219880785,274219881577,49507259,50000000,-492741,1.0099529040781676,0,0,274219864679,360000000,0,0,0,0,0,0,4,260,1712.679557
run_20260930-035455_13076d45.json,clip,24,3,67,3,1610658592,67108864,274240185984,274291664738,274291665059,274240184053,274240185984,51478754,50000000,1478754,0.9712744795649094,0,0,274240160944,390000000,0,0,0,0,0,0,4,260,1712.679557
run_20260930-035455_13076d45.json,clip,25,2,66,4,1677767456,67108864,274250528907,274306254766,274306255034,274250526814,274250528907,55725859,50000000,5725859,0.8972495157050876,0,0,274250513141,380000000,0,0,0,0,0,0,4,260,1712.679557
run_20260930-035455_13076d45.json,clip,26,1,65,0,1744876320,67108864,274256739072,274311251788,274311252278,274256737625,274256739072,54512716,50000000,4512716,0.9172171865368073,0,0,274256706371,400000000,0,0,0,0,0,0,4,260,1712.679557
run_20260930-035455_13076d45.json,clip,27,0,64,1,1811985184,67108864,274269488229,274322380306,274322380644,274269487829,274269488229,52892077,50000000,2892077,0.945321167856577,0,0,274269473011,410000000,0,0,0,0,0,0,4,260,1712.679557
run_20260930-035455_13076d45.json,clip,28,3,67,2,1879094048,67108864,274291949063,274347808311,274347808688,274291947802,274291949063,55859248,50000000,5859248,0.895106930189966,0,0,274291919205,440000000,0,0,0,0,0,0,4,260,1712.679557
run_20260930-035455_13076d45.json,clip,29,2,66,3,1946202912,67108864,274306392332,274362328031,274362328289,274306391505,274306392332,55935699,50000000,5935699,0.893883528656717,0,0,274306376323,430000000,0,0,0,0,0,0,4,260,1712.679557
run_20260930-035455_13076d45.json,clip,30,1,65,4,2013311776,67108864,274311451242,274367002714,274367003190,274311449876,274311451242,55551472,50000000,5551472,0.9000661584629116,0,0,274311430740,450000000,0,0,0,0,0,0,4,260,1712.679557
run_20260930-035455_13076d45.json,clip,31,0,64,0,2080420640,67108864,274322657664,274375183437,274375183839,274322656205,274322657664,52525773,50000000,2525773,0.9519136443741627,0,0,274322643893,460000000,0,0,0,0,0,0,4,260,1712.679557
run_20260930-035455_13076d45.json,clip,32,3,67,1,2147529504,67108864,274348093391,274400124266,274400124775,274348092180,274348093391,52030875,50000000,2030875,0.960967886855641,0,0,274348071586,490000000,0,0,0,0,0,0,4,260,1712.679557
run_20260930-035455_13076d45.json,clip,33,2,66,2,2214638368,67108864,274362468761,274409614137,274409614553,274362467835,274362468761,47145376,40000000,7145376,0.8484395161044002,0,0,274362455304,480000000,0,0,0,0,0,0,4,260,1712.679557
run_20260930-035455_13076d45.json,clip,34,1,65,3,2281747232,67108864,274367303256,274416998179,274416998582,274367301851,274367303256,49694923,50000000,-305077,1.0061389973378165,0,0,274367268927,500000000,0,0,0,0,0,0,4,260,1712.679557
run_20260930-035455_13076d45.json,clip,35,0,64,4,2348856096,67108864,274375451784,274426090102,274426090316,274375450609,274375451784,50638318,40000000,10638318,0.7899156524116776,0,0,274375424897,510000000,0,0,0,0,0,0,4,260,1712.679557
run_20260930-035455_13076d45.json,clip,36,3,67,0,2415964960,67108864,274400353146,274456632080,274456632303,274400351837,274400353146,56278934,50000000,6278934,0.888431895316283,0,0,274400322311,540000000,0,0,0,0,0,0,4,260,1712.679557
run_20260930-035455_13076d45.json,clip,37,2,66,1,2483073824,67108864,274409898088,274465161972,274465162418,274409896589,274409898088,55263884,50000000,5263884,0.9047500172083454,0,0,274409880974,530000000,0,0,0,0,0,0,4,260,1712.679557
run_20260930-035455_13076d45.json,clip,38,1,65,2,2550182688,67108864,274417310433,274474020899,274474021210,274417309225,274417310433,56710466,50000000,6710466,0.8816714713647389,0,0,274417285301,550000000,0,0,0,0,0,0,4,260,1712.679557
run_20260930-035455_13076d45.json,clip,39,0,64,3,2617291552,67108864,274426292393,274483265704,274483266134,274426291227,274426292393,56973311,60000000,-3026689,1.053124681484634,0,0,274426270771,550000000,0,0,0,0,0,0,4,260,1712.679557
run_20260930-035455_13076d45.json,clip,40,3,67,4,2684400416,67108864,274456778792,274509995228,274509995822,274456777861,274456778792,53216436,50000000,3216436,0.9395593496715939,0,0,274456753430,590000000,0,0,0,0,0,0,4,260,1712.679557
run_20260930-035455_13076d45.json,clip,41,2,66,0,2751509280,67108864,274465493140,274517250662,274517251232,274465491405,274465493140,51757522,50000000,1757522,0.9660431579394392,0,0,274465469061,580000000,0,0,0,0,0,0,4,260,1712.679557
run_20260930-035455_13076d45.json,clip,42,1,65,1,2818618144,67108864,274474318966,274525830504,274525830943,274474317594,274474318966,51511538,50000000,1511538,0.9706563216963159,0,0,274474295908,600000000,0,0,0,0,0,0,4,260,1712.679557
run_20260930-035455_13076d45.json,clip,43,0,64,2,2885727008,67108864,274483546207,274534220799,274534221036,274483545141,274483546207,50674592,40000000,10674592,0.7893502132192796,0,0,274483522329,610000000,0,0,0,0,0,0,4,260,1712.679557
run_20260930-035455_13076d45.json,clip,44,3,67,3,2952835872,67108864,274510292579,274560625326,274560625685,274510290790,274510292579,50332747,50000000,332747,0.9933890554393942,0,0,274510276807,640000000,0,0,0,0,0,0,4,260,1712.679557
run_20260930-035455_13076d45.json,clip,45,2,66,4,3019944736,67108864,274517544001,274568698112,274568698365,274517542626,274517544001,51154111,50000000,1154111,0.9774385483895908,0,0,274517523510,630000000,0,0,0,0,0,0,4,260,1712.679557
run_20260930-035455_13076d45.json,clip,46,1,65,0,3087053600,67108864,274526149783,274575621084,274575621430,274526148022,274526149783,49471301,40000000,9471301,0.808549587163677,0,0,274526122407,650000000,0,0,0,0,0,0,4,260,1712.679557
run_20260930-035455_13076d45.json,clip,47,0,64,1,3154162464,67108864,274534411914,274584515015,274584515364,274534411032,274534411914,50103101,40000000,10103101,0.7983537785415717,0,0,274534391212,660000000,0,0,0,0,0,0,4,260,1712.679557
run_20260930-035455_13076d45.json,clip,48,3,67,2,3221271328,67108864,274560816103,274613957990,274613958246,274560815231,274560816103,53141887,50000000,3141887,0.9408773911246321,0,0,274560796988,690000000,0,0,0,0,0,0,4,260,1712.679557
run_20260930-035455_13076d45.json,clip,49,2,66,3,3288380192,67108864,274568947292,274621292574,274621293030,274568946018,274568947292,52345282,50000000,2345282,0.9551959238656886,0,0,274568929494,680000000,0,0,0,0,0,0,4,260,1712.679557
run_20260930-035455_13076d45.json,clip,50,1,65,4,3355489056,67108864,274575944066,274630767855,274630768347,274575942672,274575944066,54823789,50000000,4823789,0.9120128490207052,0,0,274575914236,690000000,0,0,0,0,0,0,4,260,1712.679557
run_20260930-035455_13076d45.json,clip,51,0,64,0,3422597920,67108864,274584728509,274638977744,274638978043,274584727494,274584728509,54249235,50000000,4249235,0.9216719830242768,0,0,274584714109,700000000,0,0,0,0,0,0,4,260,1712.679557
run_20260930-035455_13076d45.json,clip,52,3,67,1,3489706784,67108864,274614191563,274668498884,274668499410,274614190529,274614191563,54307321,50000000,4307321,0.9206861815186943,0,0,274614179023,740000000,0,0,0,0,0,0,4,260,1712.679557
run_20260930-035455_13076d45.json,clip,53,2,66,2,3556815648,67108864,274621456231,274675561745,274675562205,274621455192,274621456231,54105514,50000000,4105514,0.924120229224696,0,0,274621438987,730000000,0,0,0,0,0,0,4,260,1712.679557
run_20260930-035455_13076d45.json,clip,54,1,65,3,3623924512,67108864,274631114496,274684373197,274684373781,274631111799,274631114496,53258701,40000000,13258701,0.7510509878939781,0,0,274631093168,750000000,0,0,0,0,0,0,4,260,1712.679557
run_20260930-035455_13076d45.json,clip,55,0,64,4,3691033376,67108864,274639106480,274691050252,274691050649,274639105810,274639106480,51943772,50000000,1943772,0.9625793059464376,0,0,274639090948,750000000,0,0,0,0,0,0,4,260,1712.679557
run_20260930-035455_13076d45.json,clip,56,3,67,0,3758142240,67108864,274668812011,274720684668,274720684960,274668810790,274668812011,51872657,50000000,1872657,0.9638989574025483,0,0,274668785688,790000000,0,0,0,0,0,0,4,260,1712.679557
run_20260930-035455_13076d45.json,clip,57,2,66,1,3825251104,67108864,274675818083,274728772239,274728772475,274675816275,274675818083,52954156,50000000,2954156,0.944212952803931,0,0,274675804305,780000000,0,0,0,0,0,0,4,260,1712.679557
run_20260930-035455_13076d45.json,clip,58,1,65,2,3892359968,67108864,274684582832,274739438183,274739438555,274684581991,274684582832,54855351,50000000,4855351,0.9114881062378035,0,0,274684568891,800000000,0,0,0,0,0,0,4,260,1712.679557
run_20260930-035455_13076d45.json,clip,59,0,64,3,3959468832,67108864,274691414273,274747790628,274747791078,274691412576,274691414273,56376355,50000000,6376355,0.8868966431050748,0,0,274691373856,800000000,0,0,0,0,0,0,4,260,1712.679557
run_20260930-035455_13076d45.json,clip,60,3,67,4,4026577696,67108864,274721002315,274777306813,274777307086,274721001059,274721002315,56304498,50000000,6304498,0.8880285194976785,0,0,274720985677,840000000,0,0,0,0,0,0,4,260,1712.679557
run_20260930-035455_13076d45.json,clip,61,2,66,0,4093686560,67108864,274729045382,274785467785,274785468095,274729044267,274729045382,56422403,50000000,6422403,0.8861728203954731,0,0,274729011647,830000000,0,0,0,0,0,0,4,260,1712.679557
run_20260930-035455_13076d45.json,clip,62,1,65,1,4160795424,67108864,274739680983,274791986307,274791986614,274739680173,274739680983,52305324,50000000,2305324,0.9559256338800234,0,0,274739658066,850000000,0,0,0,0,0,0,4,260,1712.679557
run_20260930-035455_13076d45.json,clip,63,0,64,2,4227904288,67108864,274748103969,274802801627,274802801909,274748102784,274748103969,54697658,60000000,-5302342,1.0969391047784898,0,0,274748075629,850000000,0,0,0,0,0,0,4,260,1712.679557
run_20260930-035455_13076d45.json,clip,64,3,67,3,4295013152,67108864,274777458733,274829332750,274829333119,274777457811,274777458733,51874017,50000000,1874017,0.9638736865124596,0,0,274777444805,890000000,0,0,0,0,0,0,4,260,1712.679557
run_20260930-035455_13076d45.json,clip,65,2,66,4,4362122016,67108864,274785628553,274840448522,274840448860,274785627573,274785628553,54819969,50000000,4819969,0.9120764004809999,0,0,274785610202,880000000,0,0,0,0,0,0,4,260,1712.679557
run_20260930-035455_13076d45.json,clip,66,1,65,0,4429230880,67108864,274792279648,274846452355,274846452937,274792275856,274792279648,54172707,50000000,4172707,0.9229739986964285,0,0,274792260156,900000000,0,0,0,0,0,0,4,260,1712.679557
run_20260930-035455_13076d45.json,clip,67,0,64,1,4496339744,67108864,274803099250,274855949389,274855949649,274803097797,274803099250,52850139,50000000,2850139,0.9460713055078247,0,0,274803074170,910000000,0,0,0,0,0,0,4,260,1712.679557
run_20260930-035455_13076d45.json,clip,68,3,67,2,4563448608,67108864,274829651405,274879038796,274879039022,274829650109,274829651405,49387391,50000000,-612609,1.0124041579762737,0,0,274829620627,940000000,0,0,0,0,0,0,4,260,1712.679557
run_20260930-035455_13076d45.json,clip,69,2,66,3,4630557472,67108864,274840588764,274895486398,274895486608,274840588142,274840588764,54897634,50000000,4897634,0.910786064113437,0,0,274840572734,930000000,0,0,0,0,0,0,4,260,1712.679557
run_20260930-035455_13076d45.json,clip,70,1,65,4,4697666336,67108864,274846761007,274898362987,274898363216,274846759708,274846761007,51601980,40000000,11601980,0.7751640537824324,0,0,274846733381,950000000,0,0,0,0,0,0,4,260,1712.679557
run_20260930-035455_13076d45.json,clip,71,0,64,0,4764775200,67108864,274856213865,274905760243,274905760587,274856211896,274856213865,49546378,40000000,9546378,0.8073244021994908,0,0,274856196686,960000000,0,0,0,0,0,0,4,260,1712.679557
run_20260930-035455_13076d45.json,clip,72,3,67,1,4831884064,67108864,274879401872,274933120619,274933121205,274879400456,274879401872,53718747,50000000,3718747,0.9307737576231999,0,0,274879360736,990000000,0,0,0,0,0,0,4,260,1712.679557
run_20260930-035455_13076d45.json,clip,73,2,66,2,4898992928,67108864,274895666131,274950892310,274950893133,274895664906,274895666131,55226179,50000000,5226179,0.9053677242454163,0,0,274895639375,980000000,0,0,0,0,0,0,4,260,1712.679557
run_20260930-035455_13076d45.json,clip,74,1,65,5,4966101792,67108864,274900690086,274957704600,274957705069,274900689120,274900690086,57014514,50000000,7014514,0.8769696782822703,0,1153169,274898498915,1000000000,0,0,0,0,0,0,4,260,1712.679557
run_20260930-035455_13076d45.json,clip,75,0,64,3,5033210656,67108864,274906026142,274962283405,274962283633,274906025135,274906026142,56257263,50000000,6257263,0.8887741303731751,0,0,274906002176,1000000000,0,0,0,0,0,0,4,260,1712.679557
run_20260930-035455_13076d45.json,clip,76,3,67,0,5100319520,67108864,274933426320,274989797678,274989798129,274933425373,274933426320,56371358,50000000,6371358,0.8869752614439411,0,0,274933395499,1040000000,0,0,0,0,0,0,4,260,1712.679557
run_20260930-035455_13076d45.json,clip,77,2,66,1,5167428384,67108864,274951078457,274999472116,274999472287,274951077682,274951078457,48393659,50000000,-1606341,1.0331932123586687,0,0,274951062749,1030000000,0,0,0,0,0,0,4,260,1712.679557
run_20260930-035455_13076d45.json,clip,78,1,65,2,5234537248,67108864,274957982408,275011354749,275011355109,274957980579,274957982408,53372341,50000000,3372341,0.9368148194961131,0,0,274957966784,1050000000,0,0,0,0,0,0,4,260,1712.679557
run_20260930-035455_13076d45.json,clip,79,0,64,4,5301646112,67108864,274962584807,275014664867,275014665070,274962582769,274962584807,52080060,40000000,12080060,0.7680482702976916,0,0,274962553965,1050000000,0,0,0,0,0,0,4,260,1712.679557
run_20260930-035455_13076d45.json,clip,80,3,67,3,5368754976,67108864,274990132963,275043058437,275043058854,274990130994,274990132963,52925474,50000000,2925474,0.9447246518755789,0,0,274990111870,1090000000,0,0,0,0,0,0,4,260,1712.679557
run_20260930-035455_13076d45.json,clip,81,2,66,0,5435863840,67108864,274999678352,275049932384,275049932650,274999676927,274999678352,50254032,50000000,254032,0.9949450424196808,0,0,274999661702,1080000000,0,0,0,0,0,0,4,260,1712.679557
run_20260930-035455_13076d45.json,clip,82,1,65,1,5502972704,67108864,275011518173,275066936200,275066936608,275011517328,275011518173,55418027,50000000,5418027,0.9022334916398232,0,0,275011497294,1100000000,0,0,0,0,0,0,4,260,1712.679557
run_20260930-035455_13076d45.json,clip,83,0,64,2,5570081568,67108864,275016166357,275075911929,275075912318,275016163407,275016166357,59745572,50000000,9745572,0.8368821039992721,0,557603,275014931045,1100000000,0,0,0,0,0,0,4,260,1712.679557
run_20260930-035455_13076d45.json,clip,84,3,67,4,5637190432,67108864,275043368937,275096159462,275096159787,275043367756,275043368937,52790525,50000000,2790525,0.9471396618995549,0,0,275043341107,1140000000,0,0,0,0,0,0,4,260,1712.679557
run_20260930-035455_13076d45.json,clip,85,2,66,3,5704299296,67108864,275050074842,275100739427,275100739654,275050073852,275050074842,50664585,40000000,10664585,0.789506121485057,0,0,275050059594,1130000000,0,0,0,0,0,0,4,260,1712.679557
run_20260930-035455_13076d45.json,clip,86,1,65,0,5771408160,67108864,275067094492,275114434890,275114435058,275067094015,275067094492,47340398,50000000,-2659602,1.0561803895269322,0,0,275067078501,1150000000,0,0,0,0,0,0,4,260,1712.679557
run_20260930-035455_13076d45.json,clip,87,0,64,1,5838517024,67108864,275076186221,275129115411,275129115770,275076185199,275076186221,52929190,50000000,2929190,0.9446583255855606,0,0,275076164959,1150000000,0,0,0,0,0,0,4,260,1712.679557
run_20260930-035455_13076d45.json,clip,88,3,67,2,5905625888,67108864,275096321070,275153541699,275153542174,275096320145,275096321070,57220629,50000000,7220629,0.8738107370333171,0,0,275096305932,1190000000,0,0,0,0,0,0,4,260,1712.679557
run_20260930-035455_13076d45.json,clip,89,2,66,4,5972734752,67108864,275101064841,275158466624,275158466946,275101063191,275101064841,57401783,50000000,7401783,0.8710530820967705,0,0,275101031881,1180000000,0,0,0,0,0,0,4,260,1712.679557
run_20260930-035455_13076d45.json,clip,90,1,65,3,6039843616,67108864,275114579671,275167715125,275167715528,275114579029,275114579671,53135454,50000000,3135454,0.9409913012129341,0,0,275114562920,1200000000,0,0,0,0,0,0,4,260,1712.679557
run_20260930-035455_13076d45.json,clip,91,0,64,0,6106952480,67108864,275129449019,275180461981,275180462073,275129447744,275129449019,51012962,50000000,1012962,0.9801430467809338,0,0,275129416172,1200000000,0,0,0,0,0,0,4,260,1712.679557
run_20260930-035455_13076d45.json,clip,92,3,67,1,6174061344,67108864,275153838388,275207619286,275207619942,275153836642,275153838388,53780898,50000000,3780898,0.9296981244158474,0,0,275153819650,1240000000,0,0,0,0,0,0,4,260,1712.679557
run_20260930-035455_13076d45.json,clip,93,2,66,2,6241170208,67108864,275158757497,275213421386,275213421473,275158756339,275158757497,54663889,50000000,4663889,0.9146806221562465,0,0,275158720486,1230000000,0,0,0,0,0,0,4,260,1712.679557
run_20260930-035455_13076d45.json,clip,94,1,65,4,6308279072,67108864,275167956289,275219996626,275219996847,275167955657,275167956289,52040337,50000000,2040337,0.9607931631956956,0,0,275167944108,1250000000,0,0,0,0,0,0,4,260,1712.679557
run_20260930-035455_13076d45.json,clip,95,0,64,3,6375387936,67108864,275180767641,275236988943,275236989349,275180765939,275180767641,56221302,50000000,6221302,0.8893426196355253,0,0,275180745104,1250000000,0,0,0,0,0,0,4,260,1712.679557
run_20260930-035455_13076d45.json,clip,96,3,67,0,6442496800,67108864,275208005221,275261698637,275261698813,275208002113,275208005221,53693416,50000000,3693416,0.9312128697492444,0,0,275207980582,1290000000,0,0,0,0,0,0,4,260,1712.679557
run_20260930-035455_13076d45.json,clip,97,2,66,1,6509605664,67108864,275213647495,275267264056,275267264457,275213646293,275213647495,53616561,50000000,3616561,0.9325476880175139,0,0,275213631120,1280000000,0,0,0,0,0,0,4,260,1712.679557
run_20260930-035455_13076d45.json,clip,98,1,65,2,6576714528,67108864,275220277304,275272509315,275272509798,275220276289,275220277304,52232011,40000000,12232011,0.7658138990666088,0,0,275220251628,1300000000,0,0,0,0,0,0,4,260,1712.679557
run_20260930-035455_13076d45.json,clip,99,0,64,4,6643823392,67108864,275237271514,275294787907,275294788189,275237269183,275237271514,57516393,60000000,-2483607,1.0431808545435037,0,0,275237252325,1300000000,0,0,0,0,0,0,4,260,1712.679557
run_20260930-035455_13076d45.json,clip,100,3,67,3,6710932256,67108864,275262010164,275313370067,275313370422,275262008648,275262010164,51359903,40000000,11359903,0.7788176702748056,0,0,275261976786,1350000000,0,0,0,0,0,0,4,260,1712.679557
run_20260930-035455_13076d45.json,clip,101,2,66,0,6778041120,67108864,275267598295,275326233881,275326234231,275267596783,275267598295,58635586,50000000,8635586,0.8527244871399426,0,0,275267560152,1330000000,0,0,0,0,0,0,4,260,1712.679557
run_20260930-035455_13076d45.json,clip,102,1,65,1,6845149984,67108864,275272802928,275329415867,275329416107,275272801046,275272802928,56612939,50000000,6612939,0.8831903250951165,0,0,275272768252,1350000000,0,0,0,0,0,0,4,260,1712.679557
run_20260930-035455_13076d45.json,clip,103,0,64,2,6912258848,67108864,275295086878,275346587964,275346588298,275295085931,275295086878,51501086,40000000,11501086,0.7766826509250698,0,0,275295061024,1360000000,0,0,0,0,0,0,4,260,1712.679557
run_20260930-035455_13076d45.json,clip,104,3,67,4,6979367712,67108864,275313466505,275356824645,275356825305,275313466048,275313466505,43358140,40000000,3358140,0.9225487993719288,0,0,275313456517,1390000000,0,0,0,0,0,0,4,260,1712.679557
run_20260930-035455_13076d45.json,clip,105,2,66,3,7046476576,67108864,275326603292,275377825619,275377826099,275326601703,275326603292,51222327,40000000,11222327,0.7809094655149111,0,0,275326575859,1390000000,0,0,0,0,0,0,4,260,1712.679557
run_20260930-035455_13076d45.json,clip,106,1,65,0,7113585440,67108864,275331090257,275384025664,275384026082,275331088215,275331090257,52935407,50000000,2935407,0.9445473801684381,0,895153,275329680263,1400000000,0,0,0,0,0,0,4,260,1712.679557
run_20260930-035455_13076d45.json,clip,107,0,64,1,7180694304,67108864,275346951804,275400344042,275400344273,275346949054,275346951804,53392238,50000000,3392238,0.9364657087421584,0,0,275346911550,1410000000,0,0,0,0,0,0,4,260,1712.679557
run_20260930-035455_13076d45.json,clip,108,3,67,2,7247803168,67108864,275357061110,275408009566,275408009933,275357059986,275357061110,50948456,40000000,10948456,0.7851072071742469,0,0,275357048514,1440000000,0,0,0,0,0,0,4,260,1712.679557
run_20260930-035455_13076d45.json,clip,109,2,66,4,7314912032,67108864,275378159649,275424023120,275424023386,275378157469,275378159649,45863471,40000000,5863471,0.8721537887963168,0,0,275378135942,1440000000,0,0,0,0,0,0,4,260,1712.679557
run_20260930-035455_13076d45.json,clip,110,1,65,3,7382020896,67108864,275384165632,275432784690,275432785014,275384164947,275384165632,48619058,50000000,-1380942,1.0284033063742206,0,0,275384153502,1450000000,0,0,0,0,0,0,4,260,1712.679557
run_20260930-035455_13076d45.json,clip,111,0,64,0,7449129760,67108864,275400494489,275447775180,275447775514,275400493626,275400494489,47280691,40000000,7280691,0.8460113241576778,0,0,275400480098,1460000000,0,0,0,0,0,0,4,260,1712.679557
run_20260930-035455_13076d45.json,clip,112,3,67,1,7516238624,67108864,275408275779,275456741000,275456741446,275408274511,275408275779,48465221,50000000,-1534779,1.031667636468634,0,0,275408256718,1480000000,0,0,0,0,0,0,4,260,1712.679557
run_20260930-035455_13076d45.json,clip,113,2,66,2,7583347488,67108864,275424305639,275473063735,275473064019,275424304445,275424305639,48758096,40000000,8758096,0.8203765791018582,0,0,275424288635,1480000000,0,0,0,0,0,0,4,260,1712.679557
run_20260930-035455_13076d45.json,clip,114,1,65,4,7650456352,67108864,275433065835,275481162854,275481163194,275433063442,275433065835,48097019,40000000,8097019,0.8316523732998921,0,0,275433047184,1500000000,0,0,0,0,0,0,4,260,1712.679557
run_20260930-035455_13076d45.json,clip,115,0,64,3,7717565216,67108864,275448040535,275497989185,275497989754,275448039410,275448040535,49948650,50000000,-51350,1.0010280558133202,0,0,275448025571,1500000000,0,0,0,0,0,0,4,260,1712.679557
run_20260930-035455_13076d45.json,clip,116,3,67,0,7784674080,67108864,275457037516,275506536532,275506536861,275457035707,275457037516,49499016,50000000,-500984,1.0101210900838917,0,0,275457019487,1530000000,0,0,0,0,0,0,4,260,1712.679557
run_20260930-035455_13076d45.json,clip,117,2,66,1,7851782944,67108864,275473365006,275520132732,275520133146,275473361311,275473365006,46767726,50000000,-3232274,1.0691133453869448,0,0,275473329784,1520000000,0,0,0,0,0,0,4,260,1712.679557
run_20260930-035455_13076d45.json,clip,118,1,65,2,7918891808,67108864,275481426447,275527985120,275527985587,275481424794,275481426447,46558673,50000000,-3441327,1.0739137689770497,0,0,275481407526,1540000000,0,0,0,0,0,0,4,260,1712.679557
run_20260930-035455_13076d45.json,clip,119,0,64,4,7986000672,58981376,275498297682,275537945131,275537945437,275498296172,275498297682,39647449,40000000,-352551,1.008892148395222,0,0,275498267619,1550000000,0,0,0,0,0,0,4,260,1712.679557
run_20260930-035455_13076d45.json,unet,0,2,66,0,48928,67108864,275943863884,275978976100,275978976421,275943861713,275943863884,35112216,30000000,5112216,0.8544034930748888,0,0,275614009347,1570000000,0,0,0,0,0,0,1,257,2163.667955
run_20260930-035455_13076d45.json,unet,1,3,67,1,67157792,67108864,275948147553,275989883827,275989884128,275948144523,275948147553,41736274,40000000,1736274,0.9583989217628771,0,3532605,275944291055,1900000000,0,0,0,0,0,0,2,258,2163.667955
run_20260930-035455_13076d45.json,unet,2,0,64,2,134266656,67108864,275952281458,276001507347,276001507627,275952278882,275952281458,49225889,50000000,-774111,1.0157256885700936,0,3942774,275944587336,1590000000,0,0,0,0,0,0,3,259,2163.667955
run_20260930-035455_13076d45.json,unet,3,1,65,3,201375520,67108864,275956339773,276007268129,276007268356,275956336050,275956339773,50928356,50000000,928356,0.9817713338321779,0,3909304,275944638676,1590000000,0,0,0,0,0,0,4,260,2163.667955
run_20260930-035455_13076d45.json,unet,4,2,66,4,268484384,67108864,275979226233,276020526897,276020527570,275979224720,275979226233,41300664,40000000,1300664,0.9685074312606693,0,0,275979210951,1920000000,0,0,0,0,0,0,4,260,2163.667955
run_20260930-035455_13076d45.json,unet,5,3,67,5,335593248,67108864,275990060387,276030256957,276030257210,275990059616,275990060387,40196570,40000000,196570,0.9951097817550104,0,0,275990045862,1940000000,0,0,0,0,0,0,4,260,2163.667955
run_20260930-035455_13076d45.json,unet,6,0,64,0,402702112,67108864,276001672515,276042821246,276042821519,276001671823,276001672515,41148731,40000000,1148731,0.9720834404346516,0,0,276001660321,1640000000,0,0,0,0,0,0,4,260,2163.667955
run_20260930-035455_13076d45.json,unet,7,1,65,1,469810976,67108864,276007415651,276051329246,276051329519,276007414825,276007415651,43913595,40000000,3913595,0.9108796490016361,0,0,276007404525,1640000000,0,0,0,0,0,0,4,260,2163.667955
run_20260930-035455_13076d45.json,unet,8,2,66,2,536919840,67108864,276020790186,276068396691,276068397198,276020788972,276020790186,47606505,50000000,-2393495,1.0502766376149646,0,0,276020768702,1960000000,0,0,0,0,0,0,4,260,2163.667955
run_20260930-035455_13076d45.json,unet,9,3,67,3,604028704,67108864,276030419439,276076857235,276076857764,276030418720,276030419439,46437796,40000000,6437796,0.8613673224284805,0,0,276030406075,1980000000,0,0,0,0,0,0,4,260,2163.667955
run_20260930-035455_13076d45.json,unet,10,0,64,4,671137568,67108864,276043099558,276095929424,276095929697,276043098710,276043099558,52829866,50000000,2829866,0.9464343521143892,0,0,276043069912,1680000000,0,0,0,0,0,0,4,260,2163.667955
run_20260930-035455_13076d45.json,unet,11,1,65,0,738246432,67108864,276051663827,276104199121,276104199370,276051662023,276051663827,52535294,50000000,2535294,0.9517411285449359,0,0,276051623356,1680000000,0,0,0,0,0,0,4,260,2163.667955
run_20260930-035455_13076d45.json,unet,12,2,66,1,805355296,67108864,276068608801,276119534694,276119535266,276068607940,276068608801,50925893,40000000,10925893,0.7854550532869399,0,0,276068589934,2010000000,0,0,0,0,0,0,4,260,2163.667955
run_20260930-035455_13076d45.json,unet,13,3,67,2,872464160,67108864,276077073102,276128369544,276128369676,276077072108,276077073102,51296442,50000000,1296442,0.9747264732318082,0,0,276077060921,2020000000,0,0,0,0,0,0,4,260,2163.667955
run_20260930-035455_13076d45.json,unet,14,0,64,3,939573024,67108864,276096264393,276143263934,276143264316,276096263006,276096264393,46999541,50000000,-3000459,1.0638401766519379,0,0,276096240499,1730000000,0,0,0,0,0,0,4,260,2163.667955
run_20260930-035455_13076d45.json,unet,15,1,65,4,1006681888,67108864,276104517162,276152312019,276152312460,276104515400,276104517162,47794857,40000000,7794857,0.8369101303096272,0,0,276104481993,1730000000,0,0,0,0,0,0,4,260,2163.667955
run_20260930-035455_13076d45.json,unet,16,2,66,0,1073790752,67108864,276119906344,276169621708,276169621924,276119902739,276119906344,49715364,50000000,-284636,1.005725312601553,0,0,276119882688,2050000000,0,0,0,0,0,0,4,260,2163.667955
run_20260930-035455_13076d45.json,unet,17,3,67,1,1140899616,67108864,276128609632,276178021465,276178021748,276128608438,276128609632,49411833,50000000,-588167,1.0119033633097563,0,0,276128593860,2070000000,0,0,0,0,0,0,4,260,2163.667955
run_20260930-035455_13076d45.json,unet,18,0,64,2,1208008480,67108864,276143550879,276195982116,276195982339,276143548547,276143550879,52431237,40000000,12431237,0.7629039917559068,0,0,276143532289,1780000000,0,0,0,0,0,0,4,260,2163.667955
run_20260930-035455_13076d45.json,unet,19,1,65,3,1275117344,67108864,276152549612,276206813458,276206813860,276152548454,276152549612,54263846,60000000,-5736154,1.1057085780466058,0,0,276152525306,1770000000,0,0,0,0,0,0,4,260,2163.667955
run_20260930-035455_13076d45.json,unet,20,2,66,4,1342226208,67108864,276169773326,276222103043,276222103384,276169772421,276169773326,52329717,50000000,2329717,0.9554800382352536,0,0,276169757378,2100000000,0,0,0,0,0,0,4,260,2163.667955
run_20260930-035455_13076d45.json,unet,21,3,67,0,1409335072,67108864,276178195351,276228911521,276228911882,276178194425,276178195351,50716170,50000000,716170,0.985878862698031,0,0,276178181971,2120000000,0,0,0,0,0,0,4,260,2163.667955
run_20260930-035455_13076d45.json,unet,22,0,64,1,1476443936,67108864,276196301901,276248402305,276248402625,276196300275,276196301901,52100404,40000000,12100404,0.7677483652525996,0,0,276196265125,1830000000,0,0,0,0,0,0,4,260,2163.667955
run_20260930-035455_13076d45.json,unet,23,1,65,2,1543552800,67108864,276207133046,276254847185,276254847885,276207131237,276207133046,47714139,40000000,7714139,0.8383259310201532,0,0,276207102176,1830000000,0,0,0,0,0,0,4,260,2163.667955
run_20260930-035455_13076d45.json,unet,24,2,66,3,1610661664,67108864,276222255330,276275107406,276275107918,276222254518,276222255330,52852076,50000000,2852076,0.9460366325061669,0,0,276222241263,2150000000,0,0,0,0,0,0,4,260,2163.667955
run_20260930-035455_13076d45.json,unet,25,3,67,4,1677770528,67108864,276229080973,276280358945,276280359293,276229080012,276229080973,51277972,40000000,11277972,0.7800620508158942,0,0,276229060544,2170000000,0,0,0,0,0,0,4,260,2163.667955
run_20260930-035455_13076d45.json,unet,26,0,64,0,1744879392,67108864,276248715323,276302229878,276302230253,276248714297,276248715323,53514555,60000000,-6485445,1.1211903004705916,0,0,276248683733,1870000000,0,0,0,0,0,0,4,260,2163.667955
run_20260930-035455_13076d45.json,unet,27,1,65,1,1811988256,67108864,276255111404,276308806656,276308806904,276255110394,276255111404,53695252,50000000,3695252,0.931181028817967,0,0,276255096700,1870000000,0,0,0,0,0,0,4,260,2163.667955
run_20260930-035455_13076d45.json,unet,28,2,66,2,1879097120,67108864,276275315095,276329930355,276329930831,276275314141,276275315095,54615260,50000000,4615260,0.9154950466225007,0,0,276275294042,2200000000,0,0,0,0,0,0,4,260,2163.667955
run_20260930-035455_13076d45.json,unet,29,3,67,3,1946205984,67108864,276280666933,276336075463,276336075722,276280663764,276280666933,55408530,50000000,5408530,0.902388134101374,0,0,276280634286,2220000000,0,0,0,0,0,0,4,260,2163.667955
run_20260930-035455_13076d45.json,unet,30,0,64,4,2013314848,67108864,276302413334,276357568692,276357569012,276302412326,276302413334,55155358,50000000,5155358,0.9065302413593254,0,0,276302399367,1930000000,0,0,0,0,0,0,4,260,2163.667955
run_20260930-035455_13076d45.json,unet,31,1,65,0,2080423712,67108864,276308964733,276363834483,276363834689,276308964060,276308964733,54869750,50000000,4869750,0.9112489121966111,0,0,276308950582,1920000000,0,0,0,0,0,0,4,260,2163.667955
run_20260930-035455_13076d45.json,unet,32,2,66,1,2147532576,67108864,276330147571,276382807386,276382807966,276330146180,276330147571,52659815,50000000,2659815,0.9494906125287376,0,0,276330125657,2250000000,0,0,0,0,0,0,4,260,2163.667955
run_20260930-035455_13076d45.json,unet,33,3,67,2,2214641440,67108864,276336390648,276390130666,276390131200,276336388722,276336390648,53740018,50000000,3740018,0.9304053452308111,0,0,276336337669,2270000000,0,0,0,0,0,0,4,260,2163.667955
run_20260930-035455_13076d45.json,unet,34,0,64,3,2281750304,67108864,276357759110,276414434844,276414435249,276357758105,276357759110,56675734,50000000,6675734,0.8822117769132024,0,0,276357736350,1980000000,0,0,0,0,0,0,4,260,2163.667955
run_20260930-035455_13076d45.json,unet,35,1,65,4,2348859168,67108864,276363969922,276415867817,276415868272,276363969140,276363969922,51897895,40000000,11897895,0.7707441698743273,0,0,276363959567,1980000000,0,0,0,0,0,0,4,260,2163.667955
run_20260930-035455_13076d45.json,unet,36,2,66,0,2415968032,67108864,276383012836,276432566069,276432566369,276383011766,276383012836,49553233,50000000,-446767,1.0090159001330952,0,0,276382995233,2300000000,0,0,0,0,0,0,4,260,2163.667955
run_20260930-035455_13076d45.json,unet,37,3,67,1,2483076896,67108864,276390291916,276441743858,276441744240,276390290988,276390291916,51451942,50000000,1451942,0.9717806181154445,0,0,276390266830,2320000000,0,0,0,0,0,0,4,260,2163.667955
run_20260930-035455_13076d45.json,unet,39,1,65,5,2617294624,67108864,276419067478,276469988583,276469989000,276419065929,276419067478,50921105,50000000,921105,0.9819111348820887,0,2738636,276416077799,2030000000,0,0,0,0,0,0,4,260,2163.667955
run_20260930-035455_13076d45.json,unet,38,0,64,2,2550185760,67108864,276414831392,276470925701,276470926127,276414829945,276414831392,56094309,60000000,-3905691,1.0696272236814612,0,0,276414801911,2030000000,0,0,0,0,0,0,4,260,2163.667955
run_20260930-035455_13076d45.json,unet,40,2,66,3,2684403488,67108864,276432763837,276478276233,276478276574,276432763120,276432763837,45512396,40000000,5512396,0.8788814370484911,0,0,276432741557,2350000000,0,0,0,0,0,0,4,260,2163.667955
run_20260930-035455_13076d45.json,unet,41,3,67,0,2751512352,67108864,276441922846,276488944371,276488945039,276441921853,276441922846,47021525,40000000,7021525,0.8506742390851849,0,0,276441905987,2370000000,0,0,0,0,0,0,4,260,2163.667955
run_20260930-035455_13076d45.json,unet,42,1,65,1,2818621216,67108864,276470259707,276508391654,276508392229,276470258392,276470259707,38131947,30000000,8131947,0.7867418886321226,0,0,276470231966,2080000000,0,0,0,0,0,0,4,260,2163.667955
run_20260930-035455_13076d45.json,unet,43,0,64,4,2885730080,67108864,276474441901,276512625384,276512625778,276474439316,276474441901,38183483,40000000,-1816517,1.047573370925853,0,3139147,276471107293,2090000000,0,0,0,0,0,0,4,260,2163.667955
run_20260930-035455_13076d45.json,unet,44,2,66,2,2952838944,67108864,276478516705,276515565569,276515566234,276478515303,276478516705,37048864,40000000,-2951136,1.0796552358528455,0,0,276478497303,2390000000,0,0,0,0,0,0,4,260,2163.667955
run_20260930-035455_13076d45.json,unet,45,3,67,3,3019947808,67108864,276489453917,276542046227,276542046658,276489452071,276489453917,52592310,50000000,2592310,0.9507093337409975,0,0,276489406870,2420000000,0,0,0,0,0,0,4,260,2163.667955
run_20260930-035455_13076d45.json,unet,46,1,65,0,3087056672,67108864,276509071884,276563460149,276563460628,276509069686,276509071884,54388265,60000000,-5611735,1.1031791508701372,0,0,276509016392,2110000000,0,0,0,0,0,0,4,260,2163.667955
run_20260930-035455_13076d45.json,unet,47,0,64,1,3154165536,67108864,276513140611,276568931263,276568931725,276513137611,276513140611,55790652,50000000,5790652,0.8962074865158414,0,201739,276512846348,2130000000,0,0,0,0,0,0,4,260,2163.667955
run_20260930-035455_13076d45.json,unet,48,2,66,5,3221274400,67108864,276517198085,276576037620,276576037768,276517196539,276517198085,58839535,60000000,-1160465,1.0197225385958608,0,1255535,276515858178,2430000000,0,0,0,0,0,0,4,260,2163.667955
run_20260930-035455_13076d45.json,unet,49,3,67,2,3288383264,67108864,276542481610,276595989430,276595989846,276542479735,276542481610,53507820,50000000,3507820,0.9344428533997461,0,0,276542455087,2470000000,0,0,0,0,0,0,4,260,2163.667955
run_20260930-035455_13076d45.json,unet,50,1,65,3,3355492128,67108864,276563992658,276621773921,276621774502,276563991189,276563992658,57781263,50000000,7781263,0.8653324175347292,0,0,276563946414,2170000000,0,0,0,0,0,0,4,260,2163.667955
run_20260930-035455_13076d45.json,unet,51,0,64,0,3422600992,67108864,276569263733,276624967081,276624967541,276569262412,276569263733,55703348,50000000,5703348,0.8976121148050203,0,0,276569226127,2180000000,0,0,0,0,0,0,4,260,2163.667955
run_20260930-035455_13076d45.json,unet,52,2,66,1,3489709856,67108864,276576332407,276628000571,276628000945,276576330349,276576332407,51668164,40000000,11668164,0.7741711124087939,0,0,276576315174,2490000000,0,0,0,0,0,0,4,260,2163.667955
run_20260930-035455_13076d45.json,unet,53,3,67,4,3556818720,67108864,276596322129,276644179795,276644180626,276596320677,276596322129,47857666,40000000,7857666,0.8358117589771302,0,0,276596300157,2520000000,0,0,0,0,0,0,4,260,2163.667955
run_20260930-035455_13076d45.json,unet,54,1,65,2,3623927584,67108864,276622396199,276664028696,276664029272,276622393715,276622396199,41632497,40000000,1632497,0.960787915267249,0,0,276622348603,2220000000,0,0,0,0,0,0,4,260,2163.667955
run_20260930-035455_13076d45.json,unet,55,0,64,5,3691036448,67108864,276627215604,276666235506,276666235894,276627214314,276627215604,39019902,40000000,-980098,1.0251179000910868,0,1287853,276625085068,2230000000,0,0,0,0,0,0,4,260,2163.667955
run_20260930-035455_13076d45.json,unet,56,2,66,3,3758145312,67108864,276631641381,276673396446,276673396696,276631638499,276631641381,41755065,40000000,1755065,0.9579676142283576,0,2897674,276628284898,2540000000,0,0,0,0,0,0,4,260,2163.667955
run_20260930-035455_13076d45.json,unet,57,3,67,0,3825254176,67108864,276644706227,276682620704,276682621076,276644704209,276644706227,37914477,40000000,-2085523,1.055005980960782,0,0,276644669457,2560000000,0,0,0,0,0,0,4,260,2163.667955
run_20260930-035455_13076d45.json,unet,58,1,65,1,3892363040,67108864,276664344523,276698868544,276698869182,276664343012,276664344523,34524021,30000000,4524021,0.8689601944107264,0,0,276664313629,2260000000,0,0,0,0,0,0,4,260,2163.667955
run_20260930-035455_13076d45.json,unet,59,0,64,4,3959471904,67108864,276668955671,276705952705,276705953315,276668954283,276668955671,36997034,40000000,-3002966,1.0811677498255672,0,1938031,276666395589,2270000000,0,0,0,0,0,0,4,260,2163.667955
run_20260930-035455_13076d45.json,unet,60,2,66,2,4026580768,67108864,276673769997,276711626224,276711626684,276673768816,276673769997,37856227,30000000,7856227,0.7924720020302076,0,0,276673747753,2580000000,0,0,0,0,0,0,4,260,2163.667955
run_20260930-035455_13076d45.json,unet,61,3,67,3,4093689632,67108864,276682920712,276725387692,276725388564,276682919369,276682920712,42466980,30000000,12466980,0.7064312084353538,0,0,276682903549,2600000000,0,0,0,0,0,0,4,260,2163.667955
run_20260930-035455_13076d45.json,unet,62,1,65,0,4160798496,67108864,276699313477,276738789459,276738789889,276699311728,276699313477,39475982,40000000,-524018,1.013274349957906,0,0,276699278865,2290000000,0,0,0,0,0,0,4,260,2163.667955
run_20260930-035455_13076d45.json,unet,63,0,64,1,4227907360,67108864,276706302352,276744829108,276744829586,276706300954,276706302352,38526756,30000000,8526756,0.77867962721803,0,0,276706271343,2310000000,0,0,0,0,0,0,4,260,2163.667955
run_20260930-035455_13076d45.json,unet,64,2,66,4,4295016224,67108864,276711845748,276752258799,276752259086,276711844472,276711845748,40413051,40000000,413051,0.989779267098641,0,0,276711829075,2610000000,0,0,0,0,0,0,4,260,2163.667955
run_20260930-035455_13076d45.json,unet,65,3,67,2,4362125088,67108864,276725769617,276764183128,276764183624,276725767709,276725769617,38413511,30000000,8413511,0.7809752146842293,0,0,276725745985,2640000000,0,0,0,0,0,0,4,260,2163.667955
run_20260930-035455_13076d45.json,unet,66,1,65,3,4429233952,67108864,276739035528,276776109063,276776109459,276739033347,276739035528,37073535,30000000,7073535,0.8092025753681164,0,0,276739012315,2330000000,0,0,0,0,0,0,4,260,2163.667955
run_20260930-035455_13076d45.json,unet,67,0,64,0,4496342816,67108864,276745005850,276782409060,276782409500,276745004510,276745005850,37403210,40000000,-2596790,1.0694269288651963,0,0,276744980944,2340000000,0,0,0,0,0,0,4,260,2163.667955
run_20260930-035455_13076d45.json,unet,68,2,66,1,4563451680,67108864,276752541084,276789957848,276789958171,276752540012,276752541084,37416764,30000000,7416764,0.8017796514952495,0,0,276752526099,2650000000,0,0,0,0,0,0,4,260,2163.667955
run_20260930-035455_13076d45.json,unet,69,3,67,4,4630560544,67108864,276764528043,276803883433,276803883691,276764526666,276764528043,39355390,40000000,-644610,1.016379204983104,0,0,276764509372,2670000000,0,0,0,0,0,0,4,260,2163.667955
run_20260930-035455_13076d45.json,unet,70,1,65,2,4697669408,67108864,276776350579,276811635744,276811635964,276776349390,276776350579,35285165,40000000,-4714835,1.1336208857178365,0,0,276776335069,2360000000,0,0,0,0,0,0,4,260,2163.667955
run_20260930-035455_13076d45.json,unet,71,0,64,3,4764778272,67108864,276782699526,276819393250,276819393438,276782698483,276782699526,36693724,30000000,6693724,0.8175785047056003,0,0,276782679814,2380000000,0,0,0,0,0,0,4,260,2163.667955
run_20260930-035455_13076d45.json,unet,72,2,66,0,4831887136,67108864,276790252571,276828143801,276828143920,276790251331,276790252571,37891230,30000000,7891230,0.7917399355998737,0,0,276790214898,2690000000,0,0,0,0,0,0,4,260,2163.667955
run_20260930-035455_13076d45.json,unet,73,3,67,1,4898996000,67108864,276804167290,276839097071,276839097303,276804166382,276804167290,34929781,30000000,4929781,0.8588659631161157,0,0,276804154268,2710000000,0,0,0,0,0,0,4,260,2163.667955
run_20260930-035455_13076d45.json,unet,74,1,65,4,4966104864,67108864,276811903324,276852217332,276852217681,276811902305,276811903324,40314008,30000000,10314008,0.7441582092259346,0,0,276811884922,2400000000,0,0,0,0,0,0,4,260,2163.667955
run_20260930-035455_13076d45.json,unet,75,0,64,2,5033213728,67108864,276819525568,276856184523,276856184802,276819524720,276819525568,36658955,40000000,-3341045,1.0911385771907574,0,0,276819510710,2410000000,0,0,0,0,0,0,4,260,2163.667955
run_20260930-035455_13076d45.json,unet,76,2,66,3,5100322592,67108864,276828457695,276866161787,276866162151,276828456728,276828457695,37704092,40000000,-2295908,1.0608928070725057,0,0,276828369331,2720000000,0,0,0,0,0,0,4,260,2163.667955
run_20260930-035455_13076d45.json,unet,77,3,67,0,5167431456,67108864,276839282314,276875360148,276875360633,276839281577,276839282314,36077834,40000000,-3922166,1.108714009826643,0,0,276839270234,2740000000,0,0,0,0,0,0,4,260,2163.667955
run_20260930-035455_13076d45.json,unet,78,1,65,1,5234540320,67108864,276852384699,276901791573,276901792176,276852383822,276852384699,49406874,50000000,-593126,1.012004928706884,0,0,276852368468,2430000000,0,0,0,0,0,0,4,260,2163.667955
run_20260930-035455_13076d45.json,unet,79,0,64,4,5301649184,67108864,276856432139,276902495494,276902495816,276856431168,276856432139,46063355,40000000,6063355,0.8683692275562647,0,0,276856418241,2450000000,0,0,0,0,0,0,4,260,2163.667955
run_20260930-035455_13076d45.json,unet,80,2,66,2,5368758048,67108864,276866356821,276912029768,276912030082,276866355838,276866356821,45672947,40000000,5672947,0.8757919649896907,0,0,276866338452,2760000000,0,0,0,0,0,0,4,260,2163.667955
run_20260930-035455_13076d45.json,unet,81,3,67,3,5435866912,67108864,276875523511,276930130422,276930130920,276875522761,276875523511,54606911,50000000,4606911,0.9156350191645156,0,0,276875510918,2780000000,0,0,0,0,0,0,4,260,2163.667955
run_20260930-035455_13076d45.json,unet,82,1,65,0,5502975776,67108864,276902062750,276958594789,276958595104,276902061582,276902062750,56532039,60000000,-3467961,1.061345054262062,0,0,276902030447,2480000000,0,0,0,0,0,0,4,260,2163.667955
run_20260930-035455_13076d45.json,unet,83,0,64,5,5570084640,67108864,276906471938,276965091306,276965091624,276906470348,276906471938,58619368,50000000,8619368,0.8529604072155811,0,3243266,276902800094,2490000000,0,0,0,0,0,0,4,260,2163.667955
run_20260930-035455_13076d45.json,unet,84,2,66,1,5637193504,67108864,276912199852,276967554972,276967555414,276912199169,276912199852,55355120,60000000,-4644880,1.0839105759322716,0,0,276912185725,2800000000,0,0,0,0,0,0,4,260,2163.667955
run_20260930-035455_13076d45.json,unet,85,3,67,2,5704302368,67108864,276930337818,276984440251,276984440843,276930336610,276930337818,54102433,50000000,4102433,0.9241728555904316,0,0,276930313530,2830000000,0,0,0,0,0,0,4,260,2163.667955
run_20260930-035455_13076d45.json,unet,86,1,65,3,5771411232,67108864,276958783283,277009437685,277009438206,276958782347,276958783283,50654402,50000000,654402,0.9870810438153036,0,0,276958767020,2540000000,0,0,0,0,0,0,4,260,2163.667955
run_20260930-035455_13076d45.json,unet,87,0,64,0,5838520096,67108864,276965285932,277015817747,277015818125,276965284907,276965285932,50531815,50000000,531815,0.9894756402476341,0,0,276965271222,2540000000,0,0,0,0,0,0,4,260,2163.667955
run_20260930-035455_13076d45.json,unet,88,2,66,4,5905628960,67108864,276969357604,277020241280,277020241653,276969354176,276969357604,50883676,50000000,883676,0.9826334087969588,0,1537043,276967726912,2860000000,0,0,0,0,0,0,4,260,2163.667955
run_20260930-035455_13076d45.json,unet,89,3,67,5,5972737824,67108864,276984672133,277034492827,277034493380,276984670731,276984672133,49820694,50000000,-179306,1.0035990265410595,0,0,276984648780,2880000000,0,0,0,0,0,0,4,260,2163.667955
run_20260930-035455_13076d45.json,unet,90,1,65,1,6039846688,67108864,277009705543,277063649063,277063649642,277009703424,277009705543,53943520,50000000,3943520,0.9268953898447858,0,0,277009667700,2590000000,0,0,0,0,0,0,4,260,2163.667955
run_20260930-035455_13076d45.json,unet,91,0,64,2,6106955552,67108864,277016017201,277070569156,277070569730,277016016021,277016017201,54551955,50000000,4551955,0.9165574359342392,0,0,277016000195,2590000000,0,0,0,0,0,0,4,260,2163.667955
run_20260930-035455_13076d45.json,unet,92,2,66,0,6174064416,67108864,277020423511,277076338920,277076339355,277020422642,277020423511,55915409,50000000,5915409,0.8942078917816733,0,0,277020396556,2910000000,0,0,0,0,0,0,4,260,2163.667955
run_20260930-035455_13076d45.json,unet,93,3,67,3,6241173280,67108864,277034740120,277084860497,277084861067,277034738751,277034740120,50120377,50000000,120377,0.9975982423276665,0,0,277034720002,2930000000,0,0,0,0,0,0,4,260,2163.667955
run_20260930-035455_13076d45.json,unet,94,1,65,4,6308282144,67108864,277064053731,277110027883,277110028297,277064050789,277064053731,45974152,40000000,5974152,0.8700541121454508,0,0,277064013096,2640000000,0,0,0,0,0,0,4,260,2163.667955
run_20260930-035455_13076d45.json,unet,95,0,64,1,6375391008,67108864,277070828363,277119139973,277119140373,277070826944,277070828363,48311610,40000000,8311610,0.8279583313410586,0,0,277070804751,2650000000,0,0,0,0,0,0,4,260,2163.667955
run_20260930-035455_13076d45.json,unet,96,2,66,2,6442499872,67108864,277076632710,277126281221,277126281931,277076631494,277076632710,49648511,50000000,-351489,1.0070795476625674,0,0,277076615557,2960000000,0,0,0,0,0,0,4,260,2163.667955
run_20260930-035455_13076d45.json,unet,97,3,67,0,6509608736,67108864,277085099528,277135405467,277135406136,277085098092,277085099528,50305939,50000000,305939,0.9939184317780054,0,0,277085074272,2980000000,0,0,0,0,0,0,4,260,2163.667955
run_20260930-035455_13076d45.json,unet,98,1,65,3,6576717600,67108864,277110287453,277153557172,277153557522,277110286317,277110287453,43269719,40000000,3269719,0.9244340135418952,0,0,277110268356,2680000000,0,0,0,0,0,0,4,260,2163.667955
run_20260930-035455_13076d45.json,unet,99,0,64,4,6643826464,67108864,277119356492,277160358556,277160358921,277119355555,277119356492,41002064,40000000,1002064,0.9755606449470446,0,0,277119336264,2690000000,0,0,0,0,0,0,4,260,2163.667955
run_20260930-035455_13076d45.json,unet,100,2,66,1,6710935328,67108864,277126704911,277167036171,277167036441,277126703394,277126704911,40331260,40000000,331260,0.991786519935157,0,0,277126668415,3010000000,0,0,0,0,0,0,4,260,2163.667955
run_20260930-035455_13076d45.json,unet,101,3,67,2,6778044192,67108864,277135606315,277175595134,277175595374,277135605286,277135606315,39988819,40000000,-11181,1.0002796031560721,0,0,277135589666,3030000000,0,0,0,0,0,0,4,260,2163.667955
run_20260930-035455_13076d45.json,unet,102,1,65,0,6845153056,67108864,277153772620,277200334034,277200334398,277153771639,277153772620,46561414,50000000,-3438586,1.0738505492981807,0,0,277153751433,2720000000,0,0,0,0,0,0,4,260,2163.667955
run_20260930-035455_13076d45.json,unet,103,0,64,3,6912261920,67108864,277160770903,277210834674,277210835257,277160768622,277160770903,50063771,50000000,63771,0.9987262046240983,0,0,277160725428,2730000000,0,0,0,0,0,0,4,260,2163.667955
run_20260930-035455_13076d45.json,unet,104,2,66,4,6979370784,67108864,277167363648,277216091902,277216092301,277167362115,277167363648,48728254,40000000,8728254,0.8208789914779216,0,0,277167333757,3050000000,0,0,0,0,0,0,4,260,2163.667955
run_20260930-035455_13076d45.json,unet,105,3,67,1,7046479648,67108864,277175877838,277221499333,277221499725,277175876580,277175877838,45621495,40000000,5621495,0.8767796846639945,0,0,277175850798,3070000000,0,0,0,0,0,0,4,260,2163.667955
run_20260930-035455_13076d45.json,unet,106,1,65,2,7113588512,67108864,277200834435,277244642188,277244642600,277200832864,277200834435,43807753,40000000,3807753,0.9130803855655414,0,0,277200804533,2770000000,0,0,0,0,0,0,4,260,2163.667955
run_20260930-035455_13076d45.json,unet,107,0,64,0,7180697376,67108864,277211116557,277259614591,277259615104,277211115054,277211116557,48498034,40000000,8498034,0.8247757012170844,0,0,277211087723,2780000000,0,0,0,0,0,0,4,260,2163.667955
run_20260930-035455_13076d45.json,unet,108,2,66,3,7247806240,67108864,277216277021,277263285625,277263286106,277216275899,277216277021,47008604,50000000,-2991396,1.0636350741238774,0,0,277216260135,3090000000,0,0,0,0,0,0,4,260,2163.667955
run_20260930-035455_13076d45.json,unet,109,3,67,4,7314915104,67108864,277221679195,277266328196,277266328558,277221678326,277221679195,44649001,40000000,4649001,0.8958767072974376,0,0,277221660123,3110000000,0,0,0,0,0,0,4,260,2163.667955
run_20260930-035455_13076d45.json,unet,110,1,65,1,7382023968,67108864,277244868125,277290853268,277290853651,277244867089,277244868125,45985143,40000000,5985143,0.8698461587908947,0,0,277244846912,2810000000,0,0,0,0,0,0,4,260,2163.667955
run_20260930-035455_13076d45.json,unet,111,0,64,2,7449132832,67108864,277259853511,277310197318,277310197647,277259852169,277259853511,50343807,50000000,343807,0.9931708184087071,0,0,277259830225,2820000000,0,0,0,0,0,0,4,260,2163.667955
run_20260930-035455_13076d45.json,unet,112,2,66,0,7516241696,67108864,277264050177,277314065506,277314065866,277264046472,277264050177,50015329,40000000,10015329,0.7997548111699915,0,333404,277263500914,3140000000,0,0,0,0,0,0,4,260,2163.667955
run_20260930-035455_13076d45.json,unet,113,3,67,3,7583350560,67108864,277268455519,277317772193,277317772646,277268454148,277268455519,49316674,50000000,-683326,1.013855881684154,0,1459415,277266572930,3150000000,0,0,0,0,0,0,4,260,2163.667955
run_20260930-035455_13076d45.json,unet,114,1,65,4,7650459424,67108864,277291113668,277341992220,277341992581,277291112619,277291113668,50878552,50000000,878552,0.9827323702136807,0,0,277291086623,2850000000,0,0,0,0,0,0,4,260,2163.667955
run_20260930-035455_13076d45.json,unet,115,0,64,1,7717568288,67108864,277310448673,277361350028,277361350381,277310447490,277310448673,50901355,50000000,901355,0.9822921216930276,0,0,277310412338,2870000000,0,0,0,0,0,0,4,260,2163.667955
run_20260930-035455_13076d45.json,unet,116,2,66,2,7784677152,67108864,277314497128,277365152508,277365153003,277314494914,277314497128,50655380,40000000,10655380,0.7896495890466126,0,148405,277314281845,3190000000,0,0,0,0,0,0,4,260,2163.667955
run_20260930-035455_13076d45.json,unet,117,3,67,0,7851786016,67108864,277318550317,277368148158,277368148470,277318548538,277318550317,49597841,50000000,-402159,1.0081083972989873,0,519079,277317964087,3200000000,0,0,0,0,0,0,4,260,2163.667955
run_20260930-035455_13076d45.json,unet,118,1,65,3,7918894880,67108864,277342210082,277393872537,277393872991,277342209274,277342210082,51662455,50000000,1662455,0.9678208284914064,0,0,277342185940,2900000000,0,0,0,0,0,0,4,260,2163.667955
run_20260930-035455_13076d45.json,unet,119,0,64,4,7986003744,67108864,277361732909,277414325346,277414325916,277361731045,277361732909,52592437,50000000,2592437,0.9507070379720187,0,0,277361704283,2920000000,0,0,0,0,0,0,4,260,2163.667955
run_20260930-035455_13076d45.json,unet,120,2,66,1,8053112608,67108864,277365813727,277417680614,277417680968,277365811597,277365813727,51866887,50000000,1866887,0.9640061876086761,0,343598,277365368013,3230000000,0,0,0,0,0,0,4,260,2163.667955
run_20260930-035455_13076d45.json,unet,121,3,67,5,8120221472,67108864,277370309207,277421104309,277421104641,277370308164,277370309207,50795102,50000000,795102,0.9843468765945189,0,1471657,277368328327,3250000000,0,0,0,0,0,0,4,260,2163.667955
run_20260930-035455_13076d45.json,unet,122,1,65,0,8187330336,67108864,277394113834,277435201957,277435202490,277394112901,277394113834,41088123,40000000,1088123,0.9735173349242554,0,0,277394093593,2950000000,0,0,0,0,0,0,4,260,2163.667955
run_20260930-035455_13076d45.json,unet,123,0,64,2,8254439200,67108864,277414606519,277456850173,277456850674,277414605230,277414606519,42243654,40000000,2243654,0.9468877857961814,0,0,277414571562,2970000000,0,0,0,0,0,0,4,260,2163.667955
run_20260930-035455_13076d45.json,unet,124,2,66,3,8321548064,67108864,277418842852,277462311195,277462311471,277418841028,277418842852,43468343,40000000,3468343,0.9202099100027806,0,783877,277417812111,3280000000,0,0,0,0,0,0,4,260,2163.667955
run_20260930-035455_13076d45.json,unet,125,3,67,1,8388656928,67108864,277423135361,277468854487,277468854667,277423133793,277423135361,45719126,40000000,5719126,0.8749073637146957,0,1598269,277421234328,3300000000,0,0,0,0,0,0,4,260,2163.667955
run_20260930-035455_13076d45.json,unet,126,1,65,4,8455765792,67108864,277435529734,277487629495,277487629825,277435527948,277435529734,52099761,50000000,2099761,0.9596973007227423,0,0,277435492630,2990000000,0,0,0,0,0,0,4,260,2163.667955
run_20260930-035455_13076d45.json,unet,127,0,64,0,8522874656,67108864,277457115049,277504228627,277504229051,277457113923,277457115049,47113578,40000000,7113578,0.8490121467743333,0,0,277457096193,3010000000,0,0,0,0,0,0,4,260,2163.667955
run_20260930-035455_13076d45.json,unet,128,2,66,2,8589983520,67108864,277462491329,277512097865,277512098106,277462490562,277462491329,49606536,40000000,9606536,0.8063453573940337,0,0,277462474557,3330000000,0,0,0,0,0,0,4,260,2163.667955
run_20260930-035455_13076d45.json,unet,129,3,67,3,8657092384,67108864,277469001015,277519707378,277519707639,277469000282,277469001015,50706363,50000000,706363,0.9860695392410613,0,0,277468987813,3340000000,0,0,0,0,0,0,4,260,2163.667955
run_20260930-035455_13076d45.json,unet,130,1,65,1,8724201248,67108864,277487890553,277536711926,277536712163,277487889255,277487890553,48821373,50000000,-1178627,1.0241416192862909,0,0,277487858736,3040000000,0,0,0,0,0,0,4,260,2163.667955
run_20260930-035455_13076d45.json,unet,131,0,64,4,8791310112,67108864,277504590728,277548858236,277548858568,277504589216,277504590728,44267508,40000000,4267508,0.9035972840395714,0,0,277504563467,3060000000,0,0,0,0,0,0,4,260,2163.667955
run_20260930-035455_13076d45.json,unet,132,2,66,0,8858418976,67108864,277512254221,277559927247,277559927653,277512253462,277512254221,47673026,50000000,-2326974,1.048811124345243,0,0,277512238299,3370000000,0,0,0,0,0,0,4,260,2163.667955
run_20260930-035455_13076d45.json,unet,133,3,67,2,8925527840,67108864,277519876088,277568528426,277568528723,277519875397,277519876088,48652338,40000000,8652338,0.8221598723580354,0,0,277519862392,3390000000,0,0,0,0,0,0,4,260,2163.667955
run_20260930-035455_13076d45.json,unet,134,1,65,3,8992636704,67108864,277536900426,277584993083,277584993383,277536899262,277536900426,48092657,40000000,8092657,0.8317278041011541,0,0,277536880201,3090000000,0,0,0,0,0,0,4,260,2163.667955
run_20260930-035455_13076d45.json,unet,135,0,64,1,9059745568,67108864,277549037094,277593993152,277593993508,277549036270,277549037094,44956058,40000000,4956058,0.889757727423521,0,0,277549020886,3100000000,0,0,0,0,0,0,4,260,2163.667955
run_20260930-035455_13076d45.json,unet,136,2,66,4,9126854432,67108864,277560109521,277608629601,277608629843,277560108842,277560109521,48520080,40000000,8520080,0.8244009490503725,0,0,277560086459,3420000000,0,0,0,0,0,0,4,260,2163.667955
run_20260930-035455_13076d45.json,unet,137,3,67,0,9193963296,67108864,277568662143,277616374591,277616374886,277568661482,277568662143,47712448,40000000,7712448,0.838355642535885,0,0,277568648420,3440000000,0,0,0,0,0,0,4,260,2163.667955
run_20260930-035455_13076d45.json,unet,138,1,65,2,9261072160,67108864,277585224360,277635146584,277635147078,277585223397,277585224360,49922224,50000000,-77776,1.0015579434121364,0,0,277585192635,3130000000,0,0,0,0,0,0,4,260,2163.667955
run_20260930-035455_13076d45.json,unet,139,0,64,3,9328181024,67108864,277594322571,277640282928,277640283348,277594321267,277594322571,45960357,40000000,5960357,0.8703152588653739,0,0,277594283514,3140000000,0,0,0,0,0,0,4,260,2163.667955
run_20260930-035455_13076d45.json,unet,140,2,66,1,9395289888,67108864,277608781631,277659100577,277659101210,277608780835,277608781631,50318946,50000000,318946,0.9936615127033861,0,0,277608762434,3460000000,0,0,0,0,0,0,4,260,2163.667955
run_20260930-035455_13076d45.json,unet,141,3,67,4,9462398752,67108864,277616505516,277665668648,277665668918,277616504710,277616505516,49163132,50000000,-836868,1.0170222678245966,0,0,277616494036,3480000000,0,0,0,0,0,0,4,260,2163.667955
run_20260930-035455_13076d45.json,unet,142,1,65,0,9529507616,67108864,277635354109,277686279115,277686279619,277635352863,277635354109,50925006,50000000,925006,0.9818359177021992,0,0,277635335085,3180000000,0,0,0,0,0,0,4,260,2163.667955
run_20260930-035455_13076d45.json,unet,143,0,64,2,9596616480,67108864,277640456496,277690322276,277690322642,277640455634,277640456496,49865780,50000000,-134220,1.0026916253992217,0,0,277640436971,3180000000,0,0,0,0,0,0,4,260,2163.667955
run_20260930-035455_13076d45.json,unet,144,2,66,3,9663725344,67108864,277659324816,277710510186,277710510440,277659323811,277659324816,51185370,50000000,1185370,0.9768416248627293,0,0,277659304724,3510000000,0,0,0,0,0,0,4,260,2163.667955
run_20260930-035455_13076d45.json,unet,145,3,67,1,9730834208,67108864,277665785627,277716728772,277716729100,277665784940,277665785627,50943145,50000000,943145,0.9814863216631011,0,0,277665773537,3530000000,0,0,0,0,0,0,4,260,2163.667955
run_20260930-035455_13076d45.json,unet,146,1,65,4,9797943072,67108864,277686490408,277737414908,277737415193,277686489172,277686490408,50924500,50000000,924500,0.9818456734970398,0,0,277686472338,3230000000,0,0,0,0,0,0,4,260,2163.667955
run_20260930-035455_13076d45.json,unet,147,0,64,0,9865051936,67108864,277690518971,277741204084,277741204437,277690517249,277690518971,50685113,50000000,685113,0.9864829540776598,0,19496,277690458063,3230000000,0,0,0,0,0,0,4,260,2163.667955
run_20260930-035455_13076d45.json,unet,148,2,66,2,9932160800,67108864,277710760384,277760668288,277760668697,277710759001,277710760384,49907904,50000000,-92096,1.0018453189298433,0,0,277710746314,3560000000,0,0,0,0,0,0,4,260,2163.667955
run_20260930-035455_13076d45.json,unet,149,3,67,3,9999269664,67108864,277716871041,277766937627,277766937929,277716870242,277716871041,50066586,50000000,66586,0.9986700511195231,0,0,277716856536,3580000000,0,0,0,0,0,0,4,260,2163.667955
run_20260930-035455_13076d45.json,unet,150,1,65,1,10066378528,67108864,277737608517,277789622089,277789622611,277737607280,277737608517,52013572,50000000,2013572,0.9612875654838703,0,0,277737587200,3280000000,0,0,0,0,0,0,4,260,2163.667955
run_20260930-035455_13076d45.json,unet,151,0,64,4,10133487392,67108864,277741930778,277790898263,277790898592,277741928733,277741930778,48967485,50000000,-1032515,1.0210857265795865,0,232921,277741364765,3280000000,0,0,0,0,0,0,4,260,2163.667955
run_20260930-035455_13076d45.json,unet,152,2,66,0,10200596256,67108864,277760895861,277807121919,277807122235,277760894858,277760895861,46226058,40000000,6226058,0.8653128069021156,0,0,277760866399,3610000000,0,0,0,0,0,0,4,260,2163.667955
run_20260930-035455_13076d45.json,unet,153,3,67,2,10267705120,67108864,277767060311,277814401057,277814401365,277767059609,277767060311,47340746,40000000,7340746,0.8449381004684633,0,0,277767048235,3630000000,0,0,0,0,0,0,4,260,2163.667955
run_20260930-035455_13076d45.json,unet,154,1,65,3,10334813984,67108864,277789883306,277840550475,277840551141,277789882103,277789883306,50667169,40000000,10667169,0.7894658570720617,0,0,277789858275,3330000000,0,0,0,0,0,0,4,260,2163.667955
run_20260930-035455_13076d45.json,unet,155,0,64,5,10401922848,67108864,277794027976,277841935966,277841936556,277794026794,277794027976,47907990,50000000,-2092010,1.0436672463194552,0,2805577,277791065804,3330000000,0,0,0,0,0,0,4,260,2163.667955
run_20260930-035455_13076d45.json,unet,156,2,66,1,10469031712,67108864,277807305644,277852441489,277852441862,277807304958,277807305644,45135845,50000000,-4864155,1.1077670086823455,0,0,277807291701,3650000000,0,0,0,0,0,0,4,260,2163.667955
run_20260930-035455_13076d45.json,unet,157,3,67,0,10536140576,67108864,277814585464,277865578909,277865579237,277814584169,277814585464,50993445,50000000,993445,0.9805181822879392,0,0,277814561295,3670000000,0,0,0,0,0,0,4,260,2163.667955
run_20260930-035455_13076d45.json,unet,158,1,65,2,10603249440,67108864,277840773291,277890747089,277890747515,277840772243,277840773291,49973798,50000000,-26202,1.0005243147619078,0,0,277840750582,3370000000,0,0,0,0,0,0,4,260,2163.667955
run_20260930-035455_13076d45.json,unet,159,0,64,4,10670358304,67108864,277845134575,277893144892,277893145152,277845132455,277845134575,48010317,40000000,8010317,0.8331542572401678,0,2634798,277842126164,3380000000,0,0,0,0,0,0,4,260,2163.667955
run_20260930-035455_13076d45.json,unet,160,2,66,3,10737467168,67108864,277852600739,277898141723,277898142043,277852599982,277852600739,45540984,40000000,5540984,0.8783297260331485,0,0,277852576426,3700000000,0,0,0,0,0,0,4,260,2163.667955
run_20260930-035455_13076d45.json,unet,161,3,67,1,10804576032,67108864,277865741907,277910105385,277910105714,277865741039,277865741907,44363478,40000000,4363478,0.9016425628306238,0,0,277865728225,3720000000,0,0,0,0,0,0,4,260,2163.667955
run_20260930-035455_13076d45.json,unet,162,1,65,0,10871684896,67108864,277890976340,277927761346,277927761734,277890975373,277890976340,36785006,40000000,-3214994,1.0873995779693497,0,0,277890954845,3420000000,0,0,0,0,0,0,4,260,2163.667955
run_20260930-035455_13076d45.json,unet,163,0,64,5,10938793760,67108864,277895700052,277931222544,277931222814,277895699144,277895700052,35522492,30000000,5522492,0.8445353439730523,0,1712593,277893254962,3420000000,0,0,0,0,0,0,4,260,2163.667955
run_20260930-035455_13076d45.json,unet,164,2,66,2,11005902624,67108864,277899840589,277936553327,277936553672,277899837827,277899840589,36712738,30000000,6712738,0.817155070264713,0,1319225,277898344119,3740000000,0,0,0,0,0,0,4,260,2163.667955
run_20260930-035455_13076d45.json,unet,165,3,67,3,11073011488,67108864,277910367849,277946252546,277946252810,277910366898,277910367849,35884697,30000000,5884697,0.8360109603266261,0,0,277910347886,3760000000,0,0,0,0,0,0,4,260,2163.667955
run_20260930-035455_13076d45.json,unet,166,1,65,4,11140120352,67108864,277927969228,277964318418,277964318818,277927968442,277927969228,36349190,30000000,6349190,0.8253278821343749,0,0,277927953461,3460000000,0,0,0,0,0,0,4,260,2163.667955
run_20260930-035455_13076d45.json,unet,167,0,64,6,11207229216,67108864,277931992710,277968346157,277968346385,277931991929,277931992710,36353447,40000000,-3646553,1.1003083146420751,0,629058,277931331252,3450000000,0,0,0,0,0,0,4,260,2163.667955
run_20260930-035455_13076d45.json,unet,168,2,66,0,11274338080,67108864,277936786841,277973680937,277973681273,277936785888,277936786841,36894096,30000000,6894096,0.8131382321984526,0,0,277936749893,3780000000,0,0,0,0,0,0,4,260,2163.667955
run_20260930-035455_13076d45.json,unet,169,3,67,1,11341446944,67108864,277946430586,277982118003,277982118249,277946429911,277946430586,35687417,40000000,-4312583,1.1208432372676342,0,0,277946420389,3790000000,0,0,0,0,0,0,4,260,2163.667955
run_20260930-035455_13076d45.json,unet,170,1,65,2,11408555808,67108864,277964527917,277999833392,277999834094,277964527261,277964527917,35305475,40000000,-4694525,1.1329687534298858,0,0,277964515818,3490000000,0,0,0,0,0,0,4,260,2163.667955
run_20260930-035455_13076d45.json,unet,171,0,64,3,11475664672,67108864,277968622889,278004378249,278004378493,277968620681,277968622889,35755360,30000000,5755360,0.8390350425782316,0,63278,277968454101,3490000000,0,0,0,0,0,0,4,260,2163.667955
run_20260930-035455_13076d45.json,unet,172,2,66,4,11542773536,67108864,277973845541,278010794067,278010794308,277973844787,277973845541,36948526,40000000,-3051474,1.0825871646408844,0,0,277973831683,3810000000,0,0,0,0,0,0,4,260,2163.667955
run_20260930-035455_13076d45.json,unet,173,3,67,0,11609882400,67108864,277982241052,278017761981,278017762263,277982240238,277982241052,35520929,30000000,5520929,0.8445725054094165,0,0,277982229048,3830000000,0,0,0,0,0,0,4,260,2163.667955
run_20260930-035455_13076d45.json,unet,174,1,65,1,11676991264,67108864,278000067794,278035615821,278035616094,278000066878,278000067794,35548027,30000000,5548027,0.8439286939891207,0,0,278000047630,3530000000,0,0,0,0,0,0,4,260,2163.667955
run_20260930-035455_13076d45.json,unet,175,0,64,5,11744100128,67108864,278004505565,278041358642,278041359106,278004504949,278004505565,36853077,40000000,-3146923,1.085391051607441,0,0,278004490901,3520000000,0,0,0,0,0,0,4,260,2163.667955
run_20260930-035455_13076d45.json,unet,176,2,66,6,11811208992,67108864,278010923492,278048275424,278048275748,278010922826,278010923492,37351932,30000000,7351932,0.8031713058376739,0,0,278010912216,3850000000,0,0,0,0,0,0,4,260,2163.667955
run_20260930-035455_13076d45.json,unet,177,3,67,7,11878317856,67108864,278017974657,278054659212,278054659451,278017974056,278017974657,36684555,40000000,-3315445,1.0903771355547314,0,0,278017959540,3860000000,0,0,0,0,0,0,4,260,2163.667955
run_20260930-035455_13076d45.json,unet,178,1,65,0,11945426720,67108864,278035804146,278072631500,278072631942,278035803243,278035804146,36827354,40000000,-3172646,1.0861491705323167,0,0,278035785770,3560000000,0,0,0,0,0,0,4,260,2163.667955
run_20260930-035455_13076d45.json,unet,179,0,64,1,12012535584,67108864,278041533822,278078618494,278078618827,278041533254,278041533822,37084672,30000000,7084672,0.8089595615137165,0,0,278041523456,3560000000,0,0,0,0,0,0,4,260,2163.667955
run_20260930-035455_13076d45.json,unet,180,2,66,2,12079644448,67108864,278048450238,278085451900,278085452208,278048449551,278048450238,37001662,40000000,-2998338,1.0810325222688646,0,0,278048435488,3880000000,0,0,0,0,0,0,4,260,2163.667955
run_20260930-035455_13076d45.json,unet,181,3,67,3,12146753312,67108864,278054859810,278091935498,278091935823,278054858643,278054859810,37075688,40000000,-2924312,1.0788741128687889,0,0,278054831458,3900000000,0,0,0,0,0,0,4,260,2163.667955
run_20260930-035455_13076d45.json,unet,183,0,64,5,12280971040,28895360,278078799092,278103328043,278103328343,278078798339,278078799092,24528951,30000000,-5471049,1.2230445566139376,0,0,278078786460,3590000000,0,0,0,0,0,0,4,260,2163.667955
run_20260930-035455_13076d45.json,unet,182,1,65,4,12213862176,67108864,278072826761,278107531839,278107532099,278072826005,278072826761,34705078,30000000,4705078,0.8644268138512756,0,0,278072813140,3600000000,0,0,0,0,0,0,4,260,2163.667955
run_20260930-035604_13076d45.json,clip,0,2,66,0,45856,67108864,45704593093,46525103226,46525103894,45704591592,45704593093,820510133,770000000,50510133,0.9384405737741206,0,0,45704378389,10000000,0,0,0,0,0,0,1,257,3881.856397
run_20260930-035604_13076d45.json,clip,2,1,65,2,134263584,67108864,45712739984,46636597363,46636598133,45712738240,45712739984,923857379,870000000,53857379,0.941703795169882,0,3929895,45705018830,0,0,0,0,0,0,0,3,259,3881.856397
run_20260930-035604_13076d45.json,clip,4,2,66,4,268481312,67108864,46525414068,46762598706,46762599514,46525412503,46525414068,237184638,220000000,17184638,0.9275474240452284,0,0,46525370423,780000000,0,0,0,0,0,0,4,260,3881.856397
run_20260930-035604_13076d45.json,clip,5,1,65,0,335590176,67108864,46636954193,46847915048,46847916031,46636952216,46636954193,210960855,190000000,20960855,0.9006410217668107,0,0,46636926781,870000000,0,0,0,0,0,0,4,260,3881.856397
run_20260930-035604_13076d45.json,clip,1,0,64,1,67154720,67108864,45708670060,46908450141,46908450663,45708668462,45708670060,1199780081,1120000000,79780081,0.933504412797465,0,3800468,45704771500,0,0,0,0,0,0,0,2,258,3881.856397
run_20260930-035604_13076d45.json,clip,7,1,65,4,469807904,67108864,46848276851,46920556660,46920557073,46848272835,46848276851,72279809,70000000,2279809,0.9684585635803216,0,0,46848241153,1060000000,0,0,0,0,0,0,4,260,3881.856397
run_20260930-035604_13076d45.json,clip,9,1,65,1,604025632,67108864,46921022751,46991782558,46991783281,46921020638,46921022751,70759807,60000000,10759807,0.8479390001727959,0,0,46920995911,1130000000,0,0,0,0,0,0,4,260,3881.856397
run_20260930-035604_13076d45.json,clip,10,1,65,4,671134496,67108864,46992139307,47023686743,47023687147,46992137695,46992139307,31547436,20000000,11547436,0.633965942588805,0,0,46992114676,1200000000,0,0,0,0,0,0,4,260,3881.856397
run_20260930-035604_13076d45.json,clip,11,1,65,1,738243360,67108864,47024221906,47054407832,47054408398,47024219921,47024221906,30185926,20000000,10185926,0.6625604263390826,0,0,47024170621,1230000000,0,0,0,0,0,0,4,260,3881.856397
run_20260930-035604_13076d45.json,clip,12,1,65,4,805352224,67108864,47054969378,47084487952,47084488749,47054968009,47054969378,29518574,20000000,9518574,0.6775395044489615,0,0,47054944418,1260000000,0,0,0,0,0,0,4,260,3881.856397
run_20260930-035604_13076d45.json,clip,13,1,65,1,872461088,67108864,47085235136,47112915997,47112916456,47085233498,47085235136,27680861,30000000,-2319139,1.0837813173513642,0,0,47085201385,1280000000,0,0,0,0,0,0,4,260,3881.856397
run_20260930-035604_13076d45.json,clip,3,3,67,3,201372448,67108864,45716884721,47137960685,47137961056,45716883845,45716884721,1421075964,1320000000,101075964,0.9288736376094248,0,3891072,45705116071,10000000,0,0,0,0,0,0,4,260,3881.856397
run_20260930-035604_13076d45.json,clip,14,1,65,4,939569952,67108864,47113443635,47147693788,47147694060,47113442088,47113443635,34250153,30000000,4250153,0.8759084959416094,0,0,47113407291,1310000000,0,0,0,0,0,0,4,260,3881.856397
run_20260930-035604_13076d45.json,clip,15,3,67,1,1006678816,67108864,47138324979,47188903250,47188903791,47138323515,47138324979,50578271,50000000,578271,0.9885668096483567,0,0,47138301415,1330000000,0,0,0,0,0,0,4,260,3881.856397
run_20260930-035604_13076d45.json,clip,17,3,67,4,1140896544,67108864,47189415850,47254947002,47254947571,47189413456,47189415850,65531152,60000000,5531152,0.9155950745379846,0,0,47189388415,1380000000,0,0,0,0,0,0,4,260,3881.856397
run_20260930-035604_13076d45.json,clip,18,3,67,1,1208005408,67108864,47255305644,47286133448,47286134268,47255303954,47255305644,30827804,30000000,827804,0.9731474872488485,0,0,47255281536,1440000000,0,0,0,0,0,0,4,260,3881.856397
run_20260930-035604_13076d45.json,clip,19,3,67,4,1275114272,67108864,47286860166,47316777065,47316777875,47286858331,47286860166,29916899,30000000,-83101,1.0027777277317411,0,0,47286808493,1470000000,0,0,0,0,0,0,4,260,3881.856397
run_20260930-035604_13076d45.json,clip,20,3,67,1,1342223136,67108864,47317073380,47351431630,47351432007,47317071751,47317073380,34358250,40000000,-5641750,1.164203648323183,0,0,47317052350,1500000000,0,0,0,0,0,0,4,260,3881.856397
run_20260930-035604_13076d45.json,clip,21,3,67,4,1409332000,67108864,47351855096,47380891721,47380892246,47351853210,47351855096,29036625,20000000,9036625,0.6887852841024051,0,0,47351826343,1540000000,0,0,0,0,0,0,4,260,3881.856397
run_20260930-035604_13076d45.json,clip,22,3,67,1,1476440864,67108864,47381386355,47410547139,47410547678,47381384279,47381386355,29160784,30000000,-839216,1.0287789244623875,0,0,47381358482,1560000000,0,0,0,0,0,0,4,260,3881.856397
run_20260930-035604_13076d45.json,clip,23,3,67,4,1543549728,67108864,47410870970,47439668491,47439669024,47410869174,47410870970,28797521,30000000,-1202479,1.0417563372902827,0,0,47410845364,1590000000,0,0,0,0,0,0,4,260,3881.856397
run_20260930-035604_13076d45.json,clip,24,3,67,1,1610658592,67108864,47440136497,47469087422,47469088017,47440134848,47440136497,28950925,30000000,-1049075,1.0362363206011553,0,0,47440108620,1620000000,0,0,0,0,0,0,4,260,3881.856397
run_20260930-035604_13076d45.json,clip,25,3,67,4,1677767456,67108864,47471307228,47499760520,47499761062,47471305365,47471307228,28453292,20000000,8453292,0.7029063631723176,0,0,47471279932,1650000000,0,0,0,0,0,0,4,260,3881.856397
run_20260930-035604_13076d45.json,clip,26,3,67,1,1744876320,67108864,47500199946,47528800317,47528800785,47500198440,47500199946,28600371,20000000,8600371,0.6992916280701393,0,0,47500176702,1680000000,0,0,0,0,0,0,4,260,3881.856397
run_20260930-035604_13076d45.json,clip,8,0,64,0,536916768,67108864,46908747009,47837582796,47837583760,46908745801,46908747009,928835787,870000000,58835787,0.9366564167493688,0,0,46908720119,1120000000,0,0,0,0,0,0,4,260,3881.856397
run_20260930-035604_13076d45.json,clip,28,0,64,1,1879094048,67108864,47838119913,47903109029,47903109658,47838117955,47838119913,64989116,60000000,4989116,0.9232315146431597,0,0,47838091865,1990000000,0,0,0,0,0,0,4,260,3881.856397
run_20260930-035604_13076d45.json,clip,16,1,65,3,1073787680,67108864,47148049566,47938706691,47938707088,47148048094,47148049566,790657125,740000000,50657125,0.935930350339915,0,0,47148027511,1340000000,0,0,0,0,0,0,4,260,3881.856397
run_20260930-035604_13076d45.json,clip,29,0,64,0,1946202912,67108864,47903498826,47938964606,47938965006,47903497115,47903498826,35465780,30000000,5465780,0.8458858087993554,0,0,47903453008,2050000000,0,0,0,0,0,0,4,260,3881.856397
run_20260930-035604_13076d45.json,clip,6,2,66,2,402699040,67108864,46763049953,47950876459,47950877054,46763048353,46763049953,1187826506,1110000000,77826506,0.9344799045930703,0,0,46763022081,1000000000,0,0,0,0,0,0,4,260,3881.856397
run_20260930-035604_13076d45.json,clip,30,1,65,1,2013311776,67108864,47939610561,47953671605,47953671833,47939608812,47939610561,14061044,10000000,4061044,0.7111847455992599,0,0,47939581575,2080000000,0,0,0,0,0,0,3,259,3881.856397
run_20260930-035604_13076d45.json,clip,32,2,66,0,2147529504,67108864,47951203358,48027003494,48027004084,47951201655,47951203358,75800136,70000000,5800136,0.9234811926986516,0,0,47951169070,2110000000,0,0,0,0,0,0,4,260,3881.856397
run_20260930-035604_13076d45.json,clip,31,0,64,5,2080420640,67108864,47945448189,48028059931,48028060217,47945446080,47945448189,82611742,80000000,2611742,0.9683853416382383,0,3778800,47939802699,2080000000,0,0,0,0,0,0,4,260,3881.856397
run_20260930-035604_13076d45.json,clip,33,1,65,3,2214638368,67108864,47956216589,48042324564,48042325291,47956214405,47956216589,86107975,80000000,6107975,0.929066094052264,0,1332943,47953852194,2100000000,0,0,0,0,0,0,4,260,3881.856397
run_20260930-035604_13076d45.json,clip,34,2,66,1,2281747232,67108864,48027579965,48068302580,48068303008,48027577941,48027579965,40722615,30000000,10722615,0.7366913937132966,0,0,48027522651,2180000000,0,0,0,0,0,0,4,260,3881.856397
run_20260930-035604_13076d45.json,clip,35,0,64,2,2348856096,67108864,48031660010,48095047571,48095048015,48031657659,48031660010,63387561,60000000,3387561,0.9465579532236617,0,2986672,48028574201,2160000000,0,0,0,0,0,0,4,260,3881.856397
run_20260930-035604_13076d45.json,clip,36,1,65,0,2415964960,67108864,48042642138,48108005658,48108006380,48042640344,48042642138,65363520,60000000,5363520,0.917943219704202,0,0,48042618401,2180000000,0,0,0,0,0,0,4,260,3881.856397
run_20260930-035604_13076d45.json,clip,37,2,66,3,2483073824,67108864,48068783687,48121477013,48121477640,48068781954,48068783687,52693326,50000000,2693326,0.9488867717327238,0,0,48068733607,2220000000,0,0,0,0,0,0,4,260,3881.856397
run_20260930-035604_13076d45.json,clip,38,0,64,1,2550182688,67108864,48095316607,48137223131,48137223741,48095315581,48095316607,41906524,40000000,1906524,0.9545053175968496,0,0,48095298990,2220000000,0,0,0,0,0,0,4,260,3881.856397
run_20260930-035604_13076d45.json,clip,39,1,65,2,2617291552,67108864,48108418694,48154386102,48154386603,48108416408,48108418694,45967408,40000000,5967408,0.8701817600853196,0,0,48108384025,2240000000,0,0,0,0,0,0,4,260,3881.856397
run_20260930-035604_13076d45.json,clip,40,2,66,0,2684400416,67108864,48121742691,48174610552,48174610985,48121741184,48121742691,52867861,50000000,2867861,0.9457541700051001,0,0,48121722960,2270000000,0,0,0,0,0,0,4,260,3881.856397
run_20260930-035604_13076d45.json,clip,41,0,64,3,2751509280,67108864,48137808825,48198796349,48198796961,48137806907,48137808825,60987524,50000000,10987524,0.8198398085483845,0,0,48137773628,2260000000,0,0,0,0,0,0,4,260,3881.856397
run_20260930-035604_13076d45.json,clip,42,1,65,1,2818618144,67108864,48154838745,48199318448,48199318955,48154837265,48154838745,44479703,50000000,-5520297,1.124108225272997,0,0,48154811142,2280000000,0,0,0,0,0,0,4,260,3881.856397
run_20260930-035604_13076d45.json,clip,43,2,66,2,2885727008,67108864,48175140934,48233721896,48233722506,48175138987,48175140934,58580962,60000000,-1419038,1.0242235352843814,0,0,48175108266,2320000000,0,0,0,0,0,0,4,260,3881.856397
run_20260930-035604_13076d45.json,clip,44,0,64,0,2952835872,67108864,48199496557,48261087090,48261087516,48199494671,48199496557,61590533,50000000,11590533,0.8118130752334941,0,0,48199450289,2320000000,0,0,0,0,0,0,4,260,3881.856397
run_20260930-035604_13076d45.json,clip,45,1,65,5,3019944736,67108864,48203670944,48269674950,48269675516,48203669960,48203670944,66004006,60000000,6004006,0.9090357333765469,0,3687533,48199795100,2330000000,0,0,0,0,0,0,4,260,3881.856397
run_20260930-035604_13076d45.json,clip,46,2,66,1,3087053600,67108864,48234472224,48297531910,48297532502,48234470448,48234472224,63059686,60000000,3059686,0.9514795237007682,0,0,48234227991,2380000000,0,0,0,0,0,0,4,260,3881.856397
run_20260930-035604_13076d45.json,clip,47,0,64,2,3154162464,67108864,48261581693,48308220214,48308220974,48261579723,48261581693,46638521,50000000,-3361479,1.0720751629323753,0,0,48261554857,2370000000,0,0,0,0,0,0,4,260,3881.856397
run_20260930-035604_13076d45.json,clip,48,1,65,0,3221271328,67108864,48270173322,48318844309,48318844690,48270171716,48270173322,48670987,50000000,-1329013,1.0273060622337493,0,0,48270139613,2390000000,0,0,0,0,0,0,4,260,3881.856397
run_20260930-035604_13076d45.json,clip,49,2,66,3,3288380192,67108864,48298015064,48346502119,48346502704,48298013139,48298015064,48487055,40000000,8487055,0.8249624564742074,0,0,48297987890,2440000000,0,0,0,0,0,0,4,260,3881.856397
run_20260930-035604_13076d45.json,clip,50,0,64,1,3355489056,67108864,48308588154,48360220661,48360221214,48308586240,48308588154,51632507,50000000,1632507,0.9683821860518994,0,0,48308564423,2420000000,0,0,0,0,0,0,4,260,3881.856397
run_20260930-035604_13076d45.json,clip,51,1,65,2,3422597920,67108864,48319228960,48369356133,48369356625,48319227257,48319228960,50127173,40000000,10127173,0.7979703942211144,0,0,48319206280,2440000000,0,0,0,0,0,0,4,260,3881.856397
run_20260930-035604_13076d45.json,clip,52,2,66,0,3489706784,67108864,48346954916,48399239941,48399240482,48346953141,48346954916,52285025,50000000,2285025,0.9562967599231329,0,0,48346926277,2480000000,0,0,0,0,0,0,4,260,3881.856397
run_20260930-035604_13076d45.json,clip,53,0,64,3,3556815648,67108864,48360758922,48413544092,48413544575,48360757047,48360758922,52785170,50000000,2785170,0.9472357482224647,0,0,48360734044,2470000000,0,0,0,0,0,0,4,260,3881.856397
run_20260930-035604_13076d45.json,clip,54,1,65,1,3623924512,67108864,48369687049,48417747578,48417747821,48369685714,48369687049,48060529,50000000,-1939471,1.040354757643221,0,0,48369665384,2480000000,0,0,0,0,0,0,4,260,3881.856397
run_20260930-035604_13076d45.json,clip,55,2,66,2,3691033376,67108864,48399748789,48442743648,48442744076,48399747041,48399748789,42994859,40000000,2994859,0.9303437883119933,0,0,48399720606,2530000000,0,0,0,0,0,0,4,260,3881.856397
run_20260930-035604_13076d45.json,clip,56,0,64,0,3758142240,67108864,48414042163,48455765496,48455765891,48414040592,48414042163,41723333,30000000,11723333,0.7190221356476962,0,0,48414012829,2520000000,0,0,0,0,0,0,4,260,3881.856397
run_20260930-035604_13076d45.json,clip,57,1,65,5,3825251104,67108864,48418111967,48469270038,48469270503,48418110387,48418111967,51158071,50000000,1158071,0.9773628876663469,0,0,48418076347,2530000000,0,0,0,0,0,0,4,260,3881.856397
run_20260930-035604_13076d45.json,clip,58,2,66,1,3892359968,67108864,48443013925,48480576422,48480576889,48443012486,48443013925,37562497,40000000,-2437503,1.0648919319714023,0,0,48442995669,2570000000,0,0,0,0,0,0,4,260,3881.856397
run_20260930-035604_13076d45.json,clip,59,0,64,2,3959468832,67108864,48456113538,48500184394,48500185015,48456112055,48456113538,44070856,50000000,-5929144,1.134536619846912,0,0,48456092965,2550000000,0,0,0,0,0,0,4,260,3881.856397
run_20260930-035604_13076d45.json,clip,60,1,65,0,4026577696,67108864,48469591425,48517453448,48517453750,48469589810,48469591425,47862023,40000000,7862023,0.8357356729363488,0,0,48469568735,2580000000,0,0,0,0,0,0,4,260,3881.856397
run_20260930-035604_13076d45.json,clip,61,2,66,3,4093686560,67108864,48480966359,48521571910,48521572394,48480964764,48480966359,40605551,40000000,605551,0.9850869897073925,0,0,48480860474,2610000000,0,0,0,0,0,0,4,260,3881.856397
run_20260930-035604_13076d45.json,clip,27,3,67,4,1811985184,67108864,47529311173,48525078344,48525078746,47529309252,47529311173,995767171,930000000,65767171,0.9339532644624614,0,0,47529280872,1700000000,0,0,0,0,0,0,4,260,3881.856397
run_20260930-035604_13076d45.json,clip,63,1,65,2,4227904288,67108864,48517745979,48568428123,48568428772,48517744543,48517745979,50682144,50000000,682144,0.9865407430277614,0,0,48517720712,2620000000,0,0,0,0,0,0,4,260,3881.856397
run_20260930-035604_13076d45.json,clip,64,2,66,5,4295013152,67108864,48522188064,48572372826,48572373359,48522185863,48522188064,50184762,50000000,184762,0.9963183645266664,0,0,48522113969,2650000000,0,0,0,0,0,0,4,260,3881.856397
run_20260930-035604_13076d45.json,clip,67,2,66,4,4496339744,67108864,48572999317,48645501851,48645502449,48572996599,48572999317,72502534,60000000,12502534,0.827557282342711,0,316402,48572614123,2700000000,0,0,0,0,0,0,4,260,3881.856397
run_20260930-035604_13076d45.json,clip,68,2,66,2,4563448608,67108864,48645998131,48917803653,48917804220,48645996346,48645998131,271805522,260000000,11805522,0.9565662908055268,0,0,48645968911,2760000000,0,0,0,0,0,0,4,260,3881.856397
run_20260930-035604_13076d45.json,clip,69,2,66,4,4630557472,67108864,48918125986,48952875037,48952875537,48918124348,48918125986,34749051,30000000,4749051,0.8633329295812999,0,0,48918101994,3020000000,0,0,0,0,0,0,4,260,3881.856397
run_20260930-035604_13076d45.json,clip,70,2,66,2,4697666336,67108864,48953462286,48983539597,48983540147,48953458924,48953462286,30077311,30000000,77311,0.9974295906971204,0,0,48953396206,3050000000,0,0,0,0,0,0,4,260,3881.856397
run_20260930-035604_13076d45.json,clip,62,0,64,1,4160795424,67108864,48500491746,48988203683,48988204233,48500490080,48500491746,487711937,450000000,37711937,0.9226757966352584,0,0,48500467981,2600000000,0,0,0,0,0,0,4,260,3881.856397
run_20260930-035604_13076d45.json,clip,71,2,66,4,4764775200,67108864,48984131256,49014341961,49014342451,48984128518,48984131256,30210705,30000000,210705,0.9930254855025726,0,0,48984077185,3080000000,0,0,0,0,0,0,4,260,3881.856397
run_20260930-035604_13076d45.json,clip,72,0,64,5,4831884064,67108864,48988646609,49029338384,49029338918,48988645119,48988646609,40691775,40000000,691775,0.98299963567576,0,0,48988605509,3050000000,0,0,0,0,0,0,4,260,3881.856397
run_20260930-035604_13076d45.json,clip,66,1,65,3,4429230880,67108864,48568948418,49034030428,49034031347,48568946771,48568948418,465082010,440000000,25082010,0.9460697049967596,0,0,48568924312,2670000000,0,0,0,0,0,0,4,260,3881.856397
run_20260930-035604_13076d45.json,clip,73,2,66,1,4898992928,67108864,49014913519,49049307210,49049307636,49014910453,49014913519,34393691,30000000,4393691,0.8722529954694307,0,0,49014871426,3110000000,0,0,0,0,0,0,4,260,3881.856397
run_20260930-035604_13076d45.json,clip,65,3,67,0,4362122016,67108864,48527274689,49050654730,49050655081,48527273141,48527274689,523380041,490000000,33380041,0.9362221743568552,0,864503,48525309722,2630000000,0,0,0,0,0,0,4,260,3881.856397
run_20260930-035604_13076d45.json,clip,74,0,64,2,4966101792,67108864,49029806990,49066640594,49066641099,49029805705,49029806990,36833604,40000000,-3166396,1.0859648705567884,0,0,49029779972,3090000000,0,0,0,0,0,0,4,260,3881.856397
run_20260930-035604_13076d45.json,clip,75,1,65,4,5033210656,67108864,49034489127,49073487172,49073487650,49034487816,49034489127,38998045,30000000,8998045,0.7692693313216086,0,0,49034453227,3110000000,0,0,0,0,0,0,4,260,3881.856397
run_20260930-035604_13076d45.json,clip,76,2,66,3,5100319520,67108864,49049811240,49096896573,49096897362,49049809110,49049811240,47085333,50000000,-2914667,1.0619018028395382,0,0,49049763058,3140000000,0,0,0,0,0,0,4,260,3881.856397
run_20260930-035604_13076d45.json,clip,77,3,67,5,5167428384,67108864,49054243181,49106011246,49106011597,49054239021,49054243181,51768065,50000000,1768065,0.9658464151596162,0,2765369,49051037750,3120000000,0,0,0,0,0,0,4,260,3881.856397
run_20260930-035604_13076d45.json,clip,78,0,64,0,5234537248,67108864,49067017278,49115762021,49115762393,49067015742,49067017278,48744743,40000000,8744743,0.8206013107916068,0,0,49066993529,3130000000,0,0,0,0,0,0,4,260,3881.856397
run_20260930-035604_13076d45.json,clip,79,1,65,1,5301646112,67108864,49073830315,49119740003,49119740308,49073829005,49073830315,45909688,40000000,5909688,0.8712757969516151,0,0,49073792005,3150000000,0,0,0,0,0,0,4,260,3881.856397
run_20260930-035604_13076d45.json,clip,80,2,66,2,5368754976,67108864,49097273414,49142491497,49142492289,49097271920,49097273414,45218083,40000000,5218083,0.8846018527587736,0,0,49097251291,3190000000,0,0,0,0,0,0,4,260,3881.856397
run_20260930-035604_13076d45.json,clip,81,3,67,3,5435863840,67108864,49106700263,49152011784,49152012186,49106698843,49106700263,45311521,40000000,5311521,0.8827776935583337,0,0,49106679708,3170000000,0,0,0,0,0,0,4,260,3881.856397
run_20260930-035604_13076d45.json,clip,82,0,64,4,5502972704,67108864,49116075385,49166307203,49166307730,49116073447,49116075385,50231818,40000000,10231818,0.7963080293052504,0,0,49116051268,3180000000,0,0,0,0,0,0,4,260,3881.856397
run_20260930-035604_13076d45.json,clip,83,1,65,0,5570081568,67108864,49120208932,49171478902,49171479340,49120206177,49120208932,51269970,50000000,1269970,0.9752297495005361,0,83381,49119969105,3190000000,0,0,0,0,0,0,4,260,3881.856397
run_20260930-035604_13076d45.json,clip,84,2,66,1,5637190432,67108864,49142852377,49189427377,49189427836,49142851065,49142852377,46575000,40000000,6575000,0.8588298443370908,0,0,49142831587,3230000000,0,0,0,0,0,0,4,260,3881.856397
run_20260930-035604_13076d45.json,clip,85,3,67,2,5704299296,67108864,49152337733,49197566165,49197566753,49152336479,49152337733,45228432,40000000,5228432,0.8843994414840647,0,0,49152319951,3210000000,0,0,0,0,0,0,4,260,3881.856397
run_20260930-035604_13076d45.json,clip,86,0,64,3,5771408160,67108864,49166550079,49214530266,49214530677,49166548725,49166550079,47980187,50000000,-2019813,1.0420968138369282,0,0,49166532312,3220000000,0,0,0,0,0,0,4,260,3881.856397
run_20260930-035604_13076d45.json,clip,87,1,65,4,5838517024,67108864,49171704960,49217290208,49217290615,49171703814,49171704960,45585248,40000000,5585248,0.8774768539155474,0,0,49171684535,3240000000,0,0,0,0,0,0,4,260,3881.856397
run_20260930-035604_13076d45.json,clip,88,2,66,0,5905625888,67108864,49189690557,49232829328,49232829699,49189689469,49189690557,43138771,40000000,3138771,0.9272401385751114,0,0,49189669468,3270000000,0,0,0,0,0,0,4,260,3881.856397
run_20260930-035604_13076d45.json,clip,89,3,67,1,5972734752,67108864,49197896294,49242340003,49242340387,49197894813,49197896294,44443709,40000000,4443709,0.9000148929964419,0,0,49197876499,3250000000,0,0,0,0,0,0,4,260,3881.856397
run_20260930-035604_13076d45.json,clip,90,0,64,2,6039843616,67108864,49214772293,49262074146,49262074816,49214770785,49214772293,47301853,40000000,7301853,0.845632833876508,0,0,49214740338,3270000000,0,0,0,0,0,0,4,260,3881.856397
run_20260930-035604_13076d45.json,clip,91,1,65,5,6106952480,67108864,49219307006,49264279570,49264279839,49219304123,49219307006,44972564,40000000,4972564,0.8894311651877354,0,1264882,49217490845,3280000000,0,0,0,0,0,0,4,260,3881.856397
run_20260930-035604_13076d45.json,clip,92,2,66,3,6174061344,67108864,49233282526,49275994513,49275995229,49233280539,49233282526,42711987,40000000,2711987,0.9365052485148958,0,0,49233243410,3310000000,0,0,0,0,0,0,4,260,3881.856397
run_20260930-035604_13076d45.json,clip,93,3,67,0,6241170208,67108864,49242592295,49285690653,49285691012,49242590749,49242592295,43098358,40000000,3098358,0.9281096045468832,0,0,49242566173,3290000000,0,0,0,0,0,0,4,260,3881.856397
run_20260930-035604_13076d45.json,clip,94,0,64,1,6308279072,67108864,49262421457,49311088913,49311089664,49262419507,49262421457,48667456,50000000,-1332544,1.0273805970051115,0,0,49262391575,3310000000,0,0,0,0,0,0,4,260,3881.856397
run_20260930-035604_13076d45.json,clip,95,1,65,4,6375387936,67108864,49267095041,49316212763,49316213411,49267091565,49267095041,49117722,40000000,9117722,0.8143700149611988,0,1944968,49264462109,3320000000,0,0,0,0,0,0,4,260,3881.856397
run_20260930-035604_13076d45.json,clip,96,2,66,2,6442496800,67108864,49276408187,49321305780,49321306075,49276406427,49276408187,44897593,40000000,4897593,0.8909163571419073,0,0,49276375127,3360000000,0,0,0,0,0,0,4,260,3881.856397
run_20260930-035604_13076d45.json,clip,97,3,67,3,6509605664,67108864,49286003680,49331491865,49331492431,49286002490,49286003680,45488185,50000000,-4511815,1.0991865250284223,0,0,49285982540,3330000000,0,0,0,0,0,0,4,260,3881.856397
run_20260930-035604_13076d45.json,clip,98,0,64,0,6576714528,67108864,49311423020,49353615620,49353616076,49311421877,49311423020,42192600,40000000,2192600,0.9480335414266957,0,0,49311390128,3360000000,0,0,0,0,0,0,4,260,3881.856397
run_20260930-035604_13076d45.json,clip,99,1,65,1,6643823392,67108864,49316404040,49362142895,49362143308,49316402745,49316404040,45738855,50000000,-4261145,1.0931624764109202,0,0,49316387016,3360000000,0,0,0,0,0,0,4,260,3881.856397
run_20260930-035604_13076d45.json,clip,100,2,66,4,6710932256,67108864,49321545782,49363305106,49363305444,49321544587,49321545782,41759324,40000000,1759324,0.9578699118788417,0,0,49321522539,3400000000,0,0,0,0,0,0,4,260,3881.856397
run_20260930-035604_13076d45.json,clip,101,3,67,2,6778041120,67108864,49331875586,49372316480,49372316898,49331873943,49331875586,40440894,40000000,440894,0.9890978176694115,0,0,49331844288,3380000000,0,0,0,0,0,0,4,260,3881.856397
run_20260930-035604_13076d45.json,clip,102,0,64,3,6845149984,67108864,49354102423,49395728461,49395729137,49354100746,49354102423,41626038,40000000,1626038,0.960936998135638,0,0,49354064077,3400000000,0,0,0,0,0,0,4,260,3881.856397
run_20260930-035604_13076d45.json,clip,103,1,65,0,6912258848,67108864,49362434506,49408038701,49408038939,49362432729,49362434506,45604195,40000000,5604195,0.8771122919722626,0,0,49362397426,3410000000,0,0,0,0,0,0,4,260,3881.856397
run_20260930-035604_13076d45.json,clip,104,2,66,5,6979367712,67108864,49366605775,49410709460,49410709788,49366601804,49366605775,44103685,40000000,4103685,0.9069536933251723,0,3030149,49363397851,3440000000,0,0,0,0,0,0,4,260,3881.856397
run_20260930-035604_13076d45.json,clip,105,3,67,1,7046476576,67108864,49372543057,49416952789,49416953071,49372542146,49372543057,44409732,40000000,4409732,0.900703476436201,0,0,49372526028,3420000000,0,0,0,0,0,0,4,260,3881.856397
run_20260930-035604_13076d45.json,clip,106,0,64,2,7113585440,67108864,49396246346,49445120238,49445120755,49396244515,49396246346,48873892,40000000,8873892,0.8184328761867379,0,0,49396153798,3440000000,0,0,0,0,0,0,4,260,3881.856397
run_20260930-035604_13076d45.json,clip,107,1,65,3,7180694304,67108864,49408440529,49459282363,49459282831,49408438475,49408440529,50841834,50000000,841834,0.983442100062716,0,0,49408402514,3450000000,0,0,0,0,0,0,4,260,3881.856397
run_20260930-035604_13076d45.json,clip,108,2,66,4,7247803168,67108864,49413304536,49463857996,49463858575,49413300844,49413304536,50553460,50000000,553460,0.9890519857592339,0,1576967,49410850947,3480000000,0,0,0,0,0,0,4,260,3881.856397
run_20260930-035604_13076d45.json,clip,109,3,67,0,7314912032,67108864,49417333858,49467474471,49467474753,49417332518,49417333858,50140613,40000000,10140613,0.7977565013016494,0,40308,49417247639,3460000000,0,0,0,0,0,0,4,260,3881.856397
run_20260930-035604_13076d45.json,clip,110,0,64,1,7382020896,67108864,49445368478,49492824379,49492824551,49445367205,49445368478,47455901,50000000,-2544099,1.0536097502394908,0,0,49445347865,3480000000,0,0,0,0,0,0,4,260,3881.856397
run_20260930-035604_13076d45.json,clip,111,1,65,2,7449129760,67108864,49459628243,49508350690,49508351078,49459626390,49459628243,48722447,40000000,8722447,0.8209768281958416,0,0,49459606276,3500000000,0,0,0,0,0,0,4,260,3881.856397
run_20260930-035604_13076d45.json,clip,112,2,66,3,7516238624,67108864,49464196136,49514000754,49514001128,49464194885,49464196136,49804618,50000000,-195382,1.0039229695527432,0,0,49464174579,3530000000,0,0,0,0,0,0,4,260,3881.856397
run_20260930-035604_13076d45.json,clip,113,3,67,5,7583347488,67108864,49468267878,49517871763,49517873102,49468266760,49468267878,49603885,50000000,-396115,1.0079855640339461,0,561700,49467620885,3500000000,0,0,0,0,0,0,4,260,3881.856397
run_20260930-035604_13076d45.json,clip,114,0,64,0,7650456352,67108864,49493187078,49537399190,49537399549,49493185521,49493187078,44212112,40000000,4212112,0.904729455132114,0,0,49493162860,3530000000,0,0,0,0,0,0,4,260,3881.856397
run_20260930-035604_13076d45.json,clip,115,1,65,1,7717565216,67108864,49508582484,49551526055,49551526604,49508581081,49508582484,42943571,40000000,2943571,0.9314549085822416,0,0,49508560615,3540000000,0,0,0,0,0,0,4,260,3881.856397
run_20260930-035604_13076d45.json,clip,116,2,66,2,7784674080,67108864,49514202027,49558828359,49558828927,49514200912,49514202027,44626332,40000000,4626332,0.896331789043294,0,0,49514186003,3580000000,0,0,0,0,0,0,4,260,3881.856397
run_20260930-035604_13076d45.json,clip,117,3,67,3,7851782944,67108864,49518278830,49564095854,49564096262,49518276223,49518278830,45817024,40000000,5817024,0.8730379345459015,0,100375,49518085160,3550000000,0,0,0,0,0,0,4,260,3881.856397
run_20260930-035604_13076d45.json,clip,118,0,64,4,7918891808,67108864,49537608026,49577216101,49577216544,49537606649,49537608026,39608075,40000000,-391925,1.009895078213218,0,0,49537591940,3570000000,0,0,0,0,0,0,4,260,3881.856397
run_20260930-035604_13076d45.json,clip,119,1,65,0,7986000672,58981376,49551771975,49586449490,49586450128,49551770633,49551771975,34677515,30000000,4677515,0.8651138929649371,0,0,49551748395,3580000000,0,0,0,0,0,0,4,260,3881.856397
run_20260930-035604_13076d45.json,unet,0,1,65,0,48928,67108864,50718703005,50746471899,50746472270,50718701096,50718703005,27768894,30000000,-2231106,1.0803455117801954,0,0,50440648831,3610000000,0,0,0,0,0,0,1,257,5100.387504
run_20260930-035604_13076d45.json,unet,1,2,66,1,67157792,67108864,50723763432,50765234243,50765234754,50723760304,50723763432,41470811,40000000,1470811,0.9645338259722,0,3461418,50719213307,3890000000,0,0,0,0,0,0,2,258,5100.387504
run_20260930-035604_13076d45.json,unet,3,3,67,3,201375520,67108864,50732397259,50772559917,50772560288,50732393865,50732397259,40162658,40000000,162658,0.9959500190450542,0,3902955,50719326634,3590000000,0,0,0,0,0,0,4,260,5100.387504
run_20260930-035604_13076d45.json,unet,4,1,65,4,268484384,67108864,50746746387,50786140623,50786141142,50746745018,50746746387,39394236,30000000,9394236,0.7615327277828158,0,0,50746724570,3910000000,0,0,0,0,0,0,4,260,5100.387504
run_20260930-035604_13076d45.json,unet,5,2,66,0,335593248,67108864,50765477859,50803289967,50803290464,50765476233,50765477859,37812108,40000000,-2187892,1.0578622064657173,0,0,50765451237,3930000000,0,0,0,0,0,0,4,260,5100.387504
run_20260930-035604_13076d45.json,unet,6,3,67,1,402702112,67108864,50772844865,50808603228,50808603451,50772843294,50772844865,35758363,40000000,-4241637,1.1186194401572578,0,0,50772749140,3630000000,0,0,0,0,0,0,4,260,5100.387504
run_20260930-035604_13076d45.json,unet,7,1,65,3,469810976,67108864,50786363743,50845642989,50845643393,50786362405,50786363743,59279246,60000000,-720754,1.0121586229352513,0,0,50786340472,3940000000,0,0,0,0,0,0,4,260,5100.387504
run_20260930-035604_13076d45.json,unet,8,2,66,5,536919840,67108864,50803601685,50870836296,50870836800,50803600492,50803601685,67234611,70000000,-2765389,1.041130438012053,0,0,50803577353,3970000000,0,0,0,0,0,0,4,260,5100.387504
run_20260930-035604_13076d45.json,unet,9,3,67,6,604028704,67108864,50808841527,50887673274,50887673662,50808840499,50808841527,78831747,70000000,8831747,0.8879671282687671,0,0,50808816347,3670000000,0,0,0,0,0,0,4,260,5100.387504
run_20260930-035604_13076d45.json,unet,10,1,65,0,671137568,67108864,50845865795,50903425696,50903426469,50845864481,50845865795,57559901,60000000,-2440099,1.042392341849233,0,0,50845848548,4000000000,0,0,0,0,0,0,4,260,5100.387504
run_20260930-035604_13076d45.json,unet,11,2,66,1,738246432,67108864,50871099620,50927997270,50927997770,50871098414,50871099620,56897650,50000000,6897650,0.8787709158462608,0,0,50871081345,4040000000,0,0,0,0,0,0,4,260,5100.387504
run_20260930-035604_13076d45.json,unet,12,3,67,3,805355296,67108864,50887906103,50946967677,50946968019,50887904832,50887906103,59061574,60000000,-938426,1.0158889432916232,0,0,50887887809,3740000000,0,0,0,0,0,0,4,260,5100.387504
run_20260930-035604_13076d45.json,unet,13,1,65,4,872464160,67108864,50903799496,50959342030,50959342452,50903798133,50903799496,55542534,50000000,5542534,0.9002109986555529,0,0,50903777753,4060000000,0,0,0,0,0,0,4,260,5100.387504
run_20260930-035604_13076d45.json,unet,14,2,66,0,939573024,67108864,50928283231,50984325039,50984325652,50928281971,50928283231,56041808,50000000,6041808,0.8921910585040368,0,0,50928258210,4090000000,0,0,0,0,0,0,4,260,5100.387504
run_20260930-035604_13076d45.json,unet,15,3,67,1,1006681888,67108864,50947336029,50994260275,50994260719,50947334657,50947336029,46924246,40000000,6924246,0.8524377781158167,0,0,50947306904,3800000000,0,0,0,0,0,0,4,260,5100.387504
run_20260930-035604_13076d45.json,unet,16,1,65,3,1073790752,67108864,50959544996,51009205370,51009205794,50959543679,50959544996,49660374,50000000,-339626,1.0068389738667696,0,0,50959526793,4110000000,0,0,0,0,0,0,4,260,5100.387504
run_20260930-035604_13076d45.json,unet,18,3,67,0,1208008480,67108864,50994489575,51043194001,51043194398,50994488337,50994489575,48704426,50000000,-1295574,1.026600744663329,0,0,50994469952,3840000000,0,0,0,0,0,0,4,260,5100.387504
run_20260930-035604_13076d45.json,unet,2,0,64,2,134266656,67108864,50728184699,51098318207,51098318624,50728180013,50728184699,370133508,350000000,20133508,0.9456047410870998,0,3942280,50719293373,3610000000,0,0,0,0,0,0,3,259,5100.387504
run_20260930-035604_13076d45.json,unet,21,0,64,0,1409335072,67108864,51098613990,51143956836,51143957263,51098612377,51098613990,45342846,40000000,5342846,0.8821678286360763,0,0,51098589137,3960000000,0,0,0,0,0,0,4,260,5100.387504
run_20260930-035604_13076d45.json,unet,22,0,64,2,1476443936,67108864,51144312908,51179186638,51179187081,51144311563,51144312908,34873730,30000000,4873730,0.8602463802982933,0,0,51144288915,4010000000,0,0,0,0,0,0,4,260,5100.387504
run_20260930-035604_13076d45.json,unet,17,2,66,4,1140899616,67108864,50984660712,51575891449,51575891819,50984659021,50984660712,591230737,550000000,41230737,0.9302628662217202,0,0,50984619218,4150000000,0,0,0,0,0,0,4,260,5100.387504
run_20260930-035604_13076d45.json,unet,24,2,66,2,1610661664,67108864,51576338229,51628193242,51628193866,51576335718,51576338229,51855013,50000000,1855013,0.9642269301909152,0,0,51576299521,4700000000,0,0,0,0,0,0,4,260,5100.387504
run_20260930-035604_13076d45.json,unet,25,2,66,4,1677770528,67108864,51628689026,51662333292,51662333797,51628687231,51628689026,33644266,30000000,3644266,0.8916824043657247,0,0,51628631579,4750000000,0,0,0,0,0,0,4,260,5100.387504
run_20260930-035604_13076d45.json,unet,26,2,66,2,1744879392,67108864,51662771753,51696006869,51696007371,51662769805,51662771753,33235116,30000000,3235116,0.9026597048736041,0,0,51662743276,4780000000,0,0,0,0,0,0,4,260,5100.387504
run_20260930-035604_13076d45.json,unet,27,2,66,4,1811988256,67108864,51696554672,51729850818,51729851367,51696552848,51696554672,33296146,30000000,3296146,0.9010051793982403,0,0,51696523218,4820000000,0,0,0,0,0,0,4,260,5100.387504
run_20260930-035604_13076d45.json,unet,28,2,66,2,1879097120,67108864,51730417635,51789242821,51789243396,51730279520,51730417635,58825186,50000000,8825186,0.8499760629741145,0,0,51730165754,4850000000,0,0,0,0,0,0,4,260,5100.387504
run_20260930-035604_13076d45.json,unet,29,2,66,4,1946205984,67108864,51789545130,51823153630,51823163912,51789543585,51789545130,33608500,40000000,-6391500,1.1901751045122513,0,0,51789518643,4900000000,0,0,0,0,0,0,4,260,5100.387504
run_20260930-035604_13076d45.json,unet,30,2,66,2,2013314848,67108864,51823439267,51858896580,51858897090,51823437819,51823439267,35457313,30000000,5457313,0.8460878014078507,0,0,51823415416,4940000000,0,0,0,0,0,0,4,260,5100.387504
run_20260930-035604_13076d45.json,unet,31,2,66,4,2080423712,67108864,51859191954,51891267525,51891268271,51859190447,51859191954,32075571,30000000,2075571,0.9352912220954694,0,0,51859150607,4970000000,0,0,0,0,0,0,4,260,5100.387504
run_20260930-035604_13076d45.json,unet,32,2,66,2,2147532576,67108864,51891650687,51921419079,51921419872,51891648154,51891650687,29768392,30000000,-231608,1.007780332911499,0,0,51891600513,5000000000,0,0,0,0,0,0,4,260,5100.387504
run_20260930-035604_13076d45.json,unet,33,2,66,4,2214641440,67108864,51921747099,51950983990,51950984333,51921745879,51921747099,29236891,30000000,-763109,1.026100894243509,0,0,51921722899,5030000000,0,0,0,0,0,0,4,260,5100.387504
run_20260930-035604_13076d45.json,unet,19,1,65,1,1275117344,67108864,51009453329,51980431220,51980432035,51009451950,51009453329,970977891,910000000,60977891,0.9371995062243904,0,0,51009420028,4160000000,0,0,0,0,0,0,4,260,5100.387504
run_20260930-035604_13076d45.json,unet,34,2,66,2,2281750304,67108864,51951291601,51988330470,51988330615,51951290501,51951291601,37038869,30000000,7038869,0.8099599369516386,0,0,51951268866,5060000000,0,0,0,0,0,0,4,260,5100.387504
run_20260930-035604_13076d45.json,unet,35,1,65,4,2348859168,67108864,51980764458,52009151897,52009152283,51980762867,51980764458,28387439,30000000,-1612561,1.0568054413080377,0,0,51980728460,5070000000,0,0,0,0,0,0,4,260,5100.387504
run_20260930-035604_13076d45.json,unet,36,2,66,1,2415968032,67108864,51990599085,52031237781,52031238281,51990597330,51990599085,40638696,40000000,638696,0.9842835508304696,0,0,51990541211,5090000000,0,0,0,0,0,0,4,260,5100.387504
run_20260930-035604_13076d45.json,unet,37,1,65,2,2483076896,67108864,52009584207,52050667923,52050668221,52009580870,52009584207,41083716,40000000,1083716,0.9736217629388734,0,0,52009518500,5100000000,0,0,0,0,0,0,4,260,5100.387504
run_20260930-035604_13076d45.json,unet,38,2,66,4,2550185760,67108864,52031573919,52078116179,52078116615,52031572367,52031573919,46542260,50000000,-3457740,1.0742924817144677,0,0,52031537454,5130000000,0,0,0,0,0,0,4,260,5100.387504
run_20260930-035604_13076d45.json,unet,23,0,64,0,1543552800,67108864,51179458174,52078561891,52078562381,51179456491,51179458174,899103717,850000000,49103717,0.9453859259264968,0,0,51179433727,4040000000,0,0,0,0,0,0,4,260,5100.387504
run_20260930-035604_13076d45.json,unet,39,1,65,1,2617294624,67108864,52050921137,52107012131,52107012679,52050919973,52050921137,56090994,50000000,6090994,0.8914086992289707,0,0,52050900539,5140000000,0,0,0,0,0,0,4,260,5100.387504
run_20260930-035604_13076d45.json,unet,40,2,66,2,2684403488,67108864,52078410702,52128681043,52128681463,52078409469,52078410702,50270341,40000000,10270341,0.7956978051929268,0,0,52078387947,5180000000,0,0,0,0,0,0,4,260,5100.387504
run_20260930-035604_13076d45.json,unet,41,0,64,5,2751512352,67108864,52083105891,52143111191,52143111747,52083102891,52083105891,60005300,60000000,5300,0.9999116744687553,0,3603104,52078790123,4890000000,0,0,0,0,0,0,4,260,5100.387504
run_20260930-035604_13076d45.json,unet,42,1,65,0,2818621216,67108864,52107295113,52155476432,52155477150,52107293419,52107295113,48181319,40000000,8181319,0.8301972804023899,0,0,52107271880,5200000000,0,0,0,0,0,0,4,260,5100.387504
run_20260930-035604_13076d45.json,unet,20,3,67,3,1342226208,67108864,51043474362,52159660204,52159660480,51043472671,51043474362,1116185842,1050000000,66185842,0.9407035643084245,0,0,51043441585,3890000000,0,0,0,0,0,0,4,260,5100.387504
run_20260930-035604_13076d45.json,unet,43,2,66,1,2885730080,67108864,52128954219,52196538816,52196539168,52128953037,52128954219,67584597,60000000,7584597,0.8877762487804729,0,0,52128928739,5230000000,0,0,0,0,0,0,4,260,5100.387504
run_20260930-035604_13076d45.json,unet,44,0,64,2,2952838944,67108864,52143435369,52197173693,52197174172,52143433542,52143435369,53738324,50000000,3738324,0.9304346745164587,0,0,52143397731,4950000000,0,0,0,0,0,0,4,260,5100.387504
run_20260930-035604_13076d45.json,unet,46,3,67,0,3087056672,67108864,52160096010,52216710061,52216710628,52160094483,52160096010,56614051,60000000,-3385949,1.0598075732118162,0,0,52160053540,4940000000,0,0,0,0,0,0,4,260,5100.387504
run_20260930-035604_13076d45.json,unet,45,1,65,4,3019947808,67108864,52155708794,52219004961,52219005483,52155707326,52155708794,63296167,60000000,3296167,0.9479246981890704,0,0,52155688345,5240000000,0,0,0,0,0,0,4,260,5100.387504
run_20260930-035604_13076d45.json,unet,47,2,66,3,3154165536,67108864,52197036425,52250472586,52250473326,52197034092,52197036425,53436161,50000000,3436161,0.93569596064358,0,0,52197003930,5290000000,0,0,0,0,0,0,4,260,5100.387504
run_20260930-035604_13076d45.json,unet,48,0,64,5,3221274400,67108864,52201783967,52258012257,52258012716,52201780421,52201783967,56228290,60000000,-3771710,1.0670785115464119,0,3522213,52197500030,5000000000,0,0,0,0,0,0,4,260,5100.387504
run_20260930-035604_13076d45.json,unet,49,3,67,1,3288383264,67108864,52217170717,52277394667,52277395197,52217169013,52217170717,60223950,50000000,10223950,0.830234483125069,0,0,52217125596,5000000000,0,0,0,0,0,0,4,260,5100.387504
run_20260930-035604_13076d45.json,unet,50,1,65,2,3355492128,67108864,52221560153,52278479113,52278479498,52221558598,52221560153,56918960,60000000,-3081040,1.0541302933152679,0,1933851,52219213427,5300000000,0,0,0,0,0,0,4,260,5100.387504
run_20260930-035604_13076d45.json,unet,52,0,64,3,3489709856,67108864,52258279178,52305250933,52305251624,52258277817,52258279178,46971755,40000000,6971755,0.8515755904798533,0,0,52258259108,5060000000,0,0,0,0,0,0,4,260,5100.387504
run_20260930-035604_13076d45.json,unet,51,2,66,0,3422600992,67108864,52251114367,52307877742,52307878211,52251112815,52251114367,56763375,50000000,6763375,0.8808496675893567,0,0,52251083944,5340000000,0,0,0,0,0,0,4,260,5100.387504
run_20260930-035604_13076d45.json,unet,54,1,65,5,3623927584,67108864,52282068790,52337228616,52337229001,52282066959,52282068790,55159826,50000000,5159826,0.9064568115207615,0,2895539,52278779886,5360000000,0,0,0,0,0,0,4,260,5100.387504
run_20260930-035604_13076d45.json,unet,53,3,67,4,3556818720,67108864,52277698068,52337394665,52337394967,52277696110,52277698068,59696597,50000000,9696597,0.8375686808412212,0,0,52277673694,5060000000,0,0,0,0,0,0,4,260,5100.387504
run_20260930-035604_13076d45.json,unet,56,2,66,2,3758145312,67108864,52309900019,52368881626,52368881997,52309897566,52309900019,58981607,50000000,8981607,0.8477219008291856,0,1394968,52308111922,5390000000,0,0,0,0,0,0,4,260,5100.387504
run_20260930-035604_13076d45.json,unet,55,0,64,1,3691036448,67108864,52305522548,52375952904,52375953439,52305520666,52305522548,70430356,70000000,430356,0.9938896233890966,0,0,52305494693,5100000000,0,0,0,0,0,0,4,260,5100.387504
run_20260930-035604_13076d45.json,unet,57,1,65,0,3825254176,67108864,52337778873,52397873066,52397873381,52337776954,52337778873,60094193,60000000,94193,0.998432577337381,0,0,52337739962,5410000000,0,0,0,0,0,0,3,259,5100.387504
run_20260930-035604_13076d45.json,unet,58,3,67,3,3892363040,67108864,52341916263,52403083578,52403084087,52341913303,52341916263,61167315,50000000,11167315,0.8174300277852641,0,3816274,52337940851,5110000000,0,0,0,0,0,0,4,260,5100.387504
run_20260930-035604_13076d45.json,unet,59,2,66,4,3959471904,67108864,52369396009,52421571533,52421571920,52369394630,52369396009,52175524,50000000,2175524,0.9583037441080611,0,0,52369335887,5440000000,0,0,0,0,0,0,4,260,5100.387504
run_20260930-035604_13076d45.json,unet,60,0,64,2,4026580768,67108864,52376229692,52438554308,52438554695,52376227948,52376229692,62324616,60000000,2324616,0.9627014789790281,0,0,52376200576,5170000000,0,0,0,0,0,0,4,260,5100.387504
run_20260930-035604_13076d45.json,unet,62,3,67,0,4160798496,67108864,52403344981,52450098625,52450099018,52403343482,52403344981,46753644,40000000,6753644,0.8555482862469501,0,0,52403323799,5170000000,0,0,0,0,0,0,4,260,5100.387504
run_20260930-035604_13076d45.json,unet,61,1,65,1,4093689632,67108864,52398136603,52457964892,52457965459,52398135309,52398136603,59828289,60000000,-171711,1.0028700636917762,0,0,52398114665,5470000000,0,0,0,0,0,0,4,260,5100.387504
run_20260930-035604_13076d45.json,unet,63,2,66,3,4227907360,67108864,52421924108,52465445064,52465445615,52421922291,52421924108,43520956,40000000,3520956,0.9190974573260753,0,0,52421880261,5490000000,0,0,0,0,0,0,4,260,5100.387504
run_20260930-035604_13076d45.json,unet,64,0,64,4,4295016224,67108864,52438882585,52483960274,52483960708,52438880797,52438882585,45077689,40000000,5077689,0.8873569361552675,0,0,52438853865,5230000000,0,0,0,0,0,0,4,260,5100.387504
run_20260930-035604_13076d45.json,unet,65,3,67,2,4362125088,67108864,52450382655,52508712456,52508712982,52450381049,52450382655,58329801,60000000,-1670199,1.0286337167514081,0,0,52450359372,5210000000,0,0,0,0,0,0,4,260,5100.387504
run_20260930-035604_13076d45.json,unet,67,2,66,1,4496342816,67108864,52465793456,52514894301,52514894661,52465792238,52465793456,49100845,40000000,9100845,0.8146499311773555,0,0,52465754719,5540000000,0,0,0,0,0,0,4,260,5100.387504
run_20260930-035604_13076d45.json,unet,68,0,64,3,4563451680,67108864,52484267641,52530738490,52530739110,52484266018,52484267641,46470849,50000000,-3529151,1.0759433295483798,0,0,52484243308,5270000000,0,0,0,0,0,0,4,260,5100.387504
run_20260930-035604_13076d45.json,unet,69,3,67,4,4630560544,67108864,52509208684,52550457497,52550458123,52509207002,52509208684,41248813,40000000,1248813,0.9697248742648668,0,0,52509179847,5270000000,0,0,0,0,0,0,4,260,5100.387504
run_20260930-035604_13076d45.json,unet,71,0,64,1,4764778272,67108864,52531038352,52570451571,52570452173,52531036729,52531038352,39413219,30000000,9413219,0.761165942827456,0,0,52531014536,5320000000,0,0,0,0,0,0,4,260,5100.387504
run_20260930-035604_13076d45.json,unet,72,3,67,3,4831887136,67108864,52550767942,52592419700,52592420247,52550766255,52550767942,41651758,40000000,1651758,0.9603436186294946,0,0,52550743146,5310000000,0,0,0,0,0,0,4,260,5100.387504
run_20260930-035604_13076d45.json,unet,66,1,65,0,4429233952,67108864,52458215362,52858906498,52858906896,52458214047,52458215362,400691136,380000000,20691136,0.948361383267535,0,0,52458196219,5530000000,0,0,0,0,0,0,4,260,5100.387504
run_20260930-035604_13076d45.json,unet,75,1,65,3,5033213728,67108864,52859788650,52915953616,52915954117,52859786989,52859788650,56164966,50000000,6164966,0.890234670488361,0,0,52859750910,5910000000,0,0,0,0,0,0,4,260,5100.387504
run_20260930-035604_13076d45.json,unet,76,1,65,0,5100322592,67108864,52916250683,52943549985,52943550500,52916249216,52916250683,27299302,30000000,-2700698,1.0989291960651595,0,0,52916227188,5960000000,0,0,0,0,0,0,4,260,5100.387504
run_20260930-035604_13076d45.json,unet,77,1,65,3,5167431456,67108864,52943940207,52975662093,52975662493,52943938495,52943940207,31721886,30000000,1721886,0.9457193055923598,0,0,52943889082,5990000000,0,0,0,0,0,0,4,260,5100.387504
run_20260930-035604_13076d45.json,unet,73,0,64,4,4898996000,67108864,52570735614,52989403157,52989403716,52570733934,52570735614,418667543,400000000,18667543,0.9554120129154602,0,0,52570711439,5360000000,0,0,0,0,0,0,4,260,5100.387504
run_20260930-035604_13076d45.json,unet,74,3,67,1,4966104864,67108864,52592651453,53018299960,53018300639,52592650128,52592651453,425648507,400000000,25648507,0.9397425185847064,0,0,52592631772,5350000000,0,0,0,0,0,0,4,260,5100.387504
run_20260930-035604_13076d45.json,unet,79,0,64,3,5301649184,67108864,52989786236,53028606122,53028606866,52989784313,52989786236,38819886,30000000,8819886,0.7727997964754456,0,0,52989758504,5760000000,0,0,0,0,0,0,4,260,5100.387504
run_20260930-035604_13076d45.json,unet,80,3,67,4,5368758048,67108864,53018604477,53050184209,53050184674,53018602719,53018604477,31579732,20000000,11579732,0.633317597502094,0,0,53018580860,5760000000,0,0,0,0,0,0,4,260,5100.387504
run_20260930-035604_13076d45.json,unet,81,0,64,1,5435866912,67108864,53028831621,53070481412,53070481797,53028829944,53028831621,41649791,30000000,11649791,0.7202917296751862,0,0,53028809331,5800000000,0,0,0,0,0,0,4,260,5100.387504
run_20260930-035604_13076d45.json,unet,82,3,67,3,5502975776,67108864,53050440735,53097045803,53097046643,53050438985,53050440735,46605068,40000000,6605068,0.8582757566194303,0,0,53050417749,5790000000,0,0,0,0,0,0,4,260,5100.387504
run_20260930-035604_13076d45.json,unet,70,2,66,2,4697669408,67108864,52515111555,53107632587,53107633090,52515110471,52515111555,592521032,570000000,22521032,0.9619911686105347,0,0,52515077700,5580000000,0,0,0,0,0,0,4,260,5100.387504
run_20260930-035604_13076d45.json,unet,84,3,67,1,5637193504,67108864,53097547337,53138630272,53138630884,53097545536,53097547337,41082935,40000000,1082935,0.9736402718062864,0,0,53097491237,5830000000,0,0,0,0,0,0,4,260,5100.387504
run_20260930-035604_13076d45.json,unet,85,2,66,3,5704302368,67108864,53108022654,53164108207,53164108837,53108021483,53108022654,56085553,50000000,6085553,0.8914951770200072,0,0,53108006173,6150000000,0,0,0,0,0,0,4,260,5100.387504
run_20260930-035604_13076d45.json,unet,78,1,65,0,5234540320,67108864,52976191047,53165119499,53165119729,52976189351,52976191047,188928452,180000000,8928452,0.9527416230563304,0,0,52976151604,6020000000,0,0,0,0,0,0,4,260,5100.387504
run_20260930-035604_13076d45.json,unet,86,3,67,2,5771411232,67108864,53138957961,53192460114,53192460670,53138955919,53138957961,53502153,50000000,3502153,0.9345418304941859,0,0,53138921085,5870000000,0,0,0,0,0,0,4,260,5100.387504
run_20260930-035604_13076d45.json,unet,87,2,66,1,5838520096,67108864,53164598074,53211040954,53211041438,53164596547,53164598074,46442880,50000000,-3557120,1.0765912880510424,0,0,53164522267,6200000000,0,0,0,0,0,0,4,260,5100.387504
run_20260930-035604_13076d45.json,unet,88,1,65,5,5905628960,67108864,53168646700,53223076779,53223077107,53168644993,53168646700,54430079,50000000,4430079,0.9186097268019765,0,3083776,53165497285,6200000000,0,0,0,0,0,0,4,260,5100.387504
run_20260930-035604_13076d45.json,unet,89,3,67,0,5972737824,67108864,53192771185,53235910364,53235911169,53192769333,53192771185,43139179,40000000,3139179,0.9272313689604524,0,0,53192742473,5920000000,0,0,0,0,0,0,4,260,5100.387504
run_20260930-035604_13076d45.json,unet,90,2,66,3,6039846688,67108864,53211327232,53256435297,53256435715,53211325811,53211327232,45108065,40000000,5108065,0.8867593854890472,0,0,53211304508,6250000000,0,0,0,0,0,0,4,260,5100.387504
run_20260930-035604_13076d45.json,unet,92,3,67,2,6174064416,67108864,53236396390,53278532998,53278533540,53236394868,53236396390,42136608,40000000,2136608,0.9492933080897257,0,0,53236347193,5960000000,0,0,0,0,0,0,4,260,5100.387504
run_20260930-035604_13076d45.json,unet,93,2,66,0,6241173280,67108864,53256684445,53306724471,53306724787,53256683148,53256684445,50040026,50000000,40026,0.9992001203196816,0,0,53256663118,6290000000,0,0,0,0,0,0,4,260,5100.387504
run_20260930-035604_13076d45.json,unet,94,3,67,3,6308282144,67108864,53278796092,53331835175,53331835780,53278794348,53278796092,53039083,50000000,3039083,0.9427010644207404,0,0,53278773028,6000000000,0,0,0,0,0,0,4,260,5100.387504
run_20260930-035604_13076d45.json,unet,96,3,67,0,6442499872,67108864,53332116402,53381143238,53381143719,53332114850,53332116402,49026836,50000000,-973164,1.0198496186863863,0,0,53332093151,6050000000,0,0,0,0,0,0,4,260,5100.387504
run_20260930-035604_13076d45.json,unet,97,3,67,3,6509608736,67108864,53381474876,53410832603,53410833137,53381473073,53381474876,29357727,30000000,-642273,1.0218774770948718,0,0,53381450669,6100000000,0,0,0,0,0,0,4,260,5100.387504
run_20260930-035604_13076d45.json,unet,98,3,67,0,6576717600,67108864,53411123839,53439026668,53439027142,53411122082,53411123839,27902829,20000000,7902829,0.7167731988752825,0,0,53411101260,6130000000,0,0,0,0,0,0,4,260,5100.387504
run_20260930-035604_13076d45.json,unet,99,3,67,3,6643826464,67108864,53439279099,53466703071,53466703558,53439277475,53439279099,27423972,30000000,-2576028,1.0939334389635462,0,0,53439255579,6150000000,0,0,0,0,0,0,4,260,5100.387504
run_20260930-035604_13076d45.json,unet,83,0,64,4,5570084640,67108864,53070731790,53556621913,53556622594,53070730476,53070731790,485890123,450000000,35890123,0.9261353106368865,0,0,53070711048,5840000000,0,0,0,0,0,0,4,260,5100.387504
run_20260930-035604_13076d45.json,unet,101,0,64,3,6778044192,67108864,53557149231,53586504546,53586505101,53557147466,53557149231,29355315,30000000,-644685,1.0219614403728934,0,0,53557121885,6290000000,0,0,0,0,0,0,4,260,5100.387504
run_20260930-035604_13076d45.json,unet,95,2,66,2,6375391008,67108864,53307005523,53619929328,53619929868,53307004327,53307005523,312923805,290000000,22923805,0.9267431731504095,0,0,53306977915,6340000000,0,0,0,0,0,0,4,260,5100.387504
run_20260930-035604_13076d45.json,unet,100,3,67,0,6710935328,67108864,53466972364,53646083810,53646084306,53466970898,53466972364,179111446,160000000,19111446,0.8932985779144456,0,0,53466946246,6180000000,0,0,0,0,0,0,4,260,5100.387504
run_20260930-035604_13076d45.json,unet,103,2,66,3,6912261920,67108864,53620373860,53663253647,53663254303,53620371822,53620373860,42879787,40000000,2879787,0.9328404546412509,0,0,53620345232,6630000000,0,0,0,0,0,0,4,260,5100.387504
run_20260930-035604_13076d45.json,unet,104,3,67,2,6979370784,67108864,53646474997,53697487179,53697487609,53646472931,53646474997,51012182,40000000,11012182,0.784126426899363,0,0,53646452884,6350000000,0,0,0,0,0,0,4,260,5100.387504
run_20260930-035604_13076d45.json,unet,105,2,66,0,7046479648,67108864,53663622471,53716388396,53716388956,53663620684,53663622471,52765925,50000000,2765925,0.9475812278473276,0,0,53663594252,6670000000,0,0,0,0,0,0,4,260,5100.387504
run_20260930-035604_13076d45.json,unet,106,3,67,3,7113588512,67108864,53698011729,53737591650,53737592288,53698010252,53698011729,39579921,30000000,9579921,0.7579600777879268,0,0,53697972089,6390000000,0,0,0,0,0,0,4,260,5100.387504
run_20260930-035604_13076d45.json,unet,107,2,66,2,7180697376,67108864,53716790974,53759771661,53759772045,53716789012,53716790974,42980687,40000000,2980687,0.9306505500947437,0,0,53716743123,6720000000,0,0,0,0,0,0,4,260,5100.387504
run_20260930-035604_13076d45.json,unet,108,3,67,0,7247806240,67108864,53738120381,53783482074,53783482665,53738118828,53738120381,45361693,40000000,5361693,0.8818013031391928,0,0,53738067128,6430000000,0,0,0,0,0,0,4,260,5100.387504
run_20260930-035604_13076d45.json,unet,109,2,66,3,7314915104,67108864,53760257603,53801378739,53801379244,53760255818,53760257603,41121136,40000000,1121136,0.9727357726693153,0,0,53760211915,6760000000,0,0,0,0,0,0,4,260,5100.387504
run_20260930-035604_13076d45.json,unet,111,2,66,0,7449132832,67108864,53801814793,53863765808,53863766237,53801812682,53801814793,61951015,60000000,1951015,0.968507134225323,0,0,53801783191,6800000000,0,0,0,0,0,0,4,260,5100.387504
run_20260930-035604_13076d45.json,unet,112,2,66,3,7516241696,67108864,53864327642,53891806775,53891807350,53864325613,53864327642,27479133,20000000,7479133,0.7278250008833976,0,0,53864295860,6860000000,0,0,0,0,0,0,4,260,5100.387504
run_20260930-035604_13076d45.json,unet,113,2,66,0,7583350560,67108864,53892270225,54133268930,54133269499,53892268145,53892270225,240998705,220000000,20998705,0.9128679757843512,0,0,53892232116,6890000000,0,0,0,0,0,0,4,260,5100.387504
run_20260930-035604_13076d45.json,unet,91,1,65,1,6106955552,67108864,53223530682,54134478386,54134478648,53223529415,53223530682,910947704,850000000,60947704,0.9330941790265492,0,0,53223505295,6250000000,0,0,0,0,0,0,4,260,5100.387504
run_20260930-035604_13076d45.json,unet,114,2,66,3,7650459424,67108864,54133582701,54164875943,54164876454,54133581557,54133582701,31293242,30000000,1293242,0.9586734413775345,0,0,54133559452,7110000000,0,0,0,0,0,0,4,260,5100.387504
run_20260930-035604_13076d45.json,unet,115,1,65,5,7717568288,67108864,54137638195,54195018918,54195019497,54137636660,54137638195,57380723,60000000,-2619277,1.0456473335130336,0,2946679,54134624582,7100000000,0,0,0,0,0,0,4,260,5100.387504
run_20260930-035604_13076d45.json,unet,116,2,66,0,7784677152,67108864,54165433674,54215881978,54215882435,54165432393,54165433674,50448304,50000000,448304,0.9911135962073175,0,0,54165382732,7140000000,0,0,0,0,0,0,4,260,5100.387504
run_20260930-035604_13076d45.json,unet,117,1,65,1,7851786016,67108864,54195327737,54239631835,54239632424,54195326575,54195327737,44304098,40000000,4304098,0.9028510184317486,0,0,54195302768,7160000000,0,0,0,0,0,0,4,260,5100.387504
run_20260930-035604_13076d45.json,unet,118,2,66,3,7918894880,67108864,54216195563,54263431952,54263432434,54216194291,54216195563,47236389,40000000,7236389,0.8468047801028991,0,0,54216170860,7190000000,0,0,0,0,0,0,4,260,5100.387504
run_20260930-035604_13076d45.json,unet,119,1,65,0,7986003744,67108864,54240130253,54289494229,54289494964,54240128664,54240130253,49363976,40000000,9363976,0.8103075003520787,0,0,54240103943,7200000000,0,0,0,0,0,0,4,260,5100.387504
run_20260930-035604_13076d45.json,unet,120,2,66,1,8053112608,67108864,54263922317,54312375842,54312376241,54263920350,54263922317,48453525,50000000,-1546475,1.031916666537677,0,0,54263888557,7230000000,0,0,0,0,0,0,4,260,5100.387504
run_20260930-035604_13076d45.json,unet,121,1,65,3,8120221472,67108864,54289939496,54338769498,54338770052,54289937907,54289939496,48830002,50000000,-1169998,1.0239606379700743,0,0,54289904637,7240000000,0,0,0,0,0,0,4,260,5100.387504
run_20260930-035604_13076d45.json,unet,110,3,67,2,7382023968,67108864,53783858979,54368419791,54368420349,53783856904,53783858979,584560812,550000000,34560812,0.9408773025996139,0,0,53783832231,6470000000,0,0,0,0,0,0,4,260,5100.387504
run_20260930-035604_13076d45.json,unet,123,1,65,1,8254439200,67108864,54339255699,54391490801,54391491483,54339253763,54339255699,52235102,50000000,2235102,0.9572107277592757,0,0,54339223715,7290000000,0,0,0,0,0,0,4,260,5100.387504
run_20260930-035604_13076d45.json,unet,124,3,67,3,8321548064,67108864,54368855890,54418591326,54418591825,54368854177,54368855890,49735436,50000000,-264564,1.0053194265754501,0,0,54368822620,7020000000,0,0,0,0,0,0,4,260,5100.387504
run_20260930-035604_13076d45.json,unet,125,1,65,2,8388656928,67108864,54392029316,54447301519,54447301939,54392027734,54392029316,55272203,50000000,5272203,0.9046138435987435,0,0,54391979172,7340000000,0,0,0,0,0,0,4,260,5100.387504
run_20260930-035604_13076d45.json,unet,126,3,67,1,8455765792,67108864,54418992372,54465038431,54465038946,54418990848,54418992372,46046059,40000000,6046059,0.8686954077872332,0,0,54418955416,7070000000,0,0,0,0,0,0,4,260,5100.387504
run_20260930-035604_13076d45.json,unet,102,0,64,4,6845153056,67108864,53587010829,54510401648,54510402488,53587009420,53587010829,923390819,860000000,63390819,0.931349957465843,0,0,53586982791,6320000000,0,0,0,0,0,0,4,260,5100.387504
run_20260930-035604_13076d45.json,unet,127,1,65,3,8522874656,67108864,54447616923,54514492452,54514492795,54447615757,54447616923,66875529,70000000,-3124471,1.046720692108469,0,0,54447593131,7390000000,0,0,0,0,0,0,4,260,5100.387504
run_20260930-035604_13076d45.json,unet,128,3,67,2,8589983520,67108864,54465460277,54523490445,54523491196,54465458727,54465460277,58030168,50000000,8030168,0.861620803854988,0,0,54465438800,7110000000,0,0,0,0,0,0,4,260,5100.387504
run_20260930-035604_13076d45.json,unet,129,0,64,1,8657092384,67108864,54510959720,54541744275,54541744844,54510958019,54510959720,30784555,30000000,784555,0.9745146551574321,0,0,54510929351,7180000000,0,0,0,0,0,0,4,260,5100.387504
run_20260930-035604_13076d45.json,unet,131,3,67,3,8791310112,67108864,54523944831,54563668693,54563669223,54523943230,54523944831,39723862,30000000,9723862,0.7552135791832123,0,0,54523899526,7170000000,0,0,0,0,0,0,4,260,5100.387504
run_20260930-035604_13076d45.json,unet,132,0,64,2,8858418976,67108864,54542059424,54589769874,54589770403,54542057855,54542059424,47710450,50000000,-2289550,1.0479884385915454,0,0,54542034398,7210000000,0,0,0,0,0,0,4,260,5100.387504
run_20260930-035604_13076d45.json,unet,130,1,65,4,8724201248,67108864,54516563095,54608064556,54608065108,54516561561,54516563095,91501461,80000000,11501461,0.8743029797087065,0,0,54516544295,7460000000,0,0,0,0,0,0,4,260,5100.387504
run_20260930-035604_13076d45.json,unet,135,1,65,2,9059745568,67108864,54608743688,54665231357,54665231963,54608741891,54608743688,56487669,50000000,6487669,0.8851489340089427,0,0,54608698497,7550000000,0,0,0,0,0,0,4,260,5100.387504
run_20260930-035604_13076d45.json,unet,136,1,65,4,9126854432,67108864,54665570332,54708438118,54708438657,54665568814,54665570332,42867786,40000000,2867786,0.9331016068802807,0,0,54665541919,7600000000,0,0,0,0,0,0,4,260,5100.387504
run_20260930-035604_13076d45.json,unet,137,1,65,2,9193963296,67108864,54708786489,54737219070,54737219565,54708785080,54708786489,28432581,20000000,8432581,0.7034183776703212,0,0,54708752206,7640000000,0,0,0,0,0,0,4,260,5100.387504
run_20260930-035604_13076d45.json,unet,138,1,65,4,9261072160,67108864,54737703064,54766439993,54766440655,54737701225,54737703064,28736929,30000000,-1263071,1.043952887241361,0,0,54737663569,7660000000,0,0,0,0,0,0,4,260,5100.387504
run_20260930-035604_13076d45.json,unet,139,1,65,2,9328181024,67108864,54766942498,54806761835,54806762319,54766940765,54766942498,39819337,40000000,-180663,1.0045370670034008,0,0,54766905980,7690000000,0,0,0,0,0,0,4,260,5100.387504
run_20260930-035604_13076d45.json,unet,140,1,65,4,9395289888,67108864,54807058086,54834908559,54834909362,54807056332,54807058086,27850473,20000000,7850473,0.7181206581302946,0,0,54807036409,7730000000,0,0,0,0,0,0,4,260,5100.387504
run_20260930-035604_13076d45.json,unet,141,1,65,2,9462398752,67108864,54835429028,54872460633,54872461492,54835427439,54835429028,37031605,40000000,-2968395,1.0801584214348798,0,0,54835403545,7750000000,0,0,0,0,0,0,4,260,5100.387504
run_20260930-035604_13076d45.json,unet,142,1,65,4,9529507616,67108864,54872906496,54901553876,54901554366,54872904572,54872906496,28647380,20000000,8647380,0.6981441234765623,0,0,54872879072,7790000000,0,0,0,0,0,0,4,260,5100.387504
run_20260930-035604_13076d45.json,unet,143,1,65,2,9596616480,67108864,54901833786,55278751023,55278751733,54901832410,54901833786,376917237,350000000,26917237,0.9285858157768465,0,0,54901810602,7810000000,0,0,0,0,0,0,4,260,5100.387504
run_20260930-035604_13076d45.json,unet,133,3,67,1,8925527840,67108864,54564143545,55301612665,55301613185,54564141624,54564143545,737469120,680000000,57469120,0.9220725065749193,0,0,54564115640,7200000000,0,0,0,0,0,0,4,260,5100.387504
run_20260930-035604_13076d45.json,unet,144,1,65,4,9663725344,67108864,55279245643,55313555069,55313555580,55279243769,55279245643,34309426,40000000,-5690574,1.165860367352109,0,0,55279220024,8160000000,0,0,0,0,0,0,4,260,5100.387504
run_20260930-035604_13076d45.json,unet,145,3,67,2,9730834208,67108864,55302112597,55331891616,55331892636,55302110514,55302112597,29779019,30000000,-220981,1.0074206944157562,0,0,55302081607,7880000000,0,0,0,0,0,0,4,260,5100.387504
run_20260930-035604_13076d45.json,unet,134,0,64,3,8992636704,67108864,54590310212,55332141073,55332141584,54590308885,54590310212,741830861,680000000,61830861,0.916650999236334,0,0,54590270949,7260000000,0,0,0,0,0,0,4,260,5100.387504
run_20260930-035604_13076d45.json,unet,122,2,66,0,8187330336,67108864,54312839150,55339645730,55339646156,54312837580,54312839150,1026806580,950000000,76806580,0.9251985899817666,0,0,54312814595,7280000000,0,0,0,0,0,0,4,260,5100.387504
run_20260930-035604_13076d45.json,unet,146,1,65,1,9797943072,67108864,55314069780,55372365905,55372366390,55314068260,55314069780,58296125,50000000,8296125,0.8576899407979518,0,0,55314026766,8200000000,0,0,0,0,0,0,4,260,5100.387504
run_20260930-035604_13076d45.json,unet,147,3,67,4,9865051936,67108864,55333130454,55373592090,55373592414,55333128765,55333130454,40461636,40000000,461636,0.9885907727507608,0,0,55333073885,7910000000,0,0,0,0,0,0,3,259,5100.387504
run_20260930-035604_13076d45.json,unet,148,0,64,5,9932160800,67108864,55337638818,55380031058,55380031278,55337635437,55337638818,42392240,40000000,2392240,0.9435689173301529,0,3731703,55333301551,7940000000,0,0,0,0,0,0,4,260,5100.387504
run_20260930-035604_13076d45.json,unet,149,2,66,2,9999269664,67108864,55342250041,55396614304,55396614566,55342245592,55342250041,54364263,50000000,4364263,0.9197218400624689,0,1788373,55339826403,8230000000,0,0,0,0,0,0,4,260,5100.387504
run_20260930-035604_13076d45.json,unet,150,1,65,0,10066378528,67108864,55372664082,55429775792,55429776360,55372662881,55372664082,57111710,50000000,7111710,0.8754772007351908,0,0,55372636359,8250000000,0,0,0,0,0,0,4,260,5100.387504
run_20260930-035604_13076d45.json,unet,151,3,67,3,10133487392,67108864,55376732663,55433331221,55433331715,55376729323,55376732663,56598558,50000000,6598558,0.8834147329336554,0,2873721,55373775147,7950000000,0,0,0,0,0,0,4,260,5100.387504
run_20260930-035604_13076d45.json,unet,152,0,64,1,10200596256,67108864,55380836752,55435984668,55435985029,55380834635,55380836752,55147916,50000000,5147916,0.9066525741426023,0,285231,55380414449,7980000000,0,0,0,0,0,0,4,260,5100.387504
run_20260930-035604_13076d45.json,unet,153,2,66,4,10267705120,67108864,55396847214,55446994474,55446995438,55396845946,55396847214,50147260,50000000,147260,0.9970634487307981,0,0,55396828664,8280000000,0,0,0,0,0,0,4,260,5100.387504
run_20260930-035604_13076d45.json,unet,154,1,65,2,10334813984,67108864,55430198748,55477494902,55477495337,55430197347,55430198748,47296154,40000000,7296154,0.8457347292974393,0,0,55430175574,8310000000,0,0,0,0,0,0,4,260,5100.387504
run_20260930-035604_13076d45.json,unet,155,3,67,0,10401922848,67108864,55434272514,55481061619,55481061764,55434270347,55434272514,46789105,40000000,6789105,0.8548998746609922,0,584290,55433602425,8010000000,0,0,0,0,0,0,4,260,5100.387504
run_20260930-035604_13076d45.json,unet,156,0,64,5,10469031712,67108864,55438783201,55486657143,55486657530,55438780390,55438783201,47873942,50000000,-2126058,1.0444095036084557,0,2094386,55436153319,8030000000,0,0,0,0,0,0,4,260,5100.387504
run_20260930-035604_13076d45.json,unet,157,2,66,1,10536140576,67108864,55447373812,55496090219,55496090653,55447372279,55447373812,48716407,50000000,-1283593,1.026348269074934,0,0,55447351720,8330000000,0,0,0,0,0,0,4,260,5100.387504
run_20260930-035604_13076d45.json,unet,158,1,65,3,10603249440,67108864,55478111067,55529902819,55529903274,55478109217,55478111067,51791752,50000000,1791752,0.9654046845142447,0,0,55478073978,8350000000,0,0,0,0,0,0,4,260,5100.387504
run_20260930-035604_13076d45.json,unet,159,3,67,4,10670358304,67108864,55482168909,55534148198,55534148494,55482167444,55482168909,51979289,50000000,1979289,0.9619215838061963,0,906239,55481195016,8050000000,0,0,0,0,0,0,4,260,5100.387504
run_20260930-035604_13076d45.json,unet,160,0,64,0,10737467168,67108864,55487120666,55539871368,55539871740,55487118990,55487120666,52750702,50000000,2750702,0.9478546844741517,0,0,55487081370,8080000000,0,0,0,0,0,0,4,260,5100.387504
run_20260930-035604_13076d45.json,unet,161,2,66,2,10804576032,67108864,55496603882,55548038451,55548038887,55496602773,55496603882,51434569,50000000,1434569,0.9721088554275628,0,0,55496586776,8380000000,0,0,0,0,0,0,4,260,5100.387504
run_20260930-035604_13076d45.json,unet,162,1,65,1,10871684896,67108864,55530212379,55582626583,55582627279,55530210878,55530212379,52414204,50000000,2414204,0.9539398900343884,0,0,55530189515,8400000000,0,0,0,0,0,0,4,260,5100.387504
run_20260930-035604_13076d45.json,unet,163,3,67,3,10938793760,67108864,55534519704,55586505450,55586505864,55534518159,55534519704,51985746,50000000,1985746,0.9618021062927519,0,0,55534495377,8100000000,0,0,0,0,0,0,4,260,5100.387504
run_20260930-035604_13076d45.json,unet,164,0,64,4,11005902624,67108864,55540041016,55591389864,55591390216,55540039832,55540041016,51348848,50000000,1348848,0.9737316794331978,0,0,55540024097,8130000000,0,0,0,0,0,0,4,260,5100.387504
run_20260930-035604_13076d45.json,unet,165,2,66,0,11073011488,67108864,55548421231,55599253409,55599253950,55548419820,55548421231,50832178,40000000,10832178,0.7869031305327897,0,0,55548399805,8430000000,0,0,0,0,0,0,4,260,5100.387504
run_20260930-035604_13076d45.json,unet,166,1,65,2,11140120352,67108864,55583038462,55630163060,55630163747,55583037125,55583038462,47124598,40000000,7124598,0.8488136068555959,0,0,55583001527,8450000000,0,0,0,0,0,0,4,260,5100.387504
run_20260930-035604_13076d45.json,unet,167,3,67,5,11207229216,67108864,55587101328,55633810652,55633811014,55587098739,55587101328,46709324,50000000,-3290676,1.070450088295005,0,51683,55586914395,8150000000,0,0,0,0,0,0,4,260,5100.387504
run_20260930-035604_13076d45.json,unet,168,0,64,1,11274338080,67108864,55591565690,55639437584,55639437974,55591564376,55591565690,47871894,40000000,7871894,0.8355633474622918,0,0,55591539213,8180000000,0,0,0,0,0,0,4,260,5100.387504
run_20260930-035604_13076d45.json,unet,169,2,66,3,11341446944,67108864,55599709792,55649071607,55649072156,55599707645,55599709792,49361815,50000000,-638185,1.0129287182815299,0,0,55599642830,8470000000,0,0,0,0,0,0,4,260,5100.387504
run_20260930-035604_13076d45.json,unet,170,1,65,0,11408555808,67108864,55630424337,55681501320,55681501826,55630423078,55630424337,51076983,50000000,1076983,0.9789145141951708,0,0,55630402991,8490000000,0,0,0,0,0,0,4,260,5100.387504
run_20260930-035604_13076d45.json,unet,171,3,67,2,11475664672,67108864,55634461725,55687135154,55687135932,55634459786,55634461725,52673429,40000000,12673429,0.7593961653797021,0,72600,55634333191,8200000000,0,0,0,0,0,0,4,260,5100.387504
run_20260930-035604_13076d45.json,unet,172,0,64,4,11542773536,67108864,55639590233,55691510909,55691511360,55639589225,55639590233,51920676,50000000,1920676,0.9630074924294129,0,0,55639571653,8220000000,0,0,0,0,0,0,4,260,5100.387504
run_20260930-035604_13076d45.json,unet,173,2,66,1,11609882400,67108864,55649308967,55700038152,55700038537,55649307747,55649308967,50729185,50000000,729185,0.9856259271659894,0,0,55649288291,8520000000,0,0,0,0,0,0,4,260,5100.387504
run_20260930-035604_13076d45.json,unet,174,1,65,3,11676991264,67108864,55681886773,55730972678,55730973544,55681885439,55681886773,49085905,50000000,-914095,1.0186223519766011,0,0,55681863832,8540000000,0,0,0,0,0,0,4,260,5100.387504
run_20260930-035604_13076d45.json,unet,175,3,67,0,11744100128,67108864,55687573929,55737236605,55737237006,55687572247,55687573929,49662676,40000000,9662676,0.8054338433152495,0,0,55687517934,8250000000,0,0,0,0,0,0,4,260,5100.387504
run_20260930-035604_13076d45.json,unet,176,0,64,2,11811208992,67108864,55691748411,55740507556,55740507941,55691747500,55691748411,48759145,40000000,8759145,0.8203589295915669,0,0,55691734218,8270000000,0,0,0,0,0,0,4,260,5100.387504
run_20260930-035604_13076d45.json,unet,177,2,66,4,11878317856,67108864,55700258436,55749169135,55749169606,55700257399,55700258436,48910699,40000000,8910699,0.817816977017646,0,0,55700219860,8570000000,0,0,0,0,0,0,4,260,5100.387504
run_20260930-035604_13076d45.json,unet,178,1,65,1,11945426720,67108864,55731256892,55783225898,55783226439,55731255209,55731256892,51969006,50000000,1969006,0.9621119172454443,0,0,55731233388,8590000000,0,0,0,0,0,0,4,260,5100.387504
run_20260930-035604_13076d45.json,unet,179,3,67,3,12012535584,67108864,55737597019,55791003521,55791004238,55737595263,55737597019,53406502,50000000,3406502,0.9362155941237267,0,0,55737560165,8290000000,0,0,0,0,0,0,4,260,5100.387504
run_20260930-035604_13076d45.json,unet,180,0,64,5,12079644448,67108864,55741736688,55794202568,55794203038,55741734046,55741736688,52465880,50000000,2465880,0.953000311821702,0,715895,55740838482,8320000000,0,0,0,0,0,0,4,260,5100.387504
run_20260930-035604_13076d45.json,unet,181,2,66,0,12146753312,67108864,55749483486,55801523769,55801524210,55749482099,55749483486,52040283,50000000,2040283,0.9607941601701129,0,0,55749457903,8610000000,0,0,0,0,0,0,4,260,5100.387504
run_20260930-035604_13076d45.json,unet,183,3,67,1,12280971040,28895360,55791301725,55814102216,55814102501,55791300355,55791301725,22800491,20000000,2800491,0.8771740924351147,0,0,55791282252,8340000000,0,0,0,0,0,0,4,260,5100.387504
run_20260930-035604_13076d45.json,unet,182,1,65,2,12213862176,67108864,55783807650,55819090509,55819090741,55783803792,55783807650,35282859,30000000,5282859,0.8502712322717385,0,0,55783767628,8640000000,0,0,0,0,0,0,4,260,5100.387504
