arm,worker,pid,tid,generation,block_index,offset,length,bytes_returned,preadv_ms,global_launch_gap_ms,gate_wait_ms,pacer_lock_hold_us,active_at_enter,refill_gap_ms
threads,0,2,6,0,0,0,67108864,67108864,133.970413,4.360223,128.230287,10.024,3,
threads,0,2,6,1,1,67108864,67108864,67108864,56.464797,4.374382,7.318796,4.205,3,7.330674
threads,0,2,6,2,2,134217728,67108864,67108864,48.146312,4.371794,3.807751,4.904,3,3.820441
threads,0,2,6,3,3,201326592,67108864,67108864,51.686615,4.416604,2.916652,4.863,3,2.940127
threads,0,2,6,4,4,268435456,67108864,67108864,50.415362,4.310888,2.323105,3.91,3,2.339114
threads,0,2,6,5,5,335544320,67108864,67108864,50.877016,4.585395,0.002866,6.992,3,0.024859
threads,0,2,6,6,6,402653184,67108864,67108864,48.530218,7.621259,0.00436,12.023,3,0.03699
threads,0,2,6,7,7,469762048,67108864,67108864,45.523761,7.950777,0.005228,12.864,3,0.046463
threads,0,2,6,8,8,536870912,67108864,67108864,51.908705,5.107729,0.003469,9.295,3,0.032279
threads,0,2,6,9,9,603979776,67108864,67108864,55.47611,4.926831,3.399955,4.972,3,3.412717
threads,0,2,6,10,10,671088640,67108864,67108864,53.787334,4.534544,0.00438,10.755,3,0.037837
threads,0,2,6,11,11,738197504,67108864,67108864,52.447922,4.584778,3.288375,6.02,3,3.302966
threads,0,2,6,12,12,805306368,67108864,67108864,51.14046,6.024581,0.003628,9.568,3,0.031013
threads,0,2,6,13,13,872415232,67108864,67108864,55.720959,4.200122,1.119035,6.582,3,1.135028
threads,0,2,6,14,14,939524096,67108864,67108864,58.993873,4.402566,4.293567,5.806,3,4.3145
threads,0,2,6,15,15,1006632960,67108864,67108864,46.634943,4.362044,3.3203,6.377,3,3.333833
threads,0,2,6,16,16,1073741824,67108864,67108864,52.730235,4.047705,0.001567,6.256,3,0.015212
threads,0,2,6,17,17,1140850688,67108864,67108864,47.061056,5.475415,0.005486,15.434,3,0.049615
threads,0,2,6,18,18,1207959552,67108864,67108864,45.767796,6.661663,0.004094,9.889,3,0.036492
threads,0,2,6,19,19,1275068416,67108864,67108864,45.415582,7.624363,0.005346,11.361,3,0.041683
threads,0,2,6,20,20,1342177280,67108864,67108864,51.095943,4.417261,3.002333,4.323,3,3.031198
threads,0,2,6,21,21,1409286144,67108864,67108864,47.310026,6.026753,0.006374,14.227,3,0.05096
threads,0,2,6,22,22,1476395008,67108864,67108864,48.073136,10.645753,0.005407,12.575,3,0.057429
threads,0,2,6,23,23,1543503872,67108864,67108864,42.995862,11.51101,0.005452,13.195,3,0.042757
threads,0,2,6,24,24,1610612736,67108864,67108864,49.047046,8.418084,0.003886,9.235,3,0.03317
threads,0,2,6,25,25,1677721600,67108864,67108864,47.667899,9.483289,0.006012,13.845,3,0.050647
threads,0,2,6,26,26,1744830464,67108864,67108864,52.103687,11.807602,0.006889,14.048,3,0.048548
threads,0,2,6,27,27,1811939328,67108864,67108864,42.977134,4.556106,40.064364,8.375,1,40.097112
threads,0,2,6,28,28,1879048192,67108864,67108864,36.878989,38.606187,0.00578,12.887,1,0.043618
threads,0,2,6,29,29,1946157056,67108864,67108864,27.186118,36.931443,0.006416,14.596,0,0.052454
threads,1,2,7,0,30,2013265920,67108864,67108864,119.833139,4.21379,3.867514,6.711,1,
threads,1,2,7,1,31,2080374784,67108864,67108864,56.265075,14.901477,0.006106,15.926,2,0.057633
threads,1,2,7,2,32,2147483648,67108864,67108864,76.293168,51.965093,0.006795,16.113,3,0.060241
threads,1,2,7,3,33,2214592512,67108864,67108864,59.806823,67.945596,0.006493,15.898,3,0.051842
threads,1,2,7,4,34,2281701376,67108864,67108864,50.330672,46.883455,0.007565,17.477,3,0.067616
threads,1,2,7,5,35,2348810240,67108864,67108864,46.738,37.012018,0.01671,21.912,3,0.083129
threads,1,2,7,6,36,2415919104,67108864,67108864,49.372869,32.711277,0.006107,14.338,3,0.047698
threads,1,2,7,7,37,2483027968,67108864,67108864,52.294872,28.089172,0.003244,9.02,3,0.030755
threads,1,2,7,8,38,2550136832,67108864,67108864,51.872196,29.985998,0.004507,11.879,3,0.042175
threads,1,2,7,9,39,2617245696,67108864,67108864,48.94227,30.990671,0.005436,13.074,3,0.046483
threads,1,2,7,10,40,2684354560,67108864,67108864,45.487594,31.393727,0.0044,11.389,3,0.037467
threads,1,2,7,11,41,2751463424,67108864,67108864,51.792685,31.377664,0.005764,13.614,3,0.052383
threads,1,2,7,12,42,2818572288,67108864,67108864,53.609838,27.89494,0.005965,13.096,3,0.046013
threads,1,2,7,13,43,2885681152,67108864,67108864,58.642915,26.0318,0.004337,11.381,3,0.040969
threads,1,2,7,14,44,2952790016,67108864,67108864,49.449365,27.627995,0.005515,12.08,3,0.04358
threads,1,2,7,15,45,3019898880,67108864,67108864,52.219095,24.632303,0.003201,11.565,3,0.033878
threads,1,2,7,16,46,3087007744,67108864,67108864,58.504811,24.624953,0.005773,15.023,3,0.049043
threads,1,2,7,17,47,3154116608,67108864,67108864,53.682656,23.130479,0.004265,10.158,3,0.036174
threads,1,2,7,18,48,3221225472,67108864,67108864,47.967023,14.509214,0.002439,6.397,3,0.023785
threads,1,2,7,19,49,3288334336,67108864,67108864,43.894516,15.8629,0.004678,9.882,3,0.036818
threads,1,2,7,20,50,3355443200,67108864,67108864,46.579804,4.979589,2.286695,6.554,3,2.312065
threads,1,2,7,21,51,3422552064,67108864,67108864,46.994987,4.603334,2.354645,3.341,3,2.375574
threads,1,2,7,22,52,3489660928,67108864,67108864,45.900788,4.201289,0.991206,5.59,3,1.019232
threads,1,2,7,23,53,3556769792,67108864,67108864,47.737133,5.783403,0.001304,6.159,3,0.020077
threads,1,2,7,24,54,3623878656,67108864,67108864,47.149909,4.045421,1.184692,4.119,3,1.201309
threads,1,2,7,25,55,3690987520,67108864,67108864,48.401717,4.265136,0.001528,4.006,3,0.014807
threads,1,2,7,26,56,3758096384,67108864,67108864,52.508968,4.406317,3.429427,8.929,3,3.459359
threads,1,2,7,27,57,3825205248,67108864,67108864,50.092927,8.520479,0.004909,12.539,3,0.042265
threads,1,2,7,28,58,3892314112,67108864,67108864,76.960034,10.597777,0.004518,10.394,3,0.036708
threads,1,2,7,29,59,3959422976,67108864,67108864,38.719516,4.414565,44.635439,4.446,2,44.657365
threads,2,2,8,0,60,4026531840,67108864,67108864,119.97263,4.438079,63.976186,6.778,2,
threads,2,2,8,1,61,4093640704,67108864,67108864,68.367198,4.371306,4.468083,7.451,3,4.493057
threads,2,2,8,2,62,4160749568,67108864,67108864,60.254075,4.356911,8.169873,5.51,2,8.195
threads,2,2,8,3,63,4227858432,67108864,67108864,49.779382,4.372916,0.00373,11.174,3,0.033751
threads,2,2,8,4,64,4294967296,67108864,67108864,54.103384,5.043227,1.240788,8.458,3,1.262247
threads,2,2,8,5,65,4362076160,67108864,67108864,50.141727,6.629665,0.002693,8.182,3,0.028061
threads,2,2,8,6,66,4429185024,67108864,67108864,47.827053,8.172212,0.002776,7.138,3,0.023987
threads,2,2,8,7,67,4496293888,67108864,67108864,48.227876,8.676418,0.00241,6.855,3,0.051089
threads,2,2,8,8,68,4563402752,67108864,67108864,46.181734,4.75241,0.002083,6.017,3,0.019287
threads,2,2,8,9,69,4630511616,67108864,67108864,54.357673,4.65374,2.202355,5.151,3,2.217354
threads,2,2,8,10,70,4697620480,67108864,67108864,55.861064,4.11032,1.113945,9.25,3,1.144647
threads,2,2,8,11,71,4764729344,67108864,67108864,55.865122,4.80504,0.005893,13.504,3,0.04517
threads,2,2,8,12,72,4831838208,67108864,67108864,51.005701,4.629139,1.132205,17.769,3,1.174944
threads,2,2,8,13,73,4898947072,67108864,67108864,51.038986,4.079415,0.004339,10.714,3,0.033431
threads,2,2,8,14,74,4966055936,67108864,67108864,56.367146,4.323147,3.03409,4.306,3,3.060961
threads,2,2,8,15,75,5033164800,67108864,67108864,59.912392,4.387784,3.413792,9.549,3,3.465869
threads,2,2,8,16,76,5100273664,67108864,67108864,45.312966,4.265874,2.423554,12.133,3,2.455836
threads,2,2,8,17,77,5167382528,67108864,67108864,56.851607,4.311286,1.625455,5.255,3,1.651528
threads,2,2,8,18,78,5234491392,67108864,67108864,49.302402,4.310042,4.258307,15.017,3,4.28599
threads,2,2,8,19,79,5301600256,67108864,67108864,48.376809,6.544127,0.003291,7.891,3,0.029231
threads,2,2,8,20,80,5368709120,67108864,67108864,44.318065,9.150912,0.004815,10.114,3,0.039455
threads,2,2,8,21,81,5435817984,67108864,67108864,50.643813,5.042883,0.002297,7.805,3,0.020686
threads,2,2,8,22,82,5502926848,67108864,67108864,46.915954,4.572404,0.00384,8.969,3,0.032611
threads,2,2,8,23,83,5570035712,67108864,67108864,51.683281,4.14995,0.002894,10.006,3,0.029047
threads,2,2,8,24,84,5637144576,67108864,67108864,48.373967,7.753952,0.004128,10.112,3,0.036614
threads,2,2,8,25,85,5704253440,67108864,67108864,48.005671,13.161991,0.007607,17.272,3,0.063104
threads,2,2,8,26,86,5771362304,67108864,67108864,47.560277,12.116635,0.004924,12.873,3,0.046666
threads,2,2,8,27,87,5838471168,67108864,67108864,39.491821,11.98415,0.002307,7.889,3,0.023685
threads,2,2,8,28,88,5905580032,67108864,67108864,36.068102,39.550597,0.008854,15.432,2,0.058776
threads,2,2,8,29,89,5972688896,67108864,67108864,27.690165,36.109946,0.004976,12.37,0,0.041844
threads,3,2,9,0,90,6039797760,67108864,67108864,59.839918,,0.034085,13.914,0,
threads,3,2,9,1,91,6106906624,67108864,67108864,49.233202,55.711736,0.034805,18.018,1,0.085608
threads,3,2,9,2,92,6174015488,67108864,67108864,72.753375,44.83948,0.005608,12.89,2,0.044357
threads,3,2,9,3,93,6241124352,67108864,67108864,74.380737,4.028108,2.464973,5.264,2,2.501526
threads,3,2,9,4,94,6308233216,67108864,67108864,58.075213,4.259691,2.160652,7.674,2,2.195856
threads,3,2,9,5,95,6375342080,67108864,67108864,49.220368,4.657073,2.165908,4.585,3,2.196608
threads,3,2,9,6,96,6442450944,67108864,67108864,52.498449,4.61459,1.111256,13.889,3,1.15095
threads,3,2,9,7,97,6509559808,67108864,67108864,48.582945,10.373899,0.004911,12.889,3,0.046558
threads,3,2,9,8,98,6576668672,67108864,67108864,47.33755,9.593442,0.003687,12.295,3,0.040222
threads,3,2,9,9,99,6643777536,67108864,67108864,49.8484,4.630331,0.003543,10.305,3,0.036386
threads,3,2,9,10,100,6710886400,67108864,67108864,46.02811,4.882823,2.302874,4.292,3,2.322771
threads,3,2,9,11,101,6777995264,67108864,67108864,56.001123,4.400844,2.451403,3.707,3,2.469648
threads,3,2,9,12,102,6845104128,67108864,67108864,55.144532,14.906607,0.005058,13.22,3,0.044617
threads,3,2,9,13,103,6912212992,67108864,67108864,57.165983,18.279423,0.007323,17.361,3,0.066982
threads,3,2,9,14,104,6979321856,67108864,67108864,51.546333,21.844583,0.005882,13.102,3,0.049984
threads,3,2,9,15,105,7046430720,67108864,67108864,53.809453,14.746944,0.004087,11.519,3,0.042523
threads,3,2,9,16,106,7113539584,67108864,67108864,59.739022,19.119916,0.005442,14.031,3,0.046762
threads,3,2,9,17,107,7180648448,67108864,67108864,62.41715,26.620156,0.002837,8.621,3,0.029356
threads,3,2,9,18,108,7247757312,67108864,67108864,46.876119,30.569309,0.006104,14.881,3,0.072988
threads,3,2,9,19,109,7314866176,67108864,67108864,55.613852,23.78195,0.004406,11.677,3,0.042963
threads,3,2,9,20,110,7381975040,67108864,67108864,45.868085,31.441535,0.005125,13.723,3,0.049574
threads,3,2,9,21,111,7449083904,67108864,67108864,44.499156,31.146254,0.005086,10.728,3,0.043215
threads,3,2,9,22,112,7516192768,67108864,67108864,51.601847,27.037655,0.317041,9.554,3,0.347623
threads,3,2,9,23,113,7583301632,67108864,67108864,49.499298,30.677318,0.006918,15.044,3,0.052035
threads,3,2,9,24,114,7650410496,67108864,67108864,42.709896,34.293864,0.004461,10.89,3,0.038113
threads,3,2,9,25,115,7717519360,67108864,67108864,47.192819,28.103877,0.004158,10.491,3,0.038559
threads,3,2,9,26,116,7784628224,67108864,67108864,46.074069,28.189797,0.006244,15.894,3,0.057817
threads,3,2,9,27,117,7851737088,67108864,67108864,48.010914,22.450679,0.00575,13.699,3,0.047889
threads,3,2,9,28,118,7918845952,67108864,67108864,45.339347,17.931934,0.002152,5.72,3,0.021574
threads,3,2,9,29,119,7985954816,59027232,59027232,23.891326,13.194433,0.004676,13.321,3,0.052787
threads,0,2,6,0,0,0,67108864,67108864,76.042735,4.072123,92.14322,3.97,1,
threads,0,2,6,1,1,67108864,67108864,67108864,46.808723,10.054389,0.003182,9.093,2,0.032085
threads,0,2,6,2,2,134217728,67108864,67108864,42.369364,5.027884,0.002094,7.453,3,0.02621
threads,0,2,6,3,3,201326592,67108864,67108864,39.150654,10.37682,0.004295,8.186,3,0.032037
threads,0,2,6,4,4,268435456,67108864,67108864,48.163396,10.862749,0.003162,9.634,3,0.030498
threads,0,2,6,5,5,335544320,67108864,67108864,42.196,20.151985,0.004928,12.16,3,0.04164
threads,0,2,6,6,6,402653184,67108864,67108864,35.877491,20.360099,0.004533,11.595,3,0.042319
threads,0,2,6,7,7,469762048,67108864,67108864,36.596918,13.064212,0.005003,10.18,3,0.040747
threads,0,2,6,8,8,536870912,67108864,67108864,40.718712,7.627976,0.003145,6.363,3,0.02199
threads,0,2,6,9,9,603979776,67108864,67108864,44.587796,5.812391,0.002905,7.875,3,0.026221
threads,0,2,6,10,10,671088640,67108864,67108864,37.11785,9.367723,0.0045,9.68,3,0.037833
threads,0,2,6,11,11,738197504,67108864,67108864,41.207679,13.767341,0.004155,10.918,3,0.038164
threads,0,2,6,12,12,805306368,67108864,67108864,43.40683,16.421011,0.006949,9.945,3,0.03959
threads,0,2,6,13,13,872415232,67108864,67108864,37.91679,20.196673,0.002595,9.27,3,0.031002
threads,0,2,6,14,14,939524096,67108864,67108864,33.315461,15.3829,0.004684,11.495,3,0.036887
threads,0,2,6,15,15,1006632960,67108864,67108864,33.53567,9.54775,0.003768,10.412,3,0.037478
threads,0,2,6,16,16,1073741824,67108864,67108864,35.452755,6.383226,0.002961,8.055,3,0.027335
threads,0,2,6,17,17,1140850688,67108864,67108864,36.373312,5.661482,0.005466,9.985,3,0.041249
threads,0,2,6,18,18,1207959552,67108864,67108864,40.213184,5.481715,0.003067,7.223,3,0.026996
threads,0,2,6,19,19,1275068416,67108864,67108864,38.515256,4.651221,0.002578,7.811,3,0.023278
threads,0,2,6,20,20,1342177280,67108864,67108864,36.886435,4.947538,0.181891,8.67,3,0.213053
threads,0,2,6,21,21,1409286144,67108864,67108864,38.533516,4.314249,0.002332,6.183,3,0.021788
threads,0,2,6,22,22,1476395008,67108864,67108864,37.599314,5.484732,0.004577,13.322,3,0.045515
threads,0,2,6,23,23,1543503872,67108864,67108864,38.558844,7.836858,0.002594,10.686,3,0.029471
threads,0,2,6,24,24,1610612736,67108864,67108864,37.301016,8.270299,0.004951,10.477,3,0.038004
threads,0,2,6,25,25,1677721600,67108864,67108864,34.22941,7.668657,0.00426,10.242,3,0.036656
threads,0,2,6,26,26,1744830464,67108864,67108864,39.923989,4.282901,3.008768,6.262,3,3.03008
threads,0,2,6,27,27,1811939328,67108864,67108864,45.565022,5.234849,0.003223,6.596,3,0.029089
threads,0,2,6,28,28,1879048192,67108864,67108864,40.421985,29.275556,0.004955,11.329,2,0.040193
threads,0,2,6,29,29,1946157056,67108864,67108864,23.813286,4.24632,4.108806,4.339,1,4.131613
threads,1,2,7,0,30,2013265920,67108864,67108864,83.350045,4.914335,4.657347,8.405,1,
threads,1,2,7,1,31,2080374784,67108864,67108864,37.271465,4.313768,35.180785,8.645,2,35.211428
threads,1,2,7,2,32,2147483648,67108864,67108864,44.125541,4.82519,12.58283,3.753,3,12.596718
threads,1,2,7,3,33,2214592512,67108864,67108864,42.398293,4.271616,2.137646,3.788,3,2.155818
threads,1,2,7,4,34,2281701376,67108864,67108864,39.424868,4.29156,0.003284,6.243,3,0.023052
threads,1,2,7,5,35,2348810240,67108864,67108864,44.536462,4.569507,0.004085,9.25,3,0.034231
threads,1,2,7,6,36,2415919104,67108864,67108864,39.909137,4.218329,3.304265,4.965,3,3.317396
threads,1,2,7,7,37,2483027968,67108864,67108864,39.278082,4.300746,2.39453,4.681,2,2.411599
threads,1,2,7,8,38,2550136832,67108864,67108864,43.393954,7.688629,0.003232,8.079,3,0.028039
threads,1,2,7,9,39,2617245696,67108864,67108864,45.150792,14.499007,0.008314,8.142,3,0.035332
threads,1,2,7,10,40,2684354560,67108864,67108864,38.751856,18.939523,0.003861,9.847,3,0.034657
threads,1,2,7,11,41,2751463424,67108864,67108864,36.419885,13.09779,0.003309,8.318,3,0.03204
threads,1,2,7,12,42,2818572288,67108864,67108864,35.15993,12.387298,0.002199,7.807,3,0.025637
threads,1,2,7,13,43,2885681152,67108864,67108864,41.151065,6.333528,0.003657,10.68,3,0.033569
threads,1,2,7,14,44,2952790016,67108864,67108864,40.548401,4.066779,0.002007,5.935,3,0.020018
threads,1,2,7,15,45,3019898880,67108864,67108864,35.132514,6.695816,0.003936,8.18,3,0.034313
threads,1,2,7,16,46,3087007744,67108864,67108864,35.735755,8.507377,0.002843,9.779,3,0.031986
threads,1,2,7,17,47,3154116608,67108864,67108864,35.658734,10.718044,0.004844,10.11,3,0.037917
threads,1,2,7,18,48,3221225472,67108864,67108864,36.366154,10.921104,0.0042,11.805,3,0.03833
threads,1,2,7,19,49,3288334336,67108864,67108864,35.356543,10.928363,0.004215,12.457,3,0.041413
threads,1,2,7,20,50,3355443200,67108864,67108864,38.282338,6.081142,0.003417,10.004,3,0.032698
threads,1,2,7,21,51,3422552064,67108864,67108864,38.333133,5.676842,0.005298,11.927,3,0.041671
threads,1,2,7,22,52,3489660928,67108864,67108864,37.651871,7.136321,0.004082,9.232,3,0.034569
threads,1,2,7,23,53,3556769792,67108864,67108864,36.168557,6.24448,0.003784,8.884,3,0.035319
threads,1,2,7,24,54,3623878656,67108864,67108864,41.116729,4.805423,0.002481,6.33,3,0.021171
threads,1,2,7,25,55,3690987520,67108864,67108864,39.811639,7.359379,0.003458,10.084,3,0.034075
threads,1,2,7,26,56,3758096384,67108864,67108864,37.298176,9.871446,0.004439,10.388,3,0.0381
threads,1,2,7,27,57,3825205248,67108864,67108864,35.158921,9.930514,0.001617,7.238,3,0.020382
threads,1,2,7,28,58,3892314112,67108864,67108864,40.558697,5.165958,0.002154,8.598,3,0.029601
threads,1,2,7,29,59,3959422976,67108864,67108864,22.355758,4.24632,4.120536,2.614,1,4.12688
threads,2,2,8,0,60,4026531840,67108864,67108864,108.713211,4.288131,127.591491,5.409,3,
threads,2,2,8,1,61,4093640704,67108864,67108864,39.942283,16.878721,0.003021,9.055,3,0.026921
threads,2,2,8,2,62,4160749568,67108864,67108864,43.126162,14.449421,0.004351,13.33,3,0.049762
threads,2,2,8,3,63,4227858432,67108864,67108864,38.780488,18.153438,0.002972,9.517,3,0.036954
threads,2,2,8,4,64,4294967296,67108864,67108864,32.326491,9.094105,0.00118,3.8,3,0.014037
threads,2,2,8,5,65,4362076160,67108864,67108864,39.714645,4.334533,5.225615,2.536,3,5.234673
threads,2,2,8,6,66,4429185024,67108864,67108864,42.194243,4.776522,0.004498,10.328,3,0.033465
threads,2,2,8,7,67,4496293888,67108864,67108864,45.213402,4.261992,0.696618,7.862,3,0.720513
threads,2,2,8,8,68,4563402752,67108864,67108864,38.562711,4.315848,0.003234,7.286,3,0.025903
threads,2,2,8,9,69,4630511616,67108864,67108864,40.368281,4.129496,0.005262,10.432,3,0.034833
threads,2,2,8,10,70,4697620480,67108864,67108864,38.99261,8.091897,0.004237,11.09,3,0.039642
threads,2,2,8,11,71,4764729344,67108864,67108864,37.239526,11.929466,0.00454,9.003,3,0.038458
threads,2,2,8,12,72,4831838208,67108864,67108864,37.221004,8.028102,0.002558,8.581,3,0.030193
threads,2,2,8,13,73,4898947072,67108864,67108864,33.53964,4.699432,0.00289,8.238,3,0.03304
threads,2,2,8,14,74,4966055936,67108864,67108864,35.803525,4.330736,1.201511,34.673,3,1.256164
threads,2,2,8,15,75,5033164800,67108864,67108864,36.676722,4.39767,0.004559,10.847,3,0.037081
threads,2,2,8,16,76,5100273664,67108864,67108864,38.997878,5.421759,0.005768,12.824,3,0.044431
threads,2,2,8,17,77,5167382528,67108864,67108864,39.200636,8.052219,0.003974,10.062,3,0.040149
threads,2,2,8,18,78,5234491392,67108864,67108864,38.161721,11.9077,0.005135,13.871,3,0.044086
threads,2,2,8,19,79,5301600256,67108864,67108864,38.598029,11.787035,0.004765,11.875,3,0.041623
threads,2,2,8,20,80,5368709120,67108864,67108864,39.081138,12.056099,0.004789,9.807,3,0.038737
threads,2,2,8,21,81,5435817984,67108864,67108864,40.268172,13.474595,0.002494,7.184,3,0.024548
threads,2,2,8,22,82,5502926848,67108864,67108864,39.5642,17.593236,0.004683,12.473,3,0.040197
threads,2,2,8,23,83,5570035712,67108864,67108864,36.953118,16.059162,0.006306,15.931,3,0.05253
threads,2,2,8,24,84,5637144576,67108864,67108864,34.18908,13.181795,0.001759,5.201,3,0.019254
threads,2,2,8,25,85,5704253440,67108864,67108864,36.247422,10.077654,0.002454,6.959,3,0.025337
threads,2,2,8,26,86,5771362304,67108864,67108864,29.327789,11.163701,0.002945,7.521,3,0.027147
threads,2,2,8,27,87,5838471168,67108864,67108864,31.651058,4.383898,8.558249,2.436,2,8.577985
threads,2,2,8,28,88,5905580032,67108864,67108864,31.008855,31.67706,0.003554,7.987,1,0.026002
threads,2,2,8,29,89,5972688896,67108864,67108864,23.258356,26.78213,0.002463,5.581,0,0.019595
threads,3,2,9,0,90,6039797760,67108864,67108864,44.029256,,0.041578,10.936,0,
threads,3,2,9,1,91,6106906624,67108864,67108864,30.761347,83.457523,44.27687,12.173,0,44.342602
threads,3,2,9,2,92,6174015488,67108864,67108864,39.245194,26.718059,0.001815,8.787,1,0.028835
threads,3,2,9,3,93,6241124352,67108864,67108864,51.817377,30.700473,0.003994,14.942,3,0.057178
threads,3,2,9,4,94,6308233216,67108864,67108864,37.025772,36.981859,0.005113,12.955,3,0.044061
threads,3,2,9,5,95,6375342080,67108864,67108864,38.663625,10.874244,0.003162,7.095,3,0.026693
threads,3,2,9,6,96,6442450944,67108864,67108864,38.887242,9.577422,0.0031,9.571,3,0.031598
threads,3,2,9,7,97,6509559808,67108864,67108864,41.996091,5.330106,0.003329,8.015,3,0.028558
threads,3,2,9,8,98,6576668672,67108864,67108864,43.176127,8.565786,0.003708,10.04,3,0.034114
threads,3,2,9,9,99,6643777536,67108864,67108864,42.000971,14.218747,0.003464,10.902,3,0.037998
threads,3,2,9,10,100,6710886400,67108864,67108864,42.536654,16.525781,0.003528,9.091,3,0.054173
threads,3,2,9,11,101,6777995264,67108864,67108864,41.043159,16.171543,0.001843,7.369,3,0.023864
threads,3,2,9,12,102,6845104128,67108864,67108864,32.734121,12.002535,0.003139,7.151,3,0.027138
threads,3,2,9,13,103,6912212992,67108864,67108864,35.394282,6.161387,0.001847,5.984,3,0.022275
threads,3,2,9,14,104,6979321856,67108864,67108864,37.467598,4.347063,3.174327,4.686,3,3.199317
threads,3,2,9,15,105,7046430720,67108864,67108864,42.742313,4.978165,2.172652,4.688,3,2.194572
threads,3,2,9,16,106,7113539584,67108864,67108864,39.155375,10.475896,0.002383,8.046,3,0.025137
threads,3,2,9,17,107,7180648448,67108864,67108864,36.691358,12.409941,0.002743,10.319,3,0.032714
threads,3,2,9,18,108,7247757312,67108864,67108864,36.17421,14.341666,0.003012,7.448,3,0.036171
threads,3,2,9,19,109,7314866176,67108864,67108864,36.536627,14.716808,0.00527,11.785,3,0.041538
threads,3,2,9,20,110,7381975040,67108864,67108864,41.02294,14.57573,0.005841,11.78,3,0.043448
threads,3,2,9,21,111,7449083904,67108864,67108864,38.385186,16.604659,0.006172,12.627,3,0.044016
threads,3,2,9,22,112,7516192768,67108864,67108864,37.499456,15.791929,0.004928,13.628,3,0.046806
threads,3,2,9,23,113,7583301632,67108864,67108864,37.385566,15.130097,0.007282,10.358,3,0.042056
threads,3,2,9,24,114,7650410496,67108864,67108864,35.236002,13.901879,0.003316,5.651,3,0.022982
threads,3,2,9,25,115,7717519360,67108864,67108864,38.130243,10.072852,0.004392,11.953,3,0.040657
threads,3,2,9,26,116,7784628224,67108864,67108864,37.916858,7.92789,0.003432,8.316,3,0.033164
threads,3,2,9,27,117,7851737088,67108864,67108864,40.606443,6.250474,0.002715,6.395,3,0.022456
threads,3,2,9,28,118,7918845952,67108864,67108864,38.960777,9.923348,0.004357,10.752,3,0.038803
threads,3,2,9,29,119,7985954816,59027232,59027232,21.581235,14.710061,0.004351,10.85,3,0.040353
threads,0,2,6,0,0,0,67108864,67108864,38.397837,39.155648,38.848285,8.026,1,
threads,0,2,6,1,1,67108864,67108864,67108864,31.362094,33.946911,0.002455,6.235,1,0.025412
threads,0,2,6,2,2,134217728,67108864,67108864,49.918355,22.772548,0.005285,12.704,3,0.045821
threads,0,2,6,3,3,201326592,67108864,67108864,37.834639,4.298163,3.262624,5.623,2,3.293196
threads,0,2,6,4,4,268435456,67108864,67108864,35.737433,4.073104,0.002111,8.941,3,0.02475
threads,0,2,6,5,5,335544320,67108864,67108864,36.101177,8.192369,0.002342,6.933,3,0.025763
threads,0,2,6,6,6,402653184,67108864,67108864,35.333302,6.707162,0.00333,9.012,3,0.032222
threads,0,2,6,7,7,469762048,67108864,67108864,37.290847,5.86197,0.002112,4.035,3,0.014889
threads,0,2,6,8,8,536870912,67108864,67108864,39.060064,6.294903,0.002183,7.04,3,0.01945
threads,0,2,6,9,9,603979776,67108864,67108864,39.435012,7.565603,0.002023,5.857,3,0.018844
threads,0,2,6,10,10,671088640,67108864,67108864,39.489661,9.559587,0.00507,11.613,3,0.044724
threads,0,2,6,11,11,738197504,67108864,67108864,40.755573,11.669963,0.003208,8.259,3,0.031169
threads,0,2,6,12,12,805306368,67108864,67108864,38.297969,15.806618,0.004869,11.674,3,0.042977
threads,0,2,6,13,13,872415232,67108864,67108864,38.533022,16.070363,0.005358,12.076,3,0.042751
threads,0,2,6,14,14,939524096,67108864,67108864,37.15989,18.399043,0.002971,9.905,3,0.03094
threads,0,2,6,15,15,1006632960,67108864,67108864,44.696936,18.282978,0.004586,9.778,3,0.038921
threads,0,2,6,16,16,1073741824,67108864,67108864,33.536112,4.333905,7.391057,13.605,3,7.42348
threads,0,2,6,17,17,1140850688,67108864,67108864,39.296148,5.556982,0.004657,9.963,3,0.042845
threads,0,2,6,18,18,1207959552,67108864,67108864,39.032245,4.805919,2.238282,3.484,3,2.261327
threads,0,2,6,19,19,1275068416,67108864,67108864,36.318334,9.462053,0.001834,7.521,3,0.028392
threads,0,2,6,20,20,1342177280,67108864,67108864,36.858152,4.235849,1.090164,7.364,3,1.107934
threads,0,2,6,21,21,1409286144,67108864,67108864,36.261315,4.125436,0.001315,5.916,2,0.015922
threads,0,2,6,22,22,1476395008,67108864,67108864,40.687199,4.330536,2.998276,9.046,3,3.03166
threads,0,2,6,23,23,1543503872,67108864,67108864,35.195469,10.564645,0.005013,13.915,3,0.045658
threads,0,2,6,24,24,1610612736,67108864,67108864,40.445631,6.602817,0.004824,10.278,3,0.036871
threads,0,2,6,25,25,1677721600,67108864,67108864,35.359484,7.641428,0.003215,7.952,3,0.030767
threads,0,2,6,26,26,1744830464,67108864,67108864,34.934191,4.881869,0.002166,9.115,3,0.040959
threads,0,2,6,27,27,1811939328,67108864,67108864,36.137807,4.380219,1.11396,24.437,3,1.167048
threads,0,2,6,28,28,1879048192,67108864,67108864,36.912248,5.060813,2.300785,6.305,3,2.32663
threads,0,2,6,29,29,1946157056,67108864,67108864,39.967559,4.991671,0.002708,6.408,3,0.02259
threads,1,2,7,0,30,2013265920,67108864,67108864,39.287833,,0.029626,10.211,0,
threads,1,2,7,1,31,2080374784,67108864,67108864,32.314293,4.317282,42.590986,5.071,2,42.608346
threads,1,2,7,2,32,2147483648,67108864,67108864,45.600559,5.273635,0.005352,12.741,3,0.049975
threads,1,2,7,3,33,2214592512,67108864,67108864,38.613884,4.317031,6.633287,8.463,3,6.654388
threads,1,2,7,4,34,2281701376,67108864,67108864,38.185249,5.092555,0.00159,5.75,3,0.021029
threads,1,2,7,5,35,2348810240,67108864,67108864,35.940877,7.54941,0.003821,10.372,3,0.034802
threads,1,2,7,6,36,2415919104,67108864,67108864,36.017635,7.389037,0.004219,8.305,3,0.032149
threads,1,2,7,7,37,2483027968,67108864,67108864,36.101232,8.089846,0.003327,9.32,3,0.031365
threads,1,2,7,8,38,2550136832,67108864,67108864,37.354988,6.91194,0.00348,10.371,3,0.031159
threads,1,2,7,9,39,2617245696,67108864,67108864,39.011094,5.210776,0.004745,6.575,3,0.022756
threads,1,2,7,10,40,2684354560,67108864,67108864,37.40591,4.784727,0.004288,8.725,3,0.042593
threads,1,2,7,11,41,2751463424,67108864,67108864,39.912851,4.288585,1.57153,13.674,3,1.618778
threads,1,2,7,12,42,2818572288,67108864,67108864,37.990921,4.206311,0.775774,7.006,3,0.803425
threads,1,2,7,13,43,2885681152,67108864,67108864,38.0478,5.076092,1.180434,13.973,3,1.21958
threads,1,2,7,14,44,2952790016,67108864,67108864,34.046521,4.587374,0.002535,8.148,3,0.027444
threads,1,2,7,15,45,3019898880,67108864,67108864,39.124286,4.301464,2.818494,7.782,3,2.86638
threads,1,2,7,16,46,3087007744,67108864,67108864,32.527831,23.557144,0.003825,10.026,3,0.038085
threads,1,2,7,17,47,3154116608,67108864,67108864,36.562047,19.467905,0.003288,9.167,3,0.033066
threads,1,2,7,18,48,3221225472,67108864,67108864,38.928741,21.272462,0.002707,8.005,3,0.029252
threads,1,2,7,19,49,3288334336,67108864,67108864,43.347714,19.991738,0.001743,5.524,3,0.019317
threads,1,2,7,20,50,3355443200,67108864,67108864,41.512553,23.201169,0.001745,6.712,3,0.022852
threads,1,2,7,21,51,3422552064,67108864,67108864,39.047348,28.381613,0.004448,13.71,3,0.045183
threads,1,2,7,22,52,3489660928,67108864,67108864,34.457657,26.251565,0.003399,10.321,3,0.040527
threads,1,2,7,23,53,3556769792,67108864,67108864,39.151273,21.845296,0.003849,10.502,3,0.041091
threads,1,2,7,24,54,3623878656,67108864,67108864,39.389085,19.660762,0.004738,12.16,3,0.042895
threads,1,2,7,25,55,3690987520,67108864,67108864,38.121205,18.560212,0.004661,11.753,3,0.048702
threads,1,2,7,26,56,3758096384,67108864,67108864,36.570931,19.860538,0.004774,10.366,3,0.038797
threads,1,2,7,27,57,3825205248,67108864,67108864,37.756454,20.45341,0.003392,8.318,3,0.031958
threads,1,2,7,28,58,3892314112,67108864,67108864,36.965774,21.902376,0.002528,8.305,3,0.027389
threads,1,2,7,29,59,3959422976,67108864,67108864,27.82489,20.928424,0.003723,10.961,3,0.038206
threads,2,2,8,0,60,4026531840,67108864,67108864,86.310281,4.318085,85.993496,2.748,3,
threads,2,2,8,1,61,4093640704,67108864,67108864,37.606344,6.025601,0.001366,4.131,3,0.01645
threads,2,2,8,2,62,4160749568,67108864,67108864,38.722305,5.017156,0.00223,6.057,3,0.020124
threads,2,2,8,3,63,4227858432,67108864,67108864,33.678695,5.547354,0.002756,7.172,3,0.027944
threads,2,2,8,4,64,4294967296,67108864,67108864,38.000152,4.360829,1.079908,7.054,3,1.107806
threads,2,2,8,5,65,4362076160,67108864,67108864,38.711521,6.338418,0.00261,8.29,3,0.026437
threads,2,2,8,6,66,4429185024,67108864,67108864,39.189094,8.929558,0.001053,2.572,3,0.01201
threads,2,2,8,7,67,4496293888,67108864,67108864,38.254664,10.79559,0.005019,8.186,3,0.054682
threads,2,2,8,8,68,4563402752,67108864,67108864,43.013361,10.056044,0.008279,18.451,3,0.059477
threads,2,2,8,9,69,4630511616,67108864,67108864,38.095729,14.094761,0.005452,13.378,3,0.050044
threads,2,2,8,10,70,4697620480,67108864,67108864,30.494648,11.49438,0.001436,4.931,3,0.020166
threads,2,2,8,11,71,4764729344,67108864,67108864,37.337029,5.009324,2.21232,7.875,3,2.230797
threads,2,2,8,12,72,4831838208,67108864,67108864,34.493334,4.300453,0.00242,7.978,3,0.029344
threads,2,2,8,13,73,4898947072,67108864,67108864,38.550887,4.042563,2.149332,4.691,3,2.161677
threads,2,2,8,14,74,4966055936,67108864,67108864,32.335587,4.322676,0.879889,2.972,2,0.891597
threads,2,2,8,15,75,5033164800,67108864,67108864,42.271373,4.117659,0.001806,4.897,3,0.020293
threads,2,2,8,16,76,5100273664,67108864,67108864,34.375593,9.834898,0.005618,9.676,3,0.037165
threads,2,2,8,17,77,5167382528,67108864,67108864,40.504539,5.291343,0.002905,8.073,3,0.02891
threads,2,2,8,18,78,5234491392,67108864,67108864,38.146855,4.573249,2.118032,3.66,3,2.147933
threads,2,2,8,19,79,5301600256,67108864,67108864,35.36564,4.460167,7.397639,6.18,2,7.423235
threads,2,2,8,20,80,5368709120,67108864,67108864,37.579846,4.261831,3.71534,4.392,3,3.728999
threads,2,2,8,21,81,5435817984,67108864,67108864,36.678086,4.329174,3.176392,15.748,3,3.220354
threads,2,2,8,22,82,5502926848,67108864,67108864,36.371693,5.79881,0.003079,6.455,3,0.02389
threads,2,2,8,23,83,5570035712,67108864,67108864,34.124288,5.021792,3.274076,11.43,3,3.327687
threads,2,2,8,24,84,5637144576,67108864,67108864,36.263642,4.948318,1.172253,11.347,3,1.202681
threads,2,2,8,25,85,5704253440,67108864,67108864,36.89116,5.143765,0.004485,8.873,3,0.033044
threads,2,2,8,26,86,5771362304,67108864,67108864,37.582446,4.664603,1.083406,2.217,3,1.094115
threads,2,2,8,27,87,5838471168,67108864,67108864,34.707636,5.322104,0.000829,2.166,3,0.009893
threads,2,2,8,28,88,5905580032,67108864,67108864,27.267304,25.915362,0.001933,5.31,1,0.017025
threads,2,2,8,29,89,5972688896,67108864,67108864,20.637859,27.301748,0.004101,10.217,0,0.034444
threads,3,2,9,0,90,6039797760,67108864,67108864,76.894714,4.476338,43.483815,5.144,1,
threads,3,2,9,1,91,6106906624,67108864,67108864,37.303431,6.286236,0.001615,6.057,3,0.019983
threads,3,2,9,2,92,6174015488,67108864,67108864,38.039246,37.353517,0.007277,12.924,3,0.050086
threads,3,2,9,3,93,6241124352,67108864,67108864,31.621375,23.443653,0.004015,14.165,3,0.045202
threads,3,2,9,4,94,6308233216,67108864,67108864,37.576959,17.461116,0.002599,6.369,3,0.022556
threads,3,2,9,5,95,6375342080,67108864,67108864,36.149664,16.329473,0.004576,10.012,3,0.041647
threads,3,2,9,6,96,6442450944,67108864,67108864,36.836547,17.736355,0.006111,11.342,3,0.043719
threads,3,2,9,7,97,6509559808,67108864,67108864,37.765998,16.58713,0.006133,11.227,3,0.040817
threads,3,2,9,8,98,6576668672,67108864,67108864,37.441948,15.671807,0.004894,11.774,3,0.04221
threads,3,2,9,9,99,6643777536,67108864,67108864,37.379339,13.913783,0.005106,12.589,3,0.043804
threads,3,2,9,10,100,6710886400,67108864,67108864,36.633678,13.010096,0.003533,7.513,3,0.031115
threads,3,2,9,11,101,6777995264,67108864,67108864,38.060083,6.608586,0.00369,7.638,3,0.028217
threads,3,2,9,12,102,6845104128,67108864,67108864,36.207986,6.569666,0.001592,3.863,3,0.016892
threads,3,2,9,13,103,6912212992,67108864,67108864,37.29256,10.079503,0.002227,6.643,3,0.027296
threads,3,2,9,14,104,6979321856,67108864,67108864,38.168847,10.028006,0.00203,6.087,3,0.022316
threads,3,2,9,15,105,7046430720,67108864,67108864,36.635476,11.562664,0.002104,4.764,3,0.020822
threads,3,2,9,16,106,7113539584,67108864,67108864,34.759071,4.436411,0.00131,4.001,3,0.01466
threads,3,2,9,17,107,7180648448,67108864,67108864,36.080894,5.644196,0.003344,7.827,3,0.027671
threads,3,2,9,18,108,7247757312,67108864,67108864,40.145845,4.315503,4.136014,4.338,3,4.147888
threads,3,2,9,19,109,7314866176,67108864,67108864,34.187242,5.416001,0.001222,3.859,3,0.01529
threads,3,2,9,20,110,7381975040,67108864,67108864,32.587284,4.367025,2.177048,4.511,3,2.19005
threads,3,2,9,21,111,7449083904,67108864,67108864,38.895618,4.250707,8.621398,3.106,3,8.630639
threads,3,2,9,22,112,7516192768,67108864,67108864,39.151277,4.061085,0.000685,1.414,3,0.009399
threads,3,2,9,23,113,7583301632,67108864,67108864,40.511234,4.639587,2.199979,7.645,3,2.227425
threads,3,2,9,24,114,7650410496,67108864,67108864,36.842908,8.475948,0.002113,5.894,3,0.027103
threads,3,2,9,25,115,7717519360,67108864,67108864,35.982006,5.636244,0.001259,3.562,3,0.016768
threads,3,2,9,26,116,7784628224,67108864,67108864,36.319642,6.319292,0.00317,7.9,3,0.028011
threads,3,2,9,27,117,7851737088,67108864,67108864,37.950338,6.357483,0.001298,3.76,3,0.015235
threads,3,2,9,28,118,7918845952,67108864,67108864,39.989252,6.35014,0.001698,7.866,3,0.027594
threads,3,2,9,29,119,7985954816,59027232,59027232,25.997431,8.809299,0.003245,13.055,3,0.062246
threads,0,2,6,0,0,0,67108864,67108864,88.185728,4.275951,2872.879033,7.266,1,
threads,0,2,6,1,1,67108864,67108864,67108864,57.097997,4.786863,1.299744,5.723,3,1.321216
threads,0,2,6,2,2,134217728,67108864,67108864,44.603651,4.330365,4.01073,7.892,2,4.030844
threads,0,2,6,3,3,201326592,67108864,67108864,42.502727,11.392982,0.002692,6.795,3,0.023306
threads,0,2,6,4,4,268435456,67108864,67108864,45.522475,11.007725,0.002522,5.775,3,0.022611
threads,0,2,6,5,5,335544320,67108864,67108864,48.782551,18.346913,0.002801,9.087,3,0.029162
threads,0,2,6,6,6,402653184,67108864,67108864,43.790582,24.890115,0.002643,9.313,3,0.028088
threads,0,2,6,7,7,469762048,67108864,67108864,57.153057,26.245995,0.002452,9.006,3,0.028944
threads,0,2,6,8,8,536870912,67108864,67108864,42.713955,36.936205,0.005247,10.689,3,0.040259
threads,0,2,6,9,9,603979776,67108864,67108864,42.521405,29.332984,0.002275,7.156,3,0.025265
threads,0,2,6,10,10,671088640,67108864,67108864,157.737456,4.409129,58.063573,8.045,3,58.085342
threads,0,2,6,11,11,738197504,67108864,67108864,46.711727,128.932534,0.005408,10.837,3,0.039629
threads,0,2,6,12,12,805306368,67108864,67108864,42.139007,30.645239,0.005037,10.337,3,0.074651
threads,0,2,6,13,13,872415232,67108864,67108864,67.740376,4.310096,2.870084,3.334,3,2.889981
threads,0,2,6,14,14,939524096,67108864,67108864,40.540387,4.381634,8.36027,8.219,3,8.383874
threads,0,2,6,15,15,1006632960,67108864,67108864,70.787715,4.746508,2.237955,3.771,3,2.257345
threads,0,2,6,16,16,1073741824,67108864,67108864,147.378319,4.436152,4.280764,4.731,3,4.295292
threads,0,2,6,17,17,1140850688,67108864,67108864,93.477909,7.023543,0.002087,4.569,3,0.017415
threads,0,2,6,18,18,1207959552,67108864,67108864,67.808181,4.748258,0.001736,6.476,3,0.020103
threads,0,2,6,19,19,1275068416,67108864,67108864,60.952567,24.29357,0.002303,6.341,3,0.022655
threads,0,2,6,20,20,1342177280,67108864,67108864,47.2026,18.532538,0.002211,7.282,3,0.025279
threads,0,2,6,21,21,1409286144,67108864,67108864,50.986142,9.26397,0.001327,3.968,3,0.014712
threads,0,2,6,22,22,1476395008,67108864,67108864,109.341165,14.848452,0.002211,4.818,3,0.019212
threads,0,2,6,23,23,1543503872,67108864,67108864,40.688246,4.361137,2.390741,6.209,3,2.404092
threads,0,2,6,24,24,1610612736,67108864,67108864,61.135206,4.006793,0.000805,2.424,3,0.008416
threads,0,2,6,25,25,1677721600,67108864,67108864,49.552303,14.943398,0.002205,5.815,3,0.022407
threads,0,2,6,26,26,1744830464,67108864,67108864,42.386375,22.066836,0.004411,8.633,3,0.034963
threads,0,2,6,27,27,1811939328,67108864,67108864,164.240055,21.167866,0.003052,8.349,3,0.025209
threads,0,2,6,28,28,1879048192,67108864,67108864,115.532571,25.26495,25.01128,15.912,1,25.037117
threads,0,2,6,29,29,1946157056,67108864,67108864,26.204636,115.55909,0.003275,5.892,0,0.026519
threads,1,2,7,0,30,2013265920,67108864,67108864,104.736941,4.315767,2918.023665,5.378,3,
threads,1,2,7,1,31,2080374784,67108864,67108864,50.563089,4.418984,5.116756,6.062,3,5.132439
threads,1,2,7,2,32,2147483648,67108864,67108864,48.373164,10.372869,0.001736,4.909,3,0.017753
threads,1,2,7,3,33,2214592512,67108864,67108864,38.886065,16.283304,0.002842,41.525,3,0.062609
threads,1,2,7,4,34,2281701376,67108864,67108864,40.30262,9.639776,0.002156,6.229,3,0.022044
threads,1,2,7,5,35,2348810240,67108864,67108864,47.901892,4.137074,2.989276,3.9,3,3.005317
threads,1,2,7,6,36,2415919104,67108864,67108864,50.332404,8.258051,0.005281,10.917,3,0.038611
threads,1,2,7,7,37,2483027968,67108864,67108864,39.005116,4.361325,2.942992,4.695,2,2.964186
threads,1,2,7,8,38,2550136832,67108864,67108864,36.121492,4.401304,3.752282,8.754,3,3.774083
threads,1,2,7,9,39,2617245696,67108864,67108864,51.492631,26.383389,0.001952,6.151,3,0.020259
threads,1,2,7,10,40,2684354560,67108864,67108864,37.377488,32.615828,0.00174,6.504,1,0.020401
threads,1,2,7,11,41,2751463424,67108864,67108864,145.055687,7.341124,0.001586,5.625,3,0.017723
threads,1,2,7,12,42,2818572288,67108864,67108864,42.685092,11.575503,0.001903,4.754,3,0.017986
threads,1,2,7,13,43,2885681152,67108864,67108864,55.709777,4.460131,2.373163,6.597,3,2.395404
threads,1,2,7,14,44,2952790016,67108864,67108864,53.454887,20.975578,0.001395,5.981,3,0.016129
threads,1,2,7,15,45,3019898880,67108864,67108864,46.420045,5.884076,3.406626,3.9,3,3.421264
threads,1,2,7,16,46,3087007744,67108864,67108864,61.099074,9.519367,0.001017,4.646,3,0.012978
threads,1,2,7,17,47,3154116608,67108864,67108864,144.765923,20.649517,0.002658,7.25,3,0.028414
threads,1,2,7,18,48,3221225472,67108864,67108864,36.056544,116.616885,0.005109,11.156,3,0.04242
threads,1,2,7,19,49,3288334336,67108864,67108864,36.294979,7.483592,0.002872,6.934,3,0.027127
threads,1,2,7,20,50,3355443200,67108864,67108864,46.308251,5.004903,1.182331,5.335,3,1.201507
threads,1,2,7,21,51,3422552064,67108864,67108864,86.45714,10.761067,0.001305,5.535,3,0.016021
threads,1,2,7,22,52,3489660928,67108864,67108864,56.36883,25.666254,0.00313,8.637,3,0.029513
threads,1,2,7,23,53,3556769792,67108864,67108864,37.807928,29.44682,0.004745,10.756,3,0.038706
threads,1,2,7,24,54,3623878656,67108864,67108864,126.736269,10.097376,0.001649,4.212,3,0.016572
threads,1,2,7,25,55,3690987520,67108864,67108864,40.58929,4.8384,3.141316,4.0,2,3.156413
threads,1,2,7,26,56,3758096384,67108864,67108864,55.037025,31.850762,0.005395,11.867,3,0.043832
threads,1,2,7,27,57,3825205248,67108864,67108864,42.444251,42.156173,0.002277,5.182,3,0.02309
threads,1,2,7,28,58,3892314112,67108864,67108864,43.296342,18.573758,0.00219,4.681,3,0.019577
threads,1,2,7,29,59,3959422976,67108864,67108864,185.324536,5.754999,0.001373,4.206,3,0.014212
threads,2,2,8,0,60,4026531840,67108864,67108864,2869.053143,,0.028013,12.143,0,
threads,2,2,8,1,61,4093640704,67108864,67108864,39.78941,4.349458,44.918708,8.278,2,44.951058
threads,2,2,8,2,62,4160749568,67108864,67108864,60.44017,35.506256,0.003004,8.939,3,0.032613
threads,2,2,8,3,63,4227858432,67108864,67108864,37.588785,51.677897,0.007455,15.023,3,0.053026
threads,2,2,8,4,64,4294967296,67108864,67108864,42.571311,23.746543,0.002965,8.295,3,0.027686
threads,2,2,8,5,65,4362076160,67108864,67108864,38.763156,15.770772,0.00233,10.406,3,0.03376
threads,2,2,8,6,66,4429185024,67108864,67108864,41.738953,6.119866,0.002304,6.196,3,0.021711
threads,2,2,8,7,67,4496293888,67108864,67108864,37.173455,8.972154,0.002147,5.791,3,0.021444
threads,2,2,8,8,68,4563402752,67108864,67108864,54.952792,4.162579,1.313331,4.617,3,1.324907
threads,2,2,8,9,69,4630511616,67108864,67108864,42.544954,4.198106,0.803105,5.062,3,0.824192
threads,2,2,8,10,70,4697620480,67108864,67108864,39.39146,4.408,3.149148,4.393,2,3.160576
threads,2,2,8,11,71,4764729344,67108864,67108864,35.277708,4.416638,3.373968,7.936,3,3.396377
threads,2,2,8,12,72,4831838208,67108864,67108864,163.019923,4.141531,52.075744,6.983,2,52.101968
threads,2,2,8,13,73,4898947072,67108864,67108864,52.151492,4.565636,3.705108,8.553,3,3.731927
threads,2,2,8,14,74,4966055936,67108864,67108864,36.955473,9.975126,0.002747,9.266,3,0.044376
threads,2,2,8,15,75,5033164800,67108864,67108864,63.114444,4.156597,2.243446,3.546,3,2.254986
threads,2,2,8,16,76,5100273664,67108864,67108864,42.09008,42.173137,0.00412,8.124,3,0.034271
threads,2,2,8,17,77,5167382528,67108864,67108864,55.383199,27.408453,0.001665,6.836,3,0.021387
threads,2,2,8,18,78,5234491392,67108864,67108864,52.904365,36.393298,0.003089,9.095,3,0.034669
threads,2,2,8,19,79,5301600256,67108864,67108864,145.194777,23.755306,0.001903,5.427,3,0.021283
threads,2,2,8,20,80,5368709120,67108864,67108864,39.940286,16.874931,0.001604,6.731,3,0.022187
threads,2,2,8,21,81,5435817984,67108864,67108864,40.339691,10.966197,0.002785,16.105,3,0.034889
threads,2,2,8,22,82,5502926848,67108864,67108864,71.555703,8.621807,0.211718,4.295,3,0.228417
threads,2,2,8,23,83,5570035712,67108864,67108864,52.601115,12.372437,0.002802,7.932,3,0.025763
threads,2,2,8,24,84,5637144576,67108864,67108864,57.154723,4.021561,0.002503,6.821,3,0.025855
threads,2,2,8,25,85,5704253440,67108864,67108864,135.131158,13.978193,0.00155,4.908,3,0.019221
threads,2,2,8,26,86,5771362304,67108864,67108864,45.733674,98.124497,0.002027,5.527,3,0.0205
threads,2,2,8,27,87,5838471168,67108864,67108864,65.175296,4.839107,4.559911,4.005,3,4.576955
threads,2,2,8,28,88,5905580032,67108864,67108864,51.757443,4.413811,8.92781,3.419,3,8.935782
threads,2,2,8,29,89,5972688896,67108864,67108864,45.395434,11.144451,0.003334,6.88,3,0.027602
threads,3,2,9,0,90,6039797760,67108864,67108864,40.753984,2868.858628,2868.653061,29.534,1,
threads,3,2,9,1,91,6106906624,67108864,67108864,48.138391,36.520164,0.003612,14.476,1,0.042131
threads,3,2,9,2,92,6174015488,67108864,67108864,60.29328,4.028436,0.006197,17.694,3,0.061526
threads,3,2,9,3,93,6241124352,67108864,67108864,36.363561,5.120579,1.261905,9.653,3,1.292059
threads,3,2,9,4,94,6308233216,67108864,67108864,42.886149,5.068448,1.176433,9.405,3,1.200779
threads,3,2,9,5,95,6375342080,67108864,67108864,38.192963,5.373972,0.00253,8.016,3,0.024446
threads,3,2,9,6,96,6442450944,67108864,67108864,42.240449,4.801554,0.001951,5.363,3,0.019486
threads,3,2,9,7,97,6509559808,67108864,67108864,42.451189,5.308594,0.002363,8.637,3,0.026988
threads,3,2,9,8,98,6576668672,67108864,67108864,42.27572,9.273878,0.001187,3.839,3,0.012457
threads,3,2,9,9,99,6643777536,67108864,67108864,42.646735,7.800954,0.002945,8.598,3,0.02928
threads,3,2,9,10,100,6710886400,67108864,67108864,40.170539,4.636911,11.871699,6.921,3,11.893812
threads,3,2,9,11,101,6777995264,67108864,67108864,45.261494,5.341724,3.303981,6.008,3,3.322111
threads,3,2,9,12,102,6845104128,67108864,67108864,62.646849,18.897204,0.001768,5.941,1,0.019099
threads,3,2,9,13,103,6912212992,67108864,67108864,223.760072,21.503427,0.00156,10.039,3,0.023066
threads,3,2,9,14,104,6979321856,67108864,67108864,72.572706,26.283635,0.001687,5.114,3,0.018856
threads,3,2,9,15,105,7046430720,67108864,67108864,40.031103,4.437304,3.459848,4.107,2,3.480006
threads,3,2,9,16,106,7113539584,67108864,67108864,54.514406,4.758695,2.386042,3.912,3,2.401755
threads,3,2,9,17,107,7180648448,67108864,67108864,174.866953,4.084673,0.199448,10.1,3,0.22944
threads,3,2,9,18,108,7247757312,67108864,67108864,45.865696,4.701605,2.2969,3.215,3,2.316055
threads,3,2,9,19,109,7314866176,67108864,67108864,38.143853,21.525386,0.001639,4.704,3,0.018213
threads,3,2,9,20,110,7381975040,67108864,67108864,48.26253,22.19314,0.002049,6.76,3,0.020387
threads,3,2,9,21,111,7449083904,67108864,67108864,63.82523,24.154392,0.002173,6.3,3,0.022994
threads,3,2,9,22,112,7516192768,67108864,67108864,52.017885,4.406617,2.894584,5.574,3,2.913648
threads,3,2,9,23,113,7583301632,67108864,67108864,45.410296,4.484961,4.45355,7.042,3,4.467995
threads,3,2,9,24,114,7650410496,67108864,67108864,114.009528,12.081333,0.000989,2.809,3,0.010576
threads,3,2,9,25,115,7717519360,67108864,67108864,45.685054,4.421223,8.204969,6.761,3,8.223044
threads,3,2,9,26,116,7784628224,67108864,67108864,58.010222,4.058042,3.420783,3.432,3,3.430787
threads,3,2,9,27,117,7851737088,67108864,67108864,58.02084,4.532861,3.606296,2.6,2,3.62221
threads,3,2,9,28,118,7918845952,67108864,67108864,190.8765,4.344268,2.507649,2.762,3,2.522284
threads,3,2,9,29,119,7985954816,59027232,59027232,25.326149,164.012222,0.006769,16.178,2,0.058587
threads,0,2,6,0,0,0,67108864,67108864,81.544738,4.49431,4.29028,2.671,1,
threads,0,2,6,1,1,67108864,67108864,67108864,39.170512,44.657165,0.005182,10.935,2,0.056239
threads,0,2,6,2,2,134217728,67108864,67108864,62.349875,30.639386,0.004991,9.699,3,0.039707
threads,0,2,6,3,3,201326592,67108864,67108864,38.206842,4.265598,2.407854,8.167,2,2.433333
threads,0,2,6,4,4,268435456,67108864,67108864,38.103941,6.904043,0.001565,3.572,3,0.014481
threads,0,2,6,5,5,335544320,67108864,67108864,36.452139,4.438855,1.054447,8.326,3,1.092803
threads,0,2,6,6,6,402653184,67108864,67108864,35.802465,5.5171,0.003023,8.82,3,0.031993
threads,0,2,6,7,7,469762048,67108864,67108864,33.083695,9.588229,0.003387,9.186,3,0.036063
threads,0,2,6,8,8,536870912,67108864,67108864,36.901761,6.365557,0.003961,6.953,3,0.02542
threads,0,2,6,9,9,603979776,67108864,67108864,43.299985,7.387711,0.003193,9.02,3,0.033674
threads,0,2,6,10,10,671088640,67108864,67108864,40.277275,8.409713,0.002268,5.9,3,0.02362
threads,0,2,6,11,11,738197504,67108864,67108864,38.809893,12.937613,0.003138,10.856,3,0.035545
threads,0,2,6,12,12,805306368,67108864,67108864,40.505364,13.785883,0.001976,5.801,3,0.022361
threads,0,2,6,13,13,872415232,67108864,67108864,38.538858,15.650352,0.002858,8.36,3,0.026262
threads,0,2,6,14,14,939524096,67108864,67108864,33.866065,12.739019,0.004308,14.783,3,0.046057
threads,0,2,6,15,15,1006632960,67108864,67108864,34.779345,8.024744,0.003737,10.303,3,0.032551
threads,0,2,6,16,16,1073741824,67108864,67108864,39.64947,4.39599,0.004298,10.385,3,0.033171
threads,0,2,6,17,17,1140850688,67108864,67108864,38.711616,4.20927,2.454116,4.982,3,2.485748
threads,0,2,6,18,18,1207959552,67108864,67108864,39.044929,5.143374,0.004675,18.025,3,0.045873
threads,0,2,6,19,19,1275068416,67108864,67108864,39.553326,8.273107,0.001601,6.012,3,0.019818
threads,0,2,6,20,20,1342177280,67108864,67108864,38.600125,10.885805,0.00514,11.782,3,0.0371
threads,0,2,6,21,21,1409286144,67108864,67108864,37.7203,8.307408,0.002013,4.784,3,0.020199
threads,0,2,6,22,22,1476395008,67108864,67108864,39.647705,5.153779,0.004197,9.752,3,0.033077
threads,0,2,6,23,23,1543503872,67108864,67108864,36.037571,7.663463,0.00413,10.941,3,0.035946
threads,0,2,6,24,24,1610612736,67108864,67108864,36.650114,7.729937,0.005107,11.02,3,0.041951
threads,0,2,6,25,25,1677721600,67108864,67108864,35.072498,8.54944,0.003114,9.293,3,0.027803
threads,0,2,6,26,26,1744830464,67108864,67108864,34.199383,4.909453,0.003764,8.536,3,0.033795
threads,0,2,6,27,27,1811939328,67108864,67108864,36.018218,4.263339,2.138488,3.556,3,2.152997
threads,0,2,6,28,28,1879048192,67108864,67108864,33.908974,4.317351,4.662486,4.717,3,4.673605
threads,0,2,6,29,29,1946157056,67108864,67108864,33.820397,4.709611,2.204733,6.316,3,2.218828
threads,1,2,7,0,30,2013265920,67108864,67108864,93.939531,36.943812,41.175839,19.067,2,
threads,1,2,7,1,31,2080374784,67108864,67108864,51.313841,5.586745,0.003585,9.593,3,0.032974
threads,1,2,7,2,32,2147483648,67108864,67108864,38.39149,4.299836,7.63617,4.841,3,7.664082
threads,1,2,7,3,33,2214592512,67108864,67108864,36.625547,4.506375,0.003519,8.999,3,0.036372
threads,1,2,7,4,34,2281701376,67108864,67108864,34.580196,4.109478,2.162316,3.262,3,2.1743
threads,1,2,7,5,35,2348810240,67108864,67108864,38.659023,4.389628,2.164558,2.837,3,2.184086
threads,1,2,7,6,36,2415919104,67108864,67108864,40.579725,7.272969,0.005443,10.737,3,0.062846
threads,1,2,7,7,37,2483027968,67108864,67108864,38.561196,14.785386,0.005731,12.249,3,0.041807
threads,1,2,7,8,38,2550136832,67108864,67108864,42.398426,16.449922,0.004386,9.062,3,0.038775
threads,1,2,7,9,39,2617245696,67108864,67108864,40.537823,15.571258,0.00494,13.738,3,0.046515
threads,1,2,7,10,40,2684354560,67108864,67108864,38.664395,15.856615,0.007041,14.814,3,0.060354
threads,1,2,7,11,41,2751463424,67108864,67108864,38.097563,15.734504,0.005389,9.931,3,0.045748
threads,1,2,7,12,42,2818572288,67108864,67108864,36.146353,13.320411,0.001931,5.05,3,0.01997
threads,1,2,7,13,43,2885681152,67108864,67108864,37.407805,10.913352,0.002828,9.148,3,0.031503
threads,1,2,7,14,44,2952790016,67108864,67108864,37.388052,14.468978,0.0037,13.514,3,0.046437
threads,1,2,7,15,45,3019898880,67108864,67108864,48.237623,17.093426,0.005356,10.604,3,0.048912
threads,1,2,7,16,46,3087007744,67108864,67108864,39.444051,4.318207,2.475584,6.33,3,2.492483
threads,1,2,7,17,47,3154116608,67108864,67108864,36.883542,6.916071,0.002236,5.717,3,0.020388
threads,1,2,7,18,48,3221225472,67108864,67108864,41.762409,7.674357,0.00589,11.383,3,0.045432
threads,1,2,7,19,49,3288334336,67108864,67108864,40.870658,4.261784,3.846832,7.057,3,3.881442
threads,1,2,7,20,50,3355443200,67108864,67108864,37.137889,8.842412,0.003868,10.576,3,0.036348
threads,1,2,7,21,51,3422552064,67108864,67108864,35.975922,10.185657,0.004392,11.479,3,0.036078
threads,1,2,7,22,52,3489660928,67108864,67108864,35.820598,9.091902,0.003978,10.036,3,0.037126
threads,1,2,7,23,53,3556769792,67108864,67108864,38.713928,9.063266,0.004978,11.907,3,0.037816
threads,1,2,7,24,54,3623878656,67108864,67108864,36.962954,8.033325,0.003126,8.73,3,0.032352
threads,1,2,7,25,55,3690987520,67108864,67108864,38.132035,4.551824,0.003778,11.136,3,0.03554
threads,1,2,7,26,56,3758096384,67108864,67108864,33.500754,4.26793,2.481642,6.383,2,2.505776
threads,1,2,7,27,57,3825205248,67108864,67108864,39.094024,4.340172,2.213282,5.796,3,2.234788
threads,1,2,7,28,58,3892314112,67108864,67108864,30.1148,30.118894,0.002776,5.696,1,0.028227
threads,1,2,7,29,59,3959422976,67108864,67108864,20.929801,30.142786,0.004326,9.481,0,0.027986
threads,2,2,8,0,60,4026531840,67108864,67108864,109.871405,4.29624,94.546631,4.662,3,
threads,2,2,8,1,61,4093640704,67108864,67108864,39.29277,10.180174,0.003279,10.849,3,0.031199
threads,2,2,8,2,62,4160749568,67108864,67108864,39.721445,11.070558,0.002777,6.434,3,0.025476
threads,2,2,8,3,63,4227858432,67108864,67108864,37.970547,12.012639,0.001725,4.848,3,0.020483
threads,2,2,8,4,64,4294967296,67108864,67108864,31.679277,13.255939,0.003841,9.512,3,0.037035
threads,2,2,8,5,65,4362076160,67108864,67108864,37.447891,6.237327,0.002797,7.765,3,0.02398
threads,2,2,8,6,66,4429185024,67108864,67108864,39.147982,4.180562,1.087671,12.383,3,1.116876
threads,2,2,8,7,67,4496293888,67108864,67108864,38.319641,4.762705,0.003996,9.677,3,0.034132
threads,2,2,8,8,68,4563402752,67108864,67108864,39.689335,4.268936,3.602162,6.847,3,3.631531
threads,2,2,8,9,69,4630511616,67108864,67108864,37.945281,4.43567,1.053304,3.892,3,1.075576
threads,2,2,8,10,70,4697620480,67108864,67108864,40.999762,4.812623,1.126177,2.6,3,1.141815
threads,2,2,8,11,71,4764729344,67108864,67108864,35.87848,7.717855,0.002327,6.07,3,0.023003
threads,2,2,8,12,72,4831838208,67108864,67108864,35.315994,7.439792,0.001295,6.185,3,0.021313
threads,2,2,8,13,73,4898947072,67108864,67108864,35.566482,5.339404,0.004962,10.147,3,0.03786
threads,2,2,8,14,74,4966055936,67108864,67108864,41.798056,4.588511,1.075452,18.536,3,1.119589
threads,2,2,8,15,75,5033164800,67108864,67108864,36.814715,21.370107,0.003353,8.915,3,0.025332
threads,2,2,8,16,76,5100273664,67108864,67108864,36.134364,19.479193,0.006204,14.611,3,0.05186
threads,2,2,8,17,77,5167382528,67108864,67108864,36.670386,16.585134,0.004341,12.493,3,0.036324
threads,2,2,8,18,78,5234491392,67108864,67108864,35.56027,13.700568,0.003925,9.777,3,0.035474
threads,2,2,8,19,79,5301600256,67108864,67108864,34.430554,10.888752,0.221594,7.247,3,0.248238
threads,2,2,8,20,80,5368709120,67108864,67108864,35.625471,7.580937,0.001548,3.837,3,0.015008
threads,2,2,8,21,81,5435817984,67108864,67108864,36.312268,4.636653,1.08981,7.944,3,1.113896
threads,2,2,8,22,82,5502926848,67108864,67108864,37.151914,4.886225,0.001575,4.737,3,0.016826
threads,2,2,8,23,83,5570035712,67108864,67108864,35.159571,5.394577,0.004562,9.701,3,0.034355
threads,2,2,8,24,84,5637144576,67108864,67108864,39.54476,5.484365,0.004257,10.151,3,0.03651
threads,2,2,8,25,85,5704253440,67108864,67108864,37.473031,8.702418,0.001646,7.147,3,0.025673
threads,2,2,8,26,86,5771362304,67108864,67108864,30.708174,5.515711,0.006156,9.076,3,0.032085
threads,2,2,8,27,87,5838471168,67108864,67108864,30.231912,4.293746,4.179256,10.556,3,4.197663
threads,2,2,8,28,88,5905580032,67108864,67108864,26.651383,4.29838,34.321599,2.515,1,34.328148
threads,2,2,8,29,89,5972688896,67108864,67108864,19.874691,26.679168,0.003246,9.167,0,0.027785
threads,3,2,9,0,90,6039797760,67108864,67108864,86.229868,,0.023452,6.708,0,
threads,3,2,9,1,91,6106906624,67108864,67108864,39.41979,4.274593,4.117491,6.918,2,4.140012
threads,3,2,9,2,92,6174015488,67108864,67108864,55.960658,4.518376,0.005201,6.46,3,0.034212
threads,3,2,9,3,93,6241124352,67108864,67108864,35.540646,50.412489,0.004957,10.761,3,0.038576
threads,3,2,9,4,94,6308233216,67108864,67108864,41.617344,16.83727,0.005115,11.68,3,0.042232
threads,3,2,9,5,95,6375342080,67108864,67108864,35.345521,19.180956,0.01206,11.401,3,0.044588
threads,3,2,9,6,96,6442450944,67108864,67108864,31.743876,14.844915,0.006793,20.217,3,0.060366
threads,3,2,9,7,97,6509559808,67108864,67108864,36.276404,8.604732,0.00233,6.819,3,0.023523
threads,3,2,9,8,98,6576668672,67108864,67108864,35.871807,13.233262,0.005564,14.515,3,0.055383
threads,3,2,9,9,99,6643777536,67108864,67108864,42.262763,10.581776,0.003455,15.437,3,0.041474
threads,3,2,9,10,100,6710886400,67108864,67108864,35.763262,13.701265,0.004427,12.928,3,0.03884
threads,3,2,9,11,101,6777995264,67108864,67108864,36.856835,7.535013,0.002464,6.336,3,0.021658
threads,3,2,9,12,102,6845104128,67108864,67108864,35.060741,4.754086,1.114317,3.477,3,1.127149
threads,3,2,9,13,103,6912212992,67108864,67108864,40.316448,4.334147,3.596186,3.152,3,3.606416
threads,3,2,9,14,104,6979321856,67108864,67108864,38.585335,4.80763,1.159528,6.343,3,1.1798
threads,3,2,9,15,105,7046430720,67108864,67108864,38.402408,7.520728,0.002613,8.044,3,0.027556
threads,3,2,9,16,106,7113539584,67108864,67108864,42.260194,10.608144,0.005132,11.498,3,0.038862
threads,3,2,9,17,107,7180648448,67108864,67108864,37.800591,16.244011,0.00581,11.356,3,0.061744
threads,3,2,9,18,108,7247757312,67108864,67108864,31.911672,7.925801,0.00161,5.231,3,0.022794
threads,3,2,9,19,109,7314866176,67108864,67108864,36.956037,4.396376,3.993279,9.962,3,4.023342
threads,3,2,9,20,110,7381975040,67108864,67108864,36.902676,4.44513,0.002349,6.849,3,0.021691
threads,3,2,9,21,111,7449083904,67108864,67108864,36.285734,12.350564,0.004473,10.192,3,0.034261
threads,3,2,9,22,112,7516192768,67108864,67108864,35.800151,12.868434,0.004194,10.646,3,0.040644
threads,3,2,9,23,113,7583301632,67108864,67108864,37.057196,14.253594,0.002526,9.65,3,0.030571
threads,3,2,9,24,114,7650410496,67108864,67108864,35.844627,14.62103,0.005815,11.28,3,0.049607
threads,3,2,9,25,115,7717519360,67108864,67108864,39.737027,14.178986,0.005243,11.491,3,0.042423
threads,3,2,9,26,116,7784628224,67108864,67108864,40.435781,16.768938,0.005007,12.686,3,0.039194
threads,3,2,9,27,117,7851737088,67108864,67108864,40.895711,22.052852,0.004425,10.735,3,0.044214
threads,3,2,9,28,118,7918845952,67108864,67108864,35.62543,23.404124,0.002456,8.259,3,0.025994
threads,3,2,9,29,119,7985954816,59027232,59027232,21.217871,21.562308,0.003154,8.697,3,0.03787
threads,0,2,6,0,0,0,67108864,67108864,97.24143,39.315401,43.391292,18.55,2,
threads,0,2,6,1,1,67108864,67108864,67108864,55.599983,5.877098,0.004269,9.958,3,0.037165
threads,0,2,6,2,2,134217728,67108864,67108864,38.605468,4.425907,6.752038,7.567,3,6.783245
threads,0,2,6,3,3,201326592,67108864,67108864,33.738326,4.297336,0.004611,9.3,3,0.036022
threads,0,2,6,4,4,268435456,67108864,67108864,39.094129,4.276656,2.364575,6.312,3,2.376143
threads,0,2,6,5,5,335544320,67108864,67108864,34.773911,4.505025,2.194816,6.385,3,2.216741
threads,0,2,6,6,6,402653184,67108864,67108864,38.371431,5.826913,0.004375,8.675,3,0.034932
threads,0,2,6,7,7,469762048,67108864,67108864,38.949521,4.281529,1.412747,16.269,3,1.449237
threads,0,2,6,8,8,536870912,67108864,67108864,36.171776,4.245646,1.071834,17.253,3,1.117091
threads,0,2,6,9,9,603979776,67108864,67108864,45.050696,4.556583,1.108982,19.991,3,1.160135
threads,0,2,6,10,10,671088640,67108864,67108864,35.170473,4.328377,3.159991,5.735,3,3.185617
threads,0,2,6,11,11,738197504,67108864,67108864,43.909072,6.67805,0.008003,13.254,3,0.055548
threads,0,2,6,12,12,805306368,67108864,67108864,50.137445,16.711816,0.005666,10.128,3,0.040438
threads,0,2,6,13,13,872415232,67108864,67108864,48.378075,19.211192,0.00351,9.147,3,0.033716
threads,0,2,6,14,14,939524096,67108864,67108864,47.766024,18.703477,0.002642,8.306,3,0.028828
threads,0,2,6,15,15,1006632960,67108864,67108864,51.370806,21.803868,0.006629,13.966,3,0.051545
threads,0,2,6,16,16,1073741824,67108864,67108864,48.28536,22.952869,0.007594,14.552,3,0.054364
threads,0,2,6,17,17,1140850688,67108864,67108864,42.52455,24.785799,0.004497,11.31,3,0.04131
threads,0,2,6,18,18,1207959552,67108864,67108864,34.794825,25.930902,0.004838,11.634,3,0.045702
threads,0,2,6,19,19,1275068416,67108864,67108864,37.845663,21.605892,0.004766,10.314,3,0.041313
threads,0,2,6,20,20,1342177280,67108864,67108864,38.409423,19.163947,0.005728,14.691,3,0.048422
threads,0,2,6,21,21,1409286144,67108864,67108864,35.512566,18.458912,0.005363,9.447,3,0.037372
threads,0,2,6,22,22,1476395008,67108864,67108864,34.001752,22.368543,0.002701,7.436,3,0.029286
threads,0,2,6,23,23,1543503872,67108864,67108864,36.39303,21.061898,0.003664,8.75,3,0.033957
threads,0,2,6,24,24,1610612736,67108864,67108864,37.577053,20.167391,0.00661,38.548,3,0.073283
threads,0,2,6,25,25,1677721600,67108864,67108864,36.429244,21.620356,0.006204,12.933,3,0.047062
threads,0,2,6,26,26,1744830464,67108864,67108864,33.602154,18.60921,0.006178,14.88,3,0.057384
threads,0,2,6,27,27,1811939328,67108864,67108864,57.399551,13.035049,0.003694,14.695,3,0.043929
threads,0,2,6,28,28,1879048192,67108864,67108864,31.059813,32.215706,0.006659,15.07,2,0.045072
threads,0,2,6,29,29,1946157056,67108864,67108864,24.143536,31.083708,0.003003,5.537,0,0.023895
threads,1,2,7,0,30,2013265920,67108864,67108864,117.384248,4.306176,98.292837,8.661,3,
threads,1,2,7,1,31,2080374784,67108864,67108864,33.466453,12.78945,0.008762,20.654,3,0.055717
threads,1,2,7,2,32,2147483648,67108864,67108864,32.004453,7.658776,0.004936,10.679,3,0.044363
threads,1,2,7,3,33,2214592512,67108864,67108864,37.813667,4.645778,1.08062,4.231,3,1.097018
threads,1,2,7,4,34,2281701376,67108864,67108864,40.873061,4.411635,3.241533,7.853,3,3.26306
threads,1,2,7,5,35,2348810240,67108864,67108864,41.336017,10.532555,0.006431,17.042,3,0.056702
threads,1,2,7,6,36,2415919104,67108864,67108864,38.411988,12.08697,0.004846,10.71,3,0.039066
threads,1,2,7,7,37,2483027968,67108864,67108864,32.47185,10.513437,0.011713,21.379,3,0.081091
threads,1,2,7,8,38,2550136832,67108864,67108864,38.200188,5.677163,0.002617,6.469,3,0.023787
threads,1,2,7,9,39,2617245696,67108864,67108864,32.839537,11.46601,0.005805,6.562,3,0.030585
threads,1,2,7,10,40,2684354560,67108864,67108864,33.8817,8.394015,0.004249,9.854,3,0.036811
threads,1,2,7,11,41,2751463424,67108864,67108864,44.06632,4.726385,0.004095,10.197,3,0.034044
threads,1,2,7,12,42,2818572288,67108864,67108864,46.735771,4.280986,3.582625,5.564,3,3.605465
threads,1,2,7,13,43,2885681152,67108864,67108864,41.984201,4.602231,2.160766,3.348,3,2.178847
threads,1,2,7,14,44,2952790016,67108864,67108864,50.240654,4.327084,2.70426,4.705,3,2.732977
threads,1,2,7,15,45,3019898880,67108864,67108864,46.445812,4.411187,0.004496,9.736,3,0.035515
threads,1,2,7,16,46,3087007744,67108864,67108864,41.391789,11.107329,0.007835,14.43,3,0.047928
threads,1,2,7,17,47,3154116608,67108864,67108864,35.913515,8.04228,0.003526,9.152,3,0.03336
threads,1,2,7,18,48,3221225472,67108864,67108864,40.088165,4.422695,3.219468,7.584,3,3.247633
threads,1,2,7,19,49,3288334336,67108864,67108864,39.111352,7.995701,0.221192,7.55,3,0.247865
threads,1,2,7,20,50,3355443200,67108864,67108864,31.611098,7.263706,0.005324,10.418,3,0.040478
threads,1,2,7,21,51,3422552064,67108864,67108864,31.252987,4.459237,0.001851,6.308,3,0.021123
threads,1,2,7,22,52,3489660928,67108864,67108864,37.3139,4.373948,4.072196,4.797,3,4.089367
threads,1,2,7,23,53,3556769792,67108864,67108864,36.148634,7.495317,0.005518,13.342,3,0.04692
threads,1,2,7,24,54,3623878656,67108864,67108864,39.466609,6.407494,0.002264,7.493,3,0.022516
threads,1,2,7,25,55,3690987520,67108864,67108864,39.178324,8.09108,0.001862,7.696,3,0.031165
threads,1,2,7,26,56,3758096384,67108864,67108864,38.208674,9.080575,0.005255,12.054,3,0.04192
threads,1,2,7,27,57,3825205248,67108864,67108864,32.756353,8.590362,0.004671,10.033,3,0.055292
threads,1,2,7,28,58,3892314112,67108864,67108864,29.866292,4.369215,34.871048,15.113,1,34.912276
threads,1,2,7,29,59,3959422976,67108864,67108864,22.725102,29.915141,0.007171,13.907,0,0.048849
threads,2,2,8,0,60,4026531840,67108864,67108864,85.680912,4.268908,3.90305,7.505,1,
threads,2,2,8,1,61,4093640704,67108864,67108864,38.513834,46.412913,0.005935,12.227,1,0.047402
threads,2,2,8,2,62,4160749568,67108864,67108864,65.210925,29.960379,0.004591,11.004,3,0.04494
threads,2,2,8,3,63,4227858432,67108864,67108864,38.070162,52.949423,0.006269,13.056,3,0.045406
threads,2,2,8,4,64,4294967296,67108864,67108864,37.49002,15.884737,0.004758,9.439,3,0.03783
threads,2,2,8,5,65,4362076160,67108864,67108864,40.881718,19.912995,0.00581,13.232,3,0.049054
threads,2,2,8,6,66,4429185024,67108864,67108864,32.636834,27.734009,0.00455,13.397,3,0.040767
threads,2,2,8,7,67,4496293888,67108864,67108864,38.245122,19.346376,0.007563,15.334,3,0.05226
threads,2,2,8,8,68,4563402752,67108864,67108864,35.342158,16.745442,0.012162,17.932,3,0.083707
threads,2,2,8,9,69,4630511616,67108864,67108864,34.051627,10.760015,0.005124,13.459,3,0.047498
threads,2,2,8,10,70,4697620480,67108864,67108864,39.217642,6.36227,0.005438,10.595,3,0.043707
threads,2,2,8,11,71,4764729344,67108864,67108864,35.315348,13.106982,0.001146,9.714,3,0.022707
threads,2,2,8,12,72,4831838208,67108864,67108864,35.867536,5.906031,0.00369,11.136,3,0.042851
threads,2,2,8,13,73,4898947072,67108864,67108864,39.986329,6.590917,0.00623,12.414,3,0.043371
threads,2,2,8,14,74,4966055936,67108864,67108864,45.620255,4.811993,2.151998,5.322,3,2.184257
threads,2,2,8,15,75,5033164800,67108864,67108864,44.417987,4.340848,4.050316,6.631,3,4.079761
threads,2,2,8,16,76,5100273664,67108864,67108864,47.242018,4.30359,3.92558,5.096,3,3.951658
threads,2,2,8,17,77,5167382528,67108864,67108864,50.554557,4.923373,1.161772,11.727,3,1.195334
threads,2,2,8,18,78,5234491392,67108864,67108864,47.794153,4.106633,0.004192,26.758,3,0.053873
threads,2,2,8,19,79,5301600256,67108864,67108864,38.738034,4.497808,5.00408,6.67,3,5.022954
threads,2,2,8,20,80,5368709120,67108864,67108864,35.632507,4.411604,4.02729,6.422,3,4.042699
threads,2,2,8,21,81,5435817984,67108864,67108864,39.84645,4.151806,1.089038,13.496,3,1.130517
threads,2,2,8,22,82,5502926848,67108864,67108864,33.333133,7.519355,0.004339,9.835,3,0.037375
threads,2,2,8,23,83,5570035712,67108864,67108864,31.251347,4.326993,1.084169,5.11,3,1.103557
threads,2,2,8,24,84,5637144576,67108864,67108864,34.208819,4.295248,4.140345,7.431,3,4.176296
threads,2,2,8,25,85,5704253440,67108864,67108864,34.898529,4.133341,0.003571,7.388,3,0.030632
threads,2,2,8,26,86,5771362304,67108864,67108864,34.533316,4.27456,2.338446,6.62,3,2.360444
threads,2,2,8,27,87,5838471168,67108864,67108864,34.718868,4.733856,3.263409,7.285,3,3.280872
threads,2,2,8,28,88,5905580032,67108864,67108864,38.713056,4.300236,3.493446,3.02,3,3.511881
threads,2,2,8,29,89,5972688896,67108864,67108864,41.458591,4.724157,0.005028,11.818,3,0.041123
threads,3,2,9,0,90,6039797760,67108864,67108864,43.648381,,0.020533,9.05,0,
threads,3,2,9,1,91,6106906624,67108864,67108864,40.634695,4.292219,50.588347,7.755,2,50.64106
threads,3,2,9,2,92,6174015488,67108864,67108864,62.65595,6.42981,0.007355,16.586,3,0.06167
threads,3,2,9,3,93,6241124352,67108864,67108864,38.745704,5.007898,1.154469,12.056,2,1.178469
threads,3,2,9,4,94,6308233216,67108864,67108864,33.037786,5.669967,0.001986,5.858,3,0.024357
threads,3,2,9,5,95,6375342080,67108864,67108864,36.740936,4.266042,3.074846,10.539,3,3.097363
threads,3,2,9,6,96,6442450944,67108864,67108864,33.451344,4.426058,4.304516,7.469,3,4.341565
threads,3,2,9,7,97,6509559808,67108864,67108864,41.319742,5.223919,0.00558,9.083,3,0.035611
threads,3,2,9,8,98,6576668672,67108864,67108864,40.049068,8.261142,0.00577,10.088,3,0.04631
threads,3,2,9,9,99,6643777536,67108864,67108864,36.967587,12.973981,0.006295,13.023,3,0.053427
threads,3,2,9,10,100,6710886400,67108864,67108864,36.964075,15.899621,0.007098,13.46,3,0.053387
threads,3,2,9,11,101,6777995264,67108864,67108864,35.913026,13.657781,0.004502,7.992,3,0.034434
threads,3,2,9,12,102,6845104128,67108864,67108864,37.539245,14.247925,0.003694,9.86,3,0.035317
threads,3,2,9,13,103,6912212992,67108864,67108864,48.08203,15.920392,0.004729,12.728,3,0.044129
threads,3,2,9,14,104,6979321856,67108864,67108864,48.575369,21.86699,0.003673,9.149,3,0.035154
threads,3,2,9,15,105,7046430720,67108864,67108864,44.974817,20.760347,0.001341,5.283,3,0.018004
threads,3,2,9,16,106,7113539584,67108864,67108864,50.150706,17.383027,0.001485,4.222,3,0.017508
threads,3,2,9,17,107,7180648448,67108864,67108864,39.765651,19.137741,0.004871,11.959,3,0.04136
threads,3,2,9,18,108,7247757312,67108864,67108864,39.970722,8.326909,0.004003,7.678,3,0.031947
threads,3,2,9,19,109,7314866176,67108864,67108864,40.316223,4.099262,0.002091,6.283,2,0.021668
threads,3,2,9,20,110,7381975040,67108864,67108864,36.990662,4.395947,2.521554,4.673,3,2.550714
threads,3,2,9,21,111,7449083904,67108864,67108864,36.475077,6.582631,0.003157,8.088,3,0.03216
threads,3,2,9,22,112,7516192768,67108864,67108864,34.283766,5.204822,0.004165,11.24,3,0.041199
threads,3,2,9,23,113,7583301632,67108864,67108864,32.898164,4.387079,3.308812,8.797,3,3.345286
threads,3,2,9,24,114,7650410496,67108864,67108864,34.368157,4.304615,2.517831,13.752,3,2.561224
threads,3,2,9,25,115,7717519360,67108864,67108864,37.08322,4.670264,0.00348,9.456,3,0.033201
threads,3,2,9,26,116,7784628224,67108864,67108864,35.115166,5.321705,0.003831,9.718,3,0.034534
threads,3,2,9,27,117,7851737088,67108864,67108864,38.619715,5.052482,2.216765,9.775,3,2.239726
threads,3,2,9,28,118,7918845952,67108864,67108864,38.275893,7.230223,0.005434,12.83,3,0.044654
threads,3,2,9,29,119,7985954816,59027232,59027232,22.350573,11.914398,0.005069,12.558,3,0.054365
threads,0,2,6,0,0,0,67108864,67108864,41.950898,38.858921,43.573449,3.546,2,
threads,0,2,6,1,1,67108864,67108864,67108864,41.620556,41.963192,0.000924,2.882,1,0.012294
threads,0,2,6,2,2,134217728,67108864,67108864,65.752412,32.968351,0.002303,5.88,3,0.021232
threads,0,2,6,3,3,201326592,67108864,67108864,42.086713,52.075057,0.001549,4.516,3,0.017079
threads,0,2,6,4,4,268435456,67108864,67108864,37.707588,14.357903,0.001157,3.036,3,0.012312
threads,0,2,6,5,5,335544320,67108864,67108864,61.593764,8.478068,0.000934,2.602,3,0.009776
threads,0,2,6,6,6,402653184,67108864,67108864,44.992612,9.282112,0.00162,4.59,3,0.013302
threads,0,2,6,7,7,469762048,67108864,67108864,54.143459,4.504988,2.785354,1.964,3,2.798487
threads,0,2,6,8,8,536870912,67108864,67108864,43.774679,27.144305,0.001531,4.636,3,0.016032
threads,0,2,6,9,9,603979776,67108864,67108864,51.550093,10.803301,0.001327,4.484,3,0.014287
threads,0,2,6,10,10,671088640,67108864,67108864,46.217128,17.578357,0.001609,4.376,3,0.016545
threads,0,2,6,11,11,738197504,67108864,67108864,57.178894,4.392191,3.173261,3.533,3,3.180322
threads,0,2,6,12,12,805306368,67108864,67108864,69.147299,25.151932,0.001176,2.884,3,0.011486
threads,0,2,6,13,13,872415232,67108864,67108864,43.747574,4.491498,8.594777,6.942,3,8.614654
threads,0,2,6,14,14,939524096,67108864,67108864,51.447088,10.101788,0.000825,2.747,3,0.009305
threads,0,2,6,15,15,1006632960,67108864,67108864,42.565692,16.377411,0.002143,8.272,3,0.022136
threads,0,2,6,16,16,1073741824,67108864,67108864,45.700075,33.742911,0.001462,3.524,3,0.013297
threads,0,2,6,17,17,1140850688,67108864,67108864,45.545283,19.686426,0.000923,3.45,3,0.012386
threads,0,2,6,18,18,1207959552,67108864,67108864,37.787462,18.854271,0.001004,2.939,3,0.010885
threads,0,2,6,19,19,1275068416,67108864,67108864,42.714916,12.877731,0.001809,3.518,3,0.015656
threads,0,2,6,20,20,1342177280,67108864,67108864,48.808386,17.969623,0.001898,4.769,3,0.016502
threads,0,2,6,21,21,1409286144,67108864,67108864,51.651379,9.666127,0.001004,2.665,3,0.01084
threads,0,2,6,22,22,1476395008,67108864,67108864,44.100606,9.769047,0.00213,4.459,3,0.017687
threads,0,2,6,23,23,1543503872,67108864,67108864,63.055843,6.724705,0.000993,2.895,3,0.009637
threads,0,2,6,24,24,1610612736,67108864,67108864,49.888363,4.922866,1.13014,7.914,3,1.145256
threads,0,2,6,25,25,1677721600,67108864,67108864,55.761396,6.425651,0.001824,4.884,3,0.017668
threads,0,2,6,26,26,1744830464,67108864,67108864,40.652123,15.492209,0.000753,1.434,3,0.008229
threads,0,2,6,27,27,1811939328,67108864,67108864,50.246832,4.317153,1.086893,2.607,3,1.096851
threads,0,2,6,28,28,1879048192,67108864,67108864,55.744145,9.098742,0.001186,3.217,3,0.026712
threads,0,2,6,29,29,1946157056,67108864,67108864,38.003705,5.050804,3.261077,2.524,3,3.267325
threads,1,2,7,0,30,2013265920,67108864,67108864,43.856331,,0.029414,4.206,0,
threads,1,2,7,1,31,2080374784,67108864,67108864,41.185021,4.347126,46.246134,2.738,2,46.259251
threads,1,2,7,2,32,2147483648,67108864,67108864,72.737083,4.324923,9.784354,3.903,3,9.804075
threads,1,2,7,3,33,2214592512,67108864,67108864,42.497488,4.292043,7.069149,2.826,3,7.079096
threads,1,2,7,4,34,2281701376,67108864,67108864,60.79303,4.578142,1.088053,4.289,3,1.099711
threads,1,2,7,5,35,2348810240,67108864,67108864,42.249771,23.627941,0.001011,2.932,3,0.009992
threads,1,2,7,6,36,2415919104,67108864,67108864,41.814695,21.795248,0.001526,3.403,3,0.013114
threads,1,2,7,7,37,2483027968,67108864,67108864,60.117502,22.93304,0.00108,3.262,3,0.010817
threads,1,2,7,8,38,2550136832,67108864,67108864,41.699787,24.366353,0.001458,2.912,3,0.012468
threads,1,2,7,9,39,2617245696,67108864,67108864,62.570262,4.339522,3.079665,2.822,3,3.091795
threads,1,2,7,10,40,2684354560,67108864,67108864,65.107811,10.192554,0.001759,3.251,3,0.013354
threads,1,2,7,11,41,2751463424,67108864,67108864,64.384456,4.622843,1.08995,1.219,3,1.097603
threads,1,2,7,12,42,2818572288,67108864,67108864,38.126082,32.637259,0.001958,5.086,3,0.018708
threads,1,2,7,13,43,2885681152,67108864,67108864,67.523815,22.543504,0.001954,8.917,3,0.021698
threads,1,2,7,14,44,2952790016,67108864,67108864,59.761362,4.520707,7.095737,19.85,3,7.126532
threads,1,2,7,15,45,3019898880,67108864,67108864,46.374212,17.318785,0.000778,1.795,3,0.007584
threads,1,2,7,16,46,3087007744,67108864,67108864,43.768551,7.941909,0.001878,3.671,3,0.014111
threads,1,2,7,17,47,3154116608,67108864,67108864,37.628474,9.470214,0.001228,2.578,3,0.011107
threads,1,2,7,18,48,3221225472,67108864,67108864,49.134451,5.935497,0.00138,2.993,3,0.011052
threads,1,2,7,19,49,3288334336,67108864,67108864,37.810743,4.342481,3.635104,2.822,2,3.646194
threads,1,2,7,20,50,3355443200,67108864,67108864,62.9247,4.100095,1.072827,4.036,3,1.088443
threads,1,2,7,21,51,3422552064,67108864,67108864,65.98788,4.253197,1.140822,8.098,3,1.238922
threads,1,2,7,22,52,3489660928,67108864,67108864,44.307797,17.361294,0.001492,3.954,3,0.015058
threads,1,2,7,23,53,3556769792,67108864,67108864,70.31635,4.303473,4.081423,3.997,3,4.095449
threads,1,2,7,24,54,3623878656,67108864,67108864,51.477721,8.129139,0.000736,2.019,3,0.008065
threads,1,2,7,25,55,3690987520,67108864,67108864,49.33504,17.873343,0.001395,3.871,3,0.015457
threads,1,2,7,26,56,3758096384,67108864,67108864,53.186775,16.949799,0.001373,4.084,3,0.01496
threads,1,2,7,27,57,3825205248,67108864,67108864,60.002114,11.136969,0.001247,2.945,3,0.011865
threads,1,2,7,28,58,3892314112,67108864,67108864,40.99823,4.25212,3.703126,5.395,1,3.715617
threads,1,2,7,29,59,3959422976,67108864,67108864,24.581417,4.355958,4.309708,2.701,1,4.319099
threads,2,2,8,0,60,4026531840,67108864,67108864,117.76669,4.326311,94.299649,5.297,3,
threads,2,2,8,1,61,4093640704,67108864,67108864,38.005371,19.046214,0.002194,4.807,3,0.017366
threads,2,2,8,2,62,4160749568,67108864,67108864,45.365625,14.969918,0.001394,5.09,3,0.017358
threads,2,2,8,3,63,4227858432,67108864,67108864,43.862672,22.638709,0.002341,6.834,3,0.02053
threads,2,2,8,4,64,4294967296,67108864,67108864,38.35726,4.913539,0.00219,4.863,3,0.019224
threads,2,2,8,5,65,4362076160,67108864,67108864,61.889272,10.305338,0.001739,4.034,3,0.015312
threads,2,2,8,6,66,4429185024,67108864,67108864,63.180799,4.285643,1.05268,2.863,2,1.06085
threads,2,2,8,7,67,4496293888,67108864,67108864,47.863123,23.691429,0.001459,3.645,3,0.013953
threads,2,2,8,8,68,4563402752,67108864,67108864,57.126089,19.998794,0.001082,2.804,3,0.01088
threads,2,2,8,9,69,4630511616,67108864,67108864,61.51968,27.739508,0.001517,2.563,3,0.012075
threads,2,2,8,10,70,4697620480,67108864,67108864,39.879474,27.46243,0.001761,4.322,3,0.016465
threads,2,2,8,11,71,4764729344,67108864,67108864,35.858318,4.244448,1.296135,4.162,2,1.305708
threads,2,2,8,12,72,4831838208,67108864,67108864,45.180503,4.243257,2.27481,2.732,3,2.288271
threads,2,2,8,13,73,4898947072,67108864,67108864,61.18206,26.149407,0.001465,3.483,3,0.013098
threads,2,2,8,14,74,4966055936,67108864,67108864,54.646662,4.405418,2.165615,3.753,2,2.179758
threads,2,2,8,15,75,5033164800,67108864,67108864,42.251985,13.352231,0.001207,3.524,3,0.012612
threads,2,2,8,16,76,5100273664,67108864,67108864,40.586149,10.061418,0.001496,3.201,3,0.01337
threads,2,2,8,17,77,5167382528,67108864,67108864,61.167914,12.864602,0.002385,4.737,3,0.020153
threads,2,2,8,18,78,5234491392,67108864,67108864,51.361971,4.342077,7.834608,7.106,3,7.852001
threads,2,2,8,19,79,5301600256,67108864,67108864,42.88684,17.009037,0.187864,3.893,3,0.204175
threads,2,2,8,20,80,5368709120,67108864,67108864,52.879727,9.677422,0.001941,3.438,3,0.014548
threads,2,2,8,21,81,5435817984,67108864,67108864,56.443955,13.930092,0.001341,3.791,3,0.015114
threads,2,2,8,22,82,5502926848,67108864,67108864,51.721631,34.170729,0.001416,2.371,3,0.010934
threads,2,2,8,23,83,5570035712,67108864,67108864,52.86007,35.996241,0.001123,1.983,3,0.009912
threads,2,2,8,24,84,5637144576,67108864,67108864,43.293603,24.978369,0.002328,5.095,3,0.020822
threads,2,2,8,25,85,5704253440,67108864,67108864,66.335363,16.819407,0.002155,9.291,3,0.040613
threads,2,2,8,26,86,5771362304,67108864,67108864,76.13848,4.334884,3.195699,2.563,3,3.206097
threads,2,2,8,27,87,5838471168,67108864,67108864,36.472664,4.474289,8.227912,4.436,2,8.241313
threads,2,2,8,28,88,5905580032,67108864,67108864,30.282865,36.487082,0.001598,4.129,1,0.014418
threads,2,2,8,29,89,5972688896,67108864,67108864,22.907464,25.933294,0.000683,2.032,0,0.006387
threads,3,2,9,0,90,6039797760,67108864,67108864,131.809602,4.946343,4.750005,3.284,1,
threads,3,2,9,1,91,6106906624,67108864,67108864,76.643027,9.369511,0.001668,7.039,2,0.02381
threads,3,2,9,2,92,6174015488,67108864,67108864,43.301826,4.402865,3.188426,3.65,2,3.206032
threads,3,2,9,3,93,6241124352,67108864,67108864,41.736703,9.691236,0.000868,2.289,3,0.009274
threads,3,2,9,4,94,6308233216,67108864,67108864,44.074897,6.058304,0.001844,5.227,3,0.01652
threads,3,2,9,5,95,6375342080,67108864,67108864,38.509761,6.271986,0.002263,6.0,3,0.020681
threads,3,2,9,6,96,6442450944,67108864,67108864,51.945893,4.082146,2.170378,2.934,3,2.177959
threads,3,2,9,7,97,6509559808,67108864,67108864,64.807643,4.333669,6.738597,2.636,3,6.750764
threads,3,2,9,8,98,6576668672,67108864,67108864,56.714765,5.95733,0.001338,2.802,3,0.01077
threads,3,2,9,9,99,6643777536,67108864,67108864,43.968154,14.813911,0.001756,4.279,3,0.015819
threads,3,2,9,10,100,6710886400,67108864,67108864,59.089888,4.29894,2.646136,1.062,3,2.655039
threads,3,2,9,11,101,6777995264,67108864,67108864,48.211105,4.303475,2.44063,2.749,3,2.450792
threads,3,2,9,12,102,6845104128,67108864,67108864,45.817807,6.86833,0.001445,19.153,3,0.03043
threads,3,2,9,13,103,6912212992,67108864,67108864,45.921629,8.942406,0.001278,4.256,3,0.013148
threads,3,2,9,14,104,6979321856,67108864,67108864,41.953551,4.315371,0.910221,3.749,2,0.92056
threads,3,2,9,15,105,7046430720,67108864,67108864,55.748032,4.301832,5.009096,3.057,3,5.017317
threads,3,2,9,16,106,7113539584,67108864,67108864,42.232001,5.407757,0.001771,4.72,3,0.017167
threads,3,2,9,17,107,7180648448,67108864,67108864,41.164708,5.393755,0.001972,4.605,3,0.019352
threads,3,2,9,18,108,7247757312,67108864,67108864,54.363826,5.961696,0.00116,1.994,3,0.009535
threads,3,2,9,19,109,7314866176,67108864,67108864,39.128567,30.468541,0.001457,2.093,3,0.009835
threads,3,2,9,20,110,7381975040,67108864,67108864,54.318043,20.790887,0.001487,3.445,3,0.013005
threads,3,2,9,21,111,7449083904,67108864,67108864,48.627811,23.454919,0.001735,3.688,3,0.015055
threads,3,2,9,22,112,7516192768,67108864,67108864,74.079508,27.986847,0.001395,4.441,3,0.01436
threads,3,2,9,23,113,7583301632,67108864,67108864,49.904637,5.006178,1.264186,6.124,3,1.311651
threads,3,2,9,24,114,7650410496,67108864,67108864,51.610163,4.281175,1.090527,4.367,3,1.101903
threads,3,2,9,25,115,7717519360,67108864,67108864,45.462883,4.324313,1.301282,4.338,3,1.313867
threads,3,2,9,26,116,7784628224,67108864,67108864,58.715016,6.482052,0.001355,8.462,3,0.029072
threads,3,2,9,27,117,7851737088,67108864,67108864,44.621142,32.675983,0.001171,2.395,3,0.009508
threads,3,2,9,28,118,7918845952,67108864,67108864,35.346536,24.106393,0.000823,1.814,3,0.007908
threads,3,2,9,29,119,7985954816,59027232,59027232,23.103261,35.359218,0.001432,2.464,2,0.012682
threads,0,2,6,0,0,0,67108864,67108864,42.138544,3787.341193,3787.140496,15.176,1,
threads,0,2,6,1,1,67108864,67108864,67108864,742.800051,37.809235,0.004148,10.917,1,0.039933
threads,0,2,6,2,2,134217728,67108864,67108864,39.018545,700.776628,0.003956,26.316,2,0.057034
threads,0,2,6,3,3,201326592,67108864,67108864,38.212274,4.259472,3.103933,4.188,2,3.123881
threads,0,2,6,4,4,268435456,67108864,67108864,38.924782,5.545315,0.004907,10.683,3,0.03459
threads,0,2,6,5,5,335544320,67108864,67108864,36.836948,4.294761,4.084576,2.631,3,4.095794
threads,0,2,6,6,6,402653184,67108864,67108864,36.674922,7.029863,0.002095,5.859,3,0.017872
threads,0,2,6,7,7,469762048,67108864,67108864,37.456685,5.525134,0.001549,5.231,3,0.018602
threads,0,2,6,8,8,536870912,67108864,67108864,42.714517,4.860566,1.151891,12.72,3,1.184047
threads,0,2,6,9,9,603979776,67108864,67108864,40.040583,4.909166,1.156192,8.721,3,1.183923
threads,0,2,6,10,10,671088640,67108864,67108864,32.756521,4.362859,5.154124,6.804,3,5.175993
threads,0,2,6,11,11,738197504,67108864,67108864,40.30646,4.168275,0.999467,5.921,2,1.016317
threads,0,2,6,12,12,805306368,67108864,67108864,41.50169,22.765373,0.003778,8.608,3,0.032223
threads,0,2,6,13,13,872415232,67108864,67108864,32.641105,23.049341,0.0032,9.249,3,0.030871
threads,0,2,6,14,14,939524096,67108864,67108864,34.437808,23.845625,0.002944,6.777,3,0.024297
threads,0,2,6,15,15,1006632960,67108864,67108864,39.521015,22.418741,0.003579,9.377,3,0.033862
threads,0,2,6,16,16,1073741824,67108864,67108864,36.816562,24.378427,0.002349,7.783,3,0.023764
threads,0,2,6,17,17,1140850688,67108864,67108864,33.825413,23.699654,0.004595,10.376,3,0.036889
threads,0,2,6,18,18,1207959552,67108864,67108864,35.495347,20.580258,0.002192,5.79,3,0.018129
threads,0,2,6,19,19,1275068416,67108864,67108864,34.201004,18.413203,0.000884,3.947,3,0.011404
threads,0,2,6,20,20,1342177280,67108864,67108864,32.525588,14.442677,0.001949,4.425,3,0.015776
threads,0,2,6,21,21,1409286144,67108864,67108864,34.031119,8.186996,0.001427,4.002,3,0.014576
threads,0,2,6,22,22,1476395008,67108864,67108864,34.17869,4.133007,0.001285,4.749,3,0.01635
threads,0,2,6,23,23,1543503872,67108864,67108864,33.112583,4.343139,3.966221,7.653,3,3.986936
threads,0,2,6,24,24,1610612736,67108864,67108864,32.313265,4.844191,0.001844,5.159,3,0.019326
threads,0,2,6,25,25,1677721600,67108864,67108864,32.238158,6.390292,0.001243,4.743,3,0.016042
threads,0,2,6,26,26,1744830464,67108864,67108864,32.174567,6.635848,0.001807,4.614,3,0.015239
threads,0,2,6,27,27,1811939328,67108864,67108864,34.437467,7.063924,0.002373,6.754,3,0.022866
threads,0,2,6,28,28,1879048192,67108864,67108864,35.789634,4.436876,1.081951,4.3,3,1.097481
threads,0,2,6,29,29,1946157056,67108864,67108864,24.123986,4.352712,6.20043,7.712,3,6.215627
threads,1,2,7,0,30,2013265920,67108864,67108864,79.85139,4.369242,3791.579211,5.375,1,
threads,1,2,7,1,31,2080374784,67108864,67108864,738.622647,37.739653,0.004538,10.088,2,0.038302
threads,1,2,7,2,32,2147483648,67108864,67108864,36.909774,33.601598,0.004396,10.307,3,0.036935
threads,1,2,7,3,33,2214592512,67108864,67108864,39.849725,23.019267,0.006279,16.947,3,0.051247
threads,1,2,7,4,34,2281701376,67108864,67108864,32.420061,30.011707,0.003654,9.196,3,0.033515
threads,1,2,7,5,35,2348810240,67108864,67108864,42.912511,7.350885,0.003557,9.378,3,0.030294
threads,1,2,7,6,36,2415919104,67108864,67108864,39.279614,4.259718,1.3221,8.244,3,1.342995
threads,1,2,7,7,37,2483027968,67108864,67108864,43.832821,5.813352,0.002929,7.714,3,0.025686
threads,1,2,7,8,38,2550136832,67108864,67108864,41.429915,14.126644,0.001632,5.386,3,0.017019
threads,1,2,7,9,39,2617245696,67108864,67108864,38.246844,17.381065,0.002507,7.531,3,0.027084
threads,1,2,7,10,40,2684354560,67108864,67108864,45.880309,16.223923,0.002465,7.382,3,0.026462
threads,1,2,7,11,41,2751463424,67108864,67108864,38.94713,4.288547,2.886266,5.744,3,2.915196
threads,1,2,7,12,42,2818572288,67108864,67108864,37.65857,4.272938,2.551743,6.867,3,2.569822
threads,1,2,7,13,43,2885681152,67108864,67108864,37.565521,4.196816,2.769263,4.994,3,2.786823
threads,1,2,7,14,44,2952790016,67108864,67108864,35.368576,4.498713,0.001788,6.108,3,0.019572
threads,1,2,7,15,45,3019898880,67108864,67108864,36.94817,4.578127,2.153359,2.674,3,2.163648
threads,1,2,7,16,46,3087007744,67108864,67108864,37.664474,4.576879,0.001463,5.341,3,0.014768
threads,1,2,7,17,47,3154116608,67108864,67108864,35.85569,4.220323,0.000729,2.594,3,0.009332
threads,1,2,7,18,48,3221225472,67108864,67108864,36.573525,4.2823,2.310615,6.448,3,2.331616
threads,1,2,7,19,49,3288334336,67108864,67108864,38.07663,4.778798,2.203569,5.396,3,2.22232
threads,1,2,7,20,50,3355443200,67108864,67108864,37.918849,6.543868,0.002779,7.372,3,0.024828
threads,1,2,7,21,51,3422552064,67108864,67108864,32.596622,10.653829,0.00402,9.095,3,0.036645
threads,1,2,7,22,52,3489660928,67108864,67108864,30.762106,9.281467,0.002808,8.568,3,0.034235
threads,1,2,7,23,53,3556769792,67108864,67108864,31.980734,6.004748,0.002443,6.475,3,0.0211
threads,1,2,7,24,54,3623878656,67108864,67108864,31.748246,5.969194,0.00285,7.164,3,0.027107
threads,1,2,7,25,55,3690987520,67108864,67108864,32.737957,5.878954,0.002166,6.29,3,0.021111
threads,1,2,7,26,56,3758096384,67108864,67108864,39.532305,4.397099,1.095619,14.016,3,1.129838
threads,1,2,7,27,57,3825205248,67108864,67108864,54.852382,4.295732,2.540532,12.476,3,2.5707
threads,1,2,7,28,58,3892314112,67108864,67108864,30.748524,29.622959,29.544637,9.071,1,29.566703
threads,1,2,7,29,59,3959422976,67108864,67108864,21.254442,26.53298,0.003849,9.586,1,0.029593
threads,2,2,8,0,60,4026531840,67108864,67108864,3787.413254,,0.054768,8.613,0,
threads,2,2,8,1,61,4093640704,67108864,67108864,37.430811,4.281356,789.196746,19.872,3,789.244857
threads,2,2,8,2,62,4160749568,67108864,67108864,35.128687,4.376579,4.784748,4.355,3,4.806838
threads,2,2,8,3,63,4227858432,67108864,67108864,34.362746,4.326218,3.03176,13.282,3,3.067816
threads,2,2,8,4,64,4294967296,67108864,67108864,34.091774,4.38789,0.003952,10.75,3,0.036851
threads,2,2,8,5,65,4362076160,67108864,67108864,33.89843,6.057253,0.003057,8.495,3,0.027944
threads,2,2,8,6,66,4429185024,67108864,67108864,37.713993,4.79033,0.004123,11.119,3,0.040105
threads,2,2,8,7,67,4496293888,67108864,67108864,35.519139,9.402272,0.003414,14.462,3,0.037673
threads,2,2,8,8,68,4563402752,67108864,67108864,38.186395,10.373981,0.001897,4.803,3,0.017409
threads,2,2,8,9,69,4630511616,67108864,67108864,39.406194,12.454915,0.001418,4.32,3,0.016183
threads,2,2,8,10,70,4697620480,67108864,67108864,37.944813,13.38064,0.002703,5.901,3,0.024254
threads,2,2,8,11,71,4764729344,67108864,67108864,41.223978,13.275225,0.001863,6.129,3,0.020695
threads,2,2,8,12,72,4831838208,67108864,67108864,31.856688,14.194673,0.002098,7.431,3,0.024615
threads,2,2,8,13,73,4898947072,67108864,67108864,31.654073,4.546839,0.001403,3.949,3,0.01243
threads,2,2,8,14,74,4966055936,67108864,67108864,37.237888,7.856113,0.005345,11.26,3,0.047665
threads,2,2,8,15,75,5033164800,67108864,67108864,36.947802,6.405645,0.005062,11.163,3,0.045308
threads,2,2,8,16,76,5100273664,67108864,67108864,32.893418,4.235112,0.486288,11.061,3,0.505008
threads,2,2,8,17,77,5167382528,67108864,67108864,35.561333,4.322845,4.048756,2.633,3,4.070768
threads,2,2,8,18,78,5234491392,67108864,67108864,38.107799,4.277567,2.456497,3.807,3,2.469029
threads,2,2,8,19,79,5301600256,67108864,67108864,38.279714,6.018626,0.001822,5.275,3,0.01753
threads,2,2,8,20,80,5368709120,67108864,67108864,36.3124,10.083964,0.001634,5.894,3,0.019633
threads,2,2,8,21,81,5435817984,67108864,67108864,33.64889,13.231984,0.002617,7.19,3,0.023988
threads,2,2,8,22,82,5502926848,67108864,67108864,33.98574,11.968105,0.173828,6.006,3,0.196643
threads,2,2,8,23,83,5570035712,67108864,67108864,34.034029,19.006251,0.001474,6.028,3,0.017479
threads,2,2,8,24,84,5637144576,67108864,67108864,32.021747,19.934267,0.002307,7.231,3,0.025896
threads,2,2,8,25,85,5704253440,67108864,67108864,31.831967,19.648355,0.002128,5.939,3,0.021648
threads,2,2,8,26,86,5771362304,67108864,67108864,35.325299,19.254555,0.003217,8.11,3,0.02763
threads,2,2,8,27,87,5838471168,67108864,67108864,42.167305,22.406772,0.002394,7.52,3,0.024351
threads,2,2,8,28,88,5905580032,67108864,67108864,34.27127,29.076196,0.003441,14.235,3,0.037067
threads,2,2,8,29,89,5972688896,67108864,67108864,24.730251,21.361675,0.002292,4.659,3,0.01947
threads,3,2,9,0,90,6039797760,67108864,67108864,790.300528,4.340804,3833.587585,66.589,2,
threads,3,2,9,1,91,6106906624,67108864,67108864,87.964404,5.305703,0.003363,13.582,3,0.040461
threads,3,2,9,2,92,6174015488,67108864,67108864,42.532285,16.416819,0.003023,11.862,3,0.037573
threads,3,2,9,3,93,6241124352,67108864,67108864,33.113898,22.118342,0.00256,7.326,3,0.024058
threads,3,2,9,4,94,6308233216,67108864,67108864,34.547491,18.564542,0.002979,8.117,3,0.025826
threads,3,2,9,5,95,6375342080,67108864,67108864,36.106591,14.488649,0.002323,4.242,3,0.017348
threads,3,2,9,6,96,6442450944,67108864,67108864,33.049454,6.711853,0.001174,3.885,3,0.015053
threads,3,2,9,7,97,6509559808,67108864,67108864,37.050082,4.305884,1.075217,3.16,2,1.09241
threads,3,2,9,8,98,6576668672,67108864,67108864,146.512199,4.298085,5.363182,2.126,3,5.3837
threads,3,2,9,9,99,6643777536,67108864,67108864,35.79998,4.261994,2.443639,3.56,3,2.460026
threads,3,2,9,10,100,6710886400,67108864,67108864,34.693506,4.340558,3.80416,2.84,3,3.823363
threads,3,2,9,11,101,6777995264,67108864,67108864,38.05492,4.36356,2.163938,3.176,3,2.182947
threads,3,2,9,12,102,6845104128,67108864,67108864,36.340246,8.595658,0.001087,4.94,3,0.02072
threads,3,2,9,13,103,6912212992,67108864,67108864,34.217109,9.473177,0.006587,11.415,3,0.044024
threads,3,2,9,14,104,6979321856,67108864,67108864,33.165227,9.490406,0.00162,4.472,3,0.0169
threads,3,2,9,15,105,7046430720,67108864,67108864,35.089037,10.13861,0.002071,6.875,3,0.023141
threads,3,2,9,16,106,7113539584,67108864,67108864,186.884329,11.200553,0.001958,5.71,3,0.020375
threads,3,2,9,17,107,7180648448,67108864,67108864,39.911799,4.294201,1.071205,5.895,3,1.090862
threads,3,2,9,18,108,7247757312,67108864,67108864,50.4944,4.280621,2.165421,4.565,2,2.177626
threads,3,2,9,19,109,7314866176,67108864,67108864,29.674299,24.801118,0.003222,9.088,1,0.021105
threads,3,2,9,20,110,7381975040,67108864,67108864,30.454234,4.245137,4.169868,11.071,1,4.193797
threads,3,2,9,21,111,7449083904,67108864,67108864,30.122482,5.067976,1.124575,7.759,1,1.146722
threads,3,2,9,22,112,7516192768,67108864,67108864,29.828711,30.143285,0.002432,7.188,0,0.020803
threads,3,2,9,23,113,7583301632,67108864,67108864,29.259409,29.851106,0.002943,6.793,0,0.022395
threads,3,2,9,24,114,7650410496,67108864,67108864,28.86827,29.290318,0.00427,9.714,0,0.030909
threads,3,2,9,25,115,7717519360,67108864,67108864,38.577162,28.902303,0.003526,10.48,0,0.034033
threads,3,2,9,26,116,7784628224,67108864,67108864,33.495951,38.614587,0.004832,9.95,0,0.037425
threads,3,2,9,27,117,7851737088,67108864,67108864,30.433382,33.529377,0.004233,9.696,0,0.033426
threads,3,2,9,28,118,7918845952,67108864,67108864,30.805329,30.477268,0.004882,12.293,0,0.043886
threads,3,2,9,29,119,7985954816,59027232,59027232,22.100623,30.850057,0.005148,12.206,0,0.044728
threads,0,2,6,0,0,0,67108864,67108864,53.793972,,0.107016,14.677,0,
threads,0,2,6,1,1,67108864,67108864,67108864,44.357917,49.853767,0.006999,17.407,1,0.058849
threads,0,2,6,2,2,134217728,67108864,67108864,54.394796,39.99611,0.005379,12.415,2,0.047909
threads,0,2,6,3,3,201326592,67108864,67108864,63.761996,39.472213,0.005013,14.839,3,0.054086
threads,0,2,6,4,4,268435456,67108864,67108864,44.411869,42.897505,0.004924,12.785,3,0.043378
threads,0,2,6,5,5,335544320,67108864,67108864,44.105465,22.024225,0.005257,13.627,3,0.050322
threads,0,2,6,6,6,402653184,67108864,67108864,44.253064,19.214973,0.006889,17.248,3,0.058792
threads,0,2,6,7,7,469762048,67108864,67108864,47.489857,15.637052,0.007252,15.73,3,0.057671
threads,0,2,6,8,8,536870912,67108864,67108864,45.971338,17.206744,0.006772,14.737,3,0.053818
threads,0,2,6,9,9,603979776,67108864,67108864,48.41107,16.957283,0.00636,13.696,3,0.051486
threads,0,2,6,10,10,671088640,67108864,67108864,47.317257,9.748563,0.004205,10.037,3,0.037513
threads,0,2,6,11,11,738197504,67108864,67108864,52.685656,4.89202,1.197876,12.409,3,1.237096
threads,0,2,6,12,12,805306368,67108864,67108864,40.907536,14.991658,0.006084,14.779,3,0.053413
threads,0,2,6,13,13,872415232,67108864,67108864,48.795311,6.066362,0.00532,11.939,3,0.045968
threads,0,2,6,14,14,939524096,67108864,67108864,42.511817,4.109243,0.003997,10.574,3,0.037376
threads,0,2,6,15,15,1006632960,67108864,67108864,45.447573,4.844419,1.161802,9.015,3,1.180315
threads,0,2,6,16,16,1073741824,67108864,67108864,131.755486,4.571021,5.542006,10.32,3,5.571365
threads,0,2,6,17,17,1140850688,67108864,67108864,44.128067,17.60614,0.007916,16.41,3,0.05997
threads,0,2,6,18,18,1207959552,67108864,67108864,41.708774,17.08494,0.00545,14.996,3,0.052565
threads,0,2,6,19,19,1275068416,67108864,67108864,41.444567,13.606901,0.004313,11.97,3,0.041055
threads,0,2,6,20,20,1342177280,67108864,67108864,49.992459,10.195508,0.003725,9.759,3,0.034472
threads,0,2,6,21,21,1409286144,67108864,67108864,49.125786,18.654837,0.00623,14.76,3,0.050541
threads,0,2,6,22,22,1476395008,67108864,67108864,57.928379,11.986965,0.006364,13.624,3,0.045331
threads,0,2,6,23,23,1543503872,67108864,67108864,44.605876,22.799372,0.311959,11.265,3,0.36319
threads,0,2,6,24,24,1610612736,67108864,67108864,41.83935,17.034856,0.006398,12.54,3,0.053934
threads,0,2,6,25,25,1677721600,67108864,67108864,44.629606,10.168236,0.004463,11.64,3,0.040933
threads,0,2,6,26,26,1744830464,67108864,67108864,50.09302,8.216453,0.003302,8.219,3,0.029644
threads,0,2,6,27,27,1811939328,67108864,67108864,44.852715,18.587618,0.004261,11.469,3,0.039883
threads,0,2,6,28,28,1879048192,67108864,67108864,43.344506,4.319461,0.002289,5.386,3,0.022566
threads,0,2,6,29,29,1946157056,67108864,67108864,29.833477,7.82086,0.003026,8.823,3,0.034686
threads,1,2,7,0,30,2013265920,67108864,67108864,104.761934,3.999054,3.618575,4.829,1,
threads,1,2,7,1,31,2080374784,67108864,67108864,44.884233,10.556061,0.006714,15.502,2,0.05372
threads,1,2,7,2,32,2147483648,67108864,67108864,46.547381,4.417577,19.890235,8.28,3,19.916457
threads,1,2,7,3,33,2214592512,67108864,67108864,45.274383,4.556789,0.88226,10.372,2,0.906913
threads,1,2,7,4,34,2281701376,67108864,67108864,47.91582,5.417947,0.006087,13.584,3,0.048966
threads,1,2,7,5,35,2348810240,67108864,67108864,58.201296,9.213675,0.004923,12.437,3,0.044165
threads,1,2,7,6,36,2415919104,67108864,67108864,46.102281,4.71792,2.190593,5.076,3,2.212763
threads,1,2,7,7,37,2483027968,67108864,67108864,51.990651,8.779382,0.036699,12.554,3,0.077467
threads,1,2,7,8,38,2550136832,67108864,67108864,41.571444,29.978072,0.007341,15.341,3,0.057173
threads,1,2,7,9,39,2617245696,67108864,67108864,60.721126,23.154523,0.006849,15.183,3,0.05359
threads,1,2,7,10,40,2684354560,67108864,67108864,49.85094,4.326653,2.391322,8.532,3,2.426115
threads,1,2,7,11,41,2751463424,67108864,67108864,50.733316,4.056736,0.002421,8.781,3,0.02786
threads,1,2,7,12,42,2818572288,67108864,67108864,40.664001,9.618062,0.007105,15.849,3,0.05649
threads,1,2,7,13,43,2885681152,67108864,67108864,47.453726,4.129437,2.259825,12.173,3,2.292955
threads,1,2,7,14,44,2952790016,67108864,67108864,136.779945,4.434533,3.816859,5.172,2,3.83861
threads,1,2,7,15,45,3019898880,67108864,67108864,42.953049,4.567932,8.488789,8.915,3,8.506332
threads,1,2,7,16,46,3087007744,67108864,67108864,41.407618,4.684654,1.133993,14.839,3,1.166904
threads,1,2,7,17,47,3154116608,67108864,67108864,52.959495,4.667159,2.21298,10.2,3,2.246255
threads,1,2,7,18,48,3221225472,67108864,67108864,60.602392,13.881339,0.0052,13.347,3,0.048229
threads,1,2,7,19,49,3288334336,67108864,67108864,47.258341,26.960016,0.004565,12.245,3,0.041691
threads,1,2,7,20,50,3355443200,67108864,67108864,50.241995,23.153711,0.004571,12.691,3,0.042188
threads,1,2,7,21,51,3422552064,67108864,67108864,47.185089,18.312876,0.00604,15.39,3,0.053985
threads,1,2,7,22,52,3489660928,67108864,67108864,40.707447,19.038433,0.005794,14.56,3,0.051639
threads,1,2,7,23,53,3556769792,67108864,67108864,45.088648,7.039051,0.00489,12.031,3,0.04084
threads,1,2,7,24,54,3623878656,67108864,67108864,61.209047,4.603684,2.231541,11.127,3,2.265832
threads,1,2,7,25,55,3690987520,67108864,67108864,51.729137,4.861666,2.307185,9.34,3,2.332768
threads,1,2,7,26,56,3758096384,67108864,67108864,44.837677,4.068103,0.004566,11.228,3,0.037619
threads,1,2,7,27,57,3825205248,67108864,67108864,45.531479,4.363691,43.492836,3.873,1,43.501818
threads,1,2,7,28,58,3892314112,67108864,67108864,45.535441,7.338505,0.005052,9.554,2,0.034045
threads,1,2,7,29,59,3959422976,67108864,67108864,32.623188,4.536328,4.399796,9.495,1,4.433697
threads,2,2,8,0,60,4026531840,67108864,67108864,110.88336,4.409716,57.787994,7.041,2,
threads,2,2,8,1,61,4093640704,67108864,67108864,47.539618,16.490292,0.007007,14.792,2,0.051924
threads,2,2,8,2,62,4160749568,67108864,67108864,45.760421,4.594395,8.886845,10.475,3,8.926648
threads,2,2,8,3,63,4227858432,67108864,67108864,44.369316,5.06718,0.00437,9.763,3,0.035713
threads,2,2,8,4,64,4294967296,67108864,67108864,51.209189,4.434718,2.929526,10.922,3,2.958207
threads,2,2,8,5,65,4362076160,67108864,67108864,42.064465,20.599079,0.006137,14.788,3,0.052232
threads,2,2,8,6,66,4429185024,67108864,67108864,60.98108,15.17369,0.006115,14.976,3,0.053821
threads,2,2,8,7,67,4496293888,67108864,67108864,47.037976,4.343523,4.170355,11.36,3,4.189649
threads,2,2,8,8,68,4563402752,67108864,67108864,48.974039,9.802076,0.004637,13.864,3,0.045611
threads,2,2,8,9,69,4630511616,67108864,67108864,50.096086,33.420758,0.004384,12.804,3,0.044473
threads,2,2,8,10,70,4697620480,67108864,67108864,45.189111,26.422351,0.010986,14.043,3,0.052631
threads,2,2,8,11,71,4764729344,67108864,67108864,44.07407,13.810058,0.00423,11.994,3,0.039369
threads,2,2,8,12,72,4831838208,67108864,67108864,40.907057,30.402613,0.005445,12.878,3,0.055848
threads,2,2,8,13,73,4898947072,67108864,67108864,137.482683,27.703498,0.018985,18.653,3,0.08596
threads,2,2,8,14,74,4966055936,67108864,67108864,44.664363,114.209316,0.004558,13.14,3,0.042073
threads,2,2,8,15,75,5033164800,67108864,67108864,45.172846,18.195892,0.003552,11.475,3,0.037469
threads,2,2,8,16,76,5100273664,67108864,67108864,44.845838,19.303807,0.004419,23.213,3,0.055022
threads,2,2,8,17,77,5167382528,67108864,67108864,41.547569,20.540366,0.005066,11.965,3,0.044594
threads,2,2,8,18,78,5234491392,67108864,67108864,53.603241,9.116313,0.003622,10.397,3,0.036102
threads,2,2,8,19,79,5301600256,67108864,67108864,45.234058,4.311219,2.206348,5.514,3,2.235748
threads,2,2,8,20,80,5368709120,67108864,67108864,48.155159,4.489852,2.21216,7.291,3,2.245104
threads,2,2,8,21,81,5435817984,67108864,67108864,48.706889,4.618198,2.236887,8.651,3,2.269167
threads,2,2,8,22,82,5502926848,67108864,67108864,46.562222,6.128373,0.004997,11.22,3,0.040014
threads,2,2,8,23,83,5570035712,67108864,67108864,39.736127,11.991119,0.004968,14.312,3,0.048811
threads,2,2,8,24,84,5637144576,67108864,67108864,54.229632,4.398377,0.002527,8.17,3,0.025611
threads,2,2,8,25,85,5704253440,67108864,67108864,41.085802,5.54186,0.006796,14.055,3,0.05214
threads,2,2,8,26,86,5771362304,67108864,67108864,56.578455,4.363607,3.616288,10.976,3,3.653657
threads,2,2,8,27,87,5838471168,67108864,67108864,39.208741,44.721709,0.004472,11.13,2,0.032217
threads,2,2,8,28,88,5905580032,67108864,67108864,42.5338,39.254095,0.004767,13.733,0,0.045354
threads,2,2,8,29,89,5972688896,67108864,67108864,32.98605,33.787661,0.00691,15.636,2,0.05691
threads,3,2,9,0,90,6039797760,67108864,67108864,125.629195,4.420608,112.965678,12.873,3,
threads,3,2,9,1,91,6106906624,67108864,67108864,46.913855,13.286782,0.005237,55.86,3,0.086358
threads,3,2,9,2,92,6174015488,67108864,67108864,47.832327,14.464157,0.00502,27.66,3,0.059654
threads,3,2,9,3,93,6241124352,67108864,67108864,45.956679,15.02529,0.004987,13.486,3,0.056329
threads,3,2,9,4,94,6308233216,67108864,67108864,45.009231,5.019932,0.001234,5.385,3,0.017304
threads,3,2,9,5,95,6375342080,67108864,67108864,51.620866,5.112469,1.222244,12.666,3,1.263054
threads,3,2,9,6,96,6442450944,67108864,67108864,53.365793,4.378425,4.009993,9.844,3,4.036437
threads,3,2,9,7,97,6509559808,67108864,67108864,59.811166,10.705734,0.004754,13.037,3,0.045103
threads,3,2,9,8,98,6576668672,67108864,67108864,57.792628,4.408055,2.188162,12.595,3,2.227978
threads,3,2,9,9,99,6643777536,67108864,67108864,58.083425,21.295324,0.005157,12.282,3,0.048145
threads,3,2,9,10,100,6710886400,67108864,67108864,50.942824,4.315663,4.13137,13.624,3,4.172214
threads,3,2,9,11,101,6777995264,67108864,67108864,144.007577,14.309886,0.004767,12.866,3,0.044416
threads,3,2,9,12,102,6845104128,67108864,67108864,43.962214,4.331868,1.119838,6.412,2,1.145301
threads,3,2,9,13,103,6912212992,67108864,67108864,43.62299,4.154467,0.004224,13.04,3,0.041017
threads,3,2,9,14,104,6979321856,67108864,67108864,43.744724,6.076006,0.005639,13.587,3,0.048378
threads,3,2,9,15,105,7046430720,67108864,67108864,47.524931,8.390511,0.006122,13.918,3,0.04882
threads,3,2,9,16,106,7113539584,67108864,67108864,51.068182,5.912917,0.004517,11.595,3,0.040475
threads,3,2,9,17,107,7180648448,67108864,67108864,53.848062,7.848634,0.004284,11.396,3,0.038652
threads,3,2,9,18,108,7247757312,67108864,67108864,46.485333,4.69388,1.253359,10.521,3,1.288753
threads,3,2,9,19,109,7314866176,67108864,67108864,52.648571,6.545241,0.002574,7.632,3,0.025838
threads,3,2,9,20,110,7381975040,67108864,67108864,49.745315,17.412627,0.007042,15.534,3,0.099098
threads,3,2,9,21,111,7449083904,67108864,67108864,57.687093,22.543224,0.005447,13.885,3,0.044532
threads,3,2,9,22,112,7516192768,67108864,67108864,45.873113,30.152294,0.005435,21.242,3,0.05488
threads,3,2,9,23,113,7583301632,67108864,67108864,61.02107,31.194725,0.005129,12.411,3,0.044599
threads,3,2,9,24,114,7650410496,67108864,67108864,42.27941,4.439358,47.985697,4.331,2,48.010353
threads,3,2,9,25,115,7717519360,67108864,67108864,40.849949,4.533667,3.358366,11.876,2,3.380423
threads,3,2,9,26,116,7784628224,67108864,67108864,38.000227,40.899143,0.006347,14.501,1,0.049194
threads,3,2,9,27,117,7851737088,67108864,67108864,36.918355,33.501257,0.00425,11.969,0,0.037358
threads,3,2,9,28,118,7918845952,67108864,67108864,37.572757,36.962505,0.004824,12.666,0,0.04415
threads,3,2,9,29,119,7985954816,59027232,59027232,22.209346,37.630111,0.006436,14.235,0,0.057354
threads,0,2,6,0,0,0,67108864,67108864,134.155825,4.306201,268.886022,7.744,2,
threads,0,2,6,1,1,67108864,67108864,67108864,41.229986,4.529084,2.164479,3.719,3,2.178565
threads,0,2,6,2,2,134217728,67108864,67108864,44.312767,4.287449,2.945841,4.122,3,2.964679
threads,0,2,6,3,3,201326592,67108864,67108864,47.495293,9.292741,0.002317,6.949,3,0.02642
threads,0,2,6,4,4,268435456,67108864,67108864,53.582456,17.014917,0.001887,4.494,3,0.019687
threads,0,2,6,5,5,335544320,67108864,67108864,38.835222,15.42621,0.00146,4.838,3,0.016254
threads,0,2,6,6,6,402653184,67108864,67108864,43.142336,5.001674,0.000839,2.426,3,0.009104
threads,0,2,6,7,7,469762048,67108864,67108864,40.190084,4.408715,1.096207,4.909,3,1.109159
threads,0,2,6,8,8,536870912,67108864,67108864,42.987136,5.64382,0.0025,7.704,3,0.02961
threads,0,2,6,9,9,603979776,67108864,67108864,39.349957,6.036333,0.00241,6.272,3,0.022856
threads,0,2,6,10,10,671088640,67108864,67108864,54.611616,5.135104,0.001392,3.824,3,0.016061
threads,0,2,6,11,11,738197504,67108864,67108864,50.026489,4.318976,2.690408,4.819,3,2.704974
threads,0,2,6,12,12,805306368,67108864,67108864,47.965431,9.319078,0.000747,3.116,3,0.011865
threads,0,2,6,13,13,872415232,67108864,67108864,55.380484,4.300137,3.291185,4.527,3,3.30452
threads,0,2,6,14,14,939524096,67108864,67108864,46.834386,10.753178,0.001344,4.938,3,0.016452
threads,0,2,6,15,15,1006632960,67108864,67108864,48.942505,10.634173,0.00175,6.603,3,0.019842
threads,0,2,6,16,16,1073741824,67108864,67108864,52.830309,9.637267,0.001344,3.014,3,0.012301
threads,0,2,6,17,17,1140850688,67108864,67108864,41.374453,17.765226,0.001071,3.145,3,0.012835
threads,0,2,6,18,18,1207959552,67108864,67108864,41.282029,9.557338,0.001279,4.497,3,0.015489
threads,0,2,6,19,19,1275068416,67108864,67108864,46.080134,16.24501,0.001911,6.006,3,0.019065
threads,0,2,6,20,20,1342177280,67108864,67108864,50.350582,21.612773,0.001937,5.73,3,0.020942
threads,0,2,6,21,21,1409286144,67108864,67108864,46.162674,21.314343,0.003146,8.623,3,0.027792
threads,0,2,6,22,22,1476395008,67108864,67108864,68.075375,18.526337,0.001356,3.786,3,0.013869
threads,0,2,6,23,23,1543503872,67108864,67108864,46.582685,10.995616,0.001879,5.724,3,0.016595
threads,0,2,6,24,24,1610612736,67108864,67108864,49.922209,5.061164,0.000918,3.234,3,0.008884
threads,0,2,6,25,25,1677721600,67108864,67108864,44.499163,8.455787,0.003738,10.588,3,0.036569
threads,0,2,6,26,26,1744830464,67108864,67108864,50.586518,4.646414,0.001208,2.755,3,0.010475
threads,0,2,6,27,27,1811939328,67108864,67108864,43.892839,7.994775,0.002285,5.203,3,0.017137
threads,0,2,6,28,28,1879048192,67108864,67108864,52.040894,4.706324,1.081381,5.089,3,1.097123
threads,0,2,6,29,29,1946157056,67108864,67108864,54.653922,4.26808,0.000794,2.242,2,0.009067
threads,1,2,7,0,30,2013265920,67108864,67108864,103.369424,213.093156,216.905305,21.947,2,
threads,1,2,7,1,31,2080374784,67108864,67108864,76.558625,51.361492,0.003204,11.062,2,0.035151
threads,1,2,7,2,32,2147483648,67108864,67108864,44.410537,4.341889,3.856999,6.361,3,3.885189
threads,1,2,7,3,33,2214592512,67108864,67108864,39.291002,11.155279,0.002754,6.246,3,0.025763
threads,1,2,7,4,34,2281701376,67108864,67108864,39.769685,10.129275,0.005145,12.271,3,0.042893
threads,1,2,7,5,35,2348810240,67108864,67108864,53.040767,6.034924,0.002224,7.839,3,0.023119
threads,1,2,7,6,36,2415919104,67108864,67108864,45.973596,4.397439,2.127413,3.414,3,2.14665
threads,1,2,7,7,37,2483027968,67108864,67108864,44.818805,4.22487,3.280317,5.532,3,3.295266
threads,1,2,7,8,38,2550136832,67108864,67108864,38.961378,7.544775,0.002808,7.232,3,0.025649
threads,1,2,7,9,39,2617245696,67108864,67108864,42.591054,6.13592,0.002416,7.263,3,0.023211
threads,1,2,7,10,40,2684354560,67108864,67108864,37.010381,7.896411,0.002355,8.632,3,0.026425
threads,1,2,7,11,41,2751463424,67108864,67108864,58.111483,4.550896,3.246762,4.199,3,3.256866
threads,1,2,7,12,42,2818572288,67108864,67108864,43.94633,18.612772,0.001685,6.012,3,0.021235
threads,1,2,7,13,43,2885681152,67108864,67108864,52.136094,4.221612,1.081554,3.677,3,1.091922
threads,1,2,7,14,44,2952790016,67108864,67108864,48.92143,4.285166,4.135955,4.136,3,4.152798
threads,1,2,7,15,45,3019898880,67108864,67108864,43.969971,9.917062,0.002492,5.69,3,0.022465
threads,1,2,7,16,46,3087007744,67108864,67108864,49.925524,4.304663,2.981321,5.445,3,3.003262
threads,1,2,7,17,47,3154116608,67108864,67108864,44.695131,11.1767,0.003292,7.57,3,0.026188
threads,1,2,7,18,48,3221225472,67108864,67108864,49.566191,5.620967,0.001959,5.463,3,0.020054
threads,1,2,7,19,49,3288334336,67108864,67108864,114.546809,6.233161,0.003113,9.185,3,0.031639
threads,1,2,7,20,50,3355443200,67108864,67108864,44.301204,10.24019,0.001773,4.575,3,0.017713
threads,1,2,7,21,51,3422552064,67108864,67108864,41.390804,4.419754,3.046589,5.149,3,3.062456
threads,1,2,7,22,52,3489660928,67108864,67108864,41.116448,4.350292,3.378744,6.029,3,3.399408
threads,1,2,7,23,53,3556769792,67108864,67108864,49.564964,4.325078,2.7561,4.538,3,2.775937
threads,1,2,7,24,54,3623878656,67108864,67108864,46.54199,4.311457,2.941543,4.434,3,2.961057
threads,1,2,7,25,55,3690987520,67108864,67108864,48.290495,8.297994,0.002858,5.379,3,0.022165
threads,1,2,7,26,56,3758096384,67108864,67108864,47.245196,4.486337,0.003171,8.001,3,0.028516
threads,1,2,7,27,57,3825205248,67108864,67108864,48.257578,7.805483,0.001018,2.896,3,0.010098
threads,1,2,7,28,58,3892314112,67108864,67108864,55.279574,4.967847,0.001731,6.78,3,0.020835
threads,1,2,7,29,59,3959422976,67108864,67108864,49.822107,5.080529,6.540004,3.756,3,6.55724
threads,2,2,8,0,60,4026531840,67108864,67108864,260.782728,4.018025,3.71209,11.65,1,
threads,2,2,8,1,61,4093640704,67108864,67108864,61.555235,47.736882,0.005123,12.983,2,0.04731
threads,2,2,8,2,62,4160749568,67108864,67108864,148.11173,5.948932,0.005273,14.397,2,0.06139
threads,2,2,8,3,63,4227858432,67108864,67108864,43.871882,24.917171,0.002864,6.669,3,0.024072
threads,2,2,8,4,64,4294967296,67108864,67108864,269.720519,24.465139,0.001964,3.261,3,0.015273
threads,2,2,8,5,65,4362076160,67108864,67108864,42.968952,4.306319,2.913588,5.788,3,2.933557
threads,2,2,8,6,66,4429185024,67108864,67108864,56.657888,4.452791,1.085221,5.842,3,1.10189
threads,2,2,8,7,67,4496293888,67108864,67108864,56.194859,4.330581,2.755653,3.275,3,2.771524
threads,2,2,8,8,68,4563402752,67108864,67108864,43.287818,11.55313,0.003928,8.608,3,0.030479
threads,2,2,8,9,69,4630511616,67108864,67108864,52.570436,7.956152,0.002715,5.606,3,0.024181
threads,2,2,8,10,70,4697620480,67108864,67108864,43.064862,8.887415,0.001503,4.231,3,0.015196
threads,2,2,8,11,71,4764729344,67108864,67108864,50.239955,11.316719,0.001553,3.551,3,0.014813
threads,2,2,8,12,72,4831838208,67108864,67108864,48.96405,9.148822,0.0033,8.655,3,0.030963
threads,2,2,8,13,73,4898947072,67108864,67108864,40.827211,13.194996,0.001967,6.307,3,0.021586
threads,2,2,8,14,74,4966055936,67108864,67108864,40.716212,8.45791,0.002203,5.421,3,0.019372
threads,2,2,8,15,75,5033164800,67108864,67108864,50.643168,10.769197,0.001923,4.544,3,0.017101
threads,2,2,8,16,76,5100273664,67108864,67108864,48.732103,11.459017,0.003706,10.443,3,0.033636
threads,2,2,8,17,77,5167382528,67108864,67108864,46.10093,13.059906,0.2154,4.944,3,0.232446
threads,2,2,8,18,78,5234491392,67108864,67108864,44.963505,14.38198,0.001223,3.253,3,0.011356
threads,2,2,8,19,79,5301600256,67108864,67108864,47.609234,4.469102,0.001132,3.024,3,0.011618
threads,2,2,8,20,80,5368709120,67108864,67108864,50.75811,5.499996,0.001184,4.191,3,0.013229
threads,2,2,8,21,81,5435817984,67108864,67108864,43.956512,6.310124,0.001052,2.754,3,0.010796
threads,2,2,8,22,82,5502926848,67108864,67108864,47.630405,5.773546,0.0019,4.831,3,0.016548
threads,2,2,8,23,83,5570035712,67108864,67108864,56.726514,5.030758,2.210231,3.569,3,2.230462
threads,2,2,8,24,84,5637144576,67108864,67108864,54.373048,16.779635,0.001018,3.275,3,0.012325
threads,2,2,8,25,85,5704253440,67108864,67108864,35.572956,14.040119,0.001858,4.498,3,0.017926
threads,2,2,8,26,86,5771362304,67108864,67108864,33.623228,35.585443,0.002242,4.879,1,0.012487
threads,2,2,8,27,87,5838471168,67108864,67108864,33.858231,33.635285,0.001328,2.86,0,0.012057
threads,2,2,8,28,88,5905580032,67108864,67108864,35.063399,33.86992,0.001497,3.556,0,0.011689
threads,2,2,8,29,89,5972688896,67108864,67108864,28.57809,35.084253,0.002388,5.573,0,0.020854
threads,3,2,9,0,90,6039797760,67108864,67108864,264.927159,,0.046445,9.332,0,
threads,3,2,9,1,91,6106906624,67108864,67108864,65.847946,4.267233,65.767779,6.75,3,65.804762
threads,3,2,9,2,92,6174015488,67108864,67108864,37.601802,65.88576,0.004317,10.734,3,0.037814
threads,3,2,9,3,93,6241124352,67108864,67108864,141.061071,28.751937,0.001558,6.664,3,0.021108
threads,3,2,9,4,94,6308233216,67108864,67108864,49.413488,33.775061,0.001924,2.845,3,0.010885
threads,3,2,9,5,95,6375342080,67108864,67108864,41.508753,29.617782,0.003555,8.076,3,0.027943
threads,3,2,9,6,96,6442450944,67108864,67108864,40.372596,32.298005,0.001514,4.612,3,0.015796
threads,3,2,9,7,97,6509559808,67108864,67108864,40.836815,28.439954,0.002326,5.938,3,0.020848
threads,3,2,9,8,98,6576668672,67108864,67108864,39.287027,29.077248,0.001854,5.956,3,0.020173
threads,3,2,9,9,99,6643777536,67108864,67108864,43.897374,25.373699,0.002248,4.378,3,0.019416
threads,3,2,9,10,100,6710886400,67108864,67108864,59.53647,29.932051,0.002866,7.425,3,0.026996
threads,3,2,9,11,101,6777995264,67108864,67108864,48.988525,32.167083,0.0016,4.464,3,0.015152
threads,3,2,9,12,102,6845104128,67108864,67108864,46.890914,31.131518,0.001394,4.152,3,0.014264
threads,3,2,9,13,103,6912212992,67108864,67108864,51.637552,26.770544,0.002286,4.461,3,0.018063
threads,3,2,9,14,104,6979321856,67108864,67108864,40.634323,23.027977,0.002137,4.384,3,0.016817
threads,3,2,9,15,105,7046430720,67108864,67108864,52.420485,16.82412,0.001577,4.797,3,0.016048
threads,3,2,9,16,106,7113539584,67108864,67108864,44.913107,20.308129,0.002029,4.452,3,0.01833
threads,3,2,9,17,107,7180648448,67108864,67108864,45.559649,12.404447,0.002838,7.983,3,0.026355
threads,3,2,9,18,108,7247757312,67108864,67108864,38.400237,16.598174,0.003368,7.078,3,0.02402
threads,3,2,9,19,109,7314866176,67108864,67108864,39.725444,13.719106,0.002596,7.46,3,0.021789
threads,3,2,9,20,110,7381975040,67108864,67108864,53.169618,7.364824,0.001959,6.858,3,0.02135
threads,3,2,9,21,111,7449083904,67108864,67108864,44.843267,10.170546,0.0017,3.733,3,0.014478
threads,3,2,9,22,112,7516192768,67108864,67108864,43.898746,8.853677,0.001638,3.686,3,0.016407
threads,3,2,9,23,113,7583301632,67108864,67108864,52.500136,25.185327,0.001816,5.053,3,0.018853
threads,3,2,9,24,114,7650410496,67108864,67108864,42.554093,32.749846,0.003827,9.596,3,0.039506
threads,3,2,9,25,115,7717519360,67108864,67108864,52.116434,27.705001,0.001669,5.206,3,0.023525
threads,3,2,9,26,116,7784628224,67108864,67108864,43.899249,29.066763,0.001445,3.809,3,0.014234
threads,3,2,9,27,117,7851737088,67108864,67108864,51.090272,29.029851,0.004302,9.967,3,0.036899
threads,3,2,9,28,118,7918845952,67108864,67108864,57.436129,30.285033,0.002653,7.494,3,0.025777
threads,3,2,9,29,119,7985954816,59027232,59027232,27.918462,31.002246,0.001208,4.756,3,0.019923
processes,0,6,6,0,0,0,67108864,67108864,55.069182,4.35808,13.699076,9.79,3,
processes,0,6,6,1,1,67108864,67108864,67108864,34.464297,4.986846,0.003474,9.916,3,0.047197
processes,0,6,6,2,2,134217728,67108864,67108864,35.220622,4.3062,3.506944,8.573,3,3.541504
processes,0,6,6,3,3,201326592,67108864,67108864,34.656241,4.312777,1.547114,7.453,3,1.579907
processes,0,6,6,4,4,268435456,67108864,67108864,37.682213,4.246929,1.072662,13.486,3,1.114805
processes,0,6,6,5,5,335544320,67108864,67108864,33.44374,7.735732,0.005196,12.213,3,0.044319
processes,0,6,6,6,6,402653184,67108864,67108864,35.517079,4.126257,0.003339,7.755,3,0.028087
processes,0,6,6,7,7,469762048,67108864,67108864,32.707384,4.633297,0.002669,9.986,3,0.037793
processes,0,6,6,8,8,536870912,67108864,67108864,34.129978,4.326873,5.667151,9.03,3,5.697249
processes,0,6,6,9,9,603979776,67108864,67108864,38.51134,4.157422,2.169255,10.607,3,2.19713
processes,0,6,6,10,10,671088640,67108864,67108864,34.902364,5.435475,0.00203,7.345,3,0.026791
processes,0,6,6,11,11,738197504,67108864,67108864,35.446979,5.109708,3.315854,5.706,3,3.339521
processes,0,6,6,12,12,805306368,67108864,67108864,33.356522,7.552577,0.003477,10.614,3,0.029026
processes,0,6,6,13,13,872415232,67108864,67108864,40.877981,4.76652,0.003024,9.619,3,0.038281
processes,0,6,6,14,14,939524096,67108864,67108864,39.747268,7.821521,0.00357,8.406,3,0.028622
processes,0,6,6,15,15,1006632960,67108864,67108864,43.303951,12.744741,0.005465,12.418,3,0.048725
processes,0,6,6,16,16,1073741824,67108864,67108864,38.700474,17.796289,0.00195,6.8,3,0.021968
processes,0,6,6,17,17,1140850688,67108864,67108864,34.18314,14.747169,0.004935,12.97,3,0.046899
processes,0,6,6,18,18,1207959552,67108864,67108864,35.67693,9.481205,0.003009,9.146,3,0.042996
processes,0,6,6,19,19,1275068416,67108864,67108864,34.988595,8.837717,0.00435,11.685,3,0.040834
processes,0,6,6,20,20,1342177280,67108864,67108864,37.165571,7.982291,0.003514,7.889,3,0.026811
processes,0,6,6,21,21,1409286144,67108864,67108864,34.754371,10.189698,0.005726,10.923,3,0.048051
processes,0,6,6,22,22,1476395008,67108864,67108864,36.923971,13.478463,0.004013,10.93,3,0.036
processes,0,6,6,23,23,1543503872,67108864,67108864,34.58543,16.696731,0.00547,12.913,3,0.048537
processes,0,6,6,24,24,1610612736,67108864,67108864,35.21669,17.329769,0.003966,10.291,3,0.033868
processes,0,6,6,25,25,1677721600,67108864,67108864,41.029978,19.277935,0.00542,13.45,3,0.048027
processes,0,6,6,26,26,1744830464,67108864,67108864,35.521214,20.780414,0.005823,8.695,3,0.047033
processes,0,6,6,27,27,1811939328,67108864,67108864,36.428891,21.650865,0.00431,11.51,3,0.036184
processes,0,6,6,28,28,1879048192,67108864,67108864,33.378539,22.671434,0.003551,8.711,3,0.030238
processes,0,6,6,29,29,1946157056,67108864,67108864,23.318755,20.214862,0.003566,9.417,2,0.032425
processes,1,7,7,0,30,2013265920,67108864,67108864,54.288925,4.854006,4.947705,2.941,1,
processes,1,7,7,1,31,2080374784,67108864,67108864,37.001413,4.354756,0.004792,4.908,3,0.032169
processes,1,7,7,2,32,2147483648,67108864,67108864,36.334572,4.994832,1.160011,9.04,3,1.191209
processes,1,7,7,3,33,2214592512,67108864,67108864,33.780433,4.99045,1.140579,3.49,3,1.159679
processes,1,7,7,4,34,2281701376,67108864,67108864,36.282337,5.699837,0.002792,8.244,3,0.028144
processes,1,7,7,5,35,2348810240,67108864,67108864,36.991041,6.178727,0.003016,8.852,3,0.029873
processes,1,7,7,6,36,2415919104,67108864,67108864,33.606364,4.32776,0.004123,8.691,3,0.032493
processes,1,7,7,7,37,2483027968,67108864,67108864,37.489705,4.188712,0.009652,15.822,3,0.064428
processes,1,7,7,8,38,2550136832,67108864,67108864,35.386987,4.312733,2.59802,3.965,3,2.637267
processes,1,7,7,9,39,2617245696,67108864,67108864,34.258076,4.119314,1.049101,4.177,3,1.071425
processes,1,7,7,10,40,2684354560,67108864,67108864,38.415491,5.720203,0.00318,8.48,3,0.030198
processes,1,7,7,11,41,2751463424,67108864,67108864,34.068198,4.267985,2.358723,2.963,3,2.375609
processes,1,7,7,12,42,2818572288,67108864,67108864,35.281208,6.085753,0.003512,8.991,3,0.028909
processes,1,7,7,13,43,2885681152,67108864,67108864,33.136356,7.960304,0.004338,8.45,3,0.027568
processes,1,7,7,14,44,2952790016,67108864,67108864,38.436408,6.319945,0.002932,6.676,3,0.02528
processes,1,7,7,15,45,3019898880,67108864,67108864,39.632018,6.801627,0.004054,10.467,3,0.034002
processes,1,7,7,16,46,3087007744,67108864,67108864,36.677329,12.063904,0.00456,10.272,3,0.0368
processes,1,7,7,17,47,3154116608,67108864,67108864,32.679115,10.10685,0.00281,5.937,3,0.023273
processes,1,7,7,18,48,3221225472,67108864,67108864,39.711558,5.014179,1.125911,3.577,3,1.145921
processes,1,7,7,19,49,3288334336,67108864,67108864,34.4384,9.223641,0.004584,10.235,3,0.042839
processes,1,7,7,20,50,3355443200,67108864,67108864,36.259122,9.374896,0.003118,7.732,3,0.027891
processes,1,7,7,21,51,3422552064,67108864,67108864,31.848032,6.737235,0.004824,11.469,3,0.035676
processes,1,7,7,22,52,3489660928,67108864,67108864,31.139476,4.435,2.926292,3.043,3,2.947947
processes,1,7,7,23,53,3556769792,67108864,67108864,35.635503,4.291344,3.53477,2.67,3,3.550551
processes,1,7,7,24,54,3623878656,67108864,67108864,32.106426,4.502492,2.158037,9.879,3,2.181269
processes,1,7,7,25,55,3690987520,67108864,67108864,38.631866,4.710154,1.067616,3.297,3,1.091697
processes,1,7,7,26,56,3758096384,67108864,67108864,34.49203,10.165529,0.002701,10.385,3,0.051938
processes,1,7,7,27,57,3825205248,67108864,67108864,36.401899,4.365064,0.001129,4.328,3,0.015817
processes,1,7,7,28,58,3892314112,67108864,67108864,35.792793,4.682502,0.004752,9.887,3,0.035378
processes,1,7,7,29,59,3959422976,67108864,67108864,24.995275,4.617306,0.004505,12.065,3,0.042784
processes,2,8,8,0,60,4026531840,67108864,67108864,54.753659,,0.031321,107.247,0,
processes,2,8,8,1,61,4093640704,67108864,67108864,37.505838,41.229545,0.009143,13.418,3,0.066685
processes,2,8,8,2,62,4160749568,67108864,67108864,37.450075,23.665712,0.006671,11.367,3,0.046708
processes,2,8,8,3,63,4227858432,67108864,67108864,33.055991,23.158544,0.007486,11.664,3,0.048558
processes,2,8,8,4,64,4294967296,67108864,67108864,35.774858,19.457205,0.00785,10.592,3,0.043199
processes,2,8,8,5,65,4362076160,67108864,67108864,38.83121,19.519479,0.009754,15.853,3,0.058462
processes,2,8,8,6,66,4429185024,67108864,67108864,33.746675,20.667448,0.004726,12.798,3,0.043291
processes,2,8,8,7,67,4496293888,67108864,67108864,39.971089,21.005461,0.00714,15.568,3,0.063165
processes,2,8,8,8,68,4563402752,67108864,67108864,36.611296,25.45354,0.002357,8.853,3,0.031862
processes,2,8,8,9,69,4630511616,67108864,67108864,32.651918,23.700738,0.004217,10.693,3,0.040535
processes,2,8,8,10,70,4697620480,67108864,67108864,42.19294,20.061015,0.005473,8.985,3,0.035467
processes,2,8,8,11,71,4764729344,67108864,67108864,32.245224,23.766202,0.006574,14.642,3,0.050378
processes,2,8,8,12,72,4831838208,67108864,67108864,33.40576,17.803656,0.003308,10.254,3,0.034115
processes,2,8,8,13,73,4898947072,67108864,67108864,34.76055,15.761876,0.002823,7.306,3,0.028465
processes,2,8,8,14,74,4966055936,67108864,67108864,37.960518,17.169068,0.005466,11.914,3,0.041445
processes,2,8,8,15,75,5033164800,67108864,67108864,34.366567,14.251193,0.002768,6.885,3,0.02821
processes,2,8,8,16,76,5100273664,67108864,67108864,38.615835,8.861741,0.00561,11.309,3,0.039974
processes,2,8,8,17,77,5167382528,67108864,67108864,38.440515,4.193478,0.00523,11.417,3,0.041821
processes,2,8,8,18,78,5234491392,67108864,67108864,35.497587,4.363812,0.441691,10.697,3,0.477192
processes,2,8,8,19,79,5301600256,67108864,67108864,31.913874,5.682611,0.006703,13.259,3,0.047348
processes,2,8,8,20,80,5368709120,67108864,67108864,38.887627,4.279883,2.373526,5.867,3,2.401162
processes,2,8,8,21,81,5435817984,67108864,67108864,37.059904,8.196936,0.005677,11.202,3,0.044832
processes,2,8,8,22,82,5502926848,67108864,67108864,34.800678,8.081528,0.0043,10.673,3,0.03831
processes,2,8,8,23,83,5570035712,67108864,67108864,37.57749,8.12484,0.003605,9.027,3,0.033005
processes,2,8,8,24,84,5637144576,67108864,67108864,32.956723,8.757956,0.002685,7.917,3,0.028134
processes,2,8,8,25,85,5704253440,67108864,67108864,32.056843,7.129119,0.002587,9.35,3,0.033738
processes,2,8,8,26,86,5771362304,67108864,67108864,37.31479,5.092831,1.140503,3.618,3,1.171586
processes,2,8,8,27,87,5838471168,67108864,67108864,36.067285,4.324132,2.960605,4.458,3,2.993522
processes,2,8,8,28,88,5905580032,67108864,67108864,31.952513,4.886573,0.008748,12.365,3,0.052554
processes,2,8,8,29,89,5972688896,67108864,67108864,23.491014,4.328217,3.923303,2.495,3,3.94826
processes,3,9,9,0,90,6039797760,67108864,67108864,53.476832,4.378713,9.233037,3.109,2,
processes,3,9,9,1,91,6106906624,67108864,67108864,36.475059,4.545232,0.976357,3.768,3,1.010781
processes,3,9,9,2,92,6174015488,67108864,67108864,33.157978,5.039057,2.183827,6.329,3,2.211388
processes,3,9,9,3,93,6241124352,67108864,67108864,35.813158,4.338758,3.612585,3.879,3,3.635974
processes,3,9,9,4,94,6308233216,67108864,67108864,34.214188,6.367075,0.002176,7.608,3,0.023736
processes,3,9,9,5,95,6375342080,67108864,67108864,34.35519,4.292594,0.00251,6.783,3,0.023541
processes,3,9,9,6,96,6442450944,67108864,67108864,34.992771,4.350362,2.710363,4.095,3,2.726112
processes,3,9,9,7,97,6509559808,67108864,67108864,35.024912,5.727402,0.003309,7.629,3,0.055061
processes,3,9,9,8,98,6576668672,67108864,67108864,32.819167,4.311487,3.66647,2.802,2,3.686145
processes,3,9,9,9,99,6643777536,67108864,67108864,37.233067,4.349634,3.648147,7.901,3,3.677392
processes,3,9,9,10,100,6710886400,67108864,67108864,35.18771,7.321438,0.002874,6.948,3,0.027011
processes,3,9,9,11,101,6777995264,67108864,67108864,32.957957,5.09799,3.35782,7.571,3,3.379942
processes,3,9,9,12,102,6845104128,67108864,67108864,33.959871,4.034019,0.056964,2.841,3,0.075179
processes,3,9,9,13,103,6912212992,67108864,67108864,37.825267,4.906103,2.20019,4.265,3,2.220989
processes,3,9,9,14,104,6979321856,67108864,67108864,34.850967,9.596069,0.002611,7.657,3,0.026335
processes,3,9,9,15,105,7046430720,67108864,67108864,38.255269,5.998432,0.001767,5.885,3,0.021806
processes,3,9,9,16,106,7113539584,67108864,67108864,41.771701,4.603985,0.001538,5.305,3,0.019102
processes,3,9,9,17,107,7180648448,67108864,67108864,39.459987,9.699876,0.002738,6.709,3,0.024792
processes,3,9,9,18,108,7247757312,67108864,67108864,36.333894,15.36694,0.003515,8.93,3,0.032113
processes,3,9,9,19,109,7314866176,67108864,67108864,35.839258,11.973795,0.003587,7.318,3,0.027358
processes,3,9,9,20,110,7381975040,67108864,67108864,34.976197,13.378336,0.005409,7.969,3,0.031574
processes,3,9,9,21,111,7449083904,67108864,67108864,31.475523,12.089753,0.003971,7.91,3,0.030018
processes,3,9,9,22,112,7516192768,67108864,67108864,33.728692,8.79538,0.002678,7.042,3,0.026083
processes,3,9,9,23,113,7583301632,67108864,67108864,33.962056,7.859593,0.002636,7.232,3,0.025548
processes,3,9,9,24,114,7650410496,67108864,67108864,32.214262,4.029081,0.002681,7.749,3,0.024204
processes,3,9,9,25,115,7717519360,67108864,67108864,38.398573,4.147509,1.080041,7.312,3,1.102289
processes,3,9,9,26,116,7784628224,67108864,67108864,34.656713,5.038237,1.139047,8.833,3,1.175959
processes,3,9,9,27,117,7851737088,67108864,67108864,34.366864,5.217337,0.003131,7.585,3,0.030234
processes,3,9,9,28,118,7918845952,67108864,67108864,35.084668,4.21862,1.054321,4.217,3,1.071696
processes,3,9,9,29,119,7985954816,59027232,59027232,20.335199,4.250579,0.766628,2.679,3,0.782868
processes,0,6,6,0,0,0,67108864,67108864,110.771099,,0.047712,143.737,0,
processes,0,6,6,1,1,67108864,67108864,67108864,107.944939,97.488299,0.009935,25.741,3,0.084417
processes,0,6,6,2,2,134217728,67108864,67108864,110.025773,6.112051,0.00991,19.186,3,0.056788
processes,0,6,6,3,3,201326592,67108864,67108864,69.40681,5.482388,0.00778,12.38,3,0.046167
processes,0,6,6,4,4,268435456,67108864,67108864,70.560604,11.512058,0.006578,11.119,3,0.04044
processes,0,6,6,5,5,335544320,67108864,67108864,83.590013,22.358724,0.011216,13.523,3,0.06642
processes,0,6,6,6,6,402653184,67108864,67108864,61.509262,34.273351,0.007777,16.401,3,0.057613
processes,0,6,6,7,7,469762048,67108864,67108864,58.266077,30.45438,0.039721,17.031,3,0.096078
processes,0,6,6,8,8,536870912,67108864,67108864,77.651155,17.830862,0.00801,17.546,3,0.058884
processes,0,6,6,9,9,603979776,67108864,67108864,86.61091,32.520562,0.008573,15.504,3,0.055366
processes,0,6,6,10,10,671088640,67108864,67108864,108.417036,37.423007,0.006568,14.199,3,0.049208
processes,0,6,6,11,11,738197504,67108864,67108864,69.565747,12.730256,0.004549,12.502,3,0.040232
processes,0,6,6,12,12,805306368,67108864,67108864,86.423308,6.169668,0.006282,12.774,3,0.041163
processes,0,6,6,13,13,872415232,67108864,67108864,82.015143,19.536407,0.008655,17.075,3,0.059266
processes,0,6,6,14,14,939524096,67108864,67108864,78.655203,4.709547,1.180416,13.2,3,1.220352
processes,0,6,6,15,15,1006632960,67108864,67108864,80.332437,6.617722,0.006361,14.004,3,0.049853
processes,0,6,6,16,16,1073741824,67108864,67108864,82.449333,5.032394,1.212421,15.276,3,1.255335
processes,0,6,6,17,17,1140850688,67108864,67108864,99.457227,17.49582,0.009226,16.837,3,0.060203
processes,0,6,6,18,18,1207959552,67108864,67108864,69.871578,4.300066,3.24074,6.152,3,3.271561
processes,0,6,6,19,19,1275068416,67108864,67108864,103.524466,13.017697,0.006469,13.876,3,0.048996
processes,0,6,6,20,20,1342177280,67108864,67108864,68.193715,24.442842,0.007272,16.127,3,0.054596
processes,0,6,6,21,21,1409286144,67108864,67108864,111.406204,26.476866,0.012139,14.527,3,0.054681
processes,0,6,6,22,22,1476395008,67108864,67108864,126.779425,46.416538,0.007633,15.212,3,0.065992
processes,0,6,6,23,23,1543503872,67108864,67108864,132.394414,48.005586,0.00804,18.319,3,0.063584
processes,0,6,6,24,24,1610612736,67108864,67108864,125.363901,50.191411,0.008781,15.163,3,0.063578
processes,0,6,6,25,25,1677721600,67108864,67108864,126.217845,44.04431,0.008193,45.463,3,0.088157
processes,0,6,6,26,26,1744830464,67108864,67108864,126.510635,44.954373,0.005679,13.266,3,0.057883
processes,0,6,6,27,27,1811939328,67108864,67108864,127.990381,45.73827,0.005151,13.205,3,0.041446
processes,0,6,6,28,28,1879048192,67108864,67108864,127.00253,43.57757,0.004462,13.323,3,0.042542
processes,0,6,6,29,29,1946157056,67108864,67108864,91.488248,45.327956,0.004704,13.325,3,0.039767
processes,1,7,7,0,30,2013265920,67108864,67108864,168.416717,4.597201,4.690655,132.727,1,
processes,1,7,7,1,31,2080374784,67108864,67108864,114.836587,62.234479,0.010787,18.405,3,0.076077
processes,1,7,7,2,32,2147483648,67108864,67108864,66.009113,69.132637,0.01189,15.87,3,0.063298
processes,1,7,7,3,33,2214592512,67108864,67108864,78.342252,25.129018,0.006461,13.863,3,0.059208
processes,1,7,7,4,34,2281701376,67108864,67108864,78.248436,34.087189,0.006884,23.228,3,0.063169
processes,1,7,7,5,35,2348810240,67108864,67108864,61.668932,4.365163,3.202399,6.353,2,3.237284
processes,1,7,7,6,36,2415919104,67108864,67108864,57.319194,23.031729,0.008819,18.401,3,0.064538
processes,1,7,7,7,37,2483027968,67108864,67108864,67.20762,18.816103,0.007306,18.323,3,0.07052
processes,1,7,7,8,38,2550136832,67108864,67108864,98.086076,27.764141,0.006932,20.362,3,0.065379
processes,1,7,7,9,39,2617245696,67108864,67108864,86.917528,4.046605,1.05874,5.231,3,1.093415
processes,1,7,7,10,40,2684354560,67108864,67108864,61.519538,38.33097,0.007343,15.213,3,0.05761
processes,1,7,7,11,41,2751463424,67108864,67108864,75.808259,4.763285,2.119626,4.611,3,2.148884
processes,1,7,7,12,42,2818572288,67108864,67108864,106.33988,11.017019,0.006344,14.201,3,0.052385
processes,1,7,7,13,43,2885681152,67108864,67108864,66.935333,26.804357,0.008519,16.802,3,0.061263
processes,1,7,7,14,44,2952790016,67108864,67108864,108.430537,14.689442,0.007545,16.043,3,0.054016
processes,1,7,7,15,45,3019898880,67108864,67108864,70.900719,4.272054,2.333716,5.814,3,2.366157
processes,1,7,7,16,46,3087007744,67108864,67108864,77.899448,4.90137,0.006506,15.286,3,0.053349
processes,1,7,7,17,47,3154116608,67108864,67108864,73.385978,15.329109,0.007854,18.622,3,0.06589
processes,1,7,7,18,48,3221225472,67108864,67108864,70.096595,4.41627,2.122702,7.474,3,2.155902
processes,1,7,7,19,49,3288334336,67108864,67108864,74.420994,4.649265,0.007291,15.936,3,0.056974
processes,1,7,7,20,50,3355443200,67108864,67108864,66.149446,10.470714,0.008645,19.833,3,0.065961
processes,1,7,7,21,51,3422552064,67108864,67108864,91.483191,8.452387,0.006687,17.085,3,0.064926
processes,1,7,7,22,52,3489660928,67108864,67108864,125.184516,10.406285,0.006247,14.104,3,0.049333
processes,1,7,7,23,53,3556769792,67108864,67108864,130.211074,11.057237,0.007888,16.522,3,0.069445
processes,1,7,7,24,54,3623878656,67108864,67108864,131.544579,18.005041,0.00719,17.235,3,0.061093
processes,1,7,7,25,55,3690987520,67108864,67108864,125.297947,18.879898,0.006681,15.523,3,0.05458
processes,1,7,7,26,56,3758096384,67108864,67108864,125.719405,17.519784,0.006534,16.214,3,0.067718
processes,1,7,7,27,57,3825205248,67108864,67108864,130.144606,15.138366,0.006206,14.991,3,0.048779
processes,1,7,7,28,58,3892314112,67108864,67108864,125.242909,22.134476,0.005884,15.085,3,0.049017
processes,1,7,7,29,59,3959422976,67108864,67108864,119.161228,17.741352,0.005557,14.603,3,0.049002
processes,2,8,8,0,60,4026531840,67108864,67108864,177.947479,4.361345,8.923868,90.023,2,
processes,2,8,8,1,61,4093640704,67108864,67108864,109.18087,13.883293,0.009596,16.843,3,0.067263
processes,2,8,8,2,62,4160749568,67108864,67108864,66.223088,8.20205,0.004345,12.011,3,0.037772
processes,2,8,8,3,63,4227858432,67108864,67108864,71.58585,8.404185,0.005342,14.168,3,0.047368
processes,2,8,8,4,64,4294967296,67108864,67108864,72.753716,4.30754,2.679597,14.447,3,2.722926
processes,2,8,8,5,65,4362076160,67108864,67108864,74.106438,40.580722,0.007615,17.434,3,0.059301
processes,2,8,8,6,66,4429185024,67108864,67108864,67.881611,4.04499,0.082114,4.806,3,0.111426
processes,2,8,8,7,67,4496293888,67108864,67108864,61.904956,4.301381,3.029623,7.288,3,3.066868
processes,2,8,8,8,68,4563402752,67108864,67108864,77.657381,4.252645,1.079769,7.039,3,1.111865
processes,2,8,8,9,69,4630511616,67108864,67108864,102.514055,11.852414,0.006857,16.265,3,0.053687
processes,2,8,8,10,70,4697620480,67108864,67108864,82.70095,11.54631,0.006606,15.705,3,0.053998
processes,2,8,8,11,71,4764729344,67108864,67108864,101.084476,30.643787,0.008593,20.225,3,0.064949
processes,2,8,8,12,72,4831838208,67108864,67108864,65.064089,55.929148,0.008135,18.019,3,0.061529
processes,2,8,8,13,73,4898947072,67108864,67108864,88.710768,14.649616,0.007531,16.853,3,0.057522
processes,2,8,8,14,74,4966055936,67108864,67108864,70.026348,36.432953,0.008284,18.864,3,0.061918
processes,2,8,8,15,75,5033164800,67108864,67108864,70.249905,42.509026,0.009951,18.015,3,0.065339
processes,2,8,8,16,76,5100273664,67108864,67108864,67.478844,31.246006,0.005635,14.966,3,0.074847
processes,2,8,8,17,77,5167382528,67108864,67108864,82.083387,16.274069,0.007615,16.703,3,0.058755
processes,2,8,8,18,78,5234491392,67108864,67108864,61.142376,41.455446,0.008885,21.874,3,0.071266
processes,2,8,8,19,79,5301600256,67108864,67108864,81.608252,24.858058,0.008186,18.055,3,0.060567
processes,2,8,8,20,80,5368709120,67108864,67108864,66.969763,18.810621,0.008441,19.362,3,0.074951
processes,2,8,8,21,81,5435817984,67108864,67108864,89.518595,4.925288,1.223502,10.139,3,1.262936
processes,2,8,8,22,82,5502926848,67108864,67108864,124.487987,19.046215,0.005776,14.734,3,0.060031
processes,2,8,8,23,83,5570035712,67108864,67108864,123.270286,15.995927,0.053059,18.217,3,0.115022
processes,2,8,8,24,84,5637144576,67108864,67108864,130.677542,15.615364,0.007149,15.944,3,0.054077
processes,2,8,8,25,85,5704253440,67108864,67108864,126.667342,18.888601,0.005863,14.534,3,0.04676
processes,2,8,8,26,86,5771362304,67108864,67108864,128.105939,12.714507,0.004699,13.158,3,0.058437
processes,2,8,8,27,87,5838471168,67108864,67108864,123.153929,16.245902,0.005177,13.865,3,0.043663
processes,2,8,8,28,88,5905580032,67108864,67108864,129.628831,11.854654,0.005561,14.395,3,0.043584
processes,2,8,8,29,89,5972688896,67108864,67108864,124.379337,13.573624,0.006582,15.473,3,0.056204
processes,3,9,9,0,90,6039797760,67108864,67108864,199.299348,4.408671,13.318652,144.891,3,
processes,3,9,9,1,91,6106906624,67108864,67108864,110.643554,25.771904,0.008831,18.334,3,0.078627
processes,3,9,9,2,92,6174015488,67108864,67108864,63.358284,27.254865,0.007086,18.196,3,0.058049
processes,3,9,9,3,93,6241124352,67108864,67108864,59.737888,24.401989,0.005994,28.031,3,0.059296
processes,3,9,9,4,94,6308233216,67108864,67108864,63.64147,9.873571,0.005478,13.045,3,0.04247
processes,3,9,9,5,95,6375342080,67108864,67108864,61.324339,4.42839,8.053294,6.855,3,8.091529
processes,3,9,9,6,96,6442450944,67108864,67108864,70.611679,4.074241,0.00771,16.052,3,0.054982
processes,3,9,9,7,97,6509559808,67108864,67108864,63.012503,17.376615,0.009371,21.973,3,0.080409
processes,3,9,9,8,98,6576668672,67108864,67108864,70.047159,13.169173,0.007289,17.337,3,0.053054
processes,3,9,9,9,99,6643777536,67108864,67108864,64.499275,33.338092,0.009014,17.814,3,0.06414
processes,3,9,9,10,100,6710886400,67108864,67108864,84.462688,11.221161,0.004923,12.856,3,0.043912
processes,3,9,9,11,101,6777995264,67108864,67108864,76.111196,34.628571,0.0048,14.517,3,0.043163
processes,3,9,9,12,102,6845104128,67108864,67108864,93.047844,28.03017,0.006688,15.39,3,0.056302
processes,3,9,9,13,103,6912212992,67108864,67108864,74.333781,4.131231,3.708139,4.507,3,3.735629
processes,3,9,9,14,104,6979321856,67108864,67108864,76.732326,32.940744,0.008301,18.994,3,0.060936
processes,3,9,9,15,105,7046430720,67108864,67108864,83.119497,20.964939,0.00764,16.495,3,0.064555
processes,3,9,9,16,106,7113539584,67108864,67108864,70.001836,29.774298,0.007022,14.755,3,0.053603
processes,3,9,9,17,107,7180648448,67108864,67108864,74.410876,28.86634,0.004232,12.34,3,0.044274
processes,3,9,9,18,108,7247757312,67108864,67108864,77.739922,25.370098,0.007025,18.473,3,0.05822
processes,3,9,9,19,109,7314866176,67108864,67108864,87.677642,27.628549,0.006956,14.752,3,0.060409
processes,3,9,9,20,110,7381975040,67108864,67108864,82.052574,45.20562,0.007085,16.191,3,0.052998
processes,3,9,9,21,111,7449083904,67108864,67108864,75.411171,28.393855,0.007698,14.453,3,0.065458
processes,3,9,9,22,112,7516192768,67108864,67108864,127.572491,35.603158,0.00557,14.248,3,0.046528
processes,3,9,9,23,113,7583301632,67108864,67108864,123.65256,51.784259,0.007752,16.52,3,0.080806
processes,3,9,9,24,114,7650410496,67108864,67108864,127.385894,48.646176,0.007428,15.358,3,0.052366
processes,3,9,9,25,115,7717519360,67108864,67108864,132.836281,43.639249,0.007031,15.878,3,0.065171
processes,3,9,9,26,116,7784628224,67108864,67108864,124.576076,51.087064,0.006794,15.182,3,0.063592
processes,3,9,9,27,117,7851737088,67108864,67108864,127.549653,49.429543,0.005062,12.783,3,0.042131
processes,3,9,9,28,118,7918845952,67108864,67108864,127.925124,50.466223,0.004552,11.928,3,0.039108
processes,3,9,9,29,119,7985954816,59027232,59027232,119.00334,50.399365,0.004409,12.274,3,0.040941
processes,0,6,6,0,0,0,67108864,67108864,54.485007,4.701828,4.745798,9.245,1,
processes,0,6,6,1,1,67108864,67108864,67108864,35.022874,6.893615,0.008223,9.79,3,0.054111
processes,0,6,6,2,2,134217728,67108864,67108864,35.93422,4.856757,1.166994,16.926,3,1.208305
processes,0,6,6,3,3,201326592,67108864,67108864,33.136307,4.508291,2.142822,5.807,3,2.166358
processes,0,6,6,4,4,268435456,67108864,67108864,36.181823,4.386376,4.040193,13.694,3,4.086025
processes,0,6,6,5,5,335544320,67108864,67108864,34.517479,4.507751,1.086799,13.877,3,1.12603
processes,0,6,6,6,6,402653184,67108864,67108864,39.032197,4.203115,2.353843,7.676,3,2.382527
processes,0,6,6,7,7,469762048,67108864,67108864,39.56537,4.898862,1.156468,16.52,3,1.198459
processes,0,6,6,8,8,536870912,67108864,67108864,39.524657,7.79375,0.003223,10.044,3,0.035857
processes,0,6,6,9,9,603979776,67108864,67108864,39.587544,12.440196,0.004752,10.195,3,0.035587
processes,0,6,6,10,10,671088640,67108864,67108864,37.974827,16.551888,0.003826,10.399,3,0.033679
processes,0,6,6,11,11,738197504,67108864,67108864,39.793694,10.188749,0.003329,10.407,3,0.04033
processes,0,6,6,12,12,805306368,67108864,67108864,33.48489,7.082111,0.003946,8.7,3,0.030346
processes,0,6,6,13,13,872415232,67108864,67108864,36.361248,4.508128,3.229633,5.681,3,3.252646
processes,0,6,6,14,14,939524096,67108864,67108864,38.357798,5.094056,2.203934,7.403,3,2.23071
processes,0,6,6,15,15,1006632960,67108864,67108864,37.246558,4.779644,0.002264,6.743,3,0.020967
processes,0,6,6,16,16,1073741824,67108864,67108864,35.990634,4.78212,0.003811,8.427,3,0.033923
processes,0,6,6,17,17,1140850688,67108864,67108864,32.921945,4.298605,3.485866,9.411,3,3.513806
processes,0,6,6,18,18,1207959552,67108864,67108864,38.647352,4.04668,1.152406,6.137,3,1.171707
processes,0,6,6,19,19,1275068416,67108864,67108864,37.597534,4.431541,0.002763,7.701,3,0.028547
processes,0,6,6,20,20,1342177280,67108864,67108864,36.360993,7.384877,0.003689,10.073,3,0.030581
processes,0,6,6,21,21,1409286144,67108864,67108864,36.280047,8.283219,0.007086,12.581,3,0.04647
processes,0,6,6,22,22,1476395008,67108864,67108864,35.511601,8.365452,0.003336,9.97,3,0.029316
processes,0,6,6,23,23,1543503872,67108864,67108864,36.191737,7.081136,0.003902,8.473,3,0.032112
processes,0,6,6,24,24,1610612736,67108864,67108864,37.910992,7.929752,0.003113,9.356,3,0.028475
processes,0,6,6,25,25,1677721600,67108864,67108864,42.62431,12.815736,0.003917,9.519,3,0.035601
processes,0,6,6,26,26,1744830464,67108864,67108864,37.646148,14.973251,0.004523,10.894,3,0.04689
processes,0,6,6,27,27,1811939328,67108864,67108864,33.569408,13.666778,0.004634,10.579,3,0.03852
processes,0,6,6,28,28,1879048192,67108864,67108864,34.331728,9.122991,0.003421,9.04,3,0.028917
processes,0,6,6,29,29,1946157056,67108864,67108864,23.097008,5.762511,0.003694,9.295,3,0.031501
processes,1,7,7,0,30,2013265920,67108864,67108864,56.326891,4.304767,13.269104,65.32,3,
processes,1,7,7,1,31,2080374784,67108864,67108864,36.938243,6.217241,0.00263,9.123,3,0.05093
processes,1,7,7,2,32,2147483648,67108864,67108864,35.514353,6.598425,0.004453,12.875,3,0.040599
processes,1,7,7,3,33,2214592512,67108864,67108864,35.864766,4.319313,0.003782,10.359,3,0.034565
processes,1,7,7,4,34,2281701376,67108864,67108864,35.276449,4.591782,2.166761,10.08,3,2.19609
processes,1,7,7,5,35,2348810240,67108864,67108864,39.993255,4.278321,4.072031,3.888,3,4.093169
processes,1,7,7,6,36,2415919104,67108864,67108864,42.582233,10.301341,0.004551,11.921,3,0.03717
processes,1,7,7,7,37,2483027968,67108864,67108864,40.392472,12.753104,0.004106,12.772,3,0.042546
processes,1,7,7,8,38,2550136832,67108864,67108864,40.681323,13.574741,0.003317,8.848,3,0.028849
processes,1,7,7,9,39,2617245696,67108864,67108864,44.053464,14.794095,0.004189,11.334,3,0.036247
processes,1,7,7,10,40,2684354560,67108864,67108864,43.210646,19.480613,0.003014,8.548,3,0.027539
processes,1,7,7,11,41,2751463424,67108864,67108864,36.198127,4.30596,4.022121,4.002,3,4.047011
processes,1,7,7,12,42,2818572288,67108864,67108864,35.34895,4.274172,3.083545,5.048,3,3.113392
processes,1,7,7,13,43,2885681152,67108864,67108864,35.740685,4.258213,2.629583,5.438,3,2.65708
processes,1,7,7,14,44,2952790016,67108864,67108864,33.181103,4.291194,2.919995,9.355,3,2.952492
processes,1,7,7,15,45,3019898880,67108864,67108864,39.958362,4.325263,4.063844,7.513,3,4.096902
processes,1,7,7,16,46,3087007744,67108864,67108864,34.317694,6.256301,0.002942,9.358,3,0.029593
processes,1,7,7,17,47,3154116608,67108864,67108864,38.258044,4.704432,0.002714,9.167,3,0.027883
processes,1,7,7,18,48,3221225472,67108864,67108864,34.6439,7.7215,0.003271,10.422,3,0.032994
processes,1,7,7,19,49,3288334336,67108864,67108864,35.473863,8.573152,0.003668,10.843,3,0.030879
processes,1,7,7,20,50,3355443200,67108864,67108864,36.190458,4.664891,0.003675,10.824,3,0.035258
processes,1,7,7,21,51,3422552064,67108864,67108864,36.795381,4.439829,0.003839,10.23,3,0.036672
processes,1,7,7,22,52,3489660928,67108864,67108864,35.33432,4.657295,0.00461,10.688,3,0.032648
processes,1,7,7,23,53,3556769792,67108864,67108864,33.033027,5.754095,0.00435,10.992,3,0.037276
processes,1,7,7,24,54,3623878656,67108864,67108864,36.779638,4.975036,0.003901,9.076,3,0.027582
processes,1,7,7,25,55,3690987520,67108864,67108864,36.394516,4.30053,3.708099,5.779,3,3.734047
processes,1,7,7,26,56,3758096384,67108864,67108864,36.997569,4.194336,2.57215,2.255,3,2.596625
processes,1,7,7,27,57,3825205248,67108864,67108864,37.6955,5.021078,1.126775,2.945,3,1.144543
processes,1,7,7,28,58,3892314112,67108864,67108864,34.377588,7.275658,0.003245,8.967,3,0.028209
processes,1,7,7,29,59,3959422976,67108864,67108864,24.527867,16.1201,0.003103,8.558,1,0.02732
processes,2,8,8,0,60,4026531840,67108864,67108864,52.277924,,0.028145,116.459,0,
processes,2,8,8,1,61,4093640704,67108864,67108864,38.228501,39.042811,0.005188,15.484,3,0.069407
processes,2,8,8,2,62,4160749568,67108864,67108864,38.413643,20.933027,0.00615,11.768,3,0.039536
processes,2,8,8,3,63,4227858432,67108864,67108864,37.304806,22.403229,0.006235,10.43,3,0.035401
processes,2,8,8,4,64,4294967296,67108864,67108864,37.151919,24.198558,0.006087,11.33,3,0.039441
processes,2,8,8,5,65,4362076160,67108864,67108864,37.155867,23.32418,0.005527,9.251,3,0.034559
processes,2,8,8,6,66,4429185024,67108864,67108864,39.487126,21.159204,0.004466,9.71,3,0.048775
processes,2,8,8,7,67,4496293888,67108864,67108864,36.655694,20.663688,0.004955,13.201,3,0.047783
processes,2,8,8,8,68,4563402752,67108864,67108864,34.892322,14.745248,0.006006,13.954,3,0.050645
processes,2,8,8,9,69,4630511616,67108864,67108864,35.473013,9.237725,0.002558,6.999,3,0.021476
processes,2,8,8,10,70,4697620480,67108864,67108864,40.416774,4.029686,0.004497,10.577,3,0.036518
processes,2,8,8,11,71,4764729344,67108864,67108864,38.593661,4.326979,3.943878,2.978,3,3.961522
processes,2,8,8,12,72,4831838208,67108864,67108864,39.312267,24.413606,0.004071,9.46,3,0.031057
processes,2,8,8,13,73,4898947072,67108864,67108864,37.977858,21.595327,0.00385,9.536,3,0.03104
processes,2,8,8,14,74,4966055936,67108864,67108864,38.628477,23.94854,0.006478,11.021,3,0.044131
processes,2,8,8,15,75,5033164800,67108864,67108864,37.204083,24.971481,0.004116,10.356,3,0.031719
processes,2,8,8,16,76,5100273664,67108864,67108864,37.955394,23.10544,0.004961,12.094,3,0.039853
processes,2,8,8,17,77,5167382528,67108864,67108864,35.866452,24.919696,0.008084,43.559,3,0.101523
processes,2,8,8,18,78,5234491392,67108864,67108864,35.240512,20.895923,0.003779,9.843,3,0.030994
processes,2,8,8,19,79,5301600256,67108864,67108864,33.764614,21.586265,0.003551,9.286,3,0.033458
processes,2,8,8,20,80,5368709120,67108864,67108864,39.383449,17.255815,0.004407,34.132,3,0.058513
processes,2,8,8,21,81,5435817984,67108864,67108864,36.424097,18.524216,0.005317,10.521,3,0.033933
processes,2,8,8,22,82,5502926848,67108864,67108864,36.583895,15.599972,0.003782,7.206,3,0.028095
processes,2,8,8,23,83,5570035712,67108864,67108864,34.254269,11.755782,0.003124,7.805,3,0.026668
processes,2,8,8,24,84,5637144576,67108864,67108864,33.818467,8.346533,0.002181,6.001,3,0.020527
processes,2,8,8,25,85,5704253440,67108864,67108864,39.006039,4.437672,0.002794,5.973,3,0.021201
processes,2,8,8,26,86,5771362304,67108864,67108864,39.053533,4.795901,2.15744,2.471,3,2.182152
processes,2,8,8,27,87,5838471168,67108864,67108864,37.289168,8.810739,0.005228,12.981,3,0.043802
processes,2,8,8,28,88,5905580032,67108864,67108864,35.439606,12.711453,0.002035,8.678,3,0.026202
processes,2,8,8,29,89,5972688896,67108864,67108864,23.878185,11.582431,0.004416,9.145,3,0.029523
processes,3,9,9,0,90,6039797760,67108864,67108864,51.772036,4.297925,9.023317,55.442,2,
processes,3,9,9,1,91,6106906624,67108864,67108864,34.401051,4.224154,2.642715,17.626,3,2.693311
processes,3,9,9,2,92,6174015488,67108864,67108864,33.594646,4.590633,2.166823,12.643,3,2.196607
processes,3,9,9,3,93,6241124352,67108864,67108864,35.505146,4.318085,4.212486,5.718,3,4.233384
processes,3,9,9,4,94,6308233216,67108864,67108864,39.647618,4.88414,2.24388,18.166,3,2.283241
processes,3,9,9,5,95,6375342080,67108864,67108864,32.934318,7.259366,0.004521,10.021,3,0.035461
processes,3,9,9,6,96,6442450944,67108864,67108864,36.720957,4.366765,1.048652,3.45,3,1.073087
processes,3,9,9,7,97,6509559808,67108864,67108864,36.450117,4.309125,3.419294,3.655,3,3.452059
processes,3,9,9,8,98,6576668672,67108864,67108864,36.985937,4.307582,3.128748,4.311,3,3.149567
processes,3,9,9,9,99,6643777536,67108864,67108864,38.27454,4.245554,2.485345,4.102,3,2.512279
processes,3,9,9,10,100,6710886400,67108864,67108864,37.991809,4.018816,1.099809,3.283,3,1.119945
processes,3,9,9,11,101,6777995264,67108864,67108864,42.124802,4.022363,0.002747,7.875,3,0.026895
processes,3,9,9,12,102,6845104128,67108864,67108864,35.6293,6.359909,0.004262,10.55,3,0.036784
processes,3,9,9,13,103,6912212992,67108864,67108864,34.248378,5.291149,0.004504,13.38,3,0.039476
processes,3,9,9,14,104,6979321856,67108864,67108864,39.048507,4.336446,3.365069,6.166,3,3.388877
processes,3,9,9,15,105,7046430720,67108864,67108864,36.214529,5.067658,0.006807,18.993,3,0.06147
processes,3,9,9,16,106,7113539584,67108864,67108864,37.784552,4.029838,0.002743,8.451,3,0.028132
processes,3,9,9,17,107,7180648448,67108864,67108864,32.407544,4.446617,2.116635,3.388,3,2.136667
processes,3,9,9,18,108,7247757312,67108864,67108864,35.994734,4.936593,2.157225,4.414,3,2.176084
processes,3,9,9,19,109,7314866176,67108864,67108864,38.112141,4.414271,2.143595,2.619,3,2.158843
processes,3,9,9,20,110,7381975040,67108864,67108864,39.344363,4.935137,0.004809,11.152,3,0.03684
processes,3,9,9,21,111,7449083904,67108864,67108864,40.417745,7.90411,0.004002,9.009,3,0.032073
processes,3,9,9,22,112,7516192768,67108864,67108864,37.652493,12.0495,0.004756,10.224,3,0.037008
processes,3,9,9,23,113,7583301632,67108864,67108864,37.71378,14.189832,0.003955,9.235,3,0.031552
processes,3,9,9,24,114,7650410496,67108864,67108864,40.773758,15.718149,0.003615,9.512,3,0.034749
processes,3,9,9,25,115,7717519360,67108864,67108864,35.025329,18.601518,0.005296,11.505,3,0.056204
processes,3,9,9,26,116,7784628224,67108864,67108864,33.38069,11.012815,0.005695,13.859,3,0.057168
processes,3,9,9,27,117,7851737088,67108864,67108864,36.555692,6.742803,0.004157,8.618,3,0.033966
processes,3,9,9,28,118,7918845952,67108864,67108864,37.110492,9.742629,0.004825,12.781,3,0.042459
processes,3,9,9,29,119,7985954816,59027232,59027232,20.632007,12.522297,0.003882,8.534,2,0.032405
processes,0,6,6,0,0,0,67108864,67108864,67.460224,4.274667,8.362085,5.269,2,
processes,0,6,6,1,1,67108864,67108864,67108864,41.284674,11.004244,0.006196,15.23,3,0.061516
processes,0,6,6,2,2,134217728,67108864,67108864,40.860427,10.172472,0.005424,15.09,3,0.045782
processes,0,6,6,3,3,201326592,67108864,67108864,40.949043,8.817887,0.006887,14.839,3,0.047555
processes,0,6,6,4,4,268435456,67108864,67108864,44.987506,4.351628,4.30572,4.98,3,4.329018
processes,0,6,6,5,5,335544320,67108864,67108864,45.499473,4.327693,3.839233,7.202,3,3.868973
processes,0,6,6,6,6,402653184,67108864,67108864,41.088779,7.371076,0.004653,11.891,3,0.039405
processes,0,6,6,7,7,469762048,67108864,67108864,48.379061,4.84231,0.004506,13.022,3,0.049229
processes,0,6,6,8,8,536870912,67108864,67108864,47.608137,10.330271,0.004994,17.416,3,0.079027
processes,0,6,6,9,9,603979776,67108864,67108864,50.550557,17.638455,0.00656,13.71,3,0.048305
processes,0,6,6,10,10,671088640,67108864,67108864,38.736004,22.126882,0.005591,13.764,3,0.048832
processes,0,6,6,11,11,738197504,67108864,67108864,36.56348,13.699088,0.006227,14.054,3,0.047394
processes,0,6,6,12,12,805306368,67108864,67108864,44.879149,8.752617,0.005512,12.936,3,0.046407
processes,0,6,6,13,13,872415232,67108864,67108864,40.078777,4.324899,4.357723,7.582,3,4.384712
processes,0,6,6,14,14,939524096,67108864,67108864,35.051763,8.367832,0.003966,9.785,3,0.033782
processes,0,6,6,15,15,1006632960,67108864,67108864,44.433403,4.377541,2.813721,6.409,3,2.839435
processes,0,6,6,16,16,1073741824,67108864,67108864,35.906528,10.411334,0.005758,10.921,3,0.039408
processes,0,6,6,17,17,1140850688,67108864,67108864,36.883501,5.528993,0.003431,9.613,3,0.034192
processes,0,6,6,18,18,1207959552,67108864,67108864,42.73451,4.985306,2.201441,6.273,3,2.22676
processes,0,6,6,19,19,1275068416,67108864,67108864,37.826333,4.297717,2.268212,4.49,3,2.290521
processes,0,6,6,20,20,1342177280,67108864,67108864,47.861812,4.332965,1.824553,4.456,3,1.844284
processes,0,6,6,21,21,1409286144,67108864,67108864,39.139269,16.653386,0.005668,14.245,3,0.05311
processes,0,6,6,22,22,1476395008,67108864,67108864,41.000792,6.669497,0.005933,13.436,3,0.04644
processes,0,6,6,23,23,1543503872,67108864,67108864,43.701698,4.327979,3.208419,6.261,3,3.238757
processes,0,6,6,24,24,1610612736,67108864,67108864,37.205877,6.396658,0.004669,10.746,3,0.036369
processes,0,6,6,25,25,1677721600,67108864,67108864,46.649184,4.432337,1.370764,9.494,2,1.452822
processes,0,6,6,26,26,1744830464,67108864,67108864,36.10734,12.807165,0.005694,13.388,3,0.050709
processes,0,6,6,27,27,1811939328,67108864,67108864,40.601113,4.27574,3.84517,5.851,3,3.869894
processes,0,6,6,28,28,1879048192,67108864,67108864,38.476412,4.392439,4.068016,8.099,2,4.097297
processes,0,6,6,29,29,1946157056,67108864,67108864,25.718062,4.260914,4.038177,5.369,3,4.063153
processes,1,7,7,0,30,2013265920,67108864,67108864,65.452725,4.430534,12.721515,90.888,3,
processes,1,7,7,1,31,2080374784,67108864,67108864,43.671801,4.436369,2.026067,10.574,3,2.07485
processes,1,7,7,2,32,2147483648,67108864,67108864,45.031007,6.822622,0.004893,12.57,3,0.044908
processes,1,7,7,3,33,2214592512,67108864,67108864,48.564801,10.998383,0.007729,15.366,3,0.052736
processes,1,7,7,4,34,2281701376,67108864,67108864,47.31005,14.344424,0.006446,15.926,3,0.059301
processes,1,7,7,5,35,2348810240,67108864,67108864,42.121666,12.850016,0.006813,14.839,3,0.052021
processes,1,7,7,6,36,2415919104,67108864,67108864,41.998961,9.481738,0.005706,14.444,3,0.048934
processes,1,7,7,7,37,2483027968,67108864,67108864,42.097641,10.445954,0.006373,60.982,3,0.103263
processes,1,7,7,8,38,2550136832,67108864,67108864,45.363775,4.133673,0.005568,15.794,3,0.048166
processes,1,7,7,9,39,2617245696,67108864,67108864,49.7071,4.326927,2.460009,4.827,3,2.485921
processes,1,7,7,10,40,2684354560,67108864,67108864,40.064055,4.402516,5.46282,4.761,3,5.488302
processes,1,7,7,11,41,2751463424,67108864,67108864,40.967915,5.259582,0.006596,14.377,3,0.046757
processes,1,7,7,12,42,2818572288,67108864,67108864,39.393021,8.616105,0.00557,13.012,3,0.045288
processes,1,7,7,13,43,2885681152,67108864,67108864,44.433712,4.823592,0.004272,12.163,3,0.040762
processes,1,7,7,14,44,2952790016,67108864,67108864,42.526734,9.191591,0.006349,14.587,3,0.046846
processes,1,7,7,15,45,3019898880,67108864,67108864,40.426826,13.878427,0.007188,16.772,3,0.0513
processes,1,7,7,16,46,3087007744,67108864,67108864,41.0603,9.889201,0.011543,12.433,3,0.056759
processes,1,7,7,17,47,3154116608,67108864,67108864,43.044981,15.053605,0.005159,13.354,3,0.044824
processes,1,7,7,18,48,3221225472,67108864,67108864,44.533417,19.03424,0.006035,15.213,3,0.045915
processes,1,7,7,19,49,3288334336,67108864,67108864,44.169354,18.589431,0.00663,14.141,3,0.046805
processes,1,7,7,20,50,3355443200,67108864,67108864,52.824429,23.137946,0.007705,15.987,3,0.049778
processes,1,7,7,21,51,3422552064,67108864,67108864,41.653672,23.410072,0.008363,16.517,3,0.054815
processes,1,7,7,22,52,3489660928,67108864,67108864,42.805989,12.603644,0.006081,13.236,3,0.047397
processes,1,7,7,23,53,3556769792,67108864,67108864,44.939096,4.618789,1.062674,4.552,3,1.090431
processes,1,7,7,24,54,3623878656,67108864,67108864,38.280257,4.335307,2.72308,4.881,3,2.750834
processes,1,7,7,25,55,3690987520,67108864,67108864,44.27179,5.674911,0.004352,14.602,3,0.044808
processes,1,7,7,26,56,3758096384,67108864,67108864,43.35589,4.404827,4.177817,18.282,3,4.236869
processes,1,7,7,27,57,3825205248,67108864,67108864,42.625988,4.428735,1.198292,5.219,3,1.225821
processes,1,7,7,28,58,3892314112,67108864,67108864,37.966797,6.238663,0.00576,13.214,3,0.045102
processes,1,7,7,29,59,3959422976,67108864,67108864,30.369213,29.261459,0.004086,14.317,0,0.040151
processes,2,8,8,0,60,4026531840,67108864,67108864,59.6696,,0.075262,177.772,0,
processes,2,8,8,1,61,4093640704,67108864,67108864,41.548938,47.046962,0.00787,12.193,3,0.060214
processes,2,8,8,2,62,4160749568,67108864,67108864,40.94434,21.120559,0.010952,12.832,3,0.052234
processes,2,8,8,3,63,4227858432,67108864,67108864,52.259792,18.408297,0.01249,13.311,3,0.060107
processes,2,8,8,4,64,4294967296,67108864,67108864,46.134595,25.634966,0.007545,11.849,3,0.05062
processes,2,8,8,5,65,4362076160,67108864,67108864,39.227368,23.205616,0.01238,14.271,3,0.060157
processes,2,8,8,6,66,4429185024,67108864,67108864,40.475918,15.12006,0.005493,12.155,3,0.049147
processes,2,8,8,7,67,4496293888,67108864,67108864,40.626433,13.485708,0.00718,14.439,3,0.06033
processes,2,8,8,8,68,4563402752,67108864,67108864,38.215536,12.057694,0.004758,18.187,3,0.047777
processes,2,8,8,9,69,4630511616,67108864,67108864,39.759088,8.161476,0.004452,9.463,3,0.034053
processes,2,8,8,10,70,4697620480,67108864,67108864,45.446559,4.305737,4.212838,4.096,3,4.234869
processes,2,8,8,11,71,4764729344,67108864,67108864,39.2148,4.520424,1.018248,5.177,2,1.04059
processes,2,8,8,12,72,4831838208,67108864,67108864,37.624407,4.990772,0.004172,9.474,3,0.038946
processes,2,8,8,13,73,4898947072,67108864,67108864,38.824694,6.037565,0.003633,8.843,3,0.032273
processes,2,8,8,14,74,4966055936,67108864,67108864,36.025574,13.170584,0.004796,11.626,2,0.076703
processes,2,8,8,15,75,5033164800,67108864,67108864,39.599196,6.36863,0.006508,12.327,3,0.044052
processes,2,8,8,16,76,5100273664,67108864,67108864,38.359822,4.914122,2.251994,4.844,3,2.282293
processes,2,8,8,17,77,5167382528,67108864,67108864,37.470806,4.411838,0.005738,11.837,3,0.079196
processes,2,8,8,18,78,5234491392,67108864,67108864,38.564481,4.334621,3.318816,7.466,3,3.352255
processes,2,8,8,19,79,5301600256,67108864,67108864,45.671928,4.362992,1.061298,4.773,3,1.089467
processes,2,8,8,20,80,5368709120,67108864,67108864,38.506328,4.883651,0.005055,10.93,3,0.040692
processes,2,8,8,21,81,5435817984,67108864,67108864,55.835453,4.170985,1.094222,9.602,3,1.129041
processes,2,8,8,22,82,5502926848,67108864,67108864,52.464028,4.692196,1.082191,5.111,3,1.10463
processes,2,8,8,23,83,5570035712,67108864,67108864,51.83624,18.013984,0.005238,11.662,3,0.043469
processes,2,8,8,24,84,5637144576,67108864,67108864,47.919597,25.65571,0.005676,11.371,3,0.045035
processes,2,8,8,25,85,5704253440,67108864,67108864,36.919517,29.891055,0.007633,18.681,3,0.053815
processes,2,8,8,26,86,5771362304,67108864,67108864,49.729843,23.893555,0.006355,13.897,3,0.065944
processes,2,8,8,27,87,5838471168,67108864,67108864,44.505727,27.20624,0.007269,13.905,3,0.0489
processes,2,8,8,28,88,5905580032,67108864,67108864,40.806327,31.410402,0.007601,13.001,3,0.052076
processes,2,8,8,29,89,5972688896,67108864,67108864,30.598308,27.460241,0.007485,15.914,3,0.054835
processes,3,9,9,0,90,6039797760,67108864,67108864,60.729896,3.977651,4.073496,97.91,1,
processes,3,9,9,1,91,6106906624,67108864,67108864,42.114808,5.04,0.007787,12.891,3,0.062267
processes,3,9,9,2,92,6174015488,67108864,67108864,42.213275,5.601056,0.008709,12.02,3,0.04742
processes,3,9,9,3,93,6241124352,67108864,67108864,47.487118,6.859176,0.006011,13.96,3,0.049292
processes,3,9,9,4,94,6308233216,67108864,67108864,48.827869,4.293084,2.218861,8.369,3,2.257202
processes,3,9,9,5,95,6375342080,67108864,67108864,42.440999,6.978746,0.007268,15.392,3,0.052545
processes,3,9,9,6,96,6442450944,67108864,67108864,43.6017,10.197726,0.007798,16.934,3,0.054496
processes,3,9,9,7,97,6509559808,67108864,67108864,42.920919,13.328252,0.011364,17.317,3,0.065074
processes,3,9,9,8,98,6576668672,67108864,67108864,40.303542,15.624169,0.006083,14.844,3,0.049208
processes,3,9,9,9,99,6643777536,67108864,67108864,46.069297,17.722838,0.005249,13.035,3,0.044716
processes,3,9,9,10,100,6710886400,67108864,67108864,47.166136,19.839843,0.00528,12.495,3,0.041665
processes,3,9,9,11,101,6777995264,67108864,67108864,41.515122,16.16137,0.005475,14.291,3,0.045056
processes,3,9,9,12,102,6845104128,67108864,67108864,40.477656,17.606916,0.005089,12.409,3,0.041236
processes,3,9,9,13,103,6912212992,67108864,67108864,42.823722,17.114708,0.005443,13.388,3,0.043339
processes,3,9,9,14,104,6979321856,67108864,67108864,43.286024,20.552505,0.007217,14.158,3,0.047858
processes,3,9,9,15,105,7046430720,67108864,67108864,38.894473,19.407944,0.006,15.553,3,0.049973
processes,3,9,9,16,106,7113539584,67108864,67108864,40.854166,15.771212,0.00598,13.787,3,0.046829
processes,3,9,9,17,107,7180648448,67108864,67108864,39.579523,16.187905,0.006833,12.97,3,0.046112
processes,3,9,9,18,108,7247757312,67108864,67108864,45.15392,14.708358,0.006927,15.373,3,0.046054
processes,3,9,9,19,109,7314866176,67108864,67108864,40.294641,16.809423,0.004262,11.261,3,0.038041
processes,3,9,9,20,110,7381975040,67108864,67108864,39.72698,12.577236,0.005326,12.982,3,0.053394
processes,3,9,9,21,111,7449083904,67108864,67108864,49.135797,8.12359,0.0042,11.729,3,0.038506
processes,3,9,9,22,112,7516192768,67108864,67108864,46.533246,4.413944,0.003797,10.345,3,0.033801
processes,3,9,9,23,113,7583301632,67108864,67108864,41.629802,9.293942,0.006391,14.405,3,0.047821
processes,3,9,9,24,114,7650410496,67108864,67108864,41.215858,7.06691,0.005633,11.54,3,0.039586
processes,3,9,9,25,115,7717519360,67108864,67108864,45.317524,4.324262,8.132021,7.941,3,8.163761
processes,3,9,9,26,116,7784628224,67108864,67108864,40.248834,4.090427,1.096448,13.544,3,1.148534
processes,3,9,9,27,117,7851737088,67108864,67108864,38.702717,4.466834,0.063772,17.126,3,0.104807
processes,3,9,9,28,118,7918845952,67108864,67108864,39.017713,4.579747,6.086364,3.759,3,6.108606
processes,3,9,9,29,119,7985954816,59027232,59027232,26.501372,4.484575,3.394583,4.877,3,3.42668
processes,0,6,6,0,0,0,67108864,67108864,61.934926,,0.077541,385.718,0,
processes,0,6,6,1,1,67108864,67108864,67108864,46.446555,48.783251,0.005092,11.26,3,0.065328
processes,0,6,6,2,2,134217728,67108864,67108864,55.39932,30.565375,0.006365,10.941,3,0.046354
processes,0,6,6,3,3,201326592,67108864,67108864,47.499033,23.228954,0.005377,9.711,3,0.040309
processes,0,6,6,4,4,268435456,67108864,67108864,59.870567,8.113791,0.005655,9.378,3,0.036456
processes,0,6,6,5,5,335544320,67108864,67108864,67.592152,4.775159,2.417198,15.313,3,2.462884
processes,0,6,6,6,6,402653184,67108864,67108864,64.903639,4.287817,2.263595,6.195,3,2.291713
processes,0,6,6,7,7,469762048,67108864,67108864,65.34824,22.230196,0.004712,12.924,3,0.051739
processes,0,6,6,8,8,536870912,67108864,67108864,50.975983,30.246399,0.005957,12.622,3,0.049462
processes,0,6,6,9,9,603979776,67108864,67108864,53.371123,25.706875,0.005323,12.189,3,0.045509
processes,0,6,6,10,10,671088640,67108864,67108864,49.380977,25.751489,0.004097,10.2,3,0.040666
processes,0,6,6,11,11,738197504,67108864,67108864,64.165321,25.741732,0.006962,12.373,3,0.04541
processes,0,6,6,12,12,805306368,67108864,67108864,57.800019,36.265441,0.003324,8.696,3,0.033045
processes,0,6,6,13,13,872415232,67108864,67108864,45.365476,44.452866,0.006434,14.334,3,0.072107
processes,0,6,6,14,14,939524096,67108864,67108864,52.687934,32.455531,0.002964,8.598,3,0.028536
processes,0,6,6,15,15,1006632960,67108864,67108864,49.256511,21.663681,0.003836,11.254,3,0.035997
processes,0,6,6,16,16,1073741824,67108864,67108864,57.04158,20.36694,0.00481,11.147,3,0.04298
processes,0,6,6,17,17,1140850688,67108864,67108864,52.108358,23.835679,0.005473,12.925,3,0.048114
processes,0,6,6,18,18,1207959552,67108864,67108864,45.591057,15.715474,0.002109,9.077,3,0.025971
processes,0,6,6,19,19,1275068416,67108864,67108864,50.631667,7.581884,0.003105,7.02,3,0.026352
processes,0,6,6,20,20,1342177280,67108864,67108864,60.331812,5.093952,0.002437,13.393,3,0.044167
processes,0,6,6,21,21,1409286144,67108864,67108864,52.233802,5.144484,0.003862,8.735,3,0.030161
processes,0,6,6,22,22,1476395008,67108864,67108864,51.372912,5.791594,0.003747,9.851,3,0.035611
processes,0,6,6,23,23,1543503872,67108864,67108864,48.809624,7.769023,0.009241,53.969,3,0.108809
processes,0,6,6,24,24,1610612736,67108864,67108864,48.625669,11.576776,0.002011,6.787,3,0.022717
processes,0,6,6,25,25,1677721600,67108864,67108864,48.870165,14.095868,0.003525,9.398,3,0.03606
processes,0,6,6,26,26,1744830464,67108864,67108864,48.211578,14.155115,0.004889,10.995,3,0.056297
processes,0,6,6,27,27,1811939328,67108864,67108864,48.862235,11.562129,0.002554,6.734,3,0.021311
processes,0,6,6,28,28,1879048192,67108864,67108864,48.920336,9.54494,0.004772,10.68,3,0.037744
processes,0,6,6,29,29,1946157056,67108864,67108864,35.182274,7.306872,0.00265,7.956,2,0.024668
processes,1,7,7,0,30,2013265920,67108864,67108864,64.670337,4.124888,13.344158,221.167,3,
processes,1,7,7,1,31,2080374784,67108864,67108864,56.569758,4.86591,0.003385,8.396,3,0.040448
processes,1,7,7,2,32,2147483648,67108864,67108864,62.595985,4.331737,6.189005,2.809,3,6.206292
processes,1,7,7,3,33,2214592512,67108864,67108864,65.624174,12.380458,0.005832,13.763,3,0.054667
processes,1,7,7,4,34,2281701376,67108864,67108864,54.547814,27.220903,0.006527,13.841,3,0.047909
processes,1,7,7,5,35,2348810240,67108864,67108864,52.848959,19.645433,0.009637,17.451,3,0.067025
processes,1,7,7,6,36,2415919104,67108864,67108864,62.665011,22.928064,0.002501,8.687,3,0.029838
processes,1,7,7,7,37,2483027968,67108864,67108864,48.662299,26.220615,0.005119,12.449,3,0.051775
processes,1,7,7,8,38,2550136832,67108864,67108864,45.572265,9.637676,0.004915,11.716,3,0.037678
processes,1,7,7,9,39,2617245696,67108864,67108864,56.258554,4.686629,1.068399,2.236,3,1.080132
processes,1,7,7,10,40,2684354560,67108864,67108864,44.674677,12.405403,0.002733,9.342,3,0.029438
processes,1,7,7,11,41,2751463424,67108864,67108864,57.312889,7.685757,0.003466,10.268,3,0.032064
processes,1,7,7,12,42,2818572288,67108864,67108864,56.740075,4.401317,3.559605,12.981,3,3.601037
processes,1,7,7,13,43,2885681152,67108864,67108864,63.940634,4.363711,1.077164,2.882,3,1.094445
processes,1,7,7,14,44,2952790016,67108864,67108864,50.842742,4.274779,3.811186,4.191,2,3.832396
processes,1,7,7,15,45,3019898880,67108864,67108864,53.413047,13.461788,0.003584,8.968,3,0.031081
processes,1,7,7,16,46,3087007744,67108864,67108864,54.047845,20.596154,0.00348,9.081,3,0.034512
processes,1,7,7,17,47,3154116608,67108864,67108864,59.480797,16.577452,0.004603,9.641,3,0.035052
processes,1,7,7,18,48,3221225472,67108864,67108864,49.656204,21.382561,0.003174,9.336,3,0.028974
processes,1,7,7,19,49,3288334336,67108864,67108864,47.580642,17.625172,0.002994,9.794,3,0.032037
processes,1,7,7,20,50,3355443200,67108864,67108864,53.872093,10.316007,0.001426,4.946,3,0.016387
processes,1,7,7,21,51,3422552064,67108864,67108864,50.316291,8.298568,0.001803,5.771,3,0.017954
processes,1,7,7,22,52,3489660928,67108864,67108864,50.672302,12.64507,0.001618,4.822,3,0.015775
processes,1,7,7,23,53,3556769792,67108864,67108864,49.051426,15.531929,0.002234,5.066,3,0.017395
processes,1,7,7,24,54,3623878656,67108864,67108864,49.539549,17.835362,0.002698,9.49,3,0.041619
processes,1,7,7,25,55,3690987520,67108864,67108864,50.361525,17.538521,0.003633,10.543,3,0.051147
processes,1,7,7,26,56,3758096384,67108864,67108864,51.123838,17.568317,0.004808,13.099,3,0.057861
processes,1,7,7,27,57,3825205248,67108864,67108864,49.676803,18.234583,0.005137,14.431,3,0.057792
processes,1,7,7,28,58,3892314112,67108864,67108864,46.937951,15.760927,0.00323,10.08,3,0.037452
processes,1,7,7,29,59,3959422976,67108864,67108864,32.259556,29.681728,0.003653,10.561,2,0.043105
processes,2,8,8,0,60,4026531840,67108864,67108864,62.46224,4.441569,4.477697,224.421,1,
processes,2,8,8,1,61,4093640704,67108864,67108864,65.734066,4.942485,0.003862,7.616,3,0.03893
processes,2,8,8,2,62,4160749568,67108864,67108864,54.56191,4.263837,3.675088,2.715,2,3.695296
processes,2,8,8,3,63,4227858432,67108864,67108864,50.799822,16.364544,0.005618,10.128,3,0.040021
processes,2,8,8,4,64,4294967296,67108864,67108864,62.142567,9.362362,0.00337,8.69,3,0.031816
processes,2,8,8,5,65,4362076160,67108864,67108864,49.567016,24.141829,0.005963,14.669,3,0.047742
processes,2,8,8,6,66,4429185024,67108864,67108864,57.262172,9.906548,0.003559,8.623,3,0.02915
processes,2,8,8,7,67,4496293888,67108864,67108864,61.227278,4.375405,2.138595,4.461,3,2.162063
processes,2,8,8,8,68,4563402752,67108864,67108864,50.444279,4.260619,4.030867,3.276,3,4.055638
processes,2,8,8,9,69,4630511616,67108864,67108864,62.724135,4.842571,1.145361,2.505,3,1.159165
processes,2,8,8,10,70,4697620480,67108864,67108864,49.000442,4.657276,2.883527,8.695,3,2.907762
processes,2,8,8,11,71,4764729344,67108864,67108864,51.949242,8.976599,0.002512,7.923,3,0.025622
processes,2,8,8,12,72,4831838208,67108864,67108864,55.061463,4.300751,4.277367,1.349,3,4.288836
processes,2,8,8,13,73,4898947072,67108864,67108864,57.456123,4.321627,7.028752,7.559,3,7.047076
processes,2,8,8,14,74,4966055936,67108864,67108864,50.568525,4.317521,6.045986,1.587,3,6.059658
processes,2,8,8,15,75,5033164800,67108864,67108864,53.598607,4.03993,0.002561,7.338,3,0.027707
processes,2,8,8,16,76,5100273664,67108864,67108864,60.234903,4.213326,0.00241,5.853,3,0.022348
processes,2,8,8,17,77,5167382528,67108864,67108864,53.730737,10.384963,0.00179,5.253,3,0.019631
processes,2,8,8,18,78,5234491392,67108864,67108864,53.146658,4.626191,0.001776,7.254,3,0.020262
processes,2,8,8,19,79,5301600256,67108864,67108864,60.266952,8.101716,0.001711,5.051,3,0.017108
processes,2,8,8,20,80,5368709120,67108864,67108864,51.582483,20.816128,0.006276,12.138,3,0.044489
processes,2,8,8,21,81,5435817984,67108864,67108864,49.478208,18.548384,0.005089,10.966,3,0.03982
processes,2,8,8,22,82,5502926848,67108864,67108864,44.991659,17.72061,0.00312,6.814,3,0.026084
processes,2,8,8,23,83,5570035712,67108864,67108864,46.120974,12.055501,0.003791,10.367,3,0.032929
processes,2,8,8,24,84,5637144576,67108864,67108864,48.833393,9.105093,0.00266,6.316,3,0.021663
processes,2,8,8,25,85,5704253440,67108864,67108864,50.797585,8.381612,0.00351,9.418,3,0.033822
processes,2,8,8,26,86,5771362304,67108864,67108864,50.879712,8.788101,0.00203,5.596,3,0.02829
processes,2,8,8,27,87,5838471168,67108864,67108864,51.150907,8.523639,0.004922,10.381,3,0.037456
processes,2,8,8,28,88,5905580032,67108864,67108864,44.246983,9.992456,0.002743,10.206,3,0.032165
processes,2,8,8,29,89,5972688896,67108864,67108864,34.304324,7.279658,0.002362,7.666,1,0.021275
processes,3,9,9,0,90,6039797760,67108864,67108864,63.927687,4.650546,8.87527,574.385,2,
processes,3,9,9,1,91,6106906624,67108864,67108864,59.007773,6.119139,0.002537,9.482,3,0.042076
processes,3,9,9,2,92,6174015488,67108864,67108864,42.470781,23.615101,0.004056,10.745,3,0.038613
processes,3,9,9,3,93,6241124352,67108864,67108864,57.790398,10.676696,0.002491,8.946,3,0.030443
processes,3,9,9,4,94,6308233216,67108864,67108864,47.377082,20.975027,0.003852,14.698,3,0.043422
processes,3,9,9,5,95,6375342080,67108864,67108864,59.483934,6.052418,0.004146,9.572,3,0.03376
processes,3,9,9,6,96,6442450944,67108864,67108864,46.970126,15.756368,0.012328,12.115,3,0.059696
processes,3,9,9,7,97,6509559808,67108864,67108864,57.336449,9.89057,0.003965,11.082,3,0.042873
processes,3,9,9,8,98,6576668672,67108864,67108864,55.520267,4.555283,0.00557,12.586,3,0.04505
processes,3,9,9,9,99,6643777536,67108864,67108864,53.331564,11.416322,0.004595,12.53,3,0.040749
processes,3,9,9,10,100,6710886400,67108864,67108864,49.412114,18.1311,0.004008,9.483,3,0.035611
processes,3,9,9,11,101,6777995264,67108864,67108864,53.636484,6.621976,0.0022,7.711,3,0.02403
processes,3,9,9,12,102,6845104128,67108864,67108864,47.519301,11.270569,0.004469,12.346,3,0.038173
processes,3,9,9,13,103,6912212992,67108864,67108864,51.734862,4.717192,2.154726,1.901,3,2.1654
processes,3,9,9,14,104,6979321856,67108864,67108864,59.199226,4.253143,1.318225,3.208,2,1.334858
processes,3,9,9,15,105,7046430720,67108864,67108864,41.664409,22.46795,0.00669,11.941,3,0.045882
processes,3,9,9,16,106,7113539584,67108864,67108864,46.288851,11.430833,0.002306,6.104,3,0.022405
processes,3,9,9,17,107,7180648448,67108864,67108864,58.082827,8.444535,0.002449,6.281,3,0.024342
processes,3,9,9,18,108,7247757312,67108864,67108864,54.687821,9.45644,0.001794,6.717,3,0.018772
processes,3,9,9,19,109,7314866176,67108864,67108864,53.427729,12.026773,0.001886,4.789,3,0.016841
processes,3,9,9,20,110,7381975040,67108864,67108864,54.865169,19.854994,0.00207,5.746,3,0.017901
processes,3,9,9,21,111,7449083904,67108864,67108864,55.879078,24.085354,0.006084,10.917,3,0.041025
processes,3,9,9,22,112,7516192768,67108864,67108864,45.955846,19.630867,0.003034,7.562,3,0.028408
processes,3,9,9,23,113,7583301632,67108864,67108864,47.775043,13.347018,0.003472,8.455,3,0.029718
processes,3,9,9,24,114,7650410496,67108864,67108864,46.771489,9.668135,0.003543,9.196,3,0.027795
processes,3,9,9,25,115,7717519360,67108864,67108864,49.855961,7.625406,0.00204,5.416,3,0.018123
processes,3,9,9,26,116,7784628224,67108864,67108864,50.358364,8.851214,0.002035,5.546,3,0.031576
processes,3,9,9,27,117,7851737088,67108864,67108864,50.470979,10.314342,0.003946,9.384,3,0.031226
processes,3,9,9,28,118,7918845952,67108864,67108864,52.121584,12.596817,0.005647,13.495,3,0.044385
processes,3,9,9,29,119,7985954816,59027232,59027232,30.804855,15.884749,0.006347,16.832,3,0.066327
processes,0,6,6,0,0,0,67108864,67108864,61.198739,4.301137,9.163962,6.083,2,
processes,0,6,6,1,1,67108864,67108864,67108864,47.690795,4.437892,0.880666,15.399,3,0.954031
processes,0,6,6,2,2,134217728,67108864,67108864,47.581815,4.709894,2.128569,9.033,3,2.162055
processes,0,6,6,3,3,201326592,67108864,67108864,46.948163,4.116149,1.088579,12.752,3,1.129177
processes,0,6,6,4,4,268435456,67108864,67108864,47.258915,4.285931,3.584587,5.649,3,3.613059
processes,0,6,6,5,5,335544320,67108864,67108864,45.363318,4.842065,2.226227,6.503,3,2.266184
processes,0,6,6,6,6,402653184,67108864,67108864,44.308542,5.015004,1.183589,12.736,3,1.222708
processes,0,6,6,7,7,469762048,67108864,67108864,45.292964,4.482686,1.070483,13.862,3,1.125588
processes,0,6,6,8,8,536870912,67108864,67108864,41.452447,4.343038,3.147456,5.59,3,3.170521
processes,0,6,6,9,9,603979776,67108864,67108864,40.910723,4.322224,4.229832,5.476,3,4.257154
processes,0,6,6,10,10,671088640,67108864,67108864,41.294801,30.332195,0.004413,11.771,3,0.041298
processes,0,6,6,11,11,738197504,67108864,67108864,41.477018,27.81045,0.00741,19.508,3,0.062865
processes,0,6,6,12,12,805306368,67108864,67108864,41.364425,25.015602,0.004089,10.579,3,0.036304
processes,0,6,6,13,13,872415232,67108864,67108864,44.175956,19.79419,0.00415,12.209,3,0.041148
processes,0,6,6,14,14,939524096,67108864,67108864,44.531125,18.705823,0.003659,11.418,3,0.037328
processes,0,6,6,15,15,1006632960,67108864,67108864,44.267755,19.798477,0.00372,9.799,3,0.033976
processes,0,6,6,16,16,1073741824,67108864,67108864,43.871837,18.815001,0.004963,12.707,3,0.042459
processes,0,6,6,17,17,1140850688,67108864,67108864,44.445375,16.978662,0.004414,11.637,3,0.042668
processes,0,6,6,18,18,1207959552,67108864,67108864,42.737154,15.422194,0.003847,11.591,3,0.037103
processes,0,6,6,19,19,1275068416,67108864,67108864,41.880548,12.508221,0.003598,10.13,3,0.035763
processes,0,6,6,20,20,1342177280,67108864,67108864,39.802604,9.103751,0.003379,10.195,3,0.034206
processes,0,6,6,21,21,1409286144,67108864,67108864,40.836403,5.597193,0.003804,10.379,3,0.036583
processes,0,6,6,22,22,1476395008,67108864,67108864,41.983924,4.368991,1.632064,10.968,3,1.663137
processes,0,6,6,23,23,1543503872,67108864,67108864,42.288683,4.31785,3.174233,5.654,3,3.197873
processes,0,6,6,24,24,1610612736,67108864,67108864,41.64741,4.494408,2.224703,4.793,3,2.257435
processes,0,6,6,25,25,1677721600,67108864,67108864,41.418982,4.5144,2.185462,5.414,3,2.208804
processes,0,6,6,26,26,1744830464,67108864,67108864,42.462335,4.417542,3.088251,5.547,3,3.136587
processes,0,6,6,27,27,1811939328,67108864,67108864,39.089201,4.373473,1.083296,13.285,3,1.120249
processes,0,6,6,28,28,1879048192,67108864,67108864,38.753865,4.779006,0.005071,12.44,2,0.043037
processes,0,6,6,29,29,1946157056,67108864,67108864,29.624294,4.347391,4.402003,7.511,3,4.433942
processes,1,7,7,0,30,2013265920,67108864,67108864,60.737369,4.450408,13.532604,83.218,3,
processes,1,7,7,1,31,2080374784,67108864,67108864,47.541351,5.076635,2.001773,5.018,3,2.041628
processes,1,7,7,2,32,2147483648,67108864,67108864,48.001989,5.002658,2.211235,4.623,3,2.237522
processes,1,7,7,3,33,2214592512,67108864,67108864,48.550009,4.348733,0.003038,9.836,3,0.055078
processes,1,7,7,4,34,2281701376,67108864,67108864,46.778922,4.509104,2.146084,5.457,3,2.171584
processes,1,7,7,5,35,2348810240,67108864,67108864,43.443403,4.309733,2.523583,5.064,3,2.546806
processes,1,7,7,6,36,2415919104,67108864,67108864,42.332034,4.439494,3.245739,6.051,3,3.272384
processes,1,7,7,7,37,2483027968,67108864,67108864,44.132278,4.616975,3.2479,6.249,3,3.279577
processes,1,7,7,8,38,2550136832,67108864,67108864,41.777077,4.332895,4.026348,4.461,3,4.047127
processes,1,7,7,9,39,2617245696,67108864,67108864,42.343302,4.353211,3.930915,4.09,3,3.95284
processes,1,7,7,10,40,2684354560,67108864,67108864,42.132653,4.630388,3.239078,4.278,3,3.264357
processes,1,7,7,11,41,2751463424,67108864,67108864,44.398675,4.352195,2.321732,10.194,3,2.353997
processes,1,7,7,12,42,2818572288,67108864,67108864,43.477257,5.062069,2.211358,4.372,3,2.232163
processes,1,7,7,13,43,2885681152,67108864,67108864,42.333441,4.63493,1.065248,4.259,3,1.085657
processes,1,7,7,14,44,2952790016,67108864,67108864,45.135312,4.275177,2.170541,3.783,3,2.193751
processes,1,7,7,15,45,3019898880,67108864,67108864,44.444302,4.065131,0.004871,12.369,3,0.043968
processes,1,7,7,16,46,3087007744,67108864,67108864,43.88949,4.446977,1.062218,4.381,3,1.086665
processes,1,7,7,17,47,3154116608,67108864,67108864,43.056074,4.545041,2.162175,3.818,3,2.185832
processes,1,7,7,18,48,3221225472,67108864,67108864,40.8754,4.323469,2.52945,6.254,3,2.559839
processes,1,7,7,19,49,3288334336,67108864,67108864,41.096443,23.993515,0.003409,10.217,3,0.03525
processes,1,7,7,20,50,3355443200,67108864,67108864,40.034789,23.213237,0.004508,11.648,3,0.038033
processes,1,7,7,21,51,3422552064,67108864,67108864,39.172934,23.447532,0.003978,11.469,3,0.038693
processes,1,7,7,22,52,3489660928,67108864,67108864,42.638415,20.156027,0.003432,10.425,3,0.035101
processes,1,7,7,23,53,3556769792,67108864,67108864,44.279624,17.653298,0.002996,8.9,3,0.040653
processes,1,7,7,24,54,3623878656,67108864,67108864,40.840961,17.418947,0.003146,9.47,3,0.032143
processes,1,7,7,25,55,3690987520,67108864,67108864,41.118811,14.449568,0.00316,10.402,3,0.045874
processes,1,7,7,26,56,3758096384,67108864,67108864,37.549568,11.055907,0.003132,10.156,3,0.043097
processes,1,7,7,27,57,3825205248,67108864,67108864,37.236775,5.051658,0.002947,8.915,3,0.028767
processes,1,7,7,28,58,3892314112,67108864,67108864,39.660569,4.404061,5.769078,4.705,3,5.791824
processes,1,7,7,29,59,3959422976,67108864,67108864,27.211586,4.380572,3.364934,5.394,3,3.388672
processes,2,8,8,0,60,4026531840,67108864,67108864,61.946906,4.561535,4.803703,55.528,1,
processes,2,8,8,1,61,4093640704,67108864,67108864,49.536549,8.273823,0.00637,15.07,3,0.069109
processes,2,8,8,2,62,4160749568,67108864,67108864,49.25256,13.943951,0.008307,12.497,3,0.044299
processes,2,8,8,3,63,4227858432,67108864,67108864,50.333042,15.673094,0.006969,14.181,3,0.052177
processes,2,8,8,4,64,4294967296,67108864,67108864,48.895143,18.072907,0.006405,17.077,3,0.058398
processes,2,8,8,5,65,4362076160,67108864,67108864,46.360303,18.293593,0.020873,18.654,3,0.073822
processes,2,8,8,6,66,4429185024,67108864,67108864,45.910904,19.945189,0.006613,13.935,3,0.052784
processes,2,8,8,7,67,4496293888,67108864,67108864,48.555887,21.223228,0.004648,16.041,3,0.055544
processes,2,8,8,8,68,4563402752,67108864,67108864,45.684567,24.63802,0.004516,13.854,3,0.047246
processes,2,8,8,9,69,4630511616,67108864,67108864,45.723778,26.397027,0.004384,13.887,3,0.045848
processes,2,8,8,10,70,4697620480,67108864,67108864,44.701743,4.378461,3.90601,3.913,3,3.928928
processes,2,8,8,11,71,4764729344,67108864,67108864,45.881229,7.785638,0.004657,12.437,3,0.0631
processes,2,8,8,12,72,4831838208,67108864,67108864,44.94391,12.19328,0.003973,12.328,3,0.039735
processes,2,8,8,13,73,4898947072,67108864,67108864,44.836077,15.77776,0.005,13.218,3,0.046143
processes,2,8,8,14,74,4966055936,67108864,67108864,45.343977,16.451421,0.006904,14.132,3,0.050868
processes,2,8,8,15,75,5033164800,67108864,67108864,45.109621,17.275646,0.005315,13.034,3,0.045349
processes,2,8,8,16,76,5100273664,67108864,67108864,45.934272,18.114553,0.00429,12.136,3,0.0395
processes,2,8,8,17,77,5167382528,67108864,67108864,45.790812,20.177306,0.004715,11.811,3,0.042986
processes,2,8,8,18,78,5234491392,67108864,67108864,45.615089,21.532313,0.006964,15.116,3,0.046673
processes,2,8,8,19,79,5301600256,67108864,67108864,43.399371,4.355285,3.951776,3.659,3,3.974315
processes,2,8,8,20,80,5368709120,67108864,67108864,43.728578,6.652489,0.003855,10.035,3,0.032309
processes,2,8,8,21,81,5435817984,67108864,67108864,45.221104,10.343242,0.003613,10.757,3,0.035657
processes,2,8,8,22,82,5502926848,67108864,67108864,43.986059,16.399968,0.0057,11.95,3,0.043657
processes,2,8,8,23,83,5570035712,67108864,67108864,44.100892,17.749479,0.005592,12.949,3,0.04252
processes,2,8,8,24,84,5637144576,67108864,67108864,44.616162,17.582404,0.006012,12.605,3,0.0438
processes,2,8,8,25,85,5704253440,67108864,67108864,43.588634,21.350702,0.003822,11.135,3,0.038971
processes,2,8,8,26,86,5771362304,67108864,67108864,43.001287,23.826983,0.003751,10.222,3,0.049555
processes,2,8,8,27,87,5838471168,67108864,67108864,43.533283,29.301574,0.007133,14.78,3,0.051639
processes,2,8,8,28,88,5905580032,67108864,67108864,42.51362,29.892397,0.004606,10.981,2,0.086139
processes,2,8,8,29,89,5972688896,67108864,67108864,30.499138,29.39475,0.00436,11.909,0,0.037974
processes,3,9,9,0,90,6039797760,67108864,67108864,58.237531,,0.031723,369.416,0,
processes,3,9,9,1,91,6106906624,67108864,67108864,43.867321,44.990647,0.006495,13.97,3,0.066196
processes,3,9,9,2,92,6174015488,67108864,67108864,47.531538,26.12237,0.006073,11.488,3,0.043399
processes,3,9,9,3,93,6241124352,67108864,67108864,47.949484,23.919091,0.006322,11.79,3,0.044056
processes,3,9,9,4,94,6308233216,67108864,67108864,48.728776,23.853651,0.006237,11.812,3,0.042143
processes,3,9,9,5,95,6375342080,67108864,67108864,44.725494,21.880337,0.004679,3.768,3,0.019503
processes,3,9,9,6,96,6442450944,67108864,67108864,44.642819,17.3161,0.003881,10.503,3,0.035997
processes,3,9,9,7,97,6509559808,67108864,67108864,45.150549,15.288722,0.003675,11.958,3,0.04559
processes,3,9,9,8,98,6576668672,67108864,67108864,43.937542,14.865452,0.003841,11.853,3,0.037792
processes,3,9,9,9,99,6643777536,67108864,67108864,41.30842,10.657455,0.003388,10.076,3,0.033866
processes,3,9,9,10,100,6710886400,67108864,67108864,41.638249,6.266615,0.003557,9.388,3,0.030657
processes,3,9,9,11,101,6777995264,67108864,67108864,40.388543,4.538367,2.220559,4.462,3,2.241162
processes,3,9,9,12,102,6845104128,67108864,67108864,43.341243,4.359887,3.90184,3.828,3,3.919627
processes,3,9,9,13,103,6912212992,67108864,67108864,43.03171,4.356034,3.265184,4.756,3,3.285742
processes,3,9,9,14,104,6979321856,67108864,67108864,42.375288,5.094771,2.242994,5.451,3,2.269941
processes,3,9,9,15,105,7046430720,67108864,67108864,42.142041,4.040026,1.07614,4.048,3,1.097159
processes,3,9,9,16,106,7113539584,67108864,67108864,41.469725,4.154436,3.127174,4.518,3,3.151649
processes,3,9,9,17,107,7180648448,67108864,67108864,42.510022,4.374313,4.25222,4.87,3,4.281119
processes,3,9,9,18,108,7247757312,67108864,67108864,41.370269,4.337937,3.50645,3.928,3,3.528924
processes,3,9,9,19,109,7314866176,67108864,67108864,41.238118,4.408914,4.290841,5.668,3,4.316621
processes,3,9,9,20,110,7381975040,67108864,67108864,40.367886,4.462203,4.044998,12.203,3,4.081106
processes,3,9,9,21,111,7449083904,67108864,67108864,40.871061,4.376268,2.949976,4.491,3,2.977859
processes,3,9,9,22,112,7516192768,67108864,67108864,42.075926,4.339775,2.830605,3.641,3,2.856681
processes,3,9,9,23,113,7583301632,67108864,67108864,42.193444,4.307952,3.132867,4.602,3,3.157012
processes,3,9,9,24,114,7650410496,67108864,67108864,41.643227,4.648933,2.152442,4.897,3,2.176116
processes,3,9,9,25,115,7717519360,67108864,67108864,41.277817,4.340463,2.165129,4.27,3,2.192995
processes,3,9,9,26,116,7784628224,67108864,67108864,41.288128,4.337757,3.334451,4.431,3,3.37461
processes,3,9,9,27,117,7851737088,67108864,67108864,41.452076,4.326221,2.303394,4.305,3,2.338525
processes,3,9,9,28,118,7918845952,67108864,67108864,40.926586,4.543958,6.569869,4.38,2,6.597593
processes,3,9,9,29,119,7985954816,59027232,59027232,25.222625,4.428881,2.117738,4.648,3,2.146144
processes,0,6,6,0,0,0,67108864,67108864,49.032046,,0.01964,146.453,0,
processes,0,6,6,1,1,67108864,67108864,67108864,34.441076,35.507148,0.006971,10.442,3,0.062579
processes,0,6,6,2,2,134217728,67108864,67108864,35.059174,17.815444,0.006314,10.589,3,0.042455
processes,0,6,6,3,3,201326592,67108864,67108864,35.103384,16.909406,0.005646,10.655,3,0.045905
processes,0,6,6,4,4,268435456,67108864,67108864,41.359328,16.420801,0.006192,11.171,3,0.046257
processes,0,6,6,5,5,335544320,67108864,67108864,38.467246,21.914346,0.009261,16.064,3,0.056956
processes,0,6,6,6,6,402653184,67108864,67108864,35.840734,23.60369,0.005252,14.346,3,0.062361
processes,0,6,6,7,7,469762048,67108864,67108864,35.77409,21.592809,0.006167,12.861,3,0.056481
processes,0,6,6,8,8,536870912,67108864,67108864,38.717035,20.712747,0.005105,13.085,3,0.043856
processes,0,6,6,9,9,603979776,67108864,67108864,38.437105,22.781393,0.003867,10.205,3,0.041215
processes,0,6,6,10,10,671088640,67108864,67108864,35.90979,22.652416,0.006895,15.28,3,0.058358
processes,0,6,6,11,11,738197504,67108864,67108864,36.084851,20.719294,0.003842,10.985,3,0.03697
processes,0,6,6,12,12,805306368,67108864,67108864,37.918,19.05907,0.004344,11.188,3,0.040044
processes,0,6,6,13,13,872415232,67108864,67108864,36.467811,19.751963,0.004688,10.22,3,0.035862
processes,0,6,6,14,14,939524096,67108864,67108864,34.77937,18.440457,0.003958,9.709,3,0.03571
processes,0,6,6,15,15,1006632960,67108864,67108864,35.317345,17.349566,0.004854,11.243,3,0.041032
processes,0,6,6,16,16,1073741824,67108864,67108864,33.962293,18.498806,0.003302,11.055,3,0.037385
processes,0,6,6,17,17,1140850688,67108864,67108864,34.326814,18.663511,0.004507,9.655,3,0.039266
processes,0,6,6,18,18,1207959552,67108864,67108864,35.392697,18.174701,0.004825,11.885,3,0.042271
processes,0,6,6,19,19,1275068416,67108864,67108864,37.613401,18.663483,0.00449,11.099,3,0.04217
processes,0,6,6,20,20,1342177280,67108864,67108864,37.210653,21.173635,0.003964,12.932,3,0.042183
processes,0,6,6,21,21,1409286144,67108864,67108864,36.507523,21.632571,0.00629,11.726,3,0.043636
processes,0,6,6,22,22,1476395008,67108864,67108864,39.911179,22.624338,0.005185,14.251,3,0.050503
processes,0,6,6,23,23,1543503872,67108864,67108864,38.709676,21.976388,0.004858,12.478,3,0.044261
processes,0,6,6,24,24,1610612736,67108864,67108864,40.621585,21.686298,0.004562,12.223,3,0.045798
processes,0,6,6,25,25,1677721600,67108864,67108864,36.182499,23.250754,0.004541,11.647,3,0.044855
processes,0,6,6,26,26,1744830464,67108864,67108864,38.995652,20.628591,0.004483,9.601,3,0.072573
processes,0,6,6,27,27,1811939328,67108864,67108864,36.711184,19.438733,0.005079,12.946,3,0.044259
processes,0,6,6,28,28,1879048192,67108864,67108864,35.341141,17.87904,0.005003,12.336,3,0.048001
processes,0,6,6,29,29,1946157056,67108864,67108864,22.640272,15.478238,0.005065,11.222,3,0.04027
processes,1,7,7,0,30,2013265920,67108864,67108864,52.334126,4.28304,4.2612,73.033,1,
processes,1,7,7,1,31,2080374784,67108864,67108864,35.231552,7.570664,0.005904,9.174,3,0.048123
processes,1,7,7,2,32,2147483648,67108864,67108864,33.704841,8.356211,0.006539,9.991,3,0.037526
processes,1,7,7,3,33,2214592512,67108864,67108864,36.192635,6.992386,0.00414,10.257,3,0.036413
processes,1,7,7,4,34,2281701376,67108864,67108864,38.323689,8.076797,0.003879,11.621,3,0.041417
processes,1,7,7,5,35,2348810240,67108864,67108864,38.076263,5.02216,0.004089,12.206,2,0.037958
processes,1,7,7,6,36,2415919104,67108864,67108864,35.512539,4.607905,0.004414,11.05,3,0.039089
processes,1,7,7,7,37,2483027968,67108864,67108864,38.73913,4.265366,0.003521,10.225,3,0.042137
processes,1,7,7,8,38,2550136832,67108864,67108864,38.197674,7.220185,0.00409,10.232,3,0.033635
processes,1,7,7,9,39,2617245696,67108864,67108864,33.877363,6.692855,0.00349,9.478,3,0.033246
processes,1,7,7,10,40,2684354560,67108864,67108864,39.450679,4.253575,2.156916,3.652,3,2.17882
processes,1,7,7,11,41,2751463424,67108864,67108864,37.624792,7.798088,0.004521,13.129,3,0.040594
processes,1,7,7,12,42,2818572288,67108864,67108864,35.981123,9.330911,0.003702,9.313,3,0.032926
processes,1,7,7,13,43,2885681152,67108864,67108864,37.97325,7.390316,0.003363,10.71,3,0.032144
processes,1,7,7,14,44,2952790016,67108864,67108864,31.025445,8.886359,0.002383,8.617,3,0.026314
processes,1,7,7,15,45,3019898880,67108864,67108864,31.224551,5.123669,0.003894,9.016,3,0.032267
processes,1,7,7,16,46,3087007744,67108864,67108864,31.681149,4.274799,3.259553,4.297,3,3.281309
processes,1,7,7,17,47,3154116608,67108864,67108864,32.036179,4.260364,2.287606,2.902,3,2.305975
processes,1,7,7,18,48,3221225472,67108864,67108864,37.982332,4.240442,2.293099,4.403,3,2.312984
processes,1,7,7,19,49,3288334336,67108864,67108864,34.765995,4.324442,3.790595,6.892,3,3.812054
processes,1,7,7,20,50,3355443200,67108864,67108864,33.45351,4.675577,1.106094,22.962,3,1.15647
processes,1,7,7,21,51,3422552064,67108864,67108864,41.252499,4.349653,3.870158,3.113,3,3.888914
processes,1,7,7,22,52,3489660928,67108864,67108864,39.185722,9.13952,0.005047,13.405,3,0.04643
processes,1,7,7,23,53,3556769792,67108864,67108864,38.419394,7.894432,0.006308,15.292,3,0.050698
processes,1,7,7,24,54,3623878656,67108864,67108864,38.835621,7.791319,0.003782,12.238,3,0.039006
processes,1,7,7,25,55,3690987520,67108864,67108864,36.035203,6.589829,0.003069,10.726,3,0.037766
processes,1,7,7,26,56,3758096384,67108864,67108864,37.215366,6.118644,0.003517,8.808,3,0.042683
processes,1,7,7,27,57,3825205248,67108864,67108864,37.388165,4.178018,1.018746,7.46,3,1.063598
processes,1,7,7,28,58,3892314112,67108864,67108864,36.799297,4.432296,0.002721,9.512,3,0.028227
processes,1,7,7,29,59,3959422976,67108864,67108864,21.191309,4.031163,1.132627,4.005,3,1.149341
processes,2,8,8,0,60,4026531840,67108864,67108864,52.119716,4.960435,13.090298,656.326,3,
processes,2,8,8,1,61,4093640704,67108864,67108864,35.972387,4.858502,0.004478,12.156,3,0.055519
processes,2,8,8,2,62,4160749568,67108864,67108864,35.597669,4.742785,0.00441,11.283,3,0.03873
processes,2,8,8,3,63,4227858432,67108864,67108864,35.863152,5.19462,0.005201,12.281,3,0.040577
processes,2,8,8,4,64,4294967296,67108864,67108864,36.798747,6.975691,0.003709,10.68,3,0.059587
processes,2,8,8,5,65,4362076160,67108864,67108864,34.640874,5.649201,0.005278,11.797,3,0.041516
processes,2,8,8,6,66,4429185024,67108864,67108864,36.6531,4.755505,3.228798,9.129,3,3.267222
processes,2,8,8,7,67,4496293888,67108864,67108864,36.659427,6.541963,0.004518,10.861,3,0.044908
processes,2,8,8,8,68,4563402752,67108864,67108864,36.421471,4.448102,0.003518,8.562,3,0.030177
processes,2,8,8,9,69,4630511616,67108864,67108864,37.839146,4.788744,2.177031,4.391,3,2.202969
processes,2,8,8,10,70,4697620480,67108864,67108864,36.628599,6.649553,0.004941,12.683,3,0.040736
processes,2,8,8,11,71,4764729344,67108864,67108864,37.228342,4.848335,1.131829,5.682,3,1.15652
processes,2,8,8,12,72,4831838208,67108864,67108864,37.779693,4.461597,0.003491,10.512,3,0.032627
processes,2,8,8,13,73,4898947072,67108864,67108864,35.877216,6.057313,0.004146,10.055,3,0.035334
processes,2,8,8,14,74,4966055936,67108864,67108864,33.114378,4.3472,0.004035,8.733,3,0.034077
processes,2,8,8,15,75,5033164800,67108864,67108864,33.805446,4.592523,1.06701,4.957,3,1.091112
processes,2,8,8,16,76,5100273664,67108864,67108864,34.827942,6.057293,0.002529,8.426,3,0.031408
processes,2,8,8,17,77,5167382528,67108864,67108864,34.909346,7.72558,0.002986,8.944,3,0.029953
processes,2,8,8,18,78,5234491392,67108864,67108864,35.112974,7.799855,0.003818,10.535,3,0.036739
processes,2,8,8,19,79,5301600256,67108864,67108864,36.761919,5.881988,0.003279,10.557,3,0.032458
processes,2,8,8,20,80,5368709120,67108864,67108864,33.312554,6.754876,0.003755,10.718,3,0.033434
processes,2,8,8,21,81,5435817984,67108864,67108864,38.052543,4.978711,2.228163,5.448,3,2.253705
processes,2,8,8,22,82,5502926848,67108864,67108864,38.999827,4.283172,2.523974,4.398,3,2.550847
processes,2,8,8,23,83,5570035712,67108864,67108864,39.060614,4.092316,0.004777,14.346,3,0.045737
processes,2,8,8,24,84,5637144576,67108864,67108864,38.825015,4.7359,0.004627,12.968,3,0.04137
processes,2,8,8,25,85,5704253440,67108864,67108864,40.172279,4.739748,0.005223,12.828,3,0.05222
processes,2,8,8,26,86,5771362304,67108864,67108864,38.269656,8.891631,0.004814,13.59,3,0.05749
processes,2,8,8,27,87,5838471168,67108864,67108864,37.742083,8.931545,0.005758,13.356,3,0.049222
processes,2,8,8,28,88,5905580032,67108864,67108864,37.338561,9.297366,0.004955,11.694,3,0.04013
processes,2,8,8,29,89,5972688896,67108864,67108864,21.954565,8.727439,0.004225,11.497,3,0.04015
processes,3,9,9,0,90,6039797760,67108864,67108864,49.093352,4.344002,8.618264,69.416,2,
processes,3,9,9,1,91,6106906624,67108864,67108864,34.938159,4.238921,3.139268,5.912,3,3.183816
processes,3,9,9,2,92,6174015488,67108864,67108864,35.148139,5.096677,1.156903,4.795,3,1.188675
processes,3,9,9,3,93,6241124352,67108864,67108864,34.107163,6.541834,0.003333,11.239,3,0.038272
processes,3,9,9,4,94,6308233216,67108864,67108864,33.911593,4.44945,0.003324,10.882,3,0.034505
processes,3,9,9,5,95,6375342080,67108864,67108864,34.161317,4.254556,4.230714,5.305,3,4.25516
processes,3,9,9,6,96,6442450944,67108864,67108864,34.852152,4.940996,4.615501,5.699,3,4.640475
processes,3,9,9,7,97,6509559808,67108864,67108864,35.957129,4.29787,0.003452,13.154,3,0.059398
processes,3,9,9,8,98,6576668672,67108864,67108864,37.20711,4.30857,2.799017,5.863,3,2.826336
processes,3,9,9,9,99,6643777536,67108864,67108864,34.899413,4.361448,1.050888,4.25,3,1.076688
processes,3,9,9,10,100,6710886400,67108864,67108864,38.497542,4.324338,1.098199,3.282,3,1.11966
processes,3,9,9,11,101,6777995264,67108864,67108864,37.614817,4.419402,1.056524,8.404,3,1.088795
processes,3,9,9,12,102,6845104128,67108864,67108864,36.181953,4.409391,0.002973,9.827,3,0.03289
processes,3,9,9,13,103,6912212992,67108864,67108864,36.158372,4.615435,0.003879,13.543,3,0.037358
processes,3,9,9,14,104,6979321856,67108864,67108864,33.924177,4.237277,1.438075,4.871,3,1.463034
processes,3,9,9,15,105,7046430720,67108864,67108864,32.341235,7.139732,0.003219,9.272,3,0.03599
processes,3,9,9,16,106,7113539584,67108864,67108864,33.158541,5.005956,0.002496,7.572,3,0.030849
processes,3,9,9,17,107,7180648448,67108864,67108864,32.671449,4.20844,0.002641,8.351,3,0.031067
processes,3,9,9,18,108,7247757312,67108864,67108864,32.709189,4.731087,2.171025,9.26,3,2.200361
processes,3,9,9,19,109,7314866176,67108864,67108864,34.504462,6.275519,0.002637,8.873,3,0.029668
processes,3,9,9,20,110,7381975040,67108864,67108864,35.512479,4.191265,1.046073,3.329,3,1.066868
processes,3,9,9,21,111,7449083904,67108864,67108864,36.483154,4.605324,2.130333,2.969,3,2.155869
processes,3,9,9,22,112,7516192768,67108864,67108864,38.241064,4.55636,0.002609,8.055,3,0.025908
processes,3,9,9,23,113,7583301632,67108864,67108864,37.38064,5.082428,2.212042,4.763,3,2.240444
processes,3,9,9,24,114,7650410496,67108864,67108864,36.186424,4.888467,1.151492,6.784,3,1.180873
processes,3,9,9,25,115,7717519360,67108864,67108864,36.511524,4.296904,3.862663,4.173,3,3.888453
processes,3,9,9,26,116,7784628224,67108864,67108864,40.178797,4.590903,0.00313,7.794,3,0.037547
processes,3,9,9,27,117,7851737088,67108864,67108864,37.10426,5.770582,0.005314,11.232,3,0.040793
processes,3,9,9,28,118,7918845952,67108864,67108864,38.305603,6.173511,0.003592,10.361,3,0.057854
processes,3,9,9,29,119,7985954816,59027232,59027232,19.772526,9.141871,0.00395,11.926,3,0.044168
processes,0,6,6,0,0,0,67108864,67108864,51.11067,4.315683,13.250323,10.705,3,
processes,0,6,6,1,1,67108864,67108864,67108864,37.262242,4.950043,2.029047,11.007,3,2.077296
processes,0,6,6,2,2,134217728,67108864,67108864,38.145899,4.291713,2.840618,6.046,3,2.867617
processes,0,6,6,3,3,201326592,67108864,67108864,38.75392,6.260465,0.005763,11.695,3,0.044892
processes,0,6,6,4,4,268435456,67108864,67108864,34.259142,7.404159,0.004577,10.855,3,0.038592
processes,0,6,6,5,5,335544320,67108864,67108864,34.673564,4.285215,4.801597,6.197,3,4.828089
processes,0,6,6,6,6,402653184,67108864,67108864,40.577317,4.315697,3.924612,3.696,2,3.946955
processes,0,6,6,7,7,469762048,67108864,67108864,36.844968,4.330329,6.39165,6.562,3,6.421414
processes,0,6,6,8,8,536870912,67108864,67108864,34.742816,4.339849,6.542661,7.485,3,6.572872
processes,0,6,6,9,9,603979776,67108864,67108864,33.89813,4.557092,1.074671,14.879,3,1.114755
processes,0,6,6,10,10,671088640,67108864,67108864,32.579083,7.226009,0.002323,14.228,3,0.032044
processes,0,6,6,11,11,738197504,67108864,67108864,37.343021,4.251228,2.130029,6.402,3,2.159349
processes,0,6,6,12,12,805306368,67108864,67108864,33.075095,4.223395,1.058715,11.402,3,1.089798
processes,0,6,6,13,13,872415232,67108864,67108864,36.909046,4.277029,4.051275,5.315,3,4.079383
processes,0,6,6,14,14,939524096,67108864,67108864,34.121635,4.316382,7.476596,5.662,2,7.511358
processes,0,6,6,15,15,1006632960,67108864,67108864,38.061574,4.378682,9.0104,4.676,3,9.036575
processes,0,6,6,16,16,1073741824,67108864,67108864,35.437875,7.97702,0.004518,10.73,3,0.058476
processes,0,6,6,17,17,1140850688,67108864,67108864,37.951,4.371299,4.364529,3.772,3,4.384342
processes,0,6,6,18,18,1207959552,67108864,67108864,39.466585,4.836214,0.00323,10.145,2,0.030122
processes,0,6,6,19,19,1275068416,67108864,67108864,37.755026,7.484872,0.005237,10.606,3,0.040022
processes,0,6,6,20,20,1342177280,67108864,67108864,38.422318,12.909881,0.005315,10.437,3,0.040357
processes,0,6,6,21,21,1409286144,67108864,67108864,37.317048,15.25028,0.004373,9.647,3,0.034046
processes,0,6,6,22,22,1476395008,67108864,67108864,31.703437,15.694292,0.004127,9.76,3,0.03745
processes,0,6,6,23,23,1543503872,67108864,67108864,32.885237,13.858426,0.002813,7.899,3,0.028063
processes,0,6,6,24,24,1610612736,67108864,67108864,33.961448,11.349676,0.004402,10.243,3,0.03744
processes,0,6,6,25,25,1677721600,67108864,67108864,36.191116,10.801729,0.004509,11.444,3,0.042833
processes,0,6,6,26,26,1744830464,67108864,67108864,34.083155,12.494733,0.005741,11.545,3,0.054136
processes,0,6,6,27,27,1811939328,67108864,67108864,34.786394,12.348842,0.005696,10.419,3,0.04314
processes,0,6,6,28,28,1879048192,67108864,67108864,31.893588,14.061751,0.00497,9.914,3,0.038661
processes,0,6,6,29,29,1946157056,67108864,67108864,22.355386,15.452513,0.004915,10.391,2,0.040765
processes,1,7,7,0,30,2013265920,67108864,67108864,52.471907,4.386881,8.963462,92.122,2,
processes,1,7,7,1,31,2080374784,67108864,67108864,36.573772,6.329798,0.027205,12.975,3,0.081699
processes,1,7,7,2,32,2147483648,67108864,67108864,36.119505,4.279629,4.189417,3.741,3,4.214417
processes,1,7,7,3,33,2214592512,67108864,67108864,35.461945,4.052561,0.074258,4.822,3,0.102534
processes,1,7,7,4,34,2281701376,67108864,67108864,35.583477,4.701814,2.145715,12.938,3,2.186873
processes,1,7,7,5,35,2348810240,67108864,67108864,36.085568,4.284165,6.593979,5.594,2,6.622698
processes,1,7,7,6,36,2415919104,67108864,67108864,36.224406,4.300408,11.073742,2.787,3,11.120574
processes,1,7,7,7,37,2483027968,67108864,67108864,39.076592,4.713786,2.102447,7.35,2,2.143588
processes,1,7,7,8,38,2550136832,67108864,67108864,31.762309,21.529854,0.005215,10.648,3,0.042887
processes,1,7,7,9,39,2617245696,67108864,67108864,33.64322,15.632967,0.003852,9.75,3,0.035988
processes,1,7,7,10,40,2684354560,67108864,67108864,33.94546,16.661664,0.005314,11.172,3,0.041811
processes,1,7,7,11,41,2751463424,67108864,67108864,31.504039,16.070785,0.00398,11.032,3,0.037876
processes,1,7,7,12,42,2818572288,67108864,67108864,33.970925,13.464626,0.002465,7.561,3,0.027187
processes,1,7,7,13,43,2885681152,67108864,67108864,35.576456,8.980298,0.001788,7.715,3,0.024092
processes,1,7,7,14,44,2952790016,67108864,67108864,31.028392,7.54752,0.001943,6.581,3,0.022476
processes,1,7,7,15,45,3019898880,67108864,67108864,31.961592,4.3058,5.835414,3.818,3,5.848137
processes,1,7,7,16,46,3087007744,67108864,67108864,34.442481,4.319856,2.495701,4.536,2,2.512136
processes,1,7,7,17,47,3154116608,67108864,67108864,37.516206,5.520252,0.006679,14.01,3,0.079231
processes,1,7,7,18,48,3221225472,67108864,67108864,41.676803,4.511724,1.674035,7.19,2,1.703913
processes,1,7,7,19,49,3288334336,67108864,67108864,36.804879,13.684227,0.005779,11.301,3,0.047223
processes,1,7,7,20,50,3355443200,67108864,67108864,32.330072,12.210488,0.00623,12.742,3,0.05307
processes,1,7,7,21,51,3422552064,67108864,67108864,36.081138,7.392258,0.005343,10.55,3,0.040302
processes,1,7,7,22,52,3489660928,67108864,67108864,36.885822,4.902309,0.003375,10.165,3,0.034827
processes,1,7,7,23,53,3556769792,67108864,67108864,33.547233,4.276695,0.002019,7.15,3,0.024664
processes,1,7,7,24,54,3623878656,67108864,67108864,31.409824,5.205163,0.002262,5.501,3,0.020133
processes,1,7,7,25,55,3690987520,67108864,67108864,32.342581,4.324251,3.999733,7.152,3,4.021603
processes,1,7,7,26,56,3758096384,67108864,67108864,33.360922,4.927196,2.169481,6.764,3,2.209647
processes,1,7,7,27,57,3825205248,67108864,67108864,34.23809,5.02197,1.164123,5.457,3,1.191326
processes,1,7,7,28,58,3892314112,67108864,67108864,33.065459,5.639831,0.00293,10.506,3,0.034096
processes,1,7,7,29,59,3959422976,67108864,67108864,25.756696,4.738361,0.005207,14.093,3,0.046687
processes,2,8,8,0,60,4026531840,67108864,67108864,50.318771,,0.021264,82.481,0,
processes,2,8,8,1,61,4093640704,67108864,67108864,37.585439,37.093549,0.00878,13.889,3,0.065355
processes,2,8,8,2,62,4160749568,67108864,67108864,36.340257,21.53353,0.007442,9.471,3,0.042508
processes,2,8,8,3,63,4227858432,67108864,67108864,41.155975,17.78202,0.006113,9.52,3,0.038092
processes,2,8,8,4,64,4294967296,67108864,67108864,44.192063,20.796962,0.009022,12.001,3,0.049758
processes,2,8,8,5,65,4362076160,67108864,67108864,42.852088,26.246635,0.009933,10.688,3,0.050122
processes,2,8,8,6,66,4429185024,67108864,67108864,32.577893,30.054149,0.005692,11.302,3,0.042657
processes,2,8,8,7,67,4496293888,67108864,67108864,36.153866,19.761568,0.005919,11.569,3,0.050453
processes,2,8,8,8,68,4563402752,67108864,67108864,37.658029,13.259296,0.00381,9.612,3,0.042185
processes,2,8,8,9,69,4630511616,67108864,67108864,32.604012,7.53664,0.003436,11.796,3,0.037155
processes,2,8,8,10,70,4697620480,67108864,67108864,34.54299,4.335403,0.004222,14.83,3,0.052322
processes,2,8,8,11,71,4764729344,67108864,67108864,31.902054,4.979444,0.003698,9.009,3,0.031225
processes,2,8,8,12,72,4831838208,67108864,67108864,34.454847,4.378397,2.212566,8.856,3,2.235331
processes,2,8,8,13,73,4898947072,67108864,67108864,33.535352,4.424923,4.00315,4.767,3,4.024498
processes,2,8,8,14,74,4966055936,67108864,67108864,34.892976,4.302155,3.474508,7.059,3,3.496358
processes,2,8,8,15,75,5033164800,67108864,67108864,34.483793,4.363163,0.890704,3.787,2,0.908891
processes,2,8,8,16,76,5100273664,67108864,67108864,33.090083,25.912804,0.00498,14.397,3,0.051193
processes,2,8,8,17,77,5167382528,67108864,67108864,47.044457,20.189527,0.004513,9.879,3,0.03905
processes,2,8,8,18,78,5234491392,67108864,67108864,40.234264,4.207819,6.29716,9.11,2,6.336984
processes,2,8,8,19,79,5301600256,67108864,67108864,36.768865,4.338463,6.441388,2.42,3,6.45662
processes,2,8,8,20,80,5368709120,67108864,67108864,37.089178,4.232487,2.603455,3.357,3,2.631766
processes,2,8,8,21,81,5435817984,67108864,67108864,37.357066,4.615291,1.068834,3.495,3,1.089009
processes,2,8,8,22,82,5502926848,67108864,67108864,39.486427,4.594239,1.061011,3.115,3,1.078246
processes,2,8,8,23,83,5570035712,67108864,67108864,37.943772,6.750467,0.002538,7.285,3,0.024299
processes,2,8,8,24,84,5637144576,67108864,67108864,33.881512,12.990491,0.0028,8.114,3,0.027752
processes,2,8,8,25,85,5704253440,67108864,67108864,33.622893,13.996715,0.006334,13.029,3,0.047389
processes,2,8,8,26,86,5771362304,67108864,67108864,34.602888,13.667519,0.005322,14.081,3,0.052192
processes,2,8,8,27,87,5838471168,67108864,67108864,33.365102,12.060909,0.00425,8.472,3,0.035754
processes,2,8,8,28,88,5905580032,67108864,67108864,34.820425,11.34006,0.004513,11.678,3,0.040344
processes,2,8,8,29,89,5972688896,67108864,67108864,22.623704,11.392244,0.005645,14.645,3,0.056814
processes,3,9,9,0,90,6039797760,67108864,67108864,50.556674,4.588013,4.561718,61.759,1,
processes,3,9,9,1,91,6106906624,67108864,67108864,42.801211,4.814576,0.009141,10.448,3,0.054015
processes,3,9,9,2,92,6174015488,67108864,67108864,36.398201,10.024987,0.004739,10.307,3,0.037147
processes,3,9,9,3,93,6241124352,67108864,67108864,36.954122,10.095745,0.005923,14.595,3,0.050906
processes,3,9,9,4,94,6308233216,67108864,67108864,41.36142,5.889577,0.005485,13.877,3,0.045443
processes,3,9,9,5,95,6375342080,67108864,67108864,40.353828,4.271216,1.217627,4.209,2,1.262404
processes,3,9,9,6,96,6442450944,67108864,67108864,42.223126,4.250673,2.493783,4.451,2,2.520374
processes,3,9,9,7,97,6509559808,67108864,67108864,44.906647,13.89264,0.003905,11.28,3,0.047187
processes,3,9,9,8,98,6576668672,67108864,67108864,35.604547,4.288841,3.18355,4.173,2,3.215459
processes,3,9,9,9,99,6643777536,67108864,67108864,31.226028,8.130872,0.003467,11.164,3,0.035781
processes,3,9,9,10,100,6710886400,67108864,67108864,37.672678,5.707098,0.004473,11.247,3,0.035229
processes,3,9,9,11,101,6777995264,67108864,67108864,38.431326,9.436975,0.006816,11.123,3,0.040535
processes,3,9,9,12,102,6845104128,67108864,67108864,37.070253,16.366401,0.002678,9.022,3,0.029326
processes,3,9,9,13,103,6912212992,67108864,67108864,39.977437,19.472228,0.003082,8.976,3,0.030591
processes,3,9,9,14,104,6979321856,67108864,67108864,39.171202,23.891184,0.004555,11.677,3,0.040451
processes,3,9,9,15,105,7046430720,67108864,67108864,33.287337,4.241068,3.934654,5.104,2,3.968015
processes,3,9,9,16,106,7113539584,67108864,67108864,40.184724,4.433251,0.002727,9.429,3,0.033979
processes,3,9,9,17,107,7180648448,67108864,67108864,32.515765,26.731375,0.005423,12.707,3,0.043923
processes,3,9,9,18,108,7247757312,67108864,67108864,38.301082,19.460681,0.003335,10.4,3,0.035758
processes,3,9,9,19,109,7314866176,67108864,67108864,37.157462,15.472784,0.002959,9.717,3,0.030606
processes,3,9,9,20,110,7381975040,67108864,67108864,38.568083,13.260757,0.00325,9.12,3,0.031142
processes,3,9,9,21,111,7449083904,67108864,67108864,37.51068,13.688484,0.003431,11.438,3,0.037831
processes,3,9,9,22,112,7516192768,67108864,67108864,32.604248,12.789272,0.00248,8.608,3,0.02542
processes,3,9,9,23,113,7583301632,67108864,67108864,33.803165,5.917444,0.003999,9.41,3,0.03465
processes,3,9,9,24,114,7650410496,67108864,67108864,33.916612,4.258259,2.494153,2.49,3,2.509174
processes,3,9,9,25,115,7717519360,67108864,67108864,33.29267,4.278641,0.002458,9.547,3,0.032671
processes,3,9,9,26,116,7784628224,67108864,67108864,33.62405,5.06103,1.133092,3.477,3,1.164804
processes,3,9,9,27,117,7851737088,67108864,67108864,32.930799,4.076713,0.002679,10.329,3,0.030275
processes,3,9,9,28,118,7918845952,67108864,67108864,35.238251,4.684883,1.061651,3.944,3,1.082817
processes,3,9,9,29,119,7985954816,59027232,59027232,19.193625,5.089596,0.00434,11.296,2,0.043701
processes,0,6,6,0,0,0,67108864,67108864,81.852525,4.561806,4.705229,6.055,1,
processes,0,6,6,1,1,67108864,67108864,67108864,53.141808,10.034009,0.007895,10.276,3,0.045021
processes,0,6,6,2,2,134217728,67108864,67108864,52.13562,8.303365,0.002946,8.468,3,0.026751
processes,0,6,6,3,3,201326592,67108864,67108864,59.473899,6.18141,0.005698,13.554,3,0.045327
processes,0,6,6,4,4,268435456,67108864,67108864,53.229297,10.277208,0.004211,9.223,3,0.030607
processes,0,6,6,5,5,335544320,67108864,67108864,55.674777,10.314145,0.004095,8.783,3,0.033186
processes,0,6,6,6,6,402653184,67108864,67108864,48.952386,11.830558,0.004388,11.149,3,0.037294
processes,0,6,6,7,7,469762048,67108864,67108864,59.253027,6.86112,0.003035,8.794,3,0.033256
processes,0,6,6,8,8,536870912,67108864,67108864,53.987541,7.440515,0.003764,8.79,3,0.029208
processes,0,6,6,9,9,603979776,67108864,67108864,57.7497,4.536019,5.632759,5.136,3,5.654669
processes,0,6,6,10,10,671088640,67108864,67108864,56.340383,5.055022,0.003402,8.178,3,0.028604
processes,0,6,6,11,11,738197504,67108864,67108864,56.69084,6.485351,0.003012,9.507,3,0.029929
processes,0,6,6,12,12,805306368,67108864,67108864,57.24007,6.361691,0.002966,8.462,3,0.026851
processes,0,6,6,13,13,872415232,67108864,67108864,46.293038,16.645133,0.004506,14.078,3,0.048567
processes,0,6,6,14,14,939524096,67108864,67108864,60.480447,8.200254,0.00452,10.315,3,0.037913
processes,0,6,6,15,15,1006632960,67108864,67108864,66.797194,18.832106,0.004264,11.179,3,0.037213
processes,0,6,6,16,16,1073741824,67108864,67108864,61.834586,25.093046,0.005443,11.624,3,0.040519
processes,0,6,6,17,17,1140850688,67108864,67108864,51.536299,20.405911,0.004446,12.275,3,0.039998
processes,0,6,6,18,18,1207959552,67108864,67108864,47.741041,20.167814,0.004832,13.685,3,0.042575
processes,0,6,6,19,19,1275068416,67108864,67108864,56.295891,4.314275,3.382672,8.459,3,3.412641
processes,0,6,6,20,20,1342177280,67108864,67108864,53.089051,9.064139,0.004139,8.585,3,0.030005
processes,0,6,6,21,21,1409286144,67108864,67108864,74.053331,4.680968,1.069291,13.394,3,1.121628
processes,0,6,6,22,22,1476395008,67108864,67108864,67.481372,25.14632,0.005466,13.047,3,0.044876
processes,0,6,6,23,23,1543503872,67108864,67108864,48.301615,33.965536,0.008575,17.064,3,0.061601
processes,0,6,6,24,24,1610612736,67108864,67108864,71.001683,29.503674,0.005454,12.432,3,0.043128
processes,0,6,6,25,25,1677721600,67108864,67108864,57.423041,4.234944,2.564667,5.253,3,2.589887
processes,0,6,6,26,26,1744830464,67108864,67108864,58.27689,4.755284,0.004769,10.553,3,0.04848
processes,0,6,6,27,27,1811939328,67108864,67108864,51.525039,9.857916,0.003468,9.825,3,0.03257
processes,0,6,6,28,28,1879048192,67108864,67108864,50.646303,11.408092,0.004766,13.535,3,0.038539
processes,0,6,6,29,29,1946157056,67108864,67108864,33.867896,4.292215,2.256601,6.186,3,2.277361
processes,1,7,7,0,30,2013265920,67108864,67108864,76.352948,,0.044667,172.185,0,
processes,1,7,7,1,31,2080374784,67108864,67108864,54.863541,63.009862,0.010675,14.557,3,0.072395
processes,1,7,7,2,32,2147483648,67108864,67108864,54.263435,32.741211,0.005741,10.027,3,0.035662
processes,1,7,7,3,33,2214592512,67108864,67108864,55.37608,32.43612,0.006454,10.541,3,0.039467
processes,1,7,7,4,34,2281701376,67108864,67108864,53.186119,32.003687,0.005568,8.626,3,0.032628
processes,1,7,7,5,35,2348810240,67108864,67108864,54.157049,34.119208,0.007276,9.935,3,0.039427
processes,1,7,7,6,36,2415919104,67108864,67108864,53.908299,34.451202,0.004833,9.544,3,0.038609
processes,1,7,7,7,37,2483027968,67108864,67108864,58.658542,32.965116,0.00393,11.806,3,0.046781
processes,1,7,7,8,38,2550136832,67108864,67108864,58.468189,31.116894,0.005272,12.791,3,0.044298
processes,1,7,7,9,39,2617245696,67108864,67108864,55.225971,36.034285,0.005773,12.983,3,0.045211
processes,1,7,7,10,40,2684354560,67108864,67108864,54.843576,42.664854,0.004448,12.202,3,0.043937
processes,1,7,7,11,41,2751463424,67108864,67108864,57.864723,38.259818,0.005028,14.285,3,0.045985
processes,1,7,7,12,42,2818572288,67108864,67108864,51.971673,38.372836,0.005384,12.43,3,0.043081
processes,1,7,7,13,43,2885681152,67108864,67108864,54.727885,33.839554,0.00441,11.45,3,0.04019
processes,1,7,7,14,44,2952790016,67108864,67108864,49.836303,29.487788,0.005761,15.409,3,0.047945
processes,1,7,7,15,45,3019898880,67108864,67108864,60.533243,12.613891,0.007012,13.29,3,0.049505
processes,1,7,7,16,46,3087007744,67108864,67108864,66.525988,7.877216,0.004388,12.252,3,0.04353
processes,1,7,7,17,47,3154116608,67108864,67108864,51.776405,6.116528,0.002887,10.662,3,0.035731
processes,1,7,7,18,48,3221225472,67108864,67108864,62.730809,4.440652,0.00491,12.383,3,0.040566
processes,1,7,7,19,49,3288334336,67108864,67108864,49.200455,34.056116,0.004655,11.853,3,0.0408
processes,1,7,7,20,50,3355443200,67108864,67108864,54.497109,30.781001,0.007188,15.272,3,0.052482
processes,1,7,7,21,51,3422552064,67108864,67108864,52.285974,20.895527,0.003291,9.655,3,0.031076
processes,1,7,7,22,52,3489660928,67108864,67108864,64.912786,4.527115,1.093638,5.1,3,1.120386
processes,1,7,7,23,53,3556769792,67108864,67108864,51.462177,6.849582,0.003637,10.195,3,0.031529
processes,1,7,7,24,54,3623878656,67108864,67108864,65.394526,4.049366,0.00342,8.759,3,0.029055
processes,1,7,7,25,55,3690987520,67108864,67108864,62.547939,4.252513,3.559594,4.239,3,3.585512
processes,1,7,7,26,56,3758096384,67108864,67108864,61.331604,18.031437,0.005753,13.392,3,0.056665
processes,1,7,7,27,57,3825205248,67108864,67108864,63.086564,22.177718,0.004492,12.718,3,0.042776
processes,1,7,7,28,58,3892314112,67108864,67108864,61.961443,26.945453,0.008693,17.439,3,0.053668
processes,1,7,7,29,59,3959422976,67108864,67108864,39.825185,32.483316,0.006147,14.239,3,0.046471
processes,2,8,8,0,60,4026531840,67108864,67108864,85.131047,4.533062,13.582252,6.854,3,
processes,2,8,8,1,61,4093640704,67108864,67108864,54.58261,7.077991,0.003796,10.095,3,0.036807
processes,2,8,8,2,62,4160749568,67108864,67108864,55.811751,6.946149,0.003229,7.058,3,0.025383
processes,2,8,8,3,63,4227858432,67108864,67108864,48.958668,10.879838,0.003455,9.141,3,0.02939
processes,2,8,8,4,64,4294967296,67108864,67108864,53.831528,4.590011,2.132343,3.24,3,2.151357
processes,2,8,8,5,65,4362076160,67108864,67108864,53.023278,4.694098,0.003954,9.971,3,0.032136
processes,2,8,8,6,66,4429185024,67108864,67108864,60.490481,4.328632,2.373012,20.332,3,2.417888
processes,2,8,8,7,67,4496293888,67108864,67108864,53.550045,11.791487,0.006503,17.215,3,0.060581
processes,2,8,8,8,68,4563402752,67108864,67108864,47.560612,10.298716,0.005786,13.905,3,0.045964
processes,2,8,8,9,69,4630511616,67108864,67108864,59.247183,4.035729,1.056538,3.876,3,1.078727
processes,2,8,8,10,70,4697620480,67108864,67108864,57.717763,5.552022,0.006191,14.771,3,0.047414
processes,2,8,8,11,71,4764729344,67108864,67108864,56.499599,6.976496,0.010188,21.438,3,0.077023
processes,2,8,8,12,72,4831838208,67108864,67108864,55.17793,6.80395,0.005803,14.051,3,0.045546
processes,2,8,8,13,73,4898947072,67108864,67108864,66.716397,4.319864,3.923305,3.988,3,3.949666
processes,2,8,8,14,74,4966055936,67108864,67108864,65.266997,18.938609,0.006772,12.944,3,0.043308
processes,2,8,8,15,75,5033164800,67108864,67108864,68.283375,28.15276,0.005549,14.658,3,0.046451
processes,2,8,8,16,76,5100273664,67108864,67108864,53.455733,30.504618,0.005596,11.637,3,0.039032
processes,2,8,8,17,77,5167382528,67108864,67108864,69.29436,21.960983,0.00401,10.668,3,0.037114
processes,2,8,8,18,78,5234491392,67108864,67108864,51.519947,4.235612,2.1292,5.003,3,2.153513
processes,2,8,8,19,79,5301600256,67108864,67108864,58.547154,6.558707,0.007621,15.341,3,0.056085
processes,2,8,8,20,80,5368709120,67108864,67108864,53.58969,10.624372,0.006577,13.767,3,0.046696
processes,2,8,8,21,81,5435817984,67108864,67108864,57.657795,10.850867,0.005461,12.006,3,0.043165
processes,2,8,8,22,82,5502926848,67108864,67108864,52.763321,4.630309,1.039837,4.204,3,1.065962
processes,2,8,8,23,83,5570035712,67108864,67108864,58.736977,5.945682,0.005848,12.287,3,0.043284
processes,2,8,8,24,84,5637144576,67108864,67108864,46.700581,21.659799,0.005556,13.565,3,0.044866
processes,2,8,8,25,85,5704253440,67108864,67108864,53.057544,4.512279,2.088586,11.481,3,2.125099
processes,2,8,8,26,86,5771362304,67108864,67108864,55.109754,4.268857,4.12956,3.738,3,4.170555
processes,2,8,8,27,87,5838471168,67108864,67108864,56.413346,4.331894,3.236353,3.91,3,3.262743
processes,2,8,8,28,88,5905580032,67108864,67108864,51.198144,9.238367,0.00654,16.859,3,0.056705
processes,2,8,8,29,89,5972688896,67108864,67108864,31.484204,7.553058,0.003886,12.277,3,0.040211
processes,3,9,9,0,90,6039797760,67108864,67108864,81.471189,4.320613,8.951075,4.477,2,
processes,3,9,9,1,91,6106906624,67108864,67108864,54.710635,5.045992,1.129564,4.142,3,1.151736
processes,3,9,9,2,92,6174015488,67108864,67108864,51.868229,6.617268,0.00365,8.806,3,0.0292
processes,3,9,9,3,93,6241124352,67108864,67108864,53.817595,6.343773,0.004082,10.947,3,0.039223
processes,3,9,9,4,94,6308233216,67108864,67108864,53.729558,4.239119,3.564392,3.316,3,3.582257
processes,3,9,9,5,95,6375342080,67108864,67108864,54.600387,4.736213,0.003395,9.09,3,0.030019
processes,3,9,9,6,96,6442450944,67108864,67108864,53.055849,4.830774,1.136703,14.638,3,1.206245
processes,3,9,9,7,97,6509559808,67108864,67108864,52.972973,8.933339,0.002548,8.383,3,0.032358
processes,3,9,9,8,98,6576668672,67108864,67108864,50.314108,4.739884,2.093779,8.429,3,2.115807
processes,3,9,9,9,99,6643777536,67108864,67108864,57.229051,4.033306,0.002039,7.742,2,0.052199
processes,3,9,9,10,100,6710886400,67108864,67108864,54.909166,6.022699,0.003675,8.722,3,0.03025
processes,3,9,9,11,101,6777995264,67108864,67108864,56.816558,6.073121,0.003401,9.95,3,0.030817
processes,3,9,9,12,102,6845104128,67108864,67108864,64.046219,5.006668,0.002519,7.995,3,0.024793
processes,3,9,9,13,103,6912212992,67108864,67108864,52.097787,4.323045,3.889701,3.295,3,3.927154
processes,3,9,9,14,104,6979321856,67108864,67108864,56.075092,10.133054,0.00159,11.65,3,0.043173
processes,3,9,9,15,105,7046430720,67108864,67108864,64.821409,5.714691,0.003218,6.402,3,0.024205
processes,3,9,9,16,106,7113539584,67108864,67108864,62.002557,4.847527,1.135528,2.919,3,1.14914
processes,3,9,9,17,107,7180648448,67108864,67108864,55.085632,5.009425,0.003508,9.564,3,0.033925
processes,3,9,9,18,108,7247757312,67108864,67108864,52.498975,8.547679,0.003119,9.924,3,0.031496
processes,3,9,9,19,109,7314866176,67108864,67108864,64.374943,9.922049,0.002985,9.029,3,0.029077
processes,3,9,9,20,110,7381975040,67108864,67108864,69.733812,18.009812,0.004526,10.051,3,0.038716
processes,3,9,9,21,111,7449083904,67108864,67108864,62.579382,33.573905,0.00367,11.449,3,0.04096
processes,3,9,9,22,112,7516192768,67108864,67108864,54.260851,22.097546,0.005971,11.95,3,0.042466
processes,3,9,9,23,113,7583301632,67108864,67108864,47.085022,8.846021,0.00335,9.734,3,0.030597
processes,3,9,9,24,114,7650410496,67108864,67108864,61.687615,7.61837,0.003741,10.679,3,0.03207
processes,3,9,9,25,115,7717519360,67108864,67108864,56.900943,35.825944,0.005947,14.057,3,0.050641
processes,3,9,9,26,116,7784628224,67108864,67108864,53.162735,30.172521,0.004205,12.077,3,0.050238
processes,3,9,9,27,117,7851737088,67108864,67108864,49.979614,22.004969,0.005656,12.9,3,0.044093
processes,3,9,9,28,118,7918845952,67108864,67108864,60.006972,8.878139,0.00346,10.288,3,0.033788
processes,3,9,9,29,119,7985954816,59027232,59027232,32.258617,6.909766,0.00332,7.23,3,0.032569
processes,0,6,6,0,0,0,67108864,67108864,55.834223,4.24059,13.511267,12.333,3,
processes,0,6,6,1,1,67108864,67108864,67108864,40.604482,4.159517,2.203772,14.409,3,2.25497
processes,0,6,6,2,2,134217728,67108864,67108864,40.216091,7.158595,0.003346,9.893,3,0.034856
processes,0,6,6,3,3,201326592,67108864,67108864,37.195342,8.111734,0.005504,12.78,3,0.045845
processes,0,6,6,4,4,268435456,67108864,67108864,41.123661,5.112864,0.004686,11.66,3,0.0392
processes,0,6,6,5,5,335544320,67108864,67108864,39.447753,7.918736,0.003095,10.387,3,0.047195
processes,0,6,6,6,6,402653184,67108864,67108864,40.62572,11.172935,0.005358,12.294,3,0.04665
processes,0,6,6,7,7,469762048,67108864,67108864,34.640452,11.446781,0.003663,12.365,3,0.04681
processes,0,6,6,8,8,536870912,67108864,67108864,35.135422,6.489246,0.00375,9.115,3,0.033635
processes,0,6,6,9,9,603979776,67108864,67108864,39.154117,7.153317,0.004702,32.092,3,0.061952
processes,0,6,6,10,10,671088640,67108864,67108864,43.33494,11.558182,0.004656,13.812,3,0.039428
processes,0,6,6,11,11,738197504,67108864,67108864,47.540424,18.023357,0.004473,12.493,3,0.04504
processes,0,6,6,12,12,805306368,67108864,67108864,42.955408,4.365167,3.695757,14.585,3,3.735605
processes,0,6,6,13,13,872415232,67108864,67108864,36.997624,4.328124,3.860847,5.719,3,3.883338
processes,0,6,6,14,14,939524096,67108864,67108864,35.870257,5.569238,0.003698,14.405,3,0.034353
processes,0,6,6,15,15,1006632960,67108864,67108864,37.252948,4.054281,1.149486,8.508,3,1.180316
processes,0,6,6,16,16,1073741824,67108864,67108864,37.44853,4.759859,1.113515,15.95,3,1.149564
processes,0,6,6,17,17,1140850688,67108864,67108864,37.966288,4.548338,0.002668,8.34,3,0.028421
processes,0,6,6,18,18,1207959552,67108864,67108864,36.548629,4.708954,0.004501,12.82,3,0.04309
processes,0,6,6,19,19,1275068416,67108864,67108864,36.686578,6.621258,0.003092,10.25,3,0.032977
processes,0,6,6,20,20,1342177280,67108864,67108864,38.642151,6.143133,0.002034,7.773,3,0.023941
processes,0,6,6,21,21,1409286144,67108864,67108864,33.598685,9.606979,0.004887,9.648,3,0.046544
processes,0,6,6,22,22,1476395008,67108864,67108864,35.054604,7.506443,0.002039,5.711,3,0.017533
processes,0,6,6,23,23,1543503872,67108864,67108864,35.333829,7.202894,0.004128,10.915,3,0.03601
processes,0,6,6,24,24,1610612736,67108864,67108864,34.295306,7.731896,0.001979,6.239,3,0.018898
processes,0,6,6,25,25,1677721600,67108864,67108864,35.812873,4.945539,1.164595,7.228,3,1.18916
processes,0,6,6,26,26,1744830464,67108864,67108864,39.33865,4.825532,1.140873,8.241,3,1.179634
processes,0,6,6,27,27,1811939328,67108864,67108864,35.826736,9.133167,0.002812,7.951,3,0.028996
processes,0,6,6,28,28,1879048192,67108864,67108864,32.659505,6.960492,0.001673,4.831,3,0.015612
processes,0,6,6,29,29,1946157056,67108864,67108864,23.934523,18.595723,0.00289,7.942,1,0.025774
processes,1,7,7,0,30,2013265920,67108864,67108864,53.89327,,0.092346,124.847,0,
processes,1,7,7,1,31,2080374784,67108864,67108864,40.3935,40.530931,0.009254,18.332,3,0.082924
processes,1,7,7,2,32,2147483648,67108864,67108864,39.828311,22.873828,0.005728,9.167,3,0.03859
processes,1,7,7,3,33,2214592512,67108864,67108864,36.682051,22.111148,0.007207,12.618,3,0.048347
processes,1,7,7,4,34,2281701376,67108864,67108864,37.582259,18.572064,0.005162,10.542,3,0.040801
processes,1,7,7,5,35,2348810240,67108864,67108864,38.395053,18.970038,0.009945,11.772,3,0.050257
processes,1,7,7,6,36,2415919104,67108864,67108864,36.030949,16.24155,0.005398,12.316,3,0.047315
processes,1,7,7,7,37,2483027968,67108864,67108864,38.601047,12.827082,0.005582,11.678,3,0.048986
processes,1,7,7,8,38,2550136832,67108864,67108864,36.754358,10.788038,0.002767,8.153,3,0.032439
processes,1,7,7,9,39,2617245696,67108864,67108864,35.889381,12.893337,0.001899,7.378,3,0.025028
processes,1,7,7,10,40,2684354560,67108864,67108864,39.355606,13.611928,0.002535,8.127,3,0.026584
processes,1,7,7,11,41,2751463424,67108864,67108864,34.333572,13.824574,0.003094,8.874,3,0.050585
processes,1,7,7,12,42,2818572288,67108864,67108864,42.089025,4.795033,0.00147,5.78,3,0.016867
processes,1,7,7,13,43,2885681152,67108864,67108864,38.543034,23.775792,0.00245,4.989,3,0.026804
processes,1,7,7,14,44,2952790016,67108864,67108864,35.884914,18.838007,0.004199,11.295,3,0.03795
processes,1,7,7,15,45,3019898880,67108864,67108864,37.759523,16.477727,0.023143,15.07,3,0.061292
processes,1,7,7,16,46,3087007744,67108864,67108864,36.972359,14.432017,0.004913,11.098,3,0.042138
processes,1,7,7,17,47,3154116608,67108864,67108864,37.366205,14.656753,0.003521,6.713,3,0.027195
processes,1,7,7,18,48,3221225472,67108864,67108864,36.714962,13.649306,0.003727,12.698,3,0.037351
processes,1,7,7,19,49,3288334336,67108864,67108864,38.933023,12.303351,0.003563,10.577,3,0.035276
processes,1,7,7,20,50,3355443200,67108864,67108864,35.452248,13.711179,0.003608,13.36,3,0.061213
processes,1,7,7,21,51,3422552064,67108864,67108864,37.21141,10.205296,0.002905,6.672,3,0.025389
processes,1,7,7,22,52,3489660928,67108864,67108864,37.380778,6.908127,0.002791,6.377,3,0.022099
processes,1,7,7,23,53,3556769792,67108864,67108864,35.663471,11.007403,0.002239,6.615,3,0.023384
processes,1,7,7,24,54,3623878656,67108864,67108864,34.436077,9.705562,0.00164,5.487,3,0.017052
processes,1,7,7,25,55,3690987520,67108864,67108864,38.123678,8.83547,0.00199,5.928,3,0.019508
processes,1,7,7,26,56,3758096384,67108864,67108864,35.550315,12.339601,0.001803,6.078,3,0.027999
processes,1,7,7,27,57,3825205248,67108864,67108864,36.426391,10.468902,0.003037,12.227,3,0.041602
processes,1,7,7,28,58,3892314112,67108864,67108864,40.780722,6.950187,0.001965,4.556,3,0.015563
processes,1,7,7,29,59,3959422976,67108864,67108864,24.178197,4.390796,2.234377,5.485,3,2.248037
processes,2,8,8,0,60,4026531840,67108864,67108864,54.460805,4.775216,4.940218,38.948,1,
processes,2,8,8,1,61,4093640704,67108864,67108864,38.033158,5.306079,0.00591,9.41,3,0.046252
processes,2,8,8,2,62,4160749568,67108864,67108864,39.767153,4.005412,1.067086,11.237,3,1.098265
processes,2,8,8,3,63,4227858432,67108864,67108864,41.505205,5.096051,1.168451,5.298,3,1.200144
processes,2,8,8,4,64,4294967296,67108864,67108864,38.290001,4.31577,3.650014,3.397,3,3.67121
processes,2,8,8,5,65,4362076160,67108864,67108864,34.071921,10.252561,0.024017,8.116,3,0.074983
processes,2,8,8,6,66,4429185024,67108864,67108864,40.353014,4.423177,2.149226,3.936,3,2.168283
processes,2,8,8,7,67,4496293888,67108864,67108864,39.582121,4.906052,0.003724,11.972,3,0.04567
processes,2,8,8,8,68,4563402752,67108864,67108864,34.485938,6.192306,0.004747,12.61,3,0.049501
processes,2,8,8,9,69,4630511616,67108864,67108864,34.749283,5.416701,0.004845,16.195,3,0.047365
processes,2,8,8,10,70,4697620480,67108864,67108864,36.368946,4.58338,0.002829,8.515,3,0.039397
processes,2,8,8,11,71,4764729344,67108864,67108864,41.134793,4.249028,0.526417,3.508,3,0.545859
processes,2,8,8,12,72,4831838208,67108864,67108864,43.491583,5.63129,0.002118,6.579,3,0.023634
processes,2,8,8,13,73,4898947072,67108864,67108864,38.264002,10.630407,0.002432,7.024,3,0.027186
processes,2,8,8,14,74,4966055936,67108864,67108864,39.806842,6.84555,0.003681,14.275,3,0.042484
processes,2,8,8,15,75,5033164800,67108864,67108864,36.74224,9.660944,0.005123,12.335,3,0.040529
processes,2,8,8,16,76,5100273664,67108864,67108864,38.378091,9.385189,0.003247,9.169,3,0.032578
processes,2,8,8,17,77,5167382528,67108864,67108864,38.056938,9.39368,0.003268,8.952,3,0.032912
processes,2,8,8,18,78,5234491392,67108864,67108864,37.557143,10.012922,0.003165,12.37,3,0.039255
processes,2,8,8,19,79,5301600256,67108864,67108864,38.946222,9.589952,0.003177,9.345,3,0.029265
processes,2,8,8,20,80,5368709120,67108864,67108864,40.488675,11.991866,0.004084,9.478,3,0.037298
processes,2,8,8,21,81,5435817984,67108864,67108864,33.279608,15.812025,0.004983,11.241,3,0.042003
processes,2,8,8,22,82,5502926848,67108864,67108864,36.966699,10.428216,0.002536,8.182,3,0.025278
processes,2,8,8,23,83,5570035712,67108864,67108864,35.30801,13.794362,0.001432,4.659,3,0.015665
processes,2,8,8,24,84,5637144576,67108864,67108864,34.631697,14.029425,0.001595,5.742,3,0.017667
processes,2,8,8,25,85,5704253440,67108864,67108864,37.43389,13.324244,0.001451,5.084,3,0.015849
processes,2,8,8,26,86,5771362304,67108864,67108864,39.934264,15.302394,0.002174,5.214,3,0.028726
processes,2,8,8,27,87,5838471168,67108864,67108864,36.175059,18.270556,0.002397,7.688,3,0.026405
processes,2,8,8,28,88,5905580032,67108864,67108864,34.806558,15.104466,0.00215,7.134,3,0.026497
processes,2,8,8,29,89,5972688896,67108864,67108864,23.146406,14.089556,0.001802,6.586,2,0.02088
processes,3,9,9,0,90,6039797760,67108864,67108864,58.109968,4.429457,9.193417,112.869,2,
processes,3,9,9,1,91,6106906624,67108864,67108864,37.59864,8.092666,0.005208,12.649,3,0.060298
processes,3,9,9,2,92,6174015488,67108864,67108864,38.136165,6.601503,0.0048,10.795,3,0.04162
processes,3,9,9,3,93,6241124352,67108864,67108864,35.886155,4.943003,1.146527,4.018,3,1.172632
processes,3,9,9,4,94,6308233216,67108864,67108864,32.340293,9.233844,0.002897,8.836,3,0.031487
processes,3,9,9,5,95,6375342080,67108864,67108864,42.038152,4.029521,0.067547,3.772,3,0.0879
processes,3,9,9,6,96,6442450944,67108864,67108864,39.871128,7.656741,0.002848,7.728,3,0.031436
processes,3,9,9,7,97,6509559808,67108864,67108864,38.299398,11.492615,0.003066,12.327,3,0.044681
processes,3,9,9,8,98,6576668672,67108864,67108864,35.262907,11.204497,0.005051,13.029,3,0.04597
processes,3,9,9,9,99,6643777536,67108864,67108864,35.58815,9.734019,0.004396,12.684,3,0.046001
processes,3,9,9,10,100,6710886400,67108864,67108864,37.198244,9.440055,0.004774,8.839,3,0.033851
processes,3,9,9,11,101,6777995264,67108864,67108864,39.733652,7.283021,0.013291,13.913,3,0.050913
processes,3,9,9,12,102,6845104128,67108864,67108864,35.281287,12.708747,0.003349,10.291,3,0.042513
processes,3,9,9,13,103,6912212992,67108864,67108864,37.721052,4.747403,3.221246,2.407,3,3.238365
processes,3,9,9,14,104,6979321856,67108864,67108864,35.743517,8.294805,0.0043,13.28,3,0.042167
processes,3,9,9,15,105,7046430720,67108864,67108864,38.537954,8.139462,0.004303,11.457,3,0.047346
processes,3,9,9,16,106,7113539584,67108864,67108864,37.658554,8.903331,0.002908,7.791,3,0.027576
processes,3,9,9,17,107,7180648448,67108864,67108864,37.651525,9.600711,0.002815,9.868,3,0.03838
processes,3,9,9,18,108,7247757312,67108864,67108864,37.819986,9.885627,0.00345,10.549,3,0.036947
processes,3,9,9,19,109,7314866176,67108864,67108864,34.63338,10.984151,0.002704,8.735,3,0.028776
processes,3,9,9,20,110,7381975040,67108864,67108864,37.152708,6.659217,0.004593,10.358,3,0.035922
processes,3,9,9,21,111,7449083904,67108864,67108864,35.202935,8.370224,0.003812,10.27,3,0.035936
processes,3,9,9,22,112,7516192768,67108864,67108864,34.615604,6.361564,0.00245,5.988,3,0.021914
processes,3,9,9,23,113,7583301632,67108864,67108864,34.273437,4.674156,1.079079,7.391,3,1.10115
processes,3,9,9,24,114,7650410496,67108864,67108864,32.624351,4.387796,1.099244,7.666,3,1.120726
processes,3,9,9,25,115,7717519360,67108864,67108864,36.096278,4.755936,2.179447,6.777,3,2.199374
processes,3,9,9,26,116,7784628224,67108864,67108864,37.090913,4.875082,2.149372,1.854,3,2.174545
processes,3,9,9,27,117,7851737088,67108864,67108864,35.039267,6.395679,0.002024,6.575,3,0.021601
processes,3,9,9,28,118,7918845952,67108864,67108864,33.586157,5.013736,0.001805,6.868,3,0.020744
processes,3,9,9,29,119,7985954816,59027232,59027232,18.331342,9.386594,0.003486,12.857,3,0.03807
