arm,worker,pid,tid,generation,block_index,offset,length,bytes_returned,preadv_ms,global_launch_gap_ms,gate_wait_ms,pacer_lock_hold_us,active_at_enter,refill_gap_ms
threads,0,2,6,0,0,0,67108864,67108864,86.437855,36.633175,41.122048,13.07,2,
threads,0,2,6,1,1,67108864,67108864,67108864,65.665122,10.042725,0.0034,10.3,2,0.04462
threads,0,2,6,2,2,134217728,67108864,67108864,44.949939,60.931583,0.00397,10.74,3,0.03764
threads,0,2,6,3,3,201326592,67108864,67108864,51.428688,32.156873,0.0024,6.88,3,0.020371
threads,0,2,6,4,4,268435456,67108864,67108864,52.227713,28.844662,0.00609,10.91,3,0.040641
threads,0,2,6,5,5,335544320,67108864,67108864,52.195683,29.971773,0.00613,14.11,3,0.048941
threads,0,2,6,6,6,402653184,67108864,67108864,50.331968,33.514878,0.005691,11.06,3,0.040231
threads,0,2,6,7,7,469762048,67108864,67108864,65.637727,30.693246,0.003611,8.69,3,0.031701
threads,0,2,6,8,8,536870912,67108864,67108864,68.738794,33.666059,0.0022,5.44,3,0.019711
threads,0,2,6,9,9,603979776,67108864,67108864,50.267495,36.45219,0.00505,9.93,3,0.03879
threads,0,2,6,10,10,671088640,67108864,67108864,56.613301,31.815635,0.01442,31.841,3,0.130672
threads,0,2,6,11,11,738197504,67108864,67108864,52.21143,30.98213,0.01212,21.171,3,0.086102
threads,0,2,6,12,12,805306368,67108864,67108864,52.69774,36.040782,0.00227,5.76,3,0.02207
threads,0,2,6,13,13,872415232,67108864,67108864,52.050147,30.342428,0.00258,5.66,3,0.02159
threads,0,2,6,14,14,939524096,67108864,67108864,50.206593,28.868491,0.006861,10.52,3,0.045001
threads,0,2,6,15,15,1006632960,67108864,67108864,45.441775,22.458203,0.00512,9.731,3,0.036781
threads,0,2,6,16,16,1073741824,67108864,67108864,56.55215,24.610763,0.003001,7.46,3,0.024961
threads,0,2,6,17,17,1140850688,67108864,67108864,54.254578,28.085516,0.00439,9.56,3,0.03397
threads,0,2,6,18,18,1207959552,67108864,67108864,51.581128,23.846749,0.00518,10.871,3,0.040541
threads,0,2,6,19,19,1275068416,67108864,67108864,53.360291,22.921942,0.003161,9.11,3,0.029661
threads,0,2,6,20,20,1342177280,67108864,67108864,47.077635,24.954199,0.0034,7.381,3,0.027241
threads,0,2,6,21,21,1409286144,67108864,67108864,46.21783,18.251386,0.00402,10.4,3,0.037441
threads,0,2,6,22,22,1476395008,67108864,67108864,50.355925,14.586479,0.00567,10.451,3,0.040021
threads,0,2,6,23,23,1543503872,67108864,67108864,54.021843,7.714922,0.00577,12.83,3,0.045852
threads,0,2,6,24,24,1610612736,67108864,67108864,52.054338,8.374444,0.00253,5.95,3,0.02007
threads,0,2,6,25,25,1677721600,67108864,67108864,54.036434,5.030542,2.296572,6.06,3,2.323752
threads,0,2,6,26,26,1744830464,67108864,67108864,56.187094,5.072954,2.306953,6.21,3,2.325843
threads,0,2,6,27,27,1811939328,67108864,67108864,52.266572,15.374993,0.00459,6.99,3,0.0276
threads,0,2,6,28,28,1879048192,67108864,67108864,67.514662,20.295043,0.0068,16.181,3,0.056191
threads,0,2,6,29,29,1946157056,67108864,67108864,25.801895,33.572538,0.005141,11.65,2,0.040771
threads,1,2,7,0,30,2013265920,67108864,67108864,41.574777,,0.083322,10.55,0,
threads,1,2,7,1,31,2080374784,67108864,67108864,38.084893,38.312327,38.081083,17.74,2,38.128283
threads,1,2,7,2,32,2147483648,67108864,67108864,78.685362,33.706231,0.00543,11.02,2,0.04253
threads,1,2,7,3,33,2214592512,67108864,67108864,53.642559,4.293539,5.369079,7.29,2,5.43648
threads,1,2,7,4,34,2281701376,67108864,67108864,48.031576,7.298665,0.00381,11.54,3,0.043491
threads,1,2,7,5,35,2348810240,67108864,67108864,48.509325,4.856669,0.00368,7.951,3,0.02888
threads,1,2,7,6,36,2415919104,67108864,67108864,52.483058,5.95684,0.005081,10.01,3,0.036931
threads,1,2,7,7,37,2483027968,67108864,67108864,63.051442,4.642455,4.3213,10.3,3,4.35109
threads,1,2,7,8,38,2550136832,67108864,67108864,44.750033,18.730924,0.00647,11.03,3,0.041771
threads,1,2,7,9,39,2617245696,67108864,67108864,60.706136,4.099916,2.245872,8.569,3,2.269322
threads,1,2,7,10,40,2684354560,67108864,67108864,52.640208,4.398041,3.80767,6.97,2,3.82697
threads,1,2,7,11,41,2751463424,67108864,67108864,57.201852,6.675783,0.00486,9.18,3,0.035701
threads,1,2,7,12,42,2818572288,67108864,67108864,55.237366,7.206592,0.00382,8.07,3,0.02836
threads,1,2,7,13,43,2885681152,67108864,67108864,48.905929,10.252219,0.00454,10.07,3,0.041761
threads,1,2,7,14,44,2952790016,67108864,67108864,47.210918,6.478699,0.00452,9.43,3,0.039881
threads,1,2,7,15,45,3019898880,67108864,67108864,56.150582,4.555924,2.940934,8.541,3,2.961455
threads,1,2,7,16,46,3087007744,67108864,67108864,52.410304,10.504163,0.00464,10.26,3,0.041031
threads,1,2,7,17,47,3154116608,67108864,67108864,48.001633,17.484721,0.00453,9.39,3,0.03699
threads,1,2,7,18,48,3221225472,67108864,67108864,53.040765,8.936545,0.00413,9.941,3,0.036311
threads,1,2,7,19,49,3288334336,67108864,67108864,55.422479,7.720892,0.005231,10.13,3,0.038701
threads,1,2,7,20,50,3355443200,67108864,67108864,49.718115,11.567352,0.00487,9.02,3,0.03477
threads,1,2,7,21,51,3422552064,67108864,67108864,47.943502,7.924965,0.00285,7.24,3,0.02703
threads,1,2,7,22,52,3489660928,67108864,67108864,52.066417,8.793382,0.00561,10.771,3,0.039991
threads,1,2,7,23,53,3556769792,67108864,67108864,53.414422,14.645469,0.005911,11.66,3,0.043521
threads,1,2,7,24,54,3623878656,67108864,67108864,54.93583,17.689705,0.00372,8.64,3,0.031591
threads,1,2,7,25,55,3690987520,67108864,67108864,52.832791,18.623523,0.00649,9.551,3,0.039901
threads,1,2,7,26,56,3758096384,67108864,67108864,46.973174,17.134655,0.00763,15.71,3,0.056431
threads,1,2,7,27,57,3825205248,67108864,67108864,50.394597,7.767743,0.00299,6.63,3,0.022191
threads,1,2,7,28,58,3892314112,67108864,67108864,51.313404,4.371051,2.394535,7.64,3,2.423405
threads,1,2,7,29,59,3959422976,67108864,67108864,33.596039,4.484342,1.09851,7.361,3,1.12265
threads,2,2,8,0,60,4026531840,67108864,67108864,75.024983,4.757558,4.588545,6.18,1,
threads,2,2,8,1,61,4093640704,67108864,67108864,64.01025,4.771179,52.832164,7.43,3,52.861846
threads,2,2,8,2,62,4160749568,67108864,67108864,50.621663,4.082816,0.973618,16.97,2,1.004149
threads,2,2,8,3,63,4227858432,67108864,67108864,50.448411,9.79343,0.02456,9.13,3,0.059261
threads,2,2,8,4,64,4294967296,67108864,67108864,47.409354,8.826553,0.005929,16.131,3,0.054041
threads,2,2,8,5,65,4362076160,67108864,67108864,58.111432,3.995984,0.00471,10.5,3,0.036731
threads,2,2,8,6,66,4429185024,67108864,67108864,48.982293,9.908603,0.00495,10.991,3,0.037101
threads,2,2,8,7,67,4496293888,67108864,67108864,57.324584,8.549678,0.002581,6.109,3,0.022451
threads,2,2,8,8,68,4563402752,67108864,67108864,64.354274,4.542603,4.289339,17.16,3,4.325779
threads,2,2,8,9,69,4630511616,67108864,67108864,49.810186,4.398951,8.653359,4.21,3,8.677699
threads,2,2,8,10,70,4697620480,67108864,67108864,53.458394,4.37618,2.821561,5.9,3,2.842952
threads,2,2,8,11,71,4764729344,67108864,67108864,58.540176,4.481853,3.84132,16.301,3,3.877491
threads,2,2,8,12,72,4831838208,67108864,67108864,53.548125,4.451332,4.35392,9.95,3,4.381781
threads,2,2,8,13,73,4898947072,67108864,67108864,56.633851,7.945716,0.00201,5.13,3,0.02096
threads,2,2,8,14,74,4966055936,67108864,67108864,43.281786,18.890258,0.00185,4.21,3,0.019811
threads,2,2,8,15,75,5033164800,67108864,67108864,51.366625,5.875178,0.00329,8.84,3,0.03239
threads,2,2,8,16,76,5100273664,67108864,67108864,58.488506,4.36725,1.717782,8.38,3,1.744742
threads,2,2,8,17,77,5167382528,67108864,67108864,52.504636,12.546861,0.00709,11.29,3,0.04538
threads,2,2,8,18,78,5234491392,67108864,67108864,51.337044,16.32209,0.0035,8.59,3,0.03096
threads,2,2,8,19,79,5301600256,67108864,67108864,53.602395,12.5132,0.00204,5.5,3,0.018231
threads,2,2,8,20,80,5368709120,67108864,67108864,49.887888,12.578341,0.195593,5.06,3,0.215494
threads,2,2,8,21,81,5435817984,67108864,67108864,57.234573,13.044519,0.00359,9.97,3,0.03487
threads,2,2,8,22,82,5502926848,67108864,67108864,53.338861,20.175682,0.00515,11.061,3,0.038761
threads,2,2,8,23,83,5570035712,67108864,67108864,57.695421,17.342669,0.00613,12.65,3,0.04353
threads,2,2,8,24,84,5637144576,67108864,67108864,56.280015,22.28674,0.00385,7.66,3,0.026571
threads,2,2,8,25,85,5704253440,67108864,67108864,45.855274,28.696457,0.00509,11.06,3,0.03985
threads,2,2,8,26,86,5771362304,67108864,67108864,47.370302,15.973874,0.00775,15.2,3,0.057381
threads,2,2,8,27,87,5838471168,67108864,67108864,54.244918,10.989583,0.00347,8.5,3,0.032411
threads,2,2,8,28,88,5905580032,67108864,67108864,33.68132,13.395896,0.00371,9.27,3,0.03302
threads,2,2,8,29,89,5972688896,67108864,67108864,33.331524,4.342219,8.525907,8.49,2,8.554717
threads,3,2,9,0,90,6039797760,67108864,67108864,116.973127,4.421192,83.896717,8.241,2,
threads,3,2,9,1,91,6106906624,67108864,67108864,54.748739,4.437082,5.272878,9.26,3,5.292028
threads,3,2,9,2,92,6174015488,67108864,67108864,51.098843,5.532572,0.00387,9.6,3,0.032801
threads,3,2,9,3,93,6241124352,67108864,67108864,48.623767,8.621659,0.0056,22.071,3,0.0507
threads,3,2,9,4,94,6308233216,67108864,67108864,51.989839,8.768212,0.00303,7.85,3,0.069042
threads,3,2,9,5,95,6375342080,67108864,67108864,60.424153,5.119365,1.175071,7.02,3,1.195462
threads,3,2,9,6,96,6442450944,67108864,67108864,65.971603,4.710777,2.237791,6.171,3,2.260472
threads,3,2,9,7,97,6509559808,67108864,67108864,55.010652,23.682875,0.00217,5.85,3,0.01985
threads,3,2,9,8,98,6576668672,67108864,67108864,57.498398,9.78554,0.00303,6.9,3,0.02407
threads,3,2,9,9,99,6643777536,67108864,67108864,47.152797,14.66531,0.00423,12.09,3,0.03451
threads,3,2,9,10,100,6710886400,67108864,67108864,53.926801,4.504273,0.002649,5.611,3,0.022051
threads,3,2,9,11,101,6777995264,67108864,67108864,50.04303,7.673351,0.00544,11.33,3,0.039551
threads,3,2,9,12,102,6845104128,67108864,67108864,44.573159,8.802242,0.00426,8.23,3,0.031671
threads,3,2,9,13,103,6912212992,67108864,67108864,52.128809,4.338989,1.1193,6.67,3,1.135961
threads,3,2,9,14,104,6979321856,67108864,67108864,54.581744,4.476632,4.159947,15.53,3,4.200447
threads,3,2,9,15,105,7046430720,67108864,67108864,50.313955,6.648633,0.00456,10.041,3,0.037551
threads,3,2,9,16,106,7113539584,67108864,67108864,46.549427,8.964964,0.00538,10.0,3,0.04032
threads,3,2,9,17,107,7180648448,67108864,67108864,52.436305,4.645865,2.19477,5.21,3,2.21094
threads,3,2,9,18,108,7247757312,67108864,67108864,53.714457,4.352781,2.712119,4.88,3,2.72786
threads,3,2,9,19,109,7314866176,67108864,67108864,49.397659,8.360384,0.00567,9.88,3,0.038291
threads,3,2,9,20,110,7381975040,67108864,67108864,50.106761,9.833471,0.00827,13.721,3,0.058921
threads,3,2,9,21,111,7449083904,67108864,67108864,56.176704,7.865704,0.005,10.25,3,0.03541
threads,3,2,9,22,112,7516192768,67108864,67108864,52.73706,10.635095,0.00536,9.56,3,0.0387
threads,3,2,9,23,113,7583301632,67108864,67108864,49.876277,8.437285,0.005701,11.27,3,0.040861
threads,3,2,9,24,114,7650410496,67108864,67108864,58.597388,5.458211,0.00409,9.86,3,0.033871
threads,3,2,9,25,115,7717519360,67108864,67108864,52.370064,17.098084,0.00478,10.62,3,0.03785
threads,3,2,9,26,116,7784628224,67108864,67108864,51.825884,16.667086,0.00183,5.4,3,0.01694
threads,3,2,9,27,117,7851737088,67108864,67108864,47.363071,16.102657,0.00738,11.421,3,0.045741
threads,3,2,9,28,118,7918845952,67108864,67108864,37.796085,4.32128,3.891941,5.78,1,3.926643
threads,3,2,9,29,119,7985954816,59027232,59027232,16.594485,33.508857,0.00944,17.001,0,0.054991
threads,0,2,6,0,0,0,67108864,67108864,96.351691,4.770288,4.607571,10.657,1,
threads,0,2,6,1,1,67108864,67108864,67108864,43.968537,11.472221,0.006887,13.237,2,0.049473
threads,0,2,6,2,2,134217728,67108864,67108864,75.319531,39.614447,0.004342,12.625,3,0.048862
threads,0,2,6,3,3,201326592,67108864,67108864,40.352744,53.412849,0.006548,12.057,3,0.047477
threads,0,2,6,4,4,268435456,67108864,67108864,43.223214,9.833522,0.003238,7.062,3,0.025345
threads,0,2,6,5,5,335544320,67108864,67108864,53.753007,4.470777,2.178353,16.392,3,2.211487
threads,0,2,6,6,6,402653184,67108864,67108864,55.862143,5.035671,1.201735,11.789,3,1.238774
threads,0,2,6,7,7,469762048,67108864,67108864,47.854388,4.151835,1.117508,7.855,3,1.14098
threads,0,2,6,8,8,536870912,67108864,67108864,47.772186,11.142586,0.003465,6.937,3,0.031646
threads,0,2,6,9,9,603979776,67108864,67108864,46.90392,12.030045,0.003316,8.121,3,0.03053
threads,0,2,6,10,10,671088640,67108864,67108864,46.049165,14.073412,0.004747,10.353,3,0.046685
threads,0,2,6,11,11,738197504,67108864,67108864,52.286759,19.389788,0.005947,12.897,3,0.045582
threads,0,2,6,12,12,805306368,67108864,67108864,50.556546,28.858674,0.005556,13.886,3,0.047118
threads,0,2,6,13,13,872415232,67108864,67108864,45.651806,4.418251,2.99009,8.361,3,3.02401
threads,0,2,6,14,14,939524096,67108864,67108864,43.107912,7.980222,0.005169,10.893,3,0.047132
threads,0,2,6,15,15,1006632960,67108864,67108864,44.49344,7.567894,0.00285,7.649,3,0.027535
threads,0,2,6,16,16,1073741824,67108864,67108864,41.142406,7.846108,0.005065,14.313,3,0.04831
threads,0,2,6,17,17,1140850688,67108864,67108864,46.900207,4.849345,0.004599,10.708,3,0.037508
threads,0,2,6,18,18,1207959552,67108864,67108864,44.28238,4.373882,2.6069,7.262,3,2.626497
threads,0,2,6,19,19,1275068416,67108864,67108864,47.205132,4.271036,3.564074,4.579,3,3.583762
threads,0,2,6,20,20,1342177280,67108864,67108864,39.932894,7.005266,0.006556,15.558,3,0.054679
threads,0,2,6,21,21,1409286144,67108864,67108864,40.787444,4.714538,0.002014,4.548,3,0.019888
threads,0,2,6,22,22,1476395008,67108864,67108864,40.962529,4.315306,2.460145,15.804,2,2.492153
threads,0,2,6,23,23,1543503872,67108864,67108864,47.552937,4.343952,3.508811,7.316,3,3.541937
threads,0,2,6,24,24,1610612736,67108864,67108864,43.305962,11.619499,0.004849,10.731,3,0.041575
threads,0,2,6,25,25,1677721600,67108864,67108864,42.689114,8.037234,0.003353,8.427,3,0.029968
threads,0,2,6,26,26,1744830464,67108864,67108864,39.523179,8.231545,0.003823,9.725,3,0.034562
threads,0,2,6,27,27,1811939328,67108864,67108864,42.850231,8.232826,0.004597,10.978,3,0.040514
threads,0,2,6,28,28,1879048192,67108864,67108864,45.584872,7.144116,0.000869,2.036,3,0.00784
threads,0,2,6,29,29,1946157056,67108864,67108864,39.26181,6.212806,0.002042,6.013,3,0.053771
threads,1,2,7,0,30,2013265920,67108864,67108864,47.909427,,0.092368,14.025,0,
threads,1,2,7,1,31,2080374784,67108864,67108864,41.714932,43.175351,0.004118,10.675,1,0.036212
threads,1,2,7,2,32,2147483648,67108864,67108864,59.289734,37.425378,0.00441,10.261,2,0.03866
threads,1,2,7,3,33,2214592512,67108864,67108864,61.463183,4.299509,18.133174,5.027,3,18.154045
threads,1,2,7,4,34,2281701376,67108864,67108864,49.713703,4.365363,1.075473,16.43,3,1.106833
threads,1,2,7,5,35,2348810240,67108864,67108864,51.410425,8.214497,0.005059,11.942,3,0.045393
threads,1,2,7,6,36,2415919104,67108864,67108864,55.521382,20.518123,0.00359,9.694,3,0.0351
threads,1,2,7,7,37,2483027968,67108864,67108864,50.855626,20.799524,0.004135,14.988,3,0.042065
threads,1,2,7,8,38,2550136832,67108864,67108864,45.639114,19.02406,0.007144,14.635,3,0.050893
threads,1,2,7,9,39,2617245696,67108864,67108864,46.29285,16.831431,0.006063,13.278,3,0.054291
threads,1,2,7,10,40,2684354560,67108864,67108864,43.294974,15.372164,0.005966,14.768,3,0.050599
threads,1,2,7,11,41,2751463424,67108864,67108864,41.461691,11.765522,0.006216,14.038,3,0.048989
threads,1,2,7,12,42,2818572288,67108864,67108864,48.695624,7.15931,0.003349,7.884,3,0.026844
threads,1,2,7,13,43,2885681152,67108864,67108864,45.243749,4.37636,5.419725,6.658,3,5.434914
threads,1,2,7,14,44,2952790016,67108864,67108864,43.507218,4.346706,3.711472,6.359,2,3.727542
threads,1,2,7,15,45,3019898880,67108864,67108864,43.721472,4.358091,2.17476,5.13,2,2.203105
threads,1,2,7,16,46,3087007744,67108864,67108864,42.498864,4.968464,0.002686,8.109,3,0.024348
threads,1,2,7,17,47,3154116608,67108864,67108864,39.881864,4.079022,1.120771,10.218,3,1.153444
threads,1,2,7,18,48,3221225472,67108864,67108864,43.430458,4.873842,6.701038,4.651,3,6.721838
threads,1,2,7,19,49,3288334336,67108864,67108864,44.381954,4.535215,1.094509,9.174,3,1.128651
threads,1,2,7,20,50,3355443200,67108864,67108864,46.215041,4.346031,3.28146,4.025,3,3.295004
threads,1,2,7,21,51,3422552064,67108864,67108864,44.184029,4.440838,1.104668,11.544,3,1.139577
threads,1,2,7,22,52,3489660928,67108864,67108864,39.435934,8.717345,0.004568,12.262,3,0.04526
threads,1,2,7,23,53,3556769792,67108864,67108864,42.543178,4.435953,3.883931,7.651,3,3.901685
threads,1,2,7,24,54,3623878656,67108864,67108864,47.008333,4.320532,2.995907,4.644,3,3.017816
threads,1,2,7,25,55,3690987520,67108864,67108864,43.292605,4.695001,0.002672,6.443,3,0.024514
threads,1,2,7,26,56,3758096384,67108864,67108864,41.964625,4.928454,0.002426,7.162,3,0.021748
threads,1,2,7,27,57,3825205248,67108864,67108864,44.808775,4.071396,0.001663,5.394,3,0.019066
threads,1,2,7,28,58,3892314112,67108864,67108864,47.064092,4.926884,1.175546,11.85,3,1.202755
threads,1,2,7,29,59,3959422976,67108864,67108864,32.824362,9.138955,0.00411,9.96,3,0.03616
threads,2,2,8,0,60,4026531840,67108864,67108864,145.488024,4.402952,105.304044,10.074,3,
threads,2,2,8,1,61,4093640704,67108864,67108864,50.757898,21.3874,0.004759,10.008,3,0.037998
threads,2,2,8,2,62,4160749568,67108864,67108864,54.373207,22.42575,0.004788,10.596,3,0.039548
threads,2,2,8,3,63,4227858432,67108864,67108864,48.63122,25.407112,0.007359,14.511,3,0.05368
threads,2,2,8,4,64,4294967296,67108864,67108864,41.849245,18.530695,0.00637,14.817,3,0.05581
threads,2,2,8,5,65,4362076160,67108864,67108864,43.937619,9.511391,0.003906,11.043,3,0.03797
threads,2,2,8,6,66,4429185024,67108864,67108864,42.901686,7.791422,0.004131,10.136,3,0.035817
threads,2,2,8,7,67,4496293888,67108864,67108864,40.276609,4.390902,0.003804,10.822,3,0.041243
threads,2,2,8,8,68,4563402752,67108864,67108864,38.008799,4.436107,3.003354,8.653,3,3.112559
threads,2,2,8,9,69,4630511616,67108864,67108864,43.170468,4.394272,3.387757,5.658,3,3.437901
threads,2,2,8,10,70,4697620480,67108864,67108864,44.532352,4.579611,2.160452,7.071,2,2.189438
threads,2,2,8,11,71,4764729344,67108864,67108864,42.086186,32.948864,0.006845,13.745,3,0.050342
threads,2,2,8,12,72,4831838208,67108864,67108864,43.506234,28.989729,0.005761,13.524,3,0.050781
threads,2,2,8,13,73,4898947072,67108864,67108864,44.216422,26.794172,0.004905,11.473,3,0.041541
threads,2,2,8,14,74,4966055936,67108864,67108864,44.127722,27.356059,0.006686,11.592,3,0.047114
threads,2,2,8,15,75,5033164800,67108864,67108864,42.849281,27.87165,0.005459,14.102,3,0.048955
threads,2,2,8,16,76,5100273664,67108864,67108864,43.624564,28.53823,0.004901,11.229,3,0.041104
threads,2,2,8,17,77,5167382528,67108864,67108864,45.617926,27.65542,0.006148,14.511,3,0.051735
threads,2,2,8,18,78,5234491392,67108864,67108864,47.768173,25.636266,0.004439,9.561,3,0.039878
threads,2,2,8,19,79,5301600256,67108864,67108864,49.35482,26.313517,0.229737,9.037,3,0.263696
threads,2,2,8,20,80,5368709120,67108864,67108864,45.647468,4.339414,7.432522,13.898,3,7.462618
threads,2,2,8,21,81,5435817984,67108864,67108864,44.440545,5.511363,0.003202,9.59,3,0.028947
threads,2,2,8,22,82,5502926848,67108864,67108864,39.686241,4.575229,2.184199,13.67,3,2.217833
threads,2,2,8,23,83,5570035712,67108864,67108864,39.379068,4.320199,3.366503,3.368,3,3.394659
threads,2,2,8,24,84,5637144576,67108864,67108864,45.119463,4.437272,3.440801,6.156,3,3.461681
threads,2,2,8,25,85,5704253440,67108864,67108864,42.853327,10.029621,0.003997,9.282,3,0.036579
threads,2,2,8,26,86,5771362304,67108864,67108864,38.92791,10.059731,0.004089,9.288,3,0.034854
threads,2,2,8,27,87,5838471168,67108864,67108864,34.854512,4.486905,1.103885,14.444,3,1.137907
threads,2,2,8,28,88,5905580032,67108864,67108864,36.742466,34.880481,0.004865,9.755,1,0.025969
threads,2,2,8,29,89,5972688896,67108864,67108864,28.285003,36.787252,0.005667,12.026,0,0.044786
threads,3,2,9,0,90,6039797760,67108864,67108864,110.519067,4.328214,52.045646,5.62,2,
threads,3,2,9,1,91,6106906624,67108864,67108864,62.481525,17.65465,0.006973,15.103,2,0.050581
threads,3,2,9,2,92,6174015488,67108864,67108864,45.856822,4.791804,0.00252,6.994,3,0.022637
threads,3,2,9,3,93,6241124352,67108864,67108864,39.057139,10.323677,0.020504,11.163,3,0.05314
threads,3,2,9,4,94,6308233216,67108864,67108864,51.034529,4.030875,0.071672,4.456,3,0.08476
threads,3,2,9,5,95,6375342080,67108864,67108864,48.491119,4.32114,4.2283,4.503,3,4.247517
threads,3,2,9,6,96,6442450944,67108864,67108864,40.866443,9.199929,0.004943,11.071,3,0.039029
threads,3,2,9,7,97,6509559808,67108864,67108864,46.893055,8.207997,0.003618,7.571,3,0.02884
threads,3,2,9,8,98,6576668672,67108864,67108864,44.880689,11.149818,0.002411,6.588,3,0.022202
threads,3,2,9,9,99,6643777536,67108864,67108864,40.742362,13.114127,0.00296,7.006,3,0.026549
threads,3,2,9,10,100,6710886400,67108864,67108864,42.825894,10.50333,0.003867,9.886,3,0.036009
threads,3,2,9,11,101,6777995264,67108864,67108864,45.038707,11.921621,0.004623,10.86,3,0.039097
threads,3,2,9,12,102,6845104128,67108864,67108864,38.789606,7.25747,0.003372,7.56,3,0.033408
threads,3,2,9,13,103,6912212992,67108864,67108864,39.327423,4.382281,7.291807,5.749,3,7.306496
threads,3,2,9,14,104,6979321856,67108864,67108864,40.914243,4.41529,6.393934,7.867,3,6.415909
threads,3,2,9,15,105,7046430720,67108864,67108864,39.800648,4.371119,2.759185,5.656,3,2.787406
threads,3,2,9,16,106,7113539584,67108864,67108864,37.326308,4.379897,3.838262,8.199,3,3.860438
threads,3,2,9,17,107,7180648448,67108864,67108864,40.49893,4.628968,0.001944,8.439,2,0.023655
threads,3,2,9,18,108,7247757312,67108864,67108864,47.927456,7.111782,0.002625,6.789,3,0.024924
threads,3,2,9,19,109,7314866176,67108864,67108864,44.495561,11.404471,0.004793,11.787,3,0.041532
threads,3,2,9,20,110,7381975040,67108864,67108864,40.046923,10.272248,0.003495,9.175,3,0.03002
threads,3,2,9,21,111,7449083904,67108864,67108864,43.629211,4.483889,2.165216,8.507,3,2.196587
threads,3,2,9,22,112,7516192768,67108864,67108864,44.435054,30.246946,0.005541,12.655,3,0.049618
threads,3,2,9,23,113,7583301632,67108864,67108864,40.270855,31.385147,0.004068,10.408,3,0.040766
threads,3,2,9,24,114,7650410496,67108864,67108864,46.880704,26.143118,0.00538,13.06,3,0.04811
threads,3,2,9,25,115,7717519360,67108864,67108864,42.492211,26.028466,0.003835,10.678,3,0.037491
threads,3,2,9,26,116,7784628224,67108864,67108864,39.51941,25.243478,0.003729,10.046,3,0.037154
threads,3,2,9,27,117,7851737088,67108864,67108864,43.905298,22.822199,0.004866,11.241,3,0.043002
threads,3,2,9,28,118,7918845952,67108864,67108864,46.524271,20.75745,0.004937,12.167,3,0.041483
threads,3,2,9,29,119,7985954816,59027232,59027232,82.232189,20.227151,0.005113,11.476,3,0.045682
threads,0,2,6,0,0,0,67108864,67108864,81.306308,41.024841,44.957033,9.06,2,
threads,0,2,6,1,1,67108864,67108864,67108864,75.594754,5.420809,0.00646,13.91,3,0.051581
threads,0,2,6,2,2,134217728,67108864,67108864,45.627925,75.648055,0.00819,15.241,3,0.053301
threads,0,2,6,3,3,201326592,67108864,67108864,66.197342,31.209291,0.009701,13.29,3,0.050531
threads,0,2,6,4,4,268435456,67108864,67108864,61.490226,35.538041,0.00653,16.941,3,0.061581
threads,0,2,6,5,5,335544320,67108864,67108864,59.829556,20.500365,0.00567,12.27,3,0.04001
threads,0,2,6,6,6,402653184,67108864,67108864,67.084909,4.419611,5.755505,8.25,3,5.776475
threads,0,2,6,7,7,469762048,67108864,67108864,71.137173,24.334885,0.00704,15.84,3,0.05362
threads,0,2,6,8,8,536870912,67108864,67108864,67.652619,27.31496,0.00718,12.29,3,0.048031
threads,0,2,6,9,9,603979776,67108864,67108864,70.432919,33.645227,0.00828,16.46,3,0.058941
threads,0,2,6,10,10,671088640,67108864,67108864,63.895618,31.697915,0.00374,8.95,3,0.032711
threads,0,2,6,11,11,738197504,67108864,67108864,95.881838,5.072134,2.286093,6.9,3,2.321713
threads,0,2,6,12,12,805306368,67108864,67108864,72.764392,54.398233,0.005891,11.93,3,0.042941
threads,0,2,6,13,13,872415232,67108864,67108864,67.478044,34.355494,0.00404,8.43,3,0.03073
threads,0,2,6,14,14,939524096,67108864,67108864,65.834684,33.364305,0.00621,11.44,3,0.042481
threads,0,2,6,15,15,1006632960,67108864,67108864,92.001437,18.272556,0.00813,15.29,3,0.058501
threads,0,2,6,16,16,1073741824,67108864,67108864,79.377863,35.509115,0.00352,11.63,3,0.032901
threads,0,2,6,17,17,1140850688,67108864,67108864,89.529991,29.764389,0.00772,14.37,3,0.052111
threads,0,2,6,18,18,1207959552,67108864,67108864,59.07947,39.914306,0.00519,12.61,3,0.044891
threads,0,2,6,19,19,1275068416,67108864,67108864,86.879372,4.554234,4.509883,5.25,3,4.527913
threads,0,2,6,20,20,1342177280,67108864,67108864,56.335319,29.136927,0.00722,13.97,3,0.050971
threads,0,2,6,21,21,1409286144,67108864,67108864,78.952386,8.497107,0.00678,14.171,3,0.050241
threads,0,2,6,22,22,1476395008,67108864,67108864,77.2707,12.013282,0.008741,17.25,3,0.061011
threads,0,2,6,23,23,1543503872,67108864,67108864,68.353817,29.543043,0.0038,8.91,3,0.034321
threads,0,2,6,24,24,1610612736,67108864,67108864,74.023801,14.68968,0.00332,7.9,3,0.02832
threads,0,2,6,25,25,1677721600,67108864,67108864,65.604726,19.220694,0.006341,12.6,3,0.046661
threads,0,2,6,26,26,1744830464,67108864,67108864,67.964879,18.045192,0.004931,9.91,3,0.037701
threads,0,2,6,27,27,1811939328,67108864,67108864,94.147981,20.901764,0.00547,11.29,3,0.049361
threads,0,2,6,28,28,1879048192,67108864,67108864,60.951041,25.05762,0.00782,16.35,3,0.053931
threads,0,2,6,29,29,1946157056,67108864,67108864,50.769704,11.98296,0.00155,4.11,3,0.01587
threads,1,2,7,0,30,2013265920,67108864,67108864,77.445717,4.121346,3.84804,5.071,1,
threads,1,2,7,1,31,2080374784,67108864,67108864,33.167437,36.444287,0.00273,6.64,1,0.023411
threads,1,2,7,2,32,2147483648,67108864,67108864,93.087614,24.083701,0.007091,15.26,3,0.055051
threads,1,2,7,3,33,2214592512,67108864,67108864,62.037176,4.431321,4.268188,6.32,2,4.308089
threads,1,2,7,4,34,2281701376,67108864,67108864,74.048636,4.436571,4.277598,6.59,3,4.305628
threads,1,2,7,5,35,2348810240,67108864,67108864,78.450896,4.442941,2.475046,9.05,3,2.519276
threads,1,2,7,6,36,2415919104,67108864,67108864,79.927424,4.311919,3.197618,6.93,2,3.235889
threads,1,2,7,7,37,2483027968,67108864,67108864,75.442011,8.395074,0.00391,6.89,3,0.02579
threads,1,2,7,8,38,2550136832,67108864,67108864,60.456808,12.690122,0.003989,12.251,3,0.038241
threads,1,2,7,9,39,2617245696,67108864,67108864,81.536133,5.484682,0.00601,13.2,3,0.049312
threads,1,2,7,10,40,2684354560,67108864,67108864,77.505219,16.607106,0.007081,14.89,3,0.051921
threads,1,2,7,11,41,2751463424,67108864,67108864,68.842179,27.928465,0.003829,11.061,3,0.033471
threads,1,2,7,12,42,2818572288,67108864,67108864,76.191165,4.472292,8.041778,7.62,3,8.073749
threads,1,2,7,13,43,2885681152,67108864,67108864,67.862931,12.356468,0.00507,11.57,3,0.040811
threads,1,2,7,14,44,2952790016,67108864,67108864,102.645753,12.753755,0.00753,14.62,3,0.054881
threads,1,2,7,15,45,3019898880,67108864,67108864,80.786259,4.533964,6.981509,8.33,3,7.0189
threads,1,2,7,16,46,3087007744,67108864,67108864,80.115667,6.087553,0.00884,31.541,3,0.073802
threads,1,2,7,17,47,3154116608,67108864,67108864,95.182005,4.398951,3.582546,10.82,3,3.623937
threads,1,2,7,18,48,3221225472,67108864,67108864,91.701941,4.36471,3.747889,10.36,3,3.78545
threads,1,2,7,19,49,3288334336,67108864,67108864,63.124064,4.431292,4.190318,6.82,3,4.213928
threads,1,2,7,20,50,3355443200,67108864,67108864,69.822918,11.557703,0.343977,12.72,3,0.387907
threads,1,2,7,21,51,3422552064,67108864,67108864,89.931024,4.773347,2.356423,11.42,3,2.406123
threads,1,2,7,22,52,3489660928,67108864,67108864,77.057227,17.452901,0.0053,19.401,3,0.053551
threads,1,2,7,23,53,3556769792,67108864,67108864,68.098861,26.177652,0.00764,14.21,3,0.049661
threads,1,2,7,24,54,3623878656,67108864,67108864,82.716171,20.249192,0.00596,12.52,3,0.043141
threads,1,2,7,25,55,3690987520,67108864,67108864,85.196767,37.351326,0.0022,9.67,3,0.02839
threads,1,2,7,26,56,3758096384,67108864,67108864,79.789037,54.562883,0.00272,10.35,3,0.02903
threads,1,2,7,27,57,3825205248,67108864,67108864,71.295561,40.199359,0.0069,12.42,3,0.049351
threads,1,2,7,28,58,3892314112,67108864,67108864,32.860014,50.57213,0.00691,12.741,2,0.044121
threads,1,2,7,29,59,3959422976,67108864,67108864,24.636203,32.912635,0.007471,14.35,0,0.052621
threads,2,2,8,0,60,4026531840,67108864,67108864,120.593598,4.553033,90.360594,13.87,3,
threads,2,2,8,1,61,4093640704,67108864,67108864,57.444241,4.412631,5.278526,7.851,3,5.298437
threads,2,2,8,2,62,4160749568,67108864,67108864,76.499581,8.548196,0.00589,14.91,3,0.049361
threads,2,2,8,3,63,4227858432,67108864,67108864,81.768527,30.938597,0.00962,17.421,3,0.061961
threads,2,2,8,4,64,4294967296,67108864,67108864,51.498033,42.726102,0.00789,13.22,3,0.04928
threads,2,2,8,5,65,4362076160,67108864,67108864,68.095547,10.157136,0.00483,10.85,3,0.037141
threads,2,2,8,6,66,4429185024,67108864,67108864,61.337852,27.522274,0.011981,31.14,3,0.109582
threads,2,2,8,7,67,4496293888,67108864,67108864,72.366581,16.95607,0.00568,12.32,3,0.043441
threads,2,2,8,8,68,4563402752,67108864,67108864,92.797381,27.537418,0.00766,13.14,3,0.046361
threads,2,2,8,9,69,4630511616,67108864,67108864,101.39593,39.943696,0.00603,12.55,3,0.045731
threads,2,2,8,10,70,4697620480,67108864,67108864,80.946143,4.447322,4.014365,7.87,2,4.048305
threads,2,2,8,11,71,4764729344,67108864,67108864,74.134207,4.373531,4.093305,9.87,3,4.131656
threads,2,2,8,12,72,4831838208,67108864,67108864,90.05643,10.630847,0.0059,11.63,3,0.040921
threads,2,2,8,13,73,4898947072,67108864,67108864,83.637072,47.583268,0.00566,10.02,3,0.035421
threads,2,2,8,14,74,4966055936,67108864,67108864,52.526879,39.263393,0.00708,25.52,3,0.077391
threads,2,2,8,15,75,5033164800,67108864,67108864,87.152127,12.406589,0.0064,13.23,3,0.046291
threads,2,2,8,16,76,5100273664,67108864,67108864,91.65375,10.019775,0.00348,9.27,3,0.035941
threads,2,2,8,17,77,5167382528,67108864,67108864,60.529966,38.124773,0.00556,16.49,3,0.058631
threads,2,2,8,18,78,5234491392,67108864,67108864,85.083539,7.321405,0.004021,8.55,3,0.028301
threads,2,2,8,19,79,5301600256,67108864,67108864,81.848567,28.926163,0.00538,8.98,3,0.03319
threads,2,2,8,20,80,5368709120,67108864,67108864,77.543455,38.58129,0.004129,10.141,3,0.035601
threads,2,2,8,21,81,5435817984,67108864,67108864,64.17274,26.185161,0.00603,12.82,3,0.044991
threads,2,2,8,22,82,5502926848,67108864,67108864,76.324593,13.298524,0.0063,12.771,3,0.047511
threads,2,2,8,23,83,5570035712,67108864,67108864,69.767492,21.505966,0.00257,8.031,3,0.024851
threads,2,2,8,24,84,5637144576,67108864,67108864,88.632019,5.140785,1.210922,10.89,3,1.232253
threads,2,2,8,25,85,5704253440,67108864,67108864,65.598135,4.33771,1.379885,8.53,3,1.414037
threads,2,2,8,26,86,5771362304,67108864,67108864,67.063063,4.378721,4.014224,8.44,2,4.037565
threads,2,2,8,27,87,5838471168,67108864,67108864,33.057628,4.074665,36.863957,10.601,1,36.885198
threads,2,2,8,28,88,5905580032,67108864,67108864,27.458005,33.086778,0.00314,6.43,0,0.02915
threads,2,2,8,29,89,5972688896,67108864,67108864,17.777227,27.478195,0.00243,6.51,0,0.02019
threads,3,2,9,0,90,6039797760,67108864,67108864,45.471873,,0.063871,9.27,0,
threads,3,2,9,1,91,6106906624,67108864,67108864,34.877088,4.585754,40.689275,3.52,2,40.704355
threads,3,2,9,2,92,6174015488,67108864,67108864,86.630296,6.270305,0.002891,7.52,3,0.029951
threads,3,2,9,3,93,6241124352,67108864,67108864,57.728217,5.625213,0.00733,15.691,3,0.063781
threads,3,2,9,4,94,6308233216,67108864,67108864,54.143521,17.736115,0.00502,17.971,3,0.061141
threads,3,2,9,5,95,6375342080,67108864,67108864,70.001982,5.648333,0.00315,8.68,3,0.02762
threads,3,2,9,6,96,6442450944,67108864,67108864,84.08325,14.148399,0.00464,7.17,3,0.02832
threads,3,2,9,7,97,6509559808,67108864,67108864,50.81227,32.646508,0.00313,6.36,3,0.02089
threads,3,2,9,8,98,6576668672,67108864,67108864,68.677857,7.952896,0.003381,7.97,3,0.027721
threads,3,2,9,9,99,6643777536,67108864,67108864,61.772703,4.420141,3.23749,5.71,3,3.26964
threads,3,2,9,10,100,6710886400,67108864,67108864,76.082794,5.745615,0.00805,16.55,3,0.058891
threads,3,2,9,11,101,6777995264,67108864,67108864,86.514605,4.594395,4.315439,10.981,3,4.35404
threads,3,2,9,12,102,6845104128,67108864,67108864,92.568917,13.598081,0.003211,7.249,3,0.027771
threads,3,2,9,13,103,6912212992,67108864,67108864,68.475283,29.520014,0.037071,73.211,3,0.268944
threads,3,2,9,14,104,6979321856,67108864,67108864,80.943613,17.426221,0.005,10.5,3,0.036431
threads,3,2,9,15,105,7046430720,67108864,67108864,69.203636,24.236027,0.00638,12.46,3,0.041321
threads,3,2,9,16,106,7113539584,67108864,67108864,88.510452,4.407991,1.035649,8.62,2,1.060179
threads,3,2,9,17,107,7180648448,67108864,67108864,74.981693,4.314639,1.163732,14.92,3,1.198212
threads,3,2,9,18,108,7247757312,67108864,67108864,98.907884,32.855036,0.00618,11.65,3,0.044321
threads,3,2,9,19,109,7314866176,67108864,67108864,66.676929,44.668664,0.01284,25.711,3,0.093812
threads,3,2,9,20,110,7381975040,67108864,67108864,76.99927,19.668643,0.005531,10.56,3,0.035431
threads,3,2,9,21,111,7449083904,67108864,67108864,75.443941,36.135756,0.00321,6.4,3,0.02611
threads,3,2,9,22,112,7516192768,67108864,67108864,58.605758,26.516249,0.00743,14.6,3,0.053281
threads,3,2,9,23,113,7583301632,67108864,67108864,83.186699,4.407341,1.126951,10.56,3,1.169502
threads,3,2,9,24,114,7650410496,67108864,67108864,69.511858,10.054395,0.0067,13.26,3,0.048801
threads,3,2,9,25,115,7717519360,67108864,67108864,66.771598,15.373592,0.00346,7.21,3,0.02759
threads,3,2,9,26,116,7784628224,67108864,67108864,58.846702,5.842077,0.00595,13.18,3,0.046331
threads,3,2,9,27,117,7851737088,67108864,67108864,90.80251,4.620365,1.127601,15.06,3,1.170181
threads,3,2,9,28,118,7918845952,67108864,67108864,70.350893,10.243699,0.00667,11.881,3,0.046621
threads,3,2,9,29,119,7985954816,59027232,59027232,45.233941,4.405871,8.000348,5.2,3,8.028388
threads,0,2,6,0,0,0,67108864,67108864,56.135613,,0.039726,8.852,0,
threads,0,2,6,1,1,67108864,67108864,67108864,46.000364,4.860773,116.329559,9.309,3,116.362148
threads,0,2,6,2,2,134217728,67108864,67108864,43.841851,4.366355,4.331617,5.863,3,4.351695
threads,0,2,6,3,3,201326592,67108864,67108864,46.662628,4.003471,1.111676,8.162,3,1.130212
threads,0,2,6,4,4,268435456,67108864,67108864,45.123405,4.469631,1.557912,10.085,3,1.591327
threads,0,2,6,5,5,335544320,67108864,67108864,41.75331,6.428549,0.006871,12.401,3,0.045206
threads,0,2,6,6,6,402653184,67108864,67108864,44.106694,4.933139,2.280609,5.238,3,2.299926
threads,0,2,6,7,7,469762048,67108864,67108864,44.629047,4.268471,0.003614,8.355,3,0.031351
threads,0,2,6,8,8,536870912,67108864,67108864,45.465039,4.432236,0.003241,7.222,3,0.037459
threads,0,2,6,9,9,603979776,67108864,67108864,44.395377,7.920881,0.006048,14.706,3,0.0475
threads,0,2,6,10,10,671088640,67108864,67108864,41.856908,9.78049,0.005215,11.053,3,0.039901
threads,0,2,6,11,11,738197504,67108864,67108864,38.431626,9.226907,0.002974,6.45,3,0.025696
threads,0,2,6,12,12,805306368,67108864,67108864,42.592436,4.577649,0.003827,11.287,3,0.037734
threads,0,2,6,13,13,872415232,67108864,67108864,48.100892,4.727054,1.104137,8.924,3,1.133842
threads,0,2,6,14,14,939524096,67108864,67108864,49.223739,4.068753,1.093581,9.008,3,1.125357
threads,0,2,6,15,15,1006632960,67108864,67108864,42.831221,5.003076,0.002822,5.827,3,0.023126
threads,0,2,6,16,16,1073741824,67108864,67108864,46.67454,6.112764,0.006838,13.142,3,0.076584
threads,0,2,6,17,17,1140850688,67108864,67108864,44.277215,4.504516,0.003793,9.32,3,0.035729
threads,0,2,6,18,18,1207959552,67108864,67108864,43.626347,6.035458,0.003248,7.298,3,0.02635
threads,0,2,6,19,19,1275068416,67108864,67108864,38.918208,10.90233,0.006017,14.465,3,0.047778
threads,0,2,6,20,20,1342177280,67108864,67108864,43.926516,8.419622,0.004823,11.169,3,0.039384
threads,0,2,6,21,21,1409286144,67108864,67108864,44.257287,8.068111,0.004393,11.205,3,0.037369
threads,0,2,6,22,22,1476395008,67108864,67108864,44.799512,12.811239,0.005184,13.607,3,0.04666
threads,0,2,6,23,23,1543503872,67108864,67108864,42.737823,13.709133,0.00608,13.367,3,0.04709
threads,0,2,6,24,24,1610612736,67108864,67108864,41.630324,15.595586,0.006444,11.139,3,0.045434
threads,0,2,6,25,25,1677721600,67108864,67108864,40.171129,15.088139,0.004273,10.343,3,0.039405
threads,0,2,6,26,26,1744830464,67108864,67108864,38.24346,13.238564,0.003023,8.578,3,0.027184
threads,0,2,6,27,27,1811939328,67108864,67108864,39.638159,9.974558,0.002325,6.201,3,0.022179
threads,0,2,6,28,28,1879048192,67108864,67108864,35.778057,10.40513,0.002693,10.499,3,0.032787
threads,0,2,6,29,29,1946157056,67108864,67108864,27.750576,35.818799,0.004518,12.939,2,0.040742
threads,1,2,7,0,30,2013265920,67108864,67108864,109.594461,4.453338,116.780958,8.47,2,
threads,1,2,7,1,31,2080374784,67108864,67108864,44.342771,4.980949,1.219218,9.883,3,1.240247
threads,1,2,7,2,32,2147483648,67108864,67108864,47.373476,4.399125,0.019542,7.742,3,0.047468
threads,1,2,7,3,33,2214592512,67108864,67108864,50.57356,4.651523,1.109122,7.525,3,1.132877
threads,1,2,7,4,34,2281701376,67108864,67108864,47.573561,10.092665,0.004907,9.654,3,0.036193
threads,1,2,7,5,35,2348810240,67108864,67108864,44.531032,13.654061,0.004949,11.833,3,0.041071
threads,1,2,7,6,36,2415919104,67108864,67108864,40.30289,14.068771,0.002176,6.015,3,0.021723
threads,1,2,7,7,37,2483027968,67108864,67108864,42.848889,9.759469,0.006917,16.844,3,0.054314
threads,1,2,7,8,38,2550136832,67108864,67108864,44.436084,7.133595,0.004007,11.234,3,0.037776
threads,1,2,7,9,39,2617245696,67108864,67108864,44.890857,7.166603,0.002804,9.723,3,0.032202
threads,1,2,7,10,40,2684354560,67108864,67108864,44.038458,10.21552,0.005133,10.686,3,0.040664
threads,1,2,7,11,41,2751463424,67108864,67108864,44.890648,15.823148,0.004613,10.6,3,0.03853
threads,1,2,7,12,42,2818572288,67108864,67108864,51.542735,17.028045,0.003673,13.046,3,0.040527
threads,1,2,7,13,43,2885681152,67108864,67108864,43.244787,19.37903,0.00351,9.403,3,0.034499
threads,1,2,7,14,44,2952790016,67108864,67108864,42.452835,13.422739,0.003945,12.957,3,0.045787
threads,1,2,7,15,45,3019898880,67108864,67108864,45.167538,12.999195,0.003208,8.447,3,0.031426
threads,1,2,7,16,46,3087007744,67108864,67108864,40.747235,11.482132,0.003178,7.472,3,0.025668
threads,1,2,7,17,47,3154116608,67108864,67108864,43.053628,7.974039,0.005553,13.446,3,0.048237
threads,1,2,7,18,48,3221225472,67108864,67108864,47.900067,7.394676,0.00506,10.386,3,0.041134
threads,1,2,7,19,49,3288334336,67108864,67108864,46.609284,16.590819,0.212354,7.964,3,0.253668
threads,1,2,7,20,50,3355443200,67108864,67108864,43.649374,19.289495,0.006869,14.427,3,0.053277
threads,1,2,7,21,51,3422552064,67108864,67108864,40.128352,18.682263,0.00627,13.165,3,0.047341
threads,1,2,7,22,52,3489660928,67108864,67108864,38.83398,14.008666,0.006968,12.797,3,0.044653
threads,1,2,7,23,53,3556769792,67108864,67108864,42.255262,10.096302,0.003996,10.261,3,0.036913
threads,1,2,7,24,54,3623878656,67108864,67108864,41.064966,10.757935,0.002857,10.746,3,0.0761
threads,1,2,7,25,55,3690987520,67108864,67108864,42.602265,11.668944,0.004859,11.943,3,0.044356
threads,1,2,7,26,56,3758096384,67108864,67108864,59.542378,16.051913,0.005584,14.026,3,0.046343
threads,1,2,7,27,57,3825205248,67108864,67108864,35.864054,4.442388,8.644685,4.133,2,8.655409
threads,1,2,7,28,58,3892314112,67108864,67108864,35.442863,35.900353,0.005996,12.431,1,0.036299
threads,1,2,7,29,59,3959422976,67108864,67108864,26.383902,35.488326,0.006757,13.612,0,0.045463
threads,2,2,8,0,60,4026531840,67108864,67108864,111.599023,51.609739,55.637312,20.18,2,
threads,2,2,8,1,61,4093640704,67108864,67108864,47.163921,12.018975,0.0021,7.698,2,0.027086
threads,2,2,8,2,62,4160749568,67108864,67108864,44.074333,4.436982,3.602455,53.844,3,3.682556
threads,2,2,8,3,63,4227858432,67108864,67108864,47.751137,4.884333,1.216641,18.726,3,1.260614
threads,2,2,8,4,64,4294967296,67108864,67108864,43.18795,9.550516,0.003707,11.696,3,0.036658
threads,2,2,8,5,65,4362076160,67108864,67108864,45.50485,7.812324,0.00241,6.853,3,0.021743
threads,2,2,8,6,66,4429185024,67108864,67108864,44.762864,5.722276,0.005284,12.8,3,0.043796
threads,2,2,8,7,67,4496293888,67108864,67108864,44.454157,10.13623,0.004257,11.559,3,0.039849
threads,2,2,8,8,68,4563402752,67108864,67108864,41.991887,15.65042,0.005971,14.109,3,0.048584
threads,2,2,8,9,69,4630511616,67108864,67108864,42.532696,14.312254,0.003779,9.507,3,0.032007
threads,2,2,8,10,70,4697620480,67108864,67108864,42.39616,12.253163,0.005402,11.295,3,0.042973
threads,2,2,8,11,71,4764729344,67108864,67108864,43.085018,7.93758,0.004411,11.163,3,0.040027
threads,2,2,8,12,72,4831838208,67108864,67108864,43.531507,8.228711,0.003742,8.067,3,0.0336
threads,2,2,8,13,73,4898947072,67108864,67108864,49.847352,8.198186,0.005857,14.249,3,0.045366
threads,2,2,8,14,74,4966055936,67108864,67108864,48.276466,17.626282,0.004734,9.48,3,0.037198
threads,2,2,8,15,75,5033164800,67108864,67108864,41.769627,14.944013,0.005399,8.328,3,0.036076
threads,2,2,8,16,76,5100273664,67108864,67108864,48.27234,13.132189,0.003891,7.215,3,0.02849
threads,2,2,8,17,77,5167382528,67108864,67108864,42.71907,19.435615,0.005391,12.825,3,0.046177
threads,2,2,8,18,78,5234491392,67108864,67108864,38.78208,14.569307,0.004501,11.704,3,0.053553
threads,2,2,8,19,79,5301600256,67108864,67108864,41.393189,9.191383,0.003134,7.043,3,0.025173
threads,2,2,8,20,80,5368709120,67108864,67108864,44.279659,8.879473,0.006288,13.493,3,0.047111
threads,2,2,8,21,81,5435817984,67108864,67108864,39.534285,14.844148,0.004034,10.613,3,0.035737
threads,2,2,8,22,82,5502926848,67108864,67108864,40.669821,7.783825,0.002523,7.431,3,0.026534
threads,2,2,8,23,83,5570035712,67108864,67108864,40.84878,4.426743,3.25985,5.361,3,3.278887
threads,2,2,8,24,84,5637144576,67108864,67108864,42.133554,4.089226,0.003661,10.123,3,0.048024
threads,2,2,8,25,85,5704253440,67108864,67108864,42.012754,7.658474,0.004995,12.21,3,0.043622
threads,2,2,8,26,86,5771362304,67108864,67108864,41.499722,11.685348,0.003181,11.688,3,0.035134
threads,2,2,8,27,87,5838471168,67108864,67108864,39.194426,12.544216,0.003389,9.004,3,0.029923
threads,2,2,8,28,88,5905580032,67108864,67108864,47.25262,8.843037,0.007801,10.266,3,0.045948
threads,2,2,8,29,89,5972688896,67108864,67108864,40.474002,4.317567,3.267857,5.772,1,3.288876
threads,3,2,9,0,90,6039797760,67108864,67108864,108.08479,4.40114,4.097064,5.243,1,
threads,3,2,9,1,91,6106906624,67108864,67108864,43.008026,56.531844,0.00662,19.438,1,0.056793
threads,3,2,9,2,92,6174015488,67108864,67108864,58.378274,38.621952,0.007669,26.09,2,0.067264
threads,3,2,9,3,93,6241124352,67108864,67108864,44.838971,41.548722,0.007322,13.006,3,0.050196
threads,3,2,9,4,94,6308233216,67108864,67108864,43.073515,31.10331,0.007197,13.435,3,0.048625
threads,3,2,9,5,95,6375342080,67108864,67108864,44.906989,29.834683,0.006261,12.592,3,0.048097
threads,3,2,9,6,96,6442450944,67108864,67108864,47.595398,26.276215,0.005173,9.746,3,0.040896
threads,3,2,9,7,97,6509559808,67108864,67108864,40.350761,23.305156,0.005587,11.217,3,0.043296
threads,3,2,9,8,98,6576668672,67108864,67108864,38.942893,16.079283,0.005735,11.117,3,0.037998
threads,3,2,9,9,99,6643777536,67108864,67108864,43.315425,10.515079,0.007111,11.4,3,0.045658
threads,3,2,9,10,100,6710886400,67108864,67108864,44.60395,13.519935,0.006801,11.658,3,0.046635
threads,3,2,9,11,101,6777995264,67108864,67108864,46.70151,15.26803,0.003448,9.272,3,0.03081
threads,3,2,9,12,102,6845104128,67108864,67108864,42.783862,17.551514,0.005953,14.722,3,0.05026
threads,3,2,9,13,103,6912212992,67108864,67108864,43.568461,15.44748,0.00476,12.782,3,0.043625
threads,3,2,9,14,104,6979321856,67108864,67108864,40.417116,14.97789,0.005151,8.713,3,0.038937
threads,3,2,9,15,105,7046430720,67108864,67108864,50.942504,10.503169,0.004563,9.982,3,0.039338
threads,3,2,9,16,106,7113539584,67108864,67108864,43.568143,9.920746,0.006647,13.02,3,0.052307
threads,3,2,9,17,107,7180648448,67108864,67108864,41.993127,10.240113,0.00534,11.534,3,0.041798
threads,3,2,9,18,108,7247757312,67108864,67108864,47.591811,9.770943,0.002482,5.567,3,0.021964
threads,3,2,9,19,109,7314866176,67108864,67108864,44.137377,12.216668,0.006757,14.215,3,0.04712
threads,3,2,9,20,110,7381975040,67108864,67108864,41.711513,15.606373,0.006374,12.432,3,0.0478
threads,3,2,9,21,111,7449083904,67108864,67108864,38.311207,14.263821,0.005668,9.893,3,0.040697
threads,3,2,9,22,112,7516192768,67108864,67108864,42.775148,4.460807,0.00558,10.798,3,0.039514
threads,3,2,9,23,113,7583301632,67108864,67108864,47.263176,4.419388,3.813475,10.139,3,3.845994
threads,3,2,9,24,114,7650410496,67108864,67108864,41.192247,8.028463,0.005078,12.202,3,0.042614
threads,3,2,9,25,115,7717519360,67108864,67108864,38.560035,9.089779,0.004859,11.298,3,0.042074
threads,3,2,9,26,116,7784628224,67108864,67108864,37.984213,8.826814,0.005111,14.889,3,0.047893
threads,3,2,9,27,117,7851737088,67108864,67108864,39.462853,4.516466,0.004096,10.169,3,0.036801
threads,3,2,9,28,118,7918845952,67108864,67108864,40.69242,4.077921,1.180781,7.712,3,1.207924
threads,3,2,9,29,119,7985954816,59027232,59027232,22.760882,4.370866,2.223754,5.024,3,2.249133
threads,0,2,6,0,0,0,67108864,67108864,132.101955,4.377336,4.104356,11.718,1,
threads,0,2,6,1,1,67108864,67108864,67108864,52.37981,17.571752,0.006053,12.05,2,0.044221
threads,0,2,6,2,2,134217728,67108864,67108864,422.67811,5.819655,0.003156,8.311,3,0.028776
threads,0,2,6,3,3,201326592,67108864,67108864,39.584976,49.241747,0.005785,11.518,3,0.043855
threads,0,2,6,4,4,268435456,67108864,67108864,39.835999,26.588309,0.003171,10.841,3,0.077331
threads,0,2,6,5,5,335544320,67108864,67108864,41.447861,23.778852,0.00325,9.696,3,0.031626
threads,0,2,6,6,6,402653184,67108864,67108864,40.754088,23.6202,0.002473,6.034,3,0.022543
threads,0,2,6,7,7,469762048,67108864,67108864,42.264606,22.245502,0.002629,6.96,3,0.02175
threads,0,2,6,8,8,536870912,67108864,67108864,40.833089,22.745921,0.002712,4.78,3,0.021083
threads,0,2,6,9,9,603979776,67108864,67108864,40.211006,22.725698,0.001992,6.565,3,0.025242
threads,0,2,6,10,10,671088640,67108864,67108864,41.430201,21.919194,0.0021,4.606,3,0.01752
threads,0,2,6,11,11,738197504,67108864,67108864,41.44637,22.115603,0.002391,36.807,3,0.052533
threads,0,2,6,12,12,805306368,67108864,67108864,40.854281,22.308342,0.002938,5.879,3,0.022449
threads,0,2,6,13,13,872415232,67108864,67108864,40.903836,22.348022,0.001956,5.321,3,0.020512
threads,0,2,6,14,14,939524096,67108864,67108864,40.964406,22.168501,0.001965,5.53,3,0.019638
threads,0,2,6,15,15,1006632960,67108864,67108864,41.367426,21.59681,0.002029,5.271,3,0.019784
threads,0,2,6,16,16,1073741824,67108864,67108864,41.797475,21.356372,0.001968,5.59,3,0.019916
threads,0,2,6,17,17,1140850688,67108864,67108864,43.779329,21.225333,0.002373,5.9,3,0.021226
threads,0,2,6,18,18,1207959552,67108864,67108864,50.134923,22.261791,0.002109,5.496,3,0.021281
threads,0,2,6,19,19,1275068416,67108864,67108864,39.416229,13.102153,0.003056,6.074,3,0.031089
threads,0,2,6,20,20,1342177280,67108864,67108864,38.316738,8.65545,0.001471,4.401,3,0.014778
threads,0,2,6,21,21,1409286144,67108864,67108864,43.322434,8.879206,0.001778,4.745,3,0.017996
threads,0,2,6,22,22,1476395008,67108864,67108864,39.893025,14.349624,0.001955,5.694,3,0.02033
threads,0,2,6,23,23,1543503872,67108864,67108864,45.996942,4.354122,2.942044,3.469,3,2.953735
threads,0,2,6,24,24,1610612736,67108864,67108864,35.84577,17.473831,0.002004,6.095,3,0.022615
threads,0,2,6,25,25,1677721600,67108864,67108864,40.103106,5.22835,0.001594,4.636,3,0.016546
threads,0,2,6,26,26,1744830464,67108864,67108864,35.987135,4.968053,0.00104,2.442,3,0.011313
threads,0,2,6,27,27,1811939328,67108864,67108864,43.257927,4.376071,4.779234,2.366,3,4.789563
threads,0,2,6,28,28,1879048192,67108864,67108864,37.90279,4.436491,8.667512,5.004,3,8.683569
threads,0,2,6,29,29,1946157056,67108864,67108864,30.17284,4.305784,3.685949,2.492,3,3.698428
threads,1,2,7,0,30,2013265920,67108864,67108864,478.444419,4.425316,140.617807,8.973,3,
threads,1,2,7,1,31,2080374784,67108864,67108864,40.766494,4.418019,0.965416,2.875,2,0.973544
threads,1,2,7,2,32,2147483648,67108864,67108864,41.030487,4.89452,1.167975,6.221,3,1.186138
threads,1,2,7,3,33,2214592512,67108864,67108864,40.297871,6.278367,0.002587,6.211,3,0.022444
threads,1,2,7,4,34,2281701376,67108864,67108864,39.773935,6.301361,0.002136,5.851,3,0.021685
threads,1,2,7,5,35,2348810240,67108864,67108864,39.26589,5.321583,0.001982,4.79,3,0.018152
threads,1,2,7,6,36,2415919104,67108864,67108864,40.927279,4.297572,2.232903,2.687,3,2.245492
threads,1,2,7,7,37,2483027968,67108864,67108864,41.218272,4.574363,1.245563,7.377,3,1.264943
threads,1,2,7,8,38,2550136832,67108864,67108864,40.202873,4.345958,0.00178,4.783,3,0.01824
threads,1,2,7,9,39,2617245696,67108864,67108864,40.78131,4.252725,1.104571,7.15,3,1.12346
threads,1,2,7,10,40,2684354560,67108864,67108864,41.299007,4.693002,1.076218,4.228,3,1.093993
threads,1,2,7,11,41,2751463424,67108864,67108864,41.190535,5.081891,0.002156,5.352,3,0.018763
threads,1,2,7,12,42,2818572288,67108864,67108864,41.544223,4.839313,0.002077,5.153,3,0.018874
threads,1,2,7,13,43,2885681152,67108864,67108864,41.715415,5.302333,0.001916,4.588,3,0.018367
threads,1,2,7,14,44,2952790016,67108864,67108864,42.079308,5.528633,0.001927,6.11,3,0.019703
threads,1,2,7,15,45,3019898880,67108864,67108864,54.914658,4.319752,3.395723,2.543,3,3.4083
threads,1,2,7,16,46,3087007744,67108864,67108864,40.651893,28.330902,0.002598,5.582,3,0.021446
threads,1,2,7,17,47,3154116608,67108864,67108864,37.619736,18.846097,0.003712,6.622,3,0.029314
threads,1,2,7,18,48,3221225472,67108864,67108864,38.388647,17.058189,0.002284,6.129,3,0.023363
threads,1,2,7,19,49,3288334336,67108864,67108864,60.329574,17.382205,0.25173,4.68,3,0.270103
threads,1,2,7,20,50,3355443200,67108864,67108864,58.288952,4.33225,4.113309,2.538,3,4.123623
threads,1,2,7,21,51,3422552064,67108864,67108864,54.589652,7.932264,0.001684,5.109,3,0.016991
threads,1,2,7,22,52,3489660928,67108864,67108864,41.104472,26.677898,0.001972,4.463,3,0.018298
threads,1,2,7,23,53,3556769792,67108864,67108864,57.279644,27.687446,0.002709,4.331,3,0.019495
threads,1,2,7,24,54,3623878656,67108864,67108864,41.708883,4.403938,3.306892,2.674,2,3.314613
threads,1,2,7,25,55,3690987520,67108864,67108864,34.421401,10.947171,0.001746,6.006,3,0.023042
threads,1,2,7,26,56,3758096384,67108864,67108864,31.030006,30.131975,0.002206,4.013,2,0.016358
threads,1,2,7,27,57,3825205248,67108864,67108864,31.107203,31.049872,0.002319,5.13,0,0.019866
threads,1,2,7,28,58,3892314112,67108864,67108864,30.662239,31.128842,0.002746,5.941,0,0.021639
threads,1,2,7,29,59,3959422976,67108864,67108864,23.628109,30.684931,0.002374,6.424,0,0.022692
threads,2,2,8,0,60,4026531840,67108864,67108864,73.715047,,0.069414,12.8,0,
threads,2,2,8,1,61,4093640704,67108864,67108864,45.139456,69.387029,0.006463,13.146,1,0.049318
threads,2,2,8,2,62,4160749568,67108864,67108864,64.100968,40.82392,0.006285,13.562,2,0.047939
threads,2,2,8,3,63,4227858432,67108864,67108864,428.598563,42.163615,0.006352,17.5,3,0.059715
threads,2,2,8,4,64,4294967296,67108864,67108864,41.375757,4.36127,12.995609,4.719,3,13.017055
threads,2,2,8,5,65,4362076160,67108864,67108864,41.610029,5.08572,1.281797,7.069,3,1.301325
threads,2,2,8,6,66,4429185024,67108864,67108864,42.132175,5.661845,0.002191,4.928,3,0.019027
threads,2,2,8,7,67,4496293888,67108864,67108864,41.767355,7.492825,0.001814,4.99,3,0.018361
threads,2,2,8,8,68,4563402752,67108864,67108864,40.865689,9.486008,0.002164,4.419,3,0.017915
threads,2,2,8,9,69,4630511616,67108864,67108864,41.018999,8.85318,0.000585,3.322,3,0.012865
threads,2,2,8,10,70,4697620480,67108864,67108864,41.265741,7.695988,0.00151,4.67,3,0.016031
threads,2,2,8,11,71,4764729344,67108864,67108864,41.259947,7.745801,0.00237,5.51,3,0.020584
threads,2,2,8,12,72,4831838208,67108864,67108864,40.819565,7.695548,0.001863,4.12,3,0.016133
threads,2,2,8,13,73,4898947072,67108864,67108864,41.085053,6.655358,0.001859,4.062,3,0.015548
threads,2,2,8,14,74,4966055936,67108864,67108864,41.538516,6.440583,0.002108,4.687,3,0.017942
threads,2,2,8,15,75,5033164800,67108864,67108864,41.608793,6.787055,0.002105,4.589,3,0.017365
threads,2,2,8,16,76,5100273664,67108864,67108864,41.931916,6.852245,0.002579,4.882,3,0.018987
threads,2,2,8,17,77,5167382528,67108864,67108864,41.207205,7.066867,0.002307,4.528,3,0.017824
threads,2,2,8,18,78,5234491392,67108864,67108864,52.561653,4.343411,1.518316,32.558,3,1.556947
threads,2,2,8,19,79,5301600256,67108864,67108864,40.541293,4.400022,6.750258,3.515,3,6.763997
threads,2,2,8,20,80,5368709120,67108864,67108864,38.090678,4.396018,3.324856,2.503,3,3.336417
threads,2,2,8,21,81,5435817984,67108864,67108864,37.854324,4.483815,0.00253,5.284,3,0.0203
threads,2,2,8,22,82,5502926848,67108864,67108864,46.053795,4.343465,0.001936,5.652,3,0.018022
threads,2,2,8,23,83,5570035712,67108864,67108864,36.123372,4.364233,2.436346,7.485,3,2.456217
threads,2,2,8,24,84,5637144576,67108864,67108864,46.97851,4.284017,1.091029,5.933,3,1.108726
threads,2,2,8,25,85,5704253440,67108864,67108864,38.192978,4.276607,1.110391,7.13,3,1.129287
threads,2,2,8,26,86,5771362304,67108864,67108864,38.126285,4.165746,2.168002,5.305,3,2.181738
threads,2,2,8,27,87,5838471168,67108864,67108864,46.360505,4.334291,3.235289,2.671,2,3.242395
threads,2,2,8,28,88,5905580032,67108864,67108864,35.172547,4.325534,1.098616,6.997,3,1.116633
threads,2,2,8,29,89,5972688896,67108864,67108864,27.769756,4.317637,0.001447,4.626,3,0.016145
threads,3,2,9,0,90,6039797760,67108864,67108864,484.242288,4.363475,77.95648,8.309,2,
threads,3,2,9,1,91,6106906624,67108864,67108864,51.293358,373.480218,0.005938,12.173,3,0.042188
threads,3,2,9,2,92,6174015488,67108864,67108864,41.456617,4.294709,2.226822,5.275,2,2.243098
threads,3,2,9,3,93,6241124352,67108864,67108864,39.644532,6.108533,0.001864,5.63,3,0.019514
threads,3,2,9,4,94,6308233216,67108864,67108864,40.278337,5.909992,0.00302,6.748,3,0.024552
threads,3,2,9,5,95,6375342080,67108864,67108864,40.753507,4.73615,0.001995,4.604,3,0.018225
threads,3,2,9,6,96,6442450944,67108864,67108864,41.364107,4.732177,0.001989,5.584,3,0.018358
threads,3,2,9,7,97,6509559808,67108864,67108864,41.896428,4.981881,1.153513,6.92,3,1.171286
threads,3,2,9,8,98,6576668672,67108864,67108864,41.447981,6.038981,0.002065,5.061,3,0.019003
threads,3,2,9,9,99,6643777536,67108864,67108864,41.403472,7.275372,0.001876,3.947,3,0.016936
threads,3,2,9,10,100,6710886400,67108864,67108864,41.415802,7.212204,0.002009,4.441,3,0.016094
threads,3,2,9,11,101,6777995264,67108864,67108864,40.911002,7.178411,0.002143,5.386,3,0.019224
threads,3,2,9,12,102,6845104128,67108864,67108864,41.434109,7.232499,0.001944,4.866,3,0.017879
threads,3,2,9,13,103,6912212992,67108864,67108864,41.083676,7.761012,0.001909,4.48,3,0.017878
threads,3,2,9,14,104,6979321856,67108864,67108864,41.490971,7.876392,0.001824,3.846,3,0.015894
threads,3,2,9,15,105,7046430720,67108864,67108864,46.677723,7.997868,0.001783,4.64,3,0.017847
threads,3,2,9,16,106,7113539584,67108864,67108864,59.867248,12.875656,0.002209,4.49,3,0.018766
threads,3,2,9,17,107,7180648448,67108864,67108864,43.859995,4.332935,3.705214,5.005,2,3.721543
threads,3,2,9,18,108,7247757312,67108864,67108864,38.000512,7.533442,0.002207,6.437,3,0.021719
threads,3,2,9,19,109,7314866176,67108864,67108864,37.986947,7.913524,0.002061,9.406,3,0.022669
threads,3,2,9,20,110,7381975040,67108864,67108864,48.465245,7.26747,0.0023,5.479,3,0.025749
threads,3,2,9,21,111,7449083904,67108864,67108864,37.287448,29.796155,0.00236,6.729,3,0.023999
threads,3,2,9,22,112,7516192768,67108864,67108864,48.092979,24.261709,0.002227,6.035,3,0.024866
threads,3,2,9,23,113,7583301632,67108864,67108864,38.090095,18.425095,0.00236,5.847,3,0.022228
threads,3,2,9,24,114,7650410496,67108864,67108864,38.150579,4.302722,2.377749,6.085,3,2.395482
threads,3,2,9,25,115,7717519360,67108864,67108864,47.46447,4.37889,3.027998,7.226,3,3.049556
threads,3,2,9,26,116,7784628224,67108864,67108864,35.180244,38.775533,0.001981,5.692,3,0.021425
threads,3,2,9,27,117,7851737088,67108864,67108864,49.813413,22.030626,0.001596,4.202,3,0.016345
threads,3,2,9,28,118,7918845952,67108864,67108864,32.379041,4.34453,97.084856,2.555,1,97.097329
threads,3,2,9,29,119,7985954816,59027232,59027232,19.641212,32.402932,0.002376,5.52,0,0.023891
threads,0,2,6,0,0,0,67108864,67108864,49.575166,,0.060651,8.603,0,
threads,0,2,6,1,1,67108864,67108864,67108864,48.383774,4.348718,53.003591,4.513,2,53.019413
threads,0,2,6,2,2,134217728,67108864,67108864,82.759492,7.383617,0.003133,9.759,3,0.035473
threads,0,2,6,3,3,201326592,67108864,67108864,54.970603,4.163435,0.989785,3.063,2,1.003199
threads,0,2,6,4,4,268435456,67108864,67108864,44.106119,4.77971,8.375688,2.626,3,8.392218
threads,0,2,6,5,5,335544320,67108864,67108864,42.926764,4.469491,6.276832,2.623,3,6.288482
threads,0,2,6,6,6,402653184,67108864,67108864,37.911228,4.450972,10.373577,2.537,3,10.382286
threads,0,2,6,7,7,469762048,67108864,67108864,38.156628,5.016467,1.207165,6.365,3,1.228225
threads,0,2,6,8,8,536870912,67108864,67108864,37.316817,4.224645,1.033442,5.707,3,1.048805
threads,0,2,6,9,9,603979776,67108864,67108864,37.473712,4.426929,2.205063,2.317,3,2.221688
threads,0,2,6,10,10,671088640,67108864,67108864,36.845442,4.142508,0.002693,42.427,3,0.058056
threads,0,2,6,11,11,738197504,67108864,67108864,39.621852,4.93835,1.185542,5.462,3,1.202689
threads,0,2,6,12,12,805306368,67108864,67108864,40.171327,7.779487,0.002939,5.51,3,0.02078
threads,0,2,6,13,13,872415232,67108864,67108864,38.219994,4.433882,2.907657,3.353,2,2.916699
threads,0,2,6,14,14,939524096,67108864,67108864,39.868801,4.661483,1.127605,13.204,3,1.158954
threads,0,2,6,15,15,1006632960,67108864,67108864,36.488338,4.372204,6.02483,4.463,2,6.047206
threads,0,2,6,16,16,1073741824,67108864,67108864,41.522725,5.054824,2.260096,10.26,3,2.292407
threads,0,2,6,17,17,1140850688,67108864,67108864,35.861801,4.383829,1.121555,5.335,2,1.142224
threads,0,2,6,18,18,1207959552,67108864,67108864,37.519891,5.061219,0.002415,7.383,3,0.024992
threads,0,2,6,19,19,1275068416,67108864,67108864,38.061686,4.235547,0.005209,21.471,3,0.051384
threads,0,2,6,20,20,1342177280,67108864,67108864,46.147015,4.911885,1.190466,14.216,3,1.226096
threads,0,2,6,21,21,1409286144,67108864,67108864,48.649538,4.408132,2.809941,7.399,3,2.839235
threads,0,2,6,22,22,1476395008,67108864,67108864,40.726685,12.834556,0.005885,13.517,3,0.046553
threads,0,2,6,23,23,1543503872,67108864,67108864,47.020117,4.720585,1.091372,3.99,3,1.106206
threads,0,2,6,24,24,1610612736,67108864,67108864,42.921906,4.33408,11.508213,8.133,3,11.537101
threads,0,2,6,25,25,1677721600,67108864,67108864,41.314897,4.15175,0.00194,3.827,2,0.014459
threads,0,2,6,26,26,1744830464,67108864,67108864,43.009371,7.227632,0.003841,10.375,3,0.036746
threads,0,2,6,27,27,1811939328,67108864,67108864,48.980444,4.605053,2.177533,4.24,3,2.201232
threads,0,2,6,28,28,1879048192,67108864,67108864,41.968898,8.983817,0.003232,8.718,3,0.032684
threads,0,2,6,29,29,1946157056,67108864,67108864,28.677657,4.587855,1.070474,4.751,3,1.094529
threads,1,2,7,0,30,2013265920,67108864,67108864,148.957337,4.374438,106.729912,3.236,3,
threads,1,2,7,1,31,2080374784,67108864,67108864,53.886142,16.561753,0.003481,7.724,3,0.029367
threads,1,2,7,2,32,2147483648,67108864,67108864,41.255195,11.727147,0.00309,6.79,3,0.024622
threads,1,2,7,3,33,2214592512,67108864,67108864,40.058349,5.059998,2.459668,5.373,3,2.472257
threads,1,2,7,4,34,2281701376,67108864,67108864,38.564238,4.602509,3.731318,3.321,2,3.739731
threads,1,2,7,5,35,2348810240,67108864,67108864,38.888545,4.231535,0.000868,2.463,3,0.00972
threads,1,2,7,6,36,2415919104,67108864,67108864,38.089405,4.183532,1.09281,3.564,3,1.10871
threads,1,2,7,7,37,2483027968,67108864,67108864,37.792674,4.540341,1.22815,6.29,3,1.246816
threads,1,2,7,8,38,2550136832,67108864,67108864,37.224416,5.376604,0.002685,6.853,3,0.023515
threads,1,2,7,9,39,2617245696,67108864,67108864,36.782427,5.445644,0.003377,7.663,3,0.027873
threads,1,2,7,10,40,2684354560,67108864,67108864,44.632376,5.387973,0.002422,5.288,3,0.019068
threads,1,2,7,11,41,2751463424,67108864,67108864,38.617537,4.381608,10.600375,5.095,3,10.616745
threads,1,2,7,12,42,2818572288,67108864,67108864,37.913715,4.794065,1.154623,7.743,3,1.173868
threads,1,2,7,13,43,2885681152,67108864,67108864,37.999108,4.389009,7.583145,6.375,3,7.597236
threads,1,2,7,14,44,2952790016,67108864,67108864,39.114964,4.734179,1.102846,9.802,3,1.126807
threads,1,2,7,15,45,3019898880,67108864,67108864,35.834477,4.595136,3.400255,2.672,2,3.410942
threads,1,2,7,16,46,3087007744,67108864,67108864,35.98203,4.621283,0.005134,11.305,3,0.078463
threads,1,2,7,17,47,3154116608,67108864,67108864,47.996289,4.170347,1.111389,9.907,3,1.138309
threads,1,2,7,18,48,3221225472,67108864,67108864,44.003169,12.924791,0.005757,12.11,3,0.045937
threads,1,2,7,19,49,3288334336,67108864,67108864,44.808963,8.217563,0.258886,4.967,3,0.275853
threads,1,2,7,20,50,3355443200,67108864,67108864,51.199389,4.360225,0.003111,8.502,3,0.02979
threads,1,2,7,21,51,3422552064,67108864,67108864,39.893608,13.760289,0.003932,9.998,3,0.033566
threads,1,2,7,22,52,3489660928,67108864,67108864,44.512478,4.389241,0.55618,4.46,2,0.569241
threads,1,2,7,23,53,3556769792,67108864,67108864,51.492287,4.597714,7.333143,6.427,3,7.355681
threads,1,2,7,24,54,3623878656,67108864,67108864,54.353811,14.776053,0.004679,10.566,3,0.037695
threads,1,2,7,25,55,3690987520,67108864,67108864,54.898359,23.956539,0.004184,10.279,3,0.037278
threads,1,2,7,26,56,3758096384,67108864,67108864,38.553413,29.895799,0.007539,14.204,3,0.054029
threads,1,2,7,27,57,3825205248,67108864,67108864,32.77744,25.431024,0.005276,12.84,3,0.045239
threads,1,2,7,28,58,3892314112,67108864,67108864,30.981512,25.245077,25.146824,3.55,0,25.16848
threads,1,2,7,29,59,3959422976,67108864,67108864,24.400198,31.018198,0.004448,9.934,0,0.036686
threads,2,2,8,0,60,4026531840,67108864,67108864,107.463645,4.413877,53.625404,2.844,1,
threads,2,2,8,1,61,4093640704,67108864,67108864,72.431193,10.235426,0.002851,8.531,3,0.02525
threads,2,2,8,2,62,4160749568,67108864,67108864,53.952626,4.617451,5.69314,4.947,3,5.713523
threads,2,2,8,3,63,4227858432,67108864,67108864,47.724555,4.072735,0.001236,5.781,2,0.013034
threads,2,2,8,4,64,4294967296,67108864,67108864,44.434353,4.522563,2.961434,4.981,2,2.980265
threads,2,2,8,5,65,4362076160,67108864,67108864,38.797972,4.411976,4.273289,3.325,2,4.290707
threads,2,2,8,6,66,4429185024,67108864,67108864,39.999151,4.095252,0.103797,8.886,3,0.14696
threads,2,2,8,7,67,4496293888,67108864,67108864,38.946997,5.029624,0.003597,14.333,3,0.046107
threads,2,2,8,8,68,4563402752,67108864,67108864,36.952392,6.266535,0.004403,8.332,3,0.032415
threads,2,2,8,9,69,4630511616,67108864,67108864,37.157761,5.687238,0.003366,8.25,3,0.027534
threads,2,2,8,10,70,4697620480,67108864,67108864,36.831678,4.943073,0.003431,7.625,3,0.025488
threads,2,2,8,11,71,4764729344,67108864,67108864,47.307718,4.199225,0.003253,8.625,3,0.027488
threads,2,2,8,12,72,4831838208,67108864,67108864,35.119785,34.181072,0.005016,10.855,3,0.040814
threads,2,2,8,13,73,4898947072,67108864,67108864,50.562399,21.878043,0.006232,14.709,3,0.04682
threads,2,2,8,14,74,4966055936,67108864,67108864,38.077473,4.347615,4.073521,5.302,2,4.100701
threads,2,2,8,15,75,5033164800,67108864,67108864,43.295981,7.527588,0.002124,6.053,3,0.020652
threads,2,2,8,16,76,5100273664,67108864,67108864,35.174144,33.546941,0.005431,10.412,3,0.039963
threads,2,2,8,17,77,5167382528,67108864,67108864,38.360233,21.84964,0.002967,9.804,3,0.035259
threads,2,2,8,18,78,5234491392,67108864,67108864,38.572111,20.599092,0.003822,10.546,3,0.036714
threads,2,2,8,19,79,5301600256,67108864,67108864,49.45732,21.53484,0.005757,10.617,3,0.039333
threads,2,2,8,20,80,5368709120,67108864,67108864,40.247278,27.55988,0.003283,9.47,3,0.032683
threads,2,2,8,21,81,5435817984,67108864,67108864,46.462795,11.019175,0.002436,5.795,3,0.022389
threads,2,2,8,22,82,5502926848,67108864,67108864,50.171486,4.375081,3.454553,6.366,3,3.484067
threads,2,2,8,23,83,5570035712,67108864,67108864,36.354353,31.729141,0.004932,11.218,3,0.038529
threads,2,2,8,24,84,5637144576,67108864,67108864,46.94112,23.33232,0.004791,13.499,3,0.045755
threads,2,2,8,25,85,5704253440,67108864,67108864,44.425497,22.772288,0.003732,9.498,3,0.032927
threads,2,2,8,26,86,5771362304,67108864,67108864,41.509184,15.694798,0.004014,7.78,3,0.026995
threads,2,2,8,27,87,5838471168,67108864,67108864,55.143282,4.069917,1.239971,5.123,3,1.257024
threads,2,2,8,28,88,5905580032,67108864,67108864,62.671804,4.540183,4.291956,7.804,3,4.318962
threads,2,2,8,29,89,5972688896,67108864,67108864,25.215789,32.700843,0.006408,12.82,1,0.047918
threads,3,2,9,0,90,6039797760,67108864,67108864,48.843144,49.34648,49.135064,14.266,1,
threads,3,2,9,1,91,6106906624,67108864,67108864,45.342899,44.485504,0.002187,33.767,1,0.056237
threads,3,2,9,2,92,6174015488,67108864,67108864,86.945142,36.661192,0.005098,12.303,3,0.041449
threads,3,2,9,3,93,6241124352,67108864,67108864,58.640085,69.36383,0.005022,10.235,3,0.037731
threads,3,2,9,4,94,6308233216,67108864,67108864,50.206232,33.331172,0.004443,10.412,3,0.033726
threads,3,2,9,5,95,6375342080,67108864,67108864,48.798826,29.6754,0.004856,9.971,3,0.04876
threads,3,2,9,6,96,6442450944,67108864,67108864,39.228647,34.783595,0.004559,10.564,3,0.036821
threads,3,2,9,7,97,6509559808,67108864,67108864,39.070312,25.796199,0.003541,9.319,3,0.033009
threads,3,2,9,8,98,6576668672,67108864,67108864,37.706163,25.767632,0.008797,10.197,3,0.040574
threads,3,2,9,9,99,6643777536,67108864,67108864,37.520107,24.3047,0.003954,10.195,3,0.036338
threads,3,2,9,10,100,6710886400,67108864,67108864,37.886768,22.325418,0.005397,11.257,3,0.039116
threads,3,2,9,11,101,6777995264,67108864,67108864,37.565569,22.721064,0.005719,11.651,3,0.040646
threads,3,2,9,12,102,6845104128,67108864,67108864,53.811176,22.275947,0.004483,9.872,3,0.037445
threads,3,2,9,13,103,6912212992,67108864,67108864,39.110605,4.473072,2.190419,4.172,2,2.209653
threads,3,2,9,14,104,6979321856,67108864,67108864,41.798642,8.457814,0.005152,11.051,3,0.040742
threads,3,2,9,15,105,7046430720,67108864,67108864,34.883688,32.402123,0.006135,16.156,3,0.059029
threads,3,2,9,16,106,7113539584,67108864,67108864,51.251102,21.809324,0.003838,9.454,3,0.034464
threads,3,2,9,17,107,7180648448,67108864,67108864,39.61546,4.380798,12.941993,6.553,3,12.972193
threads,3,2,9,18,108,7247757312,67108864,67108864,37.663556,8.115353,0.003487,9.804,3,0.032035
threads,3,2,9,19,109,7314866176,67108864,67108864,42.248205,8.67071,0.001037,2.962,3,0.01214
threads,3,2,9,20,110,7381975040,67108864,67108864,56.779964,4.093447,1.198567,4.076,3,1.216758
threads,3,2,9,21,111,7449083904,67108864,67108864,56.548932,16.624797,0.003344,8.623,3,0.030408
threads,3,2,9,22,112,7516192768,67108864,67108864,55.248389,28.377,0.00521,11.875,3,0.042024
threads,3,2,9,23,113,7583301632,67108864,67108864,47.462701,4.344467,3.659011,6.737,2,3.681174
threads,3,2,9,24,114,7650410496,67108864,67108864,38.245374,15.452295,0.006395,12.563,3,0.045235
threads,3,2,9,25,115,7717519360,67108864,67108864,47.786589,6.754009,0.003043,8.83,3,0.030387
threads,3,2,9,26,116,7784628224,67108864,67108864,44.610213,10.134699,0.005693,13.154,3,0.046593
threads,3,2,9,27,117,7851737088,67108864,67108864,42.892239,12.002855,0.0029,6.163,3,0.024151
threads,3,2,9,28,118,7918845952,67108864,67108864,37.387179,4.03959,0.003253,7.703,3,0.026967
threads,3,2,9,29,119,7985954816,59027232,59027232,21.022485,4.198185,90.307761,4.232,1,90.334186
threads,0,2,6,0,0,0,67108864,67108864,179.507241,4.499288,94.744376,7.96,2,
threads,0,2,6,1,1,67108864,67108864,67108864,110.581556,4.358634,5.105854,5.011,3,5.120996
threads,0,2,6,2,2,134217728,67108864,67108864,83.89918,10.073445,0.01273,26.211,3,0.107663
threads,0,2,6,3,3,201326592,67108864,67108864,95.251711,4.600721,1.108082,10.82,3,1.146653
threads,0,2,6,4,4,268435456,67108864,67108864,74.943555,28.140058,0.00655,13.14,3,0.053292
threads,0,2,6,5,5,335544320,67108864,67108864,71.855818,4.394795,0.00609,12.611,3,0.046082
threads,0,2,6,6,6,402653184,67108864,67108864,78.27041,9.442438,0.0058,10.21,3,0.042551
threads,0,2,6,7,7,469762048,67108864,67108864,73.235278,21.033056,0.00826,19.011,3,0.067952
threads,0,2,6,8,8,536870912,67108864,67108864,74.004489,4.721234,1.111902,14.18,3,1.152722
threads,0,2,6,9,9,603979776,67108864,67108864,55.71084,16.140438,0.00578,15.93,3,0.048712
threads,0,2,6,10,10,671088640,67108864,67108864,72.840536,5.156646,4.429486,31.391,2,4.483457
threads,0,2,6,11,11,738197504,67108864,67108864,87.75469,12.142154,0.00503,8.82,3,0.031521
threads,0,2,6,12,12,805306368,67108864,67108864,63.08042,4.495277,7.166734,6.14,3,7.201284
threads,0,2,6,13,13,872415232,67108864,67108864,105.925735,4.356584,4.963031,7.34,3,4.993591
threads,0,2,6,14,14,939524096,67108864,67108864,83.626873,4.807666,3.494639,30.221,3,3.565491
threads,0,2,6,15,15,1006632960,67108864,67108864,75.167563,29.576439,0.00612,11.901,3,0.045761
threads,0,2,6,16,16,1073741824,67108864,67108864,91.970729,20.554633,0.00634,12.121,3,0.047171
threads,0,2,6,17,17,1140850688,67108864,67108864,87.76117,35.397544,0.0073,13.46,3,0.051971
threads,0,2,6,18,18,1207959552,67108864,67108864,69.547193,46.109728,0.01094,29.961,3,0.101043
threads,0,2,6,19,19,1275068416,67108864,67108864,81.384929,13.985266,0.005471,12.7,3,0.045631
threads,0,2,6,20,20,1342177280,67108864,67108864,62.490043,39.232743,0.00823,15.081,3,0.058042
threads,0,2,6,21,21,1409286144,67108864,67108864,110.701731,4.535628,3.312334,5.28,3,3.346614
threads,0,2,6,22,22,1476395008,67108864,67108864,102.629931,58.53286,0.00829,18.63,3,0.072272
threads,0,2,6,23,23,1543503872,67108864,67108864,78.186908,4.313462,1.643736,8.81,2,1.682797
threads,0,2,6,24,24,1610612736,67108864,67108864,94.650974,16.134918,0.00691,13.121,3,0.051392
threads,0,2,6,25,25,1677721600,67108864,67108864,71.822037,4.440877,6.311749,6.41,2,6.351261
threads,0,2,6,26,26,1744830464,67108864,67108864,98.075612,5.078724,2.543902,28.481,3,2.600743
threads,0,2,6,27,27,1811939328,67108864,67108864,78.9608,8.138421,0.00722,14.931,3,0.055682
threads,0,2,6,28,28,1879048192,67108864,67108864,50.281386,9.148689,0.00389,8.75,3,0.02983
threads,0,2,6,29,29,1946157056,67108864,67108864,20.021048,35.540508,0.00408,10.14,1,0.025551
threads,1,2,7,0,30,2013265920,67108864,67108864,85.821193,4.799286,4.507437,11.471,1,
threads,1,2,7,1,31,2080374784,67108864,67108864,51.568213,45.601704,0.00726,14.861,1,0.057102
threads,1,2,7,2,32,2147483648,67108864,67108864,126.129817,47.139707,0.01005,19.531,2,0.070782
threads,1,2,7,3,33,2214592512,67108864,67108864,86.148044,4.24192,2.574843,5.61,3,2.602734
threads,1,2,7,4,34,2281701376,67108864,67108864,89.800447,13.04406,0.00569,11.631,3,0.043131
threads,1,2,7,5,35,2348810240,67108864,67108864,91.085953,4.584611,3.224581,5.07,3,3.263703
threads,1,2,7,6,36,2415919104,67108864,67108864,97.32064,4.098817,1.241185,35.151,3,1.314698
threads,1,2,7,7,37,2483027968,67108864,67108864,78.760544,4.199619,1.342388,35.391,3,1.41426
threads,1,2,7,8,38,2550136832,67108864,67108864,101.54308,4.703114,2.200032,5.87,3,2.235734
threads,1,2,7,9,39,2617245696,67108864,67108864,90.034154,4.423135,3.055017,8.141,3,3.091997
threads,1,2,7,10,40,2684354560,67108864,67108864,76.094808,4.105837,1.248565,9.111,3,1.287177
threads,1,2,7,11,41,2751463424,67108864,67108864,66.436824,50.025599,0.00567,12.68,3,0.050832
threads,1,2,7,12,42,2818572288,67108864,67108864,102.612231,51.867241,0.00785,14.971,3,0.058022
threads,1,2,7,13,43,2885681152,67108864,67108864,68.439992,49.02926,0.00748,15.11,3,0.058161
threads,1,2,7,14,44,2952790016,67108864,67108864,107.535141,37.554935,0.01041,19.481,3,0.071112
threads,1,2,7,15,45,3019898880,67108864,67108864,64.319205,58.037027,0.01271,21.271,3,0.082572
threads,1,2,7,16,46,3087007744,67108864,67108864,84.187658,47.156448,0.006241,12.28,3,0.044901
threads,1,2,7,17,47,3154116608,67108864,67108864,77.114987,39.141031,0.00621,12.98,3,0.048882
threads,1,2,7,18,48,3221225472,67108864,67108864,74.097442,16.075146,0.008841,18.42,3,0.064802
threads,1,2,7,19,49,3288334336,67108864,67108864,100.200392,4.476617,3.017156,9.23,3,3.052587
threads,1,2,7,20,50,3355443200,67108864,67108864,102.506877,5.380033,1.446371,33.831,3,1.516894
threads,1,2,7,21,51,3422552064,67108864,67108864,106.329716,7.375069,0.257757,9.661,3,0.296429
threads,1,2,7,22,52,3489660928,67108864,67108864,93.556094,48.005022,0.01655,36.231,3,0.136894
threads,1,2,7,23,53,3556769792,67108864,67108864,68.985426,26.537613,0.007751,16.2,3,0.121104
threads,1,2,7,24,54,3623878656,67108864,67108864,66.381643,54.770563,0.014321,29.901,3,0.105623
threads,1,2,7,25,55,3690987520,67108864,67108864,108.296532,53.23852,0.00286,10.401,3,0.035201
threads,1,2,7,26,56,3758096384,67108864,67108864,72.233489,65.531369,0.016981,32.171,3,0.153164
threads,1,2,7,27,57,3825205248,67108864,67108864,77.884589,59.125527,0.005791,12.84,3,0.046071
threads,1,2,7,28,58,3892314112,67108864,67108864,83.56172,62.802982,0.00624,12.32,3,0.048872
threads,1,2,7,29,59,3959422976,67108864,67108864,53.002463,48.080194,0.004981,10.68,3,0.036901
threads,2,2,8,0,60,4026531840,67108864,67108864,109.013712,40.276591,44.573683,20.921,2,
threads,2,2,8,1,61,4093640704,67108864,67108864,108.336913,4.393844,4.22216,6.56,3,4.255891
threads,2,2,8,2,62,4160749568,67108864,67108864,77.351764,108.461727,0.01689,28.611,3,0.124814
threads,2,2,8,3,63,4227858432,67108864,67108864,101.497169,64.391136,0.00314,10.871,3,0.037271
threads,2,2,8,4,64,4294967296,67108864,67108864,92.823864,55.225516,0.00295,7.351,3,0.02643
threads,2,2,8,5,65,4362076160,67108864,67108864,98.548376,63.066128,0.00779,14.96,3,0.062581
threads,2,2,8,6,66,4429185024,67108864,67108864,70.955273,61.816663,0.01047,23.851,3,0.085722
threads,2,2,8,7,67,4496293888,67108864,67108864,66.695532,47.724163,0.01236,22.591,3,0.095072
threads,2,2,8,8,68,4563402752,67108864,67108864,90.61841,45.029508,0.00726,13.2,3,0.052212
threads,2,2,8,9,69,4630511616,67108864,67108864,62.593926,38.666937,0.010541,18.93,3,0.081412
threads,2,2,8,10,70,4697620480,67108864,67108864,69.373418,9.979603,0.00442,12.891,3,0.040071
threads,2,2,8,11,71,4764729344,67108864,67108864,105.458191,4.458907,11.382043,8.14,3,11.420224
threads,2,2,8,12,72,4831838208,67108864,67108864,79.960088,37.095223,0.00737,13.29,3,0.050182
threads,2,2,8,13,73,4898947072,67108864,67108864,87.08788,22.124678,0.00264,6.41,3,0.025341
threads,2,2,8,14,74,4966055936,67108864,67108864,75.213234,41.186288,0.00512,14.971,3,0.047741
threads,2,2,8,15,75,5033164800,67108864,67108864,92.071902,6.939747,0.00407,11.43,3,0.031451
threads,2,2,8,16,76,5100273664,67108864,67108864,100.193203,5.050713,0.032291,42.001,3,0.180055
threads,2,2,8,17,77,5167382528,67108864,67108864,88.698856,9.710455,0.006931,13.24,3,0.052471
threads,2,2,8,18,78,5234491392,67108864,67108864,100.732497,7.327208,0.00661,13.201,3,0.049702
threads,2,2,8,19,79,5301600256,67108864,67108864,61.525205,39.692236,0.01121,20.031,3,0.081373
threads,2,2,8,20,80,5368709120,67108864,67108864,72.682222,16.271062,0.00661,14.531,3,0.050322
threads,2,2,8,21,81,5435817984,67108864,67108864,80.927385,26.208894,0.01872,33.811,3,0.134484
threads,2,2,8,22,82,5502926848,67108864,67108864,103.688761,4.236121,3.53091,8.54,3,3.566452
threads,2,2,8,23,83,5570035712,67108864,67108864,59.852257,14.320486,0.00808,17.1,3,0.072802
threads,2,2,8,24,84,5637144576,67108864,67108864,100.50242,4.446027,3.651273,10.151,2,3.677795
threads,2,2,8,25,85,5704253440,67108864,67108864,73.66795,8.656565,0.00505,17.58,3,0.073262
threads,2,2,8,26,86,5771362304,67108864,67108864,70.453338,4.466576,4.992792,10.75,3,5.017452
threads,2,2,8,27,87,5838471168,67108864,67108864,93.914284,4.299802,3.760287,8.48,3,3.802668
threads,2,2,8,28,88,5905580032,67108864,67108864,89.225331,4.489917,4.363534,21.961,3,4.407125
threads,2,2,8,29,89,5972688896,67108864,67108864,35.429545,14.766429,0.004951,11.55,3,0.041811
threads,3,2,9,0,90,6039797760,67108864,67108864,45.200901,,0.076222,13.681,0,
threads,3,2,9,1,91,6106906624,67108864,67108864,118.335626,11.63506,108.696833,21.39,3,108.750735
threads,3,2,9,2,92,6174015488,67108864,67108864,104.807153,4.397345,3.14183,8.73,2,3.15921
threads,3,2,9,3,93,6241124352,67108864,67108864,90.498196,23.180578,0.0249,47.742,3,0.167255
threads,3,2,9,4,94,6308233216,67108864,67108864,100.753128,20.634985,0.002201,8.09,3,0.020361
threads,3,2,9,5,95,6375342080,67108864,67108864,85.093483,4.57856,3.690894,12.691,3,3.731156
threads,3,2,9,6,96,6442450944,67108864,67108864,69.412729,14.731768,0.00613,13.91,3,0.049362
threads,3,2,9,7,97,6509559808,67108864,67108864,92.590787,7.572684,0.00422,10.02,3,0.02967
threads,3,2,9,8,98,6576668672,67108864,67108864,91.576067,26.576694,0.007241,11.81,3,0.048471
threads,3,2,9,9,99,6643777536,67108864,67108864,82.953183,43.827323,0.00623,12.59,3,0.062562
threads,3,2,9,10,100,6710886400,67108864,67108864,64.553301,5.012052,2.263584,10.781,2,2.310346
threads,3,2,9,11,101,6777995264,67108864,67108864,99.211354,4.403755,1.283806,19.351,3,1.333248
threads,3,2,9,12,102,6845104128,67108864,67108864,67.063542,4.336214,3.353905,8.14,2,3.391497
threads,3,2,9,13,103,6912212992,67108864,67108864,108.974302,4.037814,1.111931,7.201,2,1.149162
threads,3,2,9,14,104,6979321856,67108864,67108864,98.843144,5.460245,0.00879,17.061,3,0.065842
threads,3,2,9,15,105,7046430720,67108864,67108864,95.52767,10.468357,0.014331,33.531,3,0.105513
threads,3,2,9,16,106,7113539584,67108864,67108864,91.080923,30.839555,0.0077,17.3,3,0.058262
threads,3,2,9,17,107,7180648448,67108864,67108864,68.37225,29.94866,0.007661,12.95,3,0.050882
threads,3,2,9,18,108,7247757312,67108864,67108864,84.835526,10.535289,0.00725,14.641,3,0.076592
threads,3,2,9,19,109,7314866176,67108864,67108864,116.757262,25.939166,0.01957,41.952,3,0.161175
threads,3,2,9,20,110,7381975040,67108864,67108864,115.98725,27.717066,0.00597,12.7,3,0.047572
threads,3,2,9,21,111,7449083904,67108864,67108864,97.744372,4.370604,3.655083,7.721,3,3.692985
threads,3,2,9,22,112,7516192768,67108864,67108864,87.362588,4.418835,11.025543,4.89,3,11.062614
threads,3,2,9,23,113,7583301632,67108864,67108864,75.973125,18.126844,0.01969,32.812,3,0.137694
threads,3,2,9,24,114,7650410496,67108864,67108864,73.689001,4.24658,2.401758,31.421,2,2.461389
threads,3,2,9,25,115,7717519360,67108864,67108864,95.019186,5.751953,0.013771,23.85,3,0.095932
threads,3,2,9,26,116,7784628224,67108864,67108864,77.944961,22.890089,0.00635,14.181,3,0.052411
threads,3,2,9,27,117,7851737088,67108864,67108864,59.523178,17.27183,0.005301,9.19,3,0.035401
threads,3,2,9,28,118,7918845952,67108864,67108864,33.290184,19.774921,19.675738,11.6,1,19.707369
threads,3,2,9,29,119,7985954816,59027232,59027232,16.870578,33.340696,0.00589,12.521,0,0.050512
threads,0,2,6,0,0,0,67108864,67108864,122.283337,4.292536,106.798523,10.752,2,
threads,0,2,6,1,1,67108864,67108864,67108864,42.116322,7.130293,0.002548,11.96,3,0.033756
threads,0,2,6,2,2,134217728,67108864,67108864,43.807976,4.162392,0.002816,7.624,3,0.019685
threads,0,2,6,3,3,201326592,67108864,67108864,44.753054,4.789223,0.003798,7.765,3,0.029643
threads,0,2,6,4,4,268435456,67108864,67108864,42.61255,9.737485,0.005432,13.059,3,0.04514
threads,0,2,6,5,5,335544320,67108864,67108864,40.471227,4.036415,0.001697,5.597,3,0.021106
threads,0,2,6,6,6,402653184,67108864,67108864,44.719493,4.540433,6.13173,3.505,3,6.145958
threads,0,2,6,7,7,469762048,67108864,67108864,46.651171,4.30832,3.253298,6.508,3,3.279225
threads,0,2,6,8,8,536870912,67108864,67108864,43.142888,9.364696,0.003775,9.8,3,0.033439
threads,0,2,6,9,9,603979776,67108864,67108864,37.252115,7.772317,0.004261,8.063,3,0.036105
threads,0,2,6,10,10,671088640,67108864,67108864,44.251998,4.486069,3.326634,5.731,3,3.341806
threads,0,2,6,11,11,738197504,67108864,67108864,42.417279,4.669439,1.098476,7.804,3,1.121643
threads,0,2,6,12,12,805306368,67108864,67108864,40.135209,5.49334,0.041487,11.879,3,0.073704
threads,0,2,6,13,13,872415232,67108864,67108864,40.216942,4.086171,1.146108,13.819,3,1.174915
threads,0,2,6,14,14,939524096,67108864,67108864,41.440138,4.328167,0.619937,8.711,3,0.648936
threads,0,2,6,15,15,1006632960,67108864,67108864,41.766135,7.054888,0.003779,7.185,3,0.026811
threads,0,2,6,16,16,1073741824,67108864,67108864,41.808658,6.77518,0.006822,10.925,3,0.044931
threads,0,2,6,17,17,1140850688,67108864,67108864,38.469153,6.83434,0.004438,8.444,3,0.031863
threads,0,2,6,18,18,1207959552,67108864,67108864,40.685475,4.612458,3.30188,5.722,3,3.318609
threads,0,2,6,19,19,1275068416,67108864,67108864,42.322249,4.285262,3.411207,2.469,3,3.426027
threads,0,2,6,20,20,1342177280,67108864,67108864,38.885303,4.341044,4.047646,6.268,3,4.069752
threads,0,2,6,21,21,1409286144,67108864,67108864,38.621831,4.41065,3.64156,5.612,3,3.66165
threads,0,2,6,22,22,1476395008,67108864,67108864,44.25055,4.417767,3.561748,2.172,3,3.57641
threads,0,2,6,23,23,1543503872,67108864,67108864,43.051021,5.527474,0.005541,11.163,3,0.038359
threads,0,2,6,24,24,1610612736,67108864,67108864,38.369368,8.907516,0.003909,8.863,3,0.031891
threads,0,2,6,25,25,1677721600,67108864,67108864,45.357129,5.725652,0.000968,3.118,3,0.011447
threads,0,2,6,26,26,1744830464,67108864,67108864,41.624618,4.382056,7.025027,4.204,3,7.045181
threads,0,2,6,27,27,1811939328,67108864,67108864,37.551541,4.402113,2.648237,7.435,3,2.679075
threads,0,2,6,28,28,1879048192,67108864,67108864,31.248645,25.87531,25.639999,10.344,0,25.662868
threads,0,2,6,29,29,1946157056,67108864,67108864,24.55081,31.292759,0.005722,13.77,0,0.044114
threads,1,2,7,0,30,2013265920,67108864,67108864,104.218835,47.02508,51.630083,12.739,2,
threads,1,2,7,1,31,2080374784,67108864,67108864,56.580027,10.099826,0.00533,11.409,2,0.046437
threads,1,2,7,2,32,2147483648,67108864,67108864,40.424631,52.341084,0.007101,17.16,3,0.057077
threads,1,2,7,3,33,2214592512,67108864,67108864,42.513198,24.066705,0.013158,15.998,3,0.059618
threads,1,2,7,4,34,2281701376,67108864,67108864,43.205187,24.483749,0.00523,11.652,3,0.039853
threads,1,2,7,5,35,2348810240,67108864,67108864,50.66149,23.888808,0.004596,10.232,3,0.037491
threads,1,2,7,6,36,2415919104,67108864,67108864,43.34123,29.78969,0.005212,10.515,3,0.037586
threads,1,2,7,7,37,2483027968,67108864,67108864,42.091021,30.535982,0.004838,11.348,3,0.038718
threads,1,2,7,8,38,2550136832,67108864,67108864,48.900352,26.042464,0.004063,8.775,3,0.032646
threads,1,2,7,9,39,2617245696,67108864,67108864,46.060231,26.987915,0.005223,11.79,3,0.043817
threads,1,2,7,10,40,2684354560,67108864,67108864,44.31018,26.408122,0.005816,12.342,3,0.044586
threads,1,2,7,11,41,2751463424,67108864,67108864,41.67314,27.584168,0.005953,12.858,3,0.044859
threads,1,2,7,12,42,2818572288,67108864,67108864,41.033384,28.712808,0.006894,13.747,3,0.049421
threads,1,2,7,13,43,2885681152,67108864,67108864,43.011552,24.411204,0.0049,10.987,3,0.038653
threads,1,2,7,14,44,2952790016,67108864,67108864,42.111287,24.992984,0.006843,15.914,3,0.061211
threads,1,2,7,15,45,3019898880,67108864,67108864,39.978883,25.842907,0.006822,13.9,3,0.04876
threads,1,2,7,16,46,3087007744,67108864,67108864,41.999103,25.007157,0.006051,14.57,3,0.051245
threads,1,2,7,17,47,3154116608,67108864,67108864,41.417287,25.571689,0.004105,9.598,3,0.032378
threads,1,2,7,18,48,3221225472,67108864,67108864,44.775204,25.232137,0.00755,15.085,3,0.054227
threads,1,2,7,19,49,3288334336,67108864,67108864,38.192997,28.223409,0.007145,16.69,3,0.056589
threads,1,2,7,20,50,3355443200,67108864,67108864,38.731828,24.67485,0.007105,12.169,3,0.046206
threads,1,2,7,21,51,3422552064,67108864,67108864,42.872137,19.31091,0.001853,5.183,3,0.015734
threads,1,2,7,22,52,3489660928,67108864,67108864,41.115041,15.827899,0.003982,10.814,3,0.036853
threads,1,2,7,23,53,3556769792,67108864,67108864,42.035231,14.42702,0.003679,8.793,3,0.031033
threads,1,2,7,24,54,3623878656,67108864,67108864,37.615754,14.290896,0.003277,7.535,3,0.026886
threads,1,2,7,25,55,3690987520,67108864,67108864,39.340337,7.652029,0.003773,9.225,3,0.034288
threads,1,2,7,26,56,3758096384,67108864,67108864,46.585039,5.124689,1.187654,12.229,3,1.215235
threads,1,2,7,27,57,3825205248,67108864,67108864,39.462625,13.377986,0.006668,12.77,3,0.049073
threads,1,2,7,28,58,3892314112,67108864,67108864,40.023407,4.388635,3.921935,15.504,3,3.950334
threads,1,2,7,29,59,3959422976,67108864,67108864,33.141381,4.350872,4.229451,5.699,3,4.242523
threads,2,2,8,0,60,4026531840,67108864,67108864,52.059459,,0.045178,7.704,0,
threads,2,2,8,1,61,4093640704,67108864,67108864,57.919649,4.29602,108.487903,4.498,3,108.504235
threads,2,2,8,2,62,4160749568,67108864,67108864,45.079832,4.421093,3.691522,9.511,3,3.708686
threads,2,2,8,3,63,4227858432,67108864,67108864,43.15388,5.862819,0.003126,6.32,3,0.024076
threads,2,2,8,4,64,4294967296,67108864,67108864,39.820551,8.817324,0.005543,16.741,3,0.056908
threads,2,2,8,5,65,4362076160,67108864,67108864,42.810695,6.965791,0.003155,6.951,3,0.029381
threads,2,2,8,6,66,4429185024,67108864,67108864,46.176997,4.348381,1.044707,8.457,2,1.064861
threads,2,2,8,7,67,4496293888,67108864,67108864,41.174366,7.188003,0.005273,12.041,3,0.042573
threads,2,2,8,8,68,4563402752,67108864,67108864,43.854414,6.281917,0.004953,12.528,3,0.043215
threads,2,2,8,9,69,4630511616,67108864,67108864,45.054818,4.358993,3.157678,3.817,3,3.166831
threads,2,2,8,10,70,4697620480,67108864,67108864,44.065993,4.460791,1.127528,14.473,3,1.151797
threads,2,2,8,11,71,4764729344,67108864,67108864,45.40986,4.217947,0.005882,12.565,3,0.046202
threads,2,2,8,12,72,4831838208,67108864,67108864,40.434761,4.386886,4.057682,6.255,3,4.086148
threads,2,2,8,13,73,4898947072,67108864,67108864,42.684172,5.081698,1.197551,14.968,3,1.232321
threads,2,2,8,14,74,4966055936,67108864,67108864,40.591587,8.111127,0.004234,10.224,3,0.033121
threads,2,2,8,15,75,5033164800,67108864,67108864,38.716909,6.32254,0.00366,7.553,3,0.032295
threads,2,2,8,16,76,5100273664,67108864,67108864,40.890499,4.705043,0.002972,6.483,3,0.023319
threads,2,2,8,17,77,5167382528,67108864,67108864,40.586384,4.988849,1.171829,10.845,3,1.200275
threads,2,2,8,18,78,5234491392,67108864,67108864,40.715473,5.035099,1.169849,5.993,3,1.194977
threads,2,2,8,19,79,5301600256,67108864,67108864,43.217499,4.592724,3.271422,6.76,3,3.294171
threads,2,2,8,20,80,5368709120,67108864,67108864,46.308234,5.092739,1.194138,7.98,3,1.221199
threads,2,2,8,21,81,5435817984,67108864,67108864,42.443851,6.895803,0.003022,8.487,3,0.027985
threads,2,2,8,22,82,5502926848,67108864,67108864,42.152256,7.534233,0.004795,9.95,3,0.033496
threads,2,2,8,23,83,5570035712,67108864,67108864,43.131633,7.471772,0.005448,10.659,3,0.038868
threads,2,2,8,24,84,5637144576,67108864,67108864,39.667261,11.168889,0.005562,12.291,3,0.047569
threads,2,2,8,25,85,5704253440,67108864,67108864,40.42932,12.651929,0.004154,10.375,3,0.035609
threads,2,2,8,26,86,5771362304,67108864,67108864,49.632681,4.75729,1.103236,12.833,3,1.133359
threads,2,2,8,27,87,5838471168,67108864,67108864,44.239193,4.327145,4.082603,6.164,2,4.113225
threads,2,2,8,28,88,5905580032,67108864,67108864,41.690671,9.826407,0.006223,12.89,3,0.044443
threads,2,2,8,29,89,5972688896,67108864,67108864,25.203452,32.988227,0.00592,11.42,2,0.050541
threads,3,2,9,0,90,6039797760,67108864,67108864,97.69516,4.977322,4.672755,3.929,1,
threads,3,2,9,1,91,6106906624,67108864,67108864,43.400649,50.710291,0.004513,12.241,1,0.040211
threads,3,2,9,2,92,6174015488,67108864,67108864,69.291415,39.162619,0.006389,17.44,2,0.054506
threads,3,2,9,3,93,6241124352,67108864,67108864,43.623886,4.866158,2.284032,7.487,3,2.311673
threads,3,2,9,4,94,6308233216,67108864,67108864,40.230363,8.044091,0.005142,11.934,3,0.038296
threads,3,2,9,5,95,6375342080,67108864,67108864,40.582828,5.747323,0.003193,7.131,3,0.02592
threads,3,2,9,6,96,6442450944,67108864,67108864,47.832176,4.20611,1.081795,10.66,3,1.118637
threads,3,2,9,7,97,6509559808,67108864,67108864,42.698528,4.45917,7.444076,7.519,3,7.468341
threads,3,2,9,8,98,6576668672,67108864,67108864,48.186693,4.352767,3.393057,5.402,2,3.414639
threads,3,2,9,9,99,6643777536,67108864,67108864,41.620317,11.366017,0.004743,12.731,3,0.044138
threads,3,2,9,10,100,6710886400,67108864,67108864,41.456149,5.973006,0.000901,1.785,3,0.007917
threads,3,2,9,11,101,6777995264,67108864,67108864,40.505723,4.537763,3.290867,13.266,3,3.315223
threads,3,2,9,12,102,6845104128,67108864,67108864,40.776565,4.305737,3.352603,5.729,3,3.374446
threads,3,2,9,13,103,6912212992,67108864,67108864,40.927308,7.604508,0.003453,7.511,3,0.02682
threads,3,2,9,14,104,6979321856,67108864,67108864,39.648987,7.504741,0.005737,12.502,3,0.044962
threads,3,2,9,15,105,7046430720,67108864,67108864,40.033628,4.119842,0.004548,10.6,3,0.038877
threads,3,2,9,16,106,7113539584,67108864,67108864,40.324617,4.372264,2.358912,6.513,3,2.378841
threads,3,2,9,17,107,7180648448,67108864,67108864,41.764108,4.699861,0.003413,9.864,3,0.033108
threads,3,2,9,18,108,7247757312,67108864,67108864,41.695158,4.475348,0.005728,11.757,3,0.04286
threads,3,2,9,19,109,7314866176,67108864,67108864,40.977885,4.738945,0.004893,11.674,3,0.039953
threads,3,2,9,20,110,7381975040,67108864,67108864,43.903529,4.359171,3.450983,6.67,3,3.474134
threads,3,2,9,21,111,7449083904,67108864,67108864,44.492644,10.058651,0.004487,9.597,3,0.035154
threads,3,2,9,22,112,7516192768,67108864,67108864,41.815457,15.844244,0.005485,11.166,3,0.040511
threads,3,2,9,23,113,7583301632,67108864,67108864,42.213309,14.774171,0.002485,6.768,3,0.02346
threads,3,2,9,24,114,7650410496,67108864,67108864,39.435278,15.881682,0.004992,11.745,3,0.040276
threads,3,2,9,25,115,7717519360,67108864,67108864,38.174691,13.30165,0.005555,10.197,3,0.046807
threads,3,2,9,26,116,7784628224,67108864,67108864,49.412398,13.871438,0.004469,15.284,3,0.045139
threads,3,2,9,27,117,7851737088,67108864,67108864,54.131493,22.773184,0.003966,10.839,3,0.04492
threads,3,2,9,28,118,7918845952,67108864,67108864,38.728961,30.315123,0.005066,11.761,3,0.044558
threads,3,2,9,29,119,7985954816,59027232,59027232,22.635089,25.686538,0.004328,18.21,3,0.055413
threads,0,2,6,0,0,0,67108864,67108864,123.351097,4.186556,57.727385,6.89,1,
threads,0,2,6,1,1,67108864,67108864,67108864,92.564439,16.650313,0.00291,10.421,2,0.03022
threads,0,2,6,2,2,134217728,67108864,67108864,87.468842,9.06677,0.00485,7.701,3,0.032991
threads,0,2,6,3,3,201326592,67108864,67108864,83.60685,26.120197,0.00156,3.17,3,0.01373
threads,0,2,6,4,4,268435456,67108864,67108864,80.90763,4.658721,4.417439,9.95,3,4.439759
threads,0,2,6,5,5,335544320,67108864,67108864,83.783391,18.12029,0.001041,3.969,3,0.012591
threads,0,2,6,6,6,402653184,67108864,67108864,91.953092,4.693722,0.0022,6.601,3,0.019971
threads,0,2,6,7,7,469762048,67108864,67108864,64.704032,26.791305,0.02313,43.24,3,0.166881
threads,0,2,6,8,8,536870912,67108864,67108864,83.216759,11.666519,0.003311,8.75,3,0.031321
threads,0,2,6,9,9,603979776,67108864,67108864,86.028593,5.865565,0.0029,6.35,3,0.02571
threads,0,2,6,10,10,671088640,67108864,67108864,90.935877,4.443719,3.218196,8.79,3,3.256096
threads,0,2,6,11,11,738197504,67108864,67108864,80.553242,9.298173,0.017661,52.39,3,0.141361
threads,0,2,6,12,12,805306368,67108864,67108864,76.582938,15.206849,0.00722,13.28,3,0.052901
threads,0,2,6,13,13,872415232,67108864,67108864,69.594301,4.329918,3.484098,6.39,3,3.501798
threads,0,2,6,14,14,939524096,67108864,67108864,73.261651,4.836633,5.624952,5.43,3,5.642832
threads,0,2,6,15,15,1006632960,67108864,67108864,73.440454,4.51014,0.794219,4.21,2,0.807169
threads,0,2,6,16,16,1073741824,67108864,67108864,72.841866,8.443444,0.002249,5.611,3,0.01942
threads,0,2,6,17,17,1140850688,67108864,67108864,95.78271,4.630962,2.209345,6.99,3,2.229105
threads,0,2,6,18,18,1207959552,67108864,67108864,73.16533,19.596837,0.00169,4.53,3,0.01668
threads,0,2,6,19,19,1275068416,67108864,67108864,93.165941,4.526871,4.223767,12.909,3,4.258328
threads,0,2,6,20,20,1342177280,67108864,67108864,63.580232,4.379529,7.773477,7.469,3,7.811547
threads,0,2,6,21,21,1409286144,67108864,67108864,73.242129,4.347108,2.78205,5.59,3,2.798801
threads,0,2,6,22,22,1476395008,67108864,67108864,76.93241,8.085389,0.00215,5.34,3,0.02046
threads,0,2,6,23,23,1543503872,67108864,67108864,81.415489,5.876425,0.00289,5.53,3,0.02084
threads,0,2,6,24,24,1610612736,67108864,67108864,73.868126,23.296667,0.00278,5.96,3,0.02234
threads,0,2,6,25,25,1677721600,67108864,67108864,78.720209,4.53239,8.699906,8.78,3,8.717676
threads,0,2,6,26,26,1744830464,67108864,67108864,73.519532,4.399599,2.69671,3.65,3,2.72393
threads,0,2,6,27,27,1811939328,67108864,67108864,32.5798,29.979371,0.00219,6.18,3,0.02224
threads,0,2,6,28,28,1879048192,67108864,67108864,43.240937,26.591604,26.482262,24.971,1,26.530173
threads,0,2,6,29,29,1946157056,67108864,67108864,25.631103,39.060822,0.00242,5.73,1,0.020241
threads,1,2,7,0,30,2013265920,67108864,67108864,53.998234,,0.102121,10.83,0,
threads,1,2,7,1,31,2080374784,67108864,67108864,55.724343,4.603891,56.487262,5.52,2,56.504482
threads,1,2,7,2,32,2147483648,67108864,67108864,88.926619,4.52285,19.616946,4.73,3,19.637546
threads,1,2,7,3,33,2214592512,67108864,67108864,89.571016,4.337637,3.470688,5.79,3,3.485598
threads,1,2,7,4,34,2281701376,67108864,67108864,76.850195,6.486242,0.00775,16.18,3,0.060161
threads,1,2,7,5,35,2348810240,67108864,67108864,67.438892,25.961066,0.007389,16.171,3,0.051451
threads,1,2,7,6,36,2415919104,67108864,67108864,63.506809,29.98633,0.00188,5.41,3,0.01976
threads,1,2,7,7,37,2483027968,67108864,67108864,77.191849,6.784075,0.00159,3.73,3,0.01349
threads,1,2,7,8,38,2550136832,67108864,67108864,96.142158,38.805407,0.00197,4.2,3,0.016911
threads,1,2,7,9,39,2617245696,67108864,67108864,88.041071,7.775846,0.00266,6.45,3,0.0253
threads,1,2,7,10,40,2684354560,67108864,67108864,85.427026,8.497594,0.00865,15.94,3,0.064271
threads,1,2,7,11,41,2751463424,67108864,67108864,75.90689,8.967409,0.00242,6.18,3,0.02129
threads,1,2,7,12,42,2818572288,67108864,67108864,86.74289,9.045621,0.00244,5.26,3,0.023221
threads,1,2,7,13,43,2885681152,67108864,67108864,92.622606,5.139716,2.372136,4.93,3,2.386266
threads,1,2,7,14,44,2952790016,67108864,67108864,81.046297,13.475679,0.00211,5.98,3,0.02014
threads,1,2,7,15,45,3019898880,67108864,67108864,78.58759,30.67734,0.00676,12.3,3,0.049631
threads,1,2,7,16,46,3087007744,67108864,67108864,69.442279,32.849183,0.0057,8.96,3,0.03436
threads,1,2,7,17,47,3154116608,67108864,67108864,78.838293,26.162599,0.00975,29.23,3,0.084291
threads,1,2,7,18,48,3221225472,67108864,67108864,80.773465,20.946681,0.00501,13.19,3,0.04516
threads,1,2,7,19,49,3288334336,67108864,67108864,65.046011,26.828366,0.00827,16.93,3,0.06005
threads,1,2,7,20,50,3355443200,67108864,67108864,65.291343,7.721106,0.00221,5.68,3,0.02035
threads,1,2,7,21,51,3422552064,67108864,67108864,60.135036,28.678728,0.00308,8.82,3,0.03199
threads,1,2,7,22,52,3489660928,67108864,67108864,65.260102,4.360298,3.077654,4.5,2,3.093724
threads,1,2,7,23,53,3556769792,67108864,67108864,82.606202,4.722322,1.118402,6.97,3,1.151352
threads,1,2,7,24,54,3623878656,67108864,67108864,73.502461,5.011716,0.00182,3.771,3,0.015211
threads,1,2,7,25,55,3690987520,67108864,67108864,80.386357,4.49595,2.889491,11.521,3,2.935023
threads,1,2,7,26,56,3758096384,67108864,67108864,73.468271,4.569321,1.086292,7.68,3,1.124843
threads,1,2,7,27,57,3825205248,67108864,67108864,81.56247,4.278727,0.00205,4.6,2,0.01582
threads,1,2,7,28,58,3892314112,67108864,67108864,46.741227,15.527461,0.00196,4.031,3,0.01446
threads,1,2,7,29,59,3959422976,67108864,67108864,62.684242,5.165777,1.188113,18.94,3,1.220773
threads,2,2,8,0,60,4026531840,67108864,67108864,194.674112,4.445639,60.767899,6.32,3,
threads,2,2,8,1,61,4093640704,67108864,67108864,73.6907,31.392716,0.005961,13.86,3,0.047071
threads,2,2,8,2,62,4160749568,67108864,67108864,71.015091,15.47341,0.00306,6.01,3,0.021171
threads,2,2,8,3,63,4227858432,67108864,67108864,81.965722,4.940464,0.00119,2.92,3,0.01233
threads,2,2,8,4,64,4294967296,67108864,67108864,72.973143,6.082907,0.0066,14.14,3,0.096942
threads,2,2,8,5,65,4362076160,67108864,67108864,69.9977,33.709631,0.00684,14.51,3,0.05359
threads,2,2,8,6,66,4429185024,67108864,67108864,79.800319,22.168483,0.00276,6.58,3,0.02469
threads,2,2,8,7,67,4496293888,67108864,67108864,89.020343,10.215942,0.00842,14.63,3,0.05982
threads,2,2,8,8,68,4563402752,67108864,67108864,90.686355,11.154023,0.00313,6.55,3,0.02308
threads,2,2,8,9,69,4630511616,67108864,67108864,86.207074,16.412242,0.001789,5.141,3,0.02018
threads,2,2,8,10,70,4697620480,67108864,67108864,74.682647,26.704915,0.00168,3.98,3,0.01571
threads,2,2,8,11,71,4764729344,67108864,67108864,90.901107,12.273226,0.00152,3.46,3,0.01482
threads,2,2,8,12,72,4831838208,67108864,67108864,74.714818,10.592147,0.00756,16.15,3,0.06056
threads,2,2,8,13,73,4898947072,67108864,67108864,74.698407,4.226637,0.00175,4.17,2,0.0156
threads,2,2,8,14,74,4966055936,67108864,67108864,71.113768,4.417929,8.606025,6.87,3,8.624975
threads,2,2,8,15,75,5033164800,67108864,67108864,79.42785,4.401618,2.313465,7.07,3,2.329795
threads,2,2,8,16,76,5100273664,67108864,67108864,87.62286,8.774587,0.00181,4.73,3,0.01609
threads,2,2,8,17,77,5167382528,67108864,67108864,68.460538,4.415949,3.800642,4.76,3,3.817892
threads,2,2,8,18,78,5234491392,67108864,67108864,52.973317,27.427263,0.00241,5.861,3,0.0203
threads,2,2,8,19,79,5301600256,67108864,67108864,76.028692,15.440681,0.338444,4.3,3,0.363434
threads,2,2,8,20,80,5368709120,67108864,67108864,70.281196,23.877914,0.00172,5.23,3,0.01683
threads,2,2,8,21,81,5435817984,67108864,67108864,61.996295,27.801357,0.0018,5.01,3,0.02128
threads,2,2,8,22,82,5502926848,67108864,67108864,69.125024,11.565147,0.00551,10.33,3,0.0418
threads,2,2,8,23,83,5570035712,67108864,67108864,89.315836,4.284527,0.00444,10.32,3,0.03184
threads,2,2,8,24,84,5637144576,67108864,67108864,67.710428,12.109893,0.00234,5.01,3,0.02073
threads,2,2,8,25,85,5704253440,67108864,67108864,87.426415,4.069785,2.250645,6.85,3,2.265945
threads,2,2,8,26,86,5771362304,67108864,67108864,66.06402,10.078721,0.00311,8.89,3,0.02666
threads,2,2,8,27,87,5838471168,67108864,67108864,26.701435,32.518369,29.89638,8.79,2,29.9174
threads,2,2,8,28,88,5905580032,67108864,67108864,39.417215,4.200356,4.072645,6.47,1,4.090525
threads,2,2,8,29,89,5972688896,67108864,67108864,22.909693,4.56466,4.158535,16.041,1,4.208267
threads,3,2,9,0,90,6039797760,67108864,67108864,52.105263,53.773882,0.00222,5.55,1,
threads,3,2,9,1,91,6106906624,67108864,67108864,58.753167,47.938387,0.00169,6.23,1,0.01968
threads,3,2,9,2,92,6174015488,67108864,67108864,100.095162,49.743087,0.00499,10.33,3,0.03945
threads,3,2,9,3,93,6241124352,67108864,67108864,70.407225,79.00781,0.01277,23.531,3,0.085811
threads,3,2,9,4,94,6308233216,67108864,67108864,83.533619,25.632022,0.002729,6.141,3,0.02192
threads,3,2,9,5,95,6375342080,67108864,67108864,63.404608,35.46717,0.00172,3.6,3,0.0134
threads,3,2,9,6,96,6442450944,67108864,67108864,86.701684,27.873137,0.004,8.99,3,0.02878
threads,3,2,9,7,97,6509559808,67108864,67108864,87.21233,32.533027,0.00224,6.1,3,0.02087
threads,3,2,9,8,98,6576668672,67108864,67108864,84.013344,4.354778,1.111112,5.651,3,1.135283
threads,3,2,9,9,99,6643777536,67108864,67108864,87.362844,35.077046,0.00246,7.24,3,0.02349
threads,3,2,9,10,100,6710886400,67108864,67108864,84.91587,57.725287,0.00187,4.98,3,0.02075
threads,3,2,9,11,101,6777995264,67108864,67108864,75.793509,59.461319,0.00891,16.711,3,0.062631
threads,3,2,9,12,102,6845104128,67108864,67108864,93.0134,46.028529,0.00813,16.0,3,0.05839
threads,3,2,9,13,103,6912212992,67108864,67108864,84.284003,47.986352,0.00334,5.39,3,0.021661
threads,3,2,9,14,104,6979321856,67108864,67108864,63.873947,51.686992,0.00238,6.38,3,0.02278
threads,3,2,9,15,105,7046430720,67108864,67108864,76.431266,35.496523,0.00208,5.7,3,0.02032
threads,3,2,9,16,106,7113539584,67108864,67108864,76.194923,36.709497,0.00216,4.65,3,0.018841
threads,3,2,9,17,107,7180648448,67108864,67108864,84.08057,34.435902,0.00185,4.871,3,0.018231
threads,3,2,9,18,108,7247757312,67108864,67108864,74.932129,45.09171,0.00194,4.949,3,0.018801
threads,3,2,9,19,109,7314866176,67108864,67108864,84.127051,40.5996,0.0022,5.24,3,0.019701
threads,3,2,9,20,110,7381975040,67108864,67108864,43.222629,33.332469,0.00558,14.3,3,0.04657
threads,3,2,9,21,111,7449083904,67108864,67108864,87.493549,4.690471,1.128582,4.08,3,1.143082
threads,3,2,9,22,112,7516192768,67108864,67108864,66.01816,43.427781,0.0036,7.73,3,0.053641
threads,3,2,9,23,113,7583301632,67108864,67108864,74.21423,33.431689,0.00438,7.63,3,0.03127
threads,3,2,9,24,114,7650410496,67108864,67108864,79.123383,37.375843,0.00338,9.15,3,0.0324
threads,3,2,9,25,115,7717519360,67108864,67108864,63.973136,54.499962,0.005,10.62,3,0.038831
threads,3,2,9,26,116,7784628224,67108864,67108864,97.049881,49.360685,0.00524,12.34,3,0.044451
threads,3,2,9,27,117,7851737088,67108864,67108864,70.309886,57.095471,0.00204,5.851,3,0.021471
threads,3,2,9,28,118,7918845952,67108864,67108864,58.303034,57.447294,0.00193,5.11,3,0.01831
threads,3,2,9,29,119,7985954816,59027232,59027232,38.209422,28.317903,0.00196,5.42,3,0.02065
threads,0,2,6,0,0,0,67108864,67108864,98.52437,4.45684,43.038548,18.89,2,
threads,0,2,6,1,1,67108864,67108864,67108864,68.226502,4.683786,0.00215,6.49,2,0.021031
threads,0,2,6,2,2,134217728,67108864,67108864,42.573439,63.639738,0.00226,5.63,3,0.02308
threads,0,2,6,3,3,201326592,67108864,67108864,56.219997,29.000291,0.00205,6.02,3,0.02126
threads,0,2,6,4,4,268435456,67108864,67108864,62.805541,29.553363,0.00978,20.841,3,0.070412
threads,0,2,6,5,5,335544320,67108864,67108864,49.49543,31.944733,0.00343,7.81,3,0.031401
threads,0,2,6,6,6,402653184,67108864,67108864,57.942712,32.508384,0.00374,8.59,3,0.033081
threads,0,2,6,7,7,469762048,67108864,67108864,54.36605,32.078915,0.00222,4.601,3,0.016711
threads,0,2,6,8,8,536870912,67108864,67108864,46.674863,22.746754,0.0025,7.3,3,0.029
threads,0,2,6,9,9,603979776,67108864,67108864,55.805969,11.26378,0.00484,9.961,3,0.038171
threads,0,2,6,10,10,671088640,67108864,67108864,60.689629,16.535818,0.005561,9.9,3,0.041791
threads,0,2,6,11,11,738197504,67108864,67108864,58.2576,27.466841,0.00382,6.89,3,0.02556
threads,0,2,6,12,12,805306368,67108864,67108864,45.910307,24.713814,0.00338,7.27,3,0.02575
threads,0,2,6,13,13,872415232,67108864,67108864,51.089503,4.876569,1.159314,9.02,3,1.179794
threads,0,2,6,14,14,939524096,67108864,67108864,52.244317,4.41856,3.794127,7.97,3,3.828038
threads,0,2,6,15,15,1006632960,67108864,67108864,51.512091,4.155445,0.00488,9.21,3,0.036641
threads,0,2,6,16,16,1073741824,67108864,67108864,58.218769,4.456301,4.052373,7.01,3,4.073703
threads,0,2,6,17,17,1140850688,67108864,67108864,59.613257,4.320318,2.696935,4.04,2,2.713065
threads,0,2,6,18,18,1207959552,67108864,67108864,51.469051,4.341968,3.41118,5.11,3,3.42912
threads,0,2,6,19,19,1275068416,67108864,67108864,40.964026,10.2787,0.00191,4.23,3,0.01623
threads,0,2,6,20,20,1342177280,67108864,67108864,41.230101,4.472722,8.076565,7.509,3,8.099786
threads,0,2,6,21,21,1409286144,67108864,67108864,42.975297,4.38017,5.341949,4.489,3,5.35516
threads,0,2,6,22,22,1476395008,67108864,67108864,44.170482,4.473411,5.726757,5.05,3,5.743207
threads,0,2,6,23,23,1543503872,67108864,67108864,50.985718,4.427651,0.00384,9.16,3,0.034101
threads,0,2,6,24,24,1610612736,67108864,67108864,46.745583,10.255058,0.00249,8.29,3,0.02615
threads,0,2,6,25,25,1677721600,67108864,67108864,53.076181,4.39439,2.438679,7.17,3,2.45919
threads,0,2,6,26,26,1744830464,67108864,67108864,57.92206,4.368249,0.677394,6.26,2,0.710234
threads,0,2,6,27,27,1811939328,67108864,67108864,57.663385,4.371478,2.715235,6.551,2,2.747485
threads,0,2,6,28,28,1879048192,67108864,67108864,40.380552,4.966961,4.840439,17.73,1,4.870459
threads,0,2,6,29,29,1946157056,67108864,67108864,37.557345,11.096646,0.00348,7.79,2,0.031421
threads,1,2,7,0,30,2013265920,67108864,67108864,83.020334,3.990391,3.655265,5.06,1,
threads,1,2,7,1,31,2080374784,67108864,67108864,52.491301,10.955704,0.00323,10.34,2,0.037381
threads,1,2,7,2,32,2147483648,67108864,67108864,68.327124,4.609844,6.803599,9.43,3,6.830289
threads,1,2,7,3,33,2214592512,67108864,67108864,46.017508,4.711567,0.002,8.53,3,0.024181
threads,1,2,7,4,34,2281701376,67108864,67108864,49.167653,8.169247,0.00365,7.61,3,0.034871
threads,1,2,7,5,35,2348810240,67108864,67108864,60.987124,4.255447,3.191045,6.55,3,3.208956
threads,1,2,7,6,36,2415919104,67108864,67108864,43.566619,4.422901,6.582094,5.55,3,6.610255
threads,1,2,7,7,37,2483027968,67108864,67108864,53.89207,4.459651,5.707977,6.12,3,5.735107
threads,1,2,7,8,38,2550136832,67108864,67108864,54.341989,4.353139,3.745967,6.48,3,3.769387
threads,1,2,7,9,39,2617245696,67108864,67108864,57.650117,4.44283,3.856388,4.59,3,3.876949
threads,1,2,7,10,40,2684354560,67108864,67108864,58.257179,4.375679,2.91676,8.08,3,2.93621
threads,1,2,7,11,41,2751463424,67108864,67108864,61.044176,12.74416,0.00421,7.17,3,0.029291
threads,1,2,7,12,42,2818572288,67108864,67108864,67.060359,24.213894,0.00398,10.68,3,0.035671
threads,1,2,7,13,43,2885681152,67108864,67108864,49.181764,33.187478,0.004821,11.97,3,0.040461
threads,1,2,7,14,44,2952790016,67108864,67108864,53.558244,20.928707,0.0029,7.17,3,0.02719
threads,1,2,7,15,45,3019898880,67108864,67108864,60.011025,27.001641,0.00311,5.99,3,0.02259
threads,1,2,7,16,46,3087007744,67108864,67108864,65.795673,29.847749,0.0052,14.47,3,0.046201
threads,1,2,7,17,47,3154116608,67108864,67108864,55.35629,33.658737,0.004211,10.11,3,0.034071
threads,1,2,7,18,48,3221225472,67108864,67108864,53.155155,28.341199,0.00264,9.111,3,0.028501
threads,1,2,7,19,49,3288334336,67108864,67108864,50.382349,29.752667,0.00317,7.65,3,0.02933
threads,1,2,7,20,50,3355443200,67108864,67108864,46.704534,31.177426,0.00343,7.1,3,0.02741
threads,1,2,7,21,51,3422552064,67108864,67108864,48.591462,31.473412,0.00329,7.14,3,0.02923
threads,1,2,7,22,52,3489660928,67108864,67108864,42.115509,34.925903,0.001929,4.84,3,0.018001
threads,1,2,7,23,53,3556769792,67108864,67108864,44.216471,28.694686,0.00701,13.83,3,0.048171
threads,1,2,7,24,54,3623878656,67108864,67108864,58.117213,28.857108,0.001651,4.14,3,0.015121
threads,1,2,7,25,55,3690987520,67108864,67108864,58.134884,31.823988,0.00607,12.72,3,0.049091
threads,1,2,7,26,56,3758096384,67108864,67108864,60.626315,31.129914,0.00472,10.29,3,0.036221
threads,1,2,7,27,57,3825205248,67108864,67108864,61.90618,31.91151,0.00467,10.8,3,0.040001
threads,1,2,7,28,58,3892314112,67108864,67108864,34.237557,39.610857,0.00342,9.79,2,0.032181
threads,1,2,7,29,59,3959422976,67108864,67108864,25.082171,24.876727,0.005931,11.7,2,0.044731
threads,2,2,8,0,60,4026531840,67108864,67108864,38.713339,,0.065011,13.64,0,
threads,2,2,8,1,61,4093640704,67108864,67108864,37.316691,34.76722,0.00496,11.31,1,0.044272
threads,2,2,8,2,62,4160749568,67108864,67108864,60.940303,32.877951,0.00204,5.45,2,0.0181
threads,2,2,8,3,63,4227858432,67108864,67108864,78.001092,45.656161,0.00311,9.81,3,0.043361
threads,2,2,8,4,64,4294967296,67108864,67108864,55.618545,4.43852,4.062853,6.16,2,4.082363
threads,2,2,8,5,65,4362076160,67108864,67108864,50.300276,14.031646,0.00285,7.09,3,0.02696
threads,2,2,8,6,66,4429185024,67108864,67108864,49.683623,11.970574,0.00173,4.97,3,0.015261
threads,2,2,8,7,67,4496293888,67108864,67108864,46.629542,4.592983,1.488151,11.13,2,1.520281
threads,2,2,8,8,68,4563402752,67108864,67108864,57.719618,4.329448,2.616724,4.53,2,2.635434
threads,2,2,8,9,69,4630511616,67108864,67108864,58.097926,4.137994,0.00662,12.0,3,0.048351
threads,2,2,8,10,70,4697620480,67108864,67108864,60.606967,7.872191,0.00352,9.361,3,0.031321
threads,2,2,8,11,71,4764729344,67108864,67108864,49.884238,21.812635,0.005871,12.76,3,0.046511
threads,2,2,8,12,72,4831838208,67108864,67108864,49.571832,15.882864,0.00613,8.48,3,0.033751
threads,2,2,8,13,73,4898947072,67108864,67108864,58.086046,4.777788,0.00534,10.741,3,0.038281
threads,2,2,8,14,74,4966055936,67108864,67108864,61.425414,4.621674,0.00601,10.86,3,0.04119
threads,2,2,8,15,75,5033164800,67108864,67108864,47.481739,18.999298,0.0055,13.59,3,0.042311
threads,2,2,8,16,76,5100273664,67108864,67108864,57.165047,11.589657,0.003,8.59,3,0.026161
threads,2,2,8,17,77,5167382528,67108864,67108864,61.994455,16.519817,0.0064,12.991,3,0.046071
threads,2,2,8,18,78,5234491392,67108864,67108864,60.678938,22.952779,0.00326,8.26,3,0.024301
threads,2,2,8,19,79,5301600256,67108864,67108864,51.749706,18.250292,0.00281,6.48,3,0.023391
threads,2,2,8,20,80,5368709120,67108864,67108864,48.957389,11.453914,0.00284,7.01,3,0.023311
threads,2,2,8,21,81,5435817984,67108864,67108864,46.086951,4.249487,0.00304,7.36,3,0.027611
threads,2,2,8,22,82,5502926848,67108864,67108864,42.786453,6.327599,0.327047,6.31,3,0.350827
threads,2,2,8,23,83,5570035712,67108864,67108864,46.124971,4.89931,2.353269,6.869,3,2.370519
threads,2,2,8,24,84,5637144576,67108864,67108864,41.784473,4.575703,2.251426,8.241,3,2.269926
threads,2,2,8,25,85,5704253440,67108864,67108864,55.161453,4.44029,2.237855,31.771,3,2.284697
threads,2,2,8,26,86,5771362304,67108864,67108864,58.809958,8.627846,0.00676,8.65,3,0.037971
threads,2,2,8,27,87,5838471168,67108864,67108864,59.813138,18.288252,0.00674,9.86,3,0.055221
threads,2,2,8,28,88,5905580032,67108864,67108864,54.205193,19.991018,0.00918,17.361,3,0.071582
threads,2,2,8,29,89,5972688896,67108864,67108864,36.33563,13.564716,0.00177,6.58,3,0.033821
threads,3,2,9,0,90,6039797760,67108864,67108864,125.99086,4.371799,91.14363,9.97,3,
threads,3,2,9,1,91,6106906624,67108864,67108864,52.721265,4.444321,6.168925,8.29,3,6.193077
threads,3,2,9,2,92,6174015488,67108864,67108864,60.418422,4.536153,2.995892,6.2,3,3.016072
threads,3,2,9,3,93,6241124352,67108864,67108864,48.936869,14.666188,0.00231,7.81,3,0.02715
threads,3,2,9,4,94,6308233216,67108864,67108864,58.369281,8.004243,0.003181,8.43,3,0.027991
threads,3,2,9,5,95,6375342080,67108864,67108864,63.70007,17.091409,0.00211,5.02,3,0.019611
threads,3,2,9,6,96,6442450944,67108864,67108864,58.171607,23.157163,0.002869,8.771,3,0.027141
threads,3,2,9,7,97,6509559808,67108864,67108864,50.556362,23.134233,0.003191,7.3,3,0.024401
threads,3,2,9,8,98,6576668672,67108864,67108864,47.51502,13.123628,0.00278,5.34,3,0.01936
threads,3,2,9,9,99,6643777536,67108864,67108864,60.997936,4.621324,2.219775,19.18,3,2.269146
threads,3,2,9,10,100,6710886400,67108864,67108864,62.698319,4.577854,0.00528,9.69,3,0.038441
threads,3,2,9,11,101,6777995264,67108864,67108864,55.34935,4.40438,4.199025,10.98,3,4.229027
threads,3,2,9,12,102,6845104128,67108864,67108864,52.521692,10.570976,0.00367,7.42,3,0.0262
threads,3,2,9,13,103,6912212992,67108864,67108864,55.250218,9.534215,0.002869,5.591,3,0.022381
threads,3,2,9,14,104,6979321856,67108864,67108864,62.877804,4.761927,0.00414,9.59,3,0.03472
threads,3,2,9,15,105,7046430720,67108864,67108864,54.193526,4.472982,6.964072,6.23,3,6.983313
threads,3,2,9,16,106,7113539584,67108864,67108864,58.252999,7.635936,0.00385,10.23,3,0.033901
threads,3,2,9,17,107,7180648448,67108864,67108864,38.987676,4.704146,2.214146,20.49,3,2.278396
threads,3,2,9,18,108,7247757312,67108864,67108864,43.298334,4.460031,0.877618,10.58,2,0.899268
threads,3,2,9,19,109,7314866176,67108864,67108864,45.216823,4.40408,3.351818,8.91,2,3.379479
threads,3,2,9,20,110,7381975040,67108864,67108864,44.230463,4.41988,3.388429,6.54,2,3.40844
threads,3,2,9,21,111,7449083904,67108864,67108864,45.16669,6.506543,0.00231,6.94,3,0.01988
threads,3,2,9,22,112,7516192768,67108864,67108864,52.320415,7.459412,0.00188,4.691,3,0.017771
threads,3,2,9,23,113,7583301632,67108864,67108864,57.016931,4.358549,2.697035,11.3,3,2.745026
threads,3,2,9,24,114,7650410496,67108864,67108864,55.47349,4.395539,5.526502,11.54,3,5.559413
threads,3,2,9,25,115,7717519360,67108864,67108864,53.228054,4.39131,5.175136,4.99,3,5.191826
threads,3,2,9,26,116,7784628224,67108864,67108864,41.372273,4.4386,9.3373,6.93,2,9.35308
threads,3,2,9,27,117,7851737088,67108864,67108864,32.333218,5.431551,0.00352,8.56,2,0.032651
threads,3,2,9,28,118,7918845952,67108864,67108864,30.268996,32.358799,0.002931,6.55,0,0.025581
threads,3,2,9,29,119,7985954816,59027232,59027232,15.418184,30.293387,0.00284,6.5,0,0.024391
processes,0,6,6,0,0,0,67108864,67108864,102.761056,4.619725,13.509678,9.8,3,
processes,0,6,6,1,1,67108864,67108864,67108864,64.532514,15.81986,0.00443,10.66,3,0.054301
processes,0,6,6,2,2,134217728,67108864,67108864,77.597164,4.518553,1.074019,6.341,3,1.107951
processes,0,6,6,3,3,201326592,67108864,67108864,56.778611,25.312615,0.00447,10.441,3,0.036201
processes,0,6,6,4,4,268435456,67108864,67108864,42.024312,4.297408,0.00343,9.28,1,0.104882
processes,0,6,6,5,5,335544320,67108864,67108864,78.599372,4.804009,0.0048,12.081,3,0.041831
processes,0,6,6,6,6,402653184,67108864,67108864,55.716663,48.784025,0.00831,17.43,3,0.066001
processes,0,6,6,7,7,469762048,67108864,67108864,58.803121,42.535571,0.004789,14.801,3,0.054551
processes,0,6,6,8,8,536870912,67108864,67108864,90.825873,26.618491,0.00584,13.631,3,0.048231
processes,0,6,6,9,9,603979776,67108864,67108864,50.325517,4.31358,2.843173,9.44,2,2.869703
processes,0,6,6,10,10,671088640,67108864,67108864,69.718544,6.139124,0.00425,10.59,3,0.041611
processes,0,6,6,11,11,738197504,67108864,67108864,52.224922,13.738733,0.00405,8.96,3,0.03215
processes,0,6,6,12,12,805306368,67108864,67108864,58.193432,15.968804,0.003191,7.94,3,0.027401
processes,0,6,6,13,13,872415232,67108864,67108864,73.752369,10.818419,0.00378,8.32,3,0.02835
processes,0,6,6,14,14,939524096,67108864,67108864,74.554273,8.750981,0.00633,11.64,3,0.046391
processes,0,6,6,15,15,1006632960,67108864,67108864,58.769903,27.065458,0.00326,8.601,3,0.03081
processes,0,6,6,16,16,1073741824,67108864,67108864,64.783173,7.840455,0.003821,9.55,3,0.033391
processes,0,6,6,17,17,1140850688,67108864,67108864,53.613068,4.581864,3.624287,6.09,3,3.655917
processes,0,6,6,18,18,1207959552,67108864,67108864,55.838809,4.3194,3.024946,6.9,3,3.049356
processes,0,6,6,19,19,1275068416,67108864,67108864,70.994727,6.391558,0.00479,10.67,3,0.040071
processes,0,6,6,20,20,1342177280,67108864,67108864,65.521407,10.001875,0.005069,9.161,3,0.032401
processes,0,6,6,21,21,1409286144,67108864,67108864,67.504724,18.625703,0.00366,9.48,3,0.03218
processes,0,6,6,22,22,1476395008,67108864,67108864,58.425525,9.098737,0.00504,12.49,3,0.04237
processes,0,6,6,23,23,1543503872,67108864,67108864,80.821173,4.32646,3.430023,4.929,3,3.452464
processes,0,6,6,24,24,1610612736,67108864,67108864,47.249368,4.415841,8.388334,8.18,2,8.433265
processes,0,6,6,25,25,1677721600,67108864,67108864,45.142129,6.5606,0.00315,7.29,3,0.02668
processes,0,6,6,26,26,1744830464,67108864,67108864,68.472937,4.301139,1.233123,16.69,3,1.870764
processes,0,6,6,27,27,1811939328,67108864,67108864,68.472797,4.969352,4.93882,4.591,3,4.959472
processes,0,6,6,28,28,1879048192,67108864,67108864,44.019908,4.539933,3.24803,5.0,3,3.27943
processes,0,6,6,29,29,1946157056,67108864,67108864,27.27479,6.692853,0.0023,5.96,2,0.023771
processes,1,7,7,0,30,2013265920,67108864,67108864,92.469307,4.164886,3.80355,3.37,1,
processes,1,7,7,1,31,2080374784,67108864,67108864,76.887371,4.201387,3.84168,7.051,3,3.888122
processes,1,7,7,2,32,2147483648,67108864,67108864,56.790202,8.391954,0.0068,13.591,3,0.054401
processes,1,7,7,3,33,2214592512,67108864,67108864,80.234412,5.636933,0.00607,12.15,3,0.049101
processes,1,7,7,4,34,2281701376,67108864,67108864,62.689251,4.479992,11.114884,5.47,3,11.147645
processes,1,7,7,5,35,2348810240,67108864,67108864,55.394267,11.605733,0.00739,19.721,3,0.072291
processes,1,7,7,6,36,2415919104,67108864,67108864,72.502701,4.410961,6.604311,4.37,3,6.625401
processes,1,7,7,7,37,2483027968,67108864,67108864,71.08242,4.959741,2.241291,6.57,3,2.265731
processes,1,7,7,8,38,2550136832,67108864,67108864,65.6691,22.385192,0.00213,5.76,3,0.02062
processes,1,7,7,9,39,2617245696,67108864,67108864,66.902083,12.060302,0.00168,5.06,3,0.01734
processes,1,7,7,10,40,2684354560,67108864,67108864,58.948906,28.75392,0.00197,4.96,3,0.01784
processes,1,7,7,11,41,2751463424,67108864,67108864,54.30564,17.879109,0.00159,6.91,3,0.02287
processes,1,7,7,12,42,2818572288,67108864,67108864,69.879417,19.674383,0.00249,4.92,3,0.018051
processes,1,7,7,13,43,2885681152,67108864,67108864,77.164571,4.426152,2.838573,4.29,3,2.860713
processes,1,7,7,14,44,2952790016,67108864,67108864,78.870113,6.193385,0.00427,8.161,3,0.031221
processes,1,7,7,15,45,3019898880,67108864,67108864,71.670911,4.422181,4.418801,3.92,3,4.441771
processes,1,7,7,16,46,3087007744,67108864,67108864,56.894358,13.365536,0.00292,7.33,3,0.02677
processes,1,7,7,17,47,3154116608,67108864,67108864,53.745081,22.920252,0.00472,8.61,3,0.03053
processes,1,7,7,18,48,3221225472,67108864,67108864,67.375381,22.096517,0.00857,15.91,3,0.061641
processes,1,7,7,19,49,3288334336,67108864,67108864,56.882588,23.288538,0.00577,10.571,3,0.04143
processes,1,7,7,20,50,3355443200,67108864,67108864,77.009539,20.232652,0.00628,12.36,3,0.047171
processes,1,7,7,21,51,3422552064,67108864,67108864,66.593575,38.185314,0.011091,16.97,3,0.064521
processes,1,7,7,22,52,3489660928,67108864,67108864,84.729706,34.84211,0.0086,15.54,3,0.056691
processes,1,7,7,23,53,3556769792,67108864,67108864,43.160092,52.308541,0.00655,11.191,3,0.045191
processes,1,7,7,24,54,3623878656,67108864,67108864,50.935035,29.977711,0.00338,8.41,3,0.027881
processes,1,7,7,25,55,3690987520,67108864,67108864,63.470426,28.8838,0.00375,8.76,3,0.03168
processes,1,7,7,26,56,3758096384,67108864,67108864,60.41242,33.377353,0.00514,10.99,3,0.532299
processes,1,7,7,27,57,3825205248,67108864,67108864,58.892972,29.41771,0.00614,11.26,3,0.04273
processes,1,7,7,28,58,3892314112,67108864,67108864,42.797235,25.244384,0.00749,13.41,3,0.050941
processes,1,7,7,29,59,3959422976,67108864,67108864,24.280526,28.071905,0.00533,11.68,1,0.041451
processes,2,8,8,0,60,4026531840,67108864,67108864,126.968021,4.742207,9.117117,5.87,2,
processes,2,8,8,1,61,4093640704,67108864,67108864,88.251239,19.60083,0.00765,16.971,3,0.067891
processes,2,8,8,2,62,4160749568,67108864,67108864,91.470489,42.263325,0.00707,12.98,3,0.051721
processes,2,8,8,3,63,4227858432,67108864,67108864,55.58678,4.705957,5.45539,6.25,2,5.489001
processes,2,8,8,4,64,4294967296,67108864,67108864,65.660435,18.275615,0.006501,12.49,3,0.049021
processes,2,8,8,5,65,4362076160,67108864,67108864,71.91347,4.455611,3.499094,3.011,2,3.554005
processes,2,8,8,6,66,4429185024,67108864,67108864,53.634348,4.92191,2.292692,2.77,3,2.306182
processes,2,8,8,7,67,4496293888,67108864,67108864,69.011681,11.216607,0.004041,10.6,3,0.043241
processes,2,8,8,8,68,4563402752,67108864,67108864,47.031876,4.415111,6.981749,3.2,3,6.999649
processes,2,8,8,9,69,4630511616,67108864,67108864,65.946665,4.274288,3.182618,1.73,3,3.194429
processes,2,8,8,10,70,4697620480,67108864,67108864,50.244815,4.370181,3.869832,5.45,3,3.899922
processes,2,8,8,11,71,4764729344,67108864,67108864,87.94026,4.646275,2.267881,4.29,3,2.283602
processes,2,8,8,12,72,4831838208,67108864,67108864,75.394969,34.412854,0.00617,12.22,3,0.048101
processes,2,8,8,13,73,4898947072,67108864,67108864,69.750356,36.042653,0.00419,8.44,3,0.03359
processes,2,8,8,14,74,4966055936,67108864,67108864,59.777761,31.249816,0.00496,10.49,3,0.04189
processes,2,8,8,15,75,5033164800,67108864,67108864,59.452035,32.250294,0.00346,6.74,3,0.026011
processes,2,8,8,16,76,5100273664,67108864,67108864,53.147109,23.30436,0.00484,11.431,3,0.041121
processes,2,8,8,17,77,5167382528,67108864,67108864,46.770311,19.839176,0.00438,14.101,3,0.050131
processes,2,8,8,18,78,5234491392,67108864,67108864,60.415753,10.757378,0.00268,9.17,3,0.026771
processes,2,8,8,19,79,5301600256,67108864,67108864,61.415702,4.486312,4.318739,3.66,3,4.340309
processes,2,8,8,20,80,5368709120,67108864,67108864,76.308296,4.448932,4.088525,2.73,3,4.100505
processes,2,8,8,21,81,5435817984,67108864,67108864,67.570411,13.253895,0.0061,11.44,3,0.043761
processes,2,8,8,22,82,5502926848,67108864,67108864,63.266382,18.973388,0.00276,8.62,3,0.027071
processes,2,8,8,23,83,5570035712,67108864,67108864,45.104078,4.39016,2.580367,3.9,1,2.598827
processes,2,8,8,24,84,5637144576,67108864,67108864,48.004741,6.333476,0.003151,6.93,3,0.027211
processes,2,8,8,25,85,5704253440,67108864,67108864,72.149785,4.639115,1.225232,7.72,3,1.267613
processes,2,8,8,26,86,5771362304,67108864,67108864,72.142815,13.400586,0.00312,8.02,3,0.614411
processes,2,8,8,27,87,5838471168,67108864,67108864,41.869878,25.127082,0.0045,11.791,3,0.038831
processes,2,8,8,28,88,5905580032,67108864,67108864,37.436117,8.073928,0.00288,6.421,2,0.020881
processes,2,8,8,29,89,5972688896,67108864,67108864,25.458827,4.400871,1.712092,4.54,1,1.729512
processes,3,9,9,0,90,6039797760,67108864,67108864,96.284897,,0.051621,92.352,0,
processes,3,9,9,1,91,6106906624,67108864,67108864,72.715874,82.79411,0.00339,9.321,3,0.036031
processes,3,9,9,2,92,6174015488,67108864,67108864,59.547513,33.129128,0.0038,9.18,3,0.035331
processes,3,9,9,3,93,6241124352,67108864,67108864,83.445351,4.420492,0.00692,11.27,3,0.046811
processes,3,9,9,4,94,6308233216,67108864,67108864,41.521302,52.586085,0.01567,22.0,3,0.090282
processes,3,9,9,5,95,6375342080,67108864,67108864,84.159585,28.076185,0.008,10.83,3,0.03824
processes,3,9,9,6,96,6442450944,67108864,67108864,73.723652,4.369071,3.648007,6.03,3,3.678868
processes,3,9,9,7,97,6509559808,67108864,67108864,47.345541,22.35121,0.00211,6.69,3,0.029701
processes,3,9,9,8,98,6576668672,67108864,67108864,78.452835,10.88275,0.00421,10.52,3,0.037351
processes,3,9,9,9,99,6643777536,67108864,67108864,48.390482,44.897447,0.00565,11.96,3,0.046411
processes,3,9,9,10,100,6710886400,67108864,67108864,62.117315,27.752591,0.01843,40.781,3,0.151102
processes,3,9,9,11,101,6777995264,67108864,67108864,50.000671,22.983753,0.00471,10.76,3,0.03377
processes,3,9,9,12,102,6845104128,67108864,67108864,63.347116,14.034229,0.00226,6.42,3,0.021581
processes,3,9,9,13,103,6912212992,67108864,67108864,75.823077,23.082705,0.00296,7.85,3,0.025051
processes,3,9,9,14,104,6979321856,67108864,67108864,56.242936,26.208773,0.00574,12.62,3,0.043121
processes,3,9,9,15,105,7046430720,67108864,67108864,73.579385,5.283587,0.00339,8.11,3,0.02767
processes,3,9,9,16,106,7113539584,67108864,67108864,62.717485,15.290842,0.003351,8.3,2,0.026731
processes,3,9,9,17,107,7180648448,67108864,67108864,47.332332,18.241396,0.0038,11.72,3,0.036841
processes,3,9,9,18,108,7247757312,67108864,67108864,54.599336,6.118412,0.00472,12.53,3,0.03784
processes,3,9,9,19,109,7314866176,67108864,67108864,66.178449,7.551629,0.00413,8.991,3,0.031121
processes,3,9,9,20,110,7381975040,67108864,67108864,59.958184,26.979337,0.00692,11.951,3,0.046341
processes,3,9,9,21,111,7449083904,67108864,67108864,59.091158,22.20892,0.00317,8.26,3,0.027461
processes,3,9,9,22,112,7516192768,67108864,67108864,69.962619,15.814111,0.00319,8.59,3,0.03024
processes,3,9,9,23,113,7583301632,67108864,67108864,67.276886,9.455524,0.00385,9.68,3,0.030851
processes,3,9,9,24,114,7650410496,67108864,67108864,54.628113,9.166508,0.00382,9.37,3,0.03158
processes,3,9,9,25,115,7717519360,67108864,67108864,51.505566,4.404261,10.87266,4.03,3,10.89069
processes,3,9,9,26,116,7784628224,67108864,67108864,59.473832,9.188839,0.00417,11.11,3,0.55506
processes,3,9,9,27,117,7851737088,67108864,67108864,64.387673,21.685118,0.00382,9.66,3,0.03534
processes,3,9,9,28,118,7918845952,67108864,67108864,61.929287,12.667502,0.00276,7.73,3,0.02712
processes,3,9,9,29,119,7985954816,59027232,59027232,26.734861,4.032514,1.172762,3.26,3,1.187952
processes,0,6,6,0,0,0,67108864,67108864,81.869053,4.34731,12.675449,8.108,3,
processes,0,6,6,1,1,67108864,67108864,67108864,52.26234,8.146626,0.006369,15.247,3,0.06831
processes,0,6,6,2,2,134217728,67108864,67108864,39.32097,5.722579,0.007156,13.627,3,0.05083
processes,0,6,6,3,3,201326592,67108864,67108864,53.343774,4.46601,4.355414,11.711,3,4.39783
processes,0,6,6,4,4,268435456,67108864,67108864,51.498373,4.921919,0.005391,13.824,3,0.044809
processes,0,6,6,5,5,335544320,67108864,67108864,61.425531,16.314579,0.006052,13.931,3,0.052653
processes,0,6,6,6,6,402653184,67108864,67108864,59.551756,20.561811,0.007959,15.729,3,0.057594
processes,0,6,6,7,7,469762048,67108864,67108864,53.438912,4.317283,3.602913,7.736,3,3.646046
processes,0,6,6,8,8,536870912,67108864,67108864,48.017023,3.992272,1.069216,11.322,3,1.102574
processes,0,6,6,9,9,603979776,67108864,67108864,45.522389,17.251133,0.006419,13.721,3,0.049521
processes,0,6,6,10,10,671088640,67108864,67108864,46.825793,10.768041,0.006914,14.319,3,0.051077
processes,0,6,6,11,11,738197504,67108864,67108864,47.577467,11.119729,0.008619,26.302,3,0.124127
processes,0,6,6,12,12,805306368,67108864,67108864,44.814749,4.308249,4.085005,6.609,3,4.11272
processes,0,6,6,13,13,872415232,67108864,67108864,42.029378,8.986248,0.005311,12.275,3,0.040411
processes,0,6,6,14,14,939524096,67108864,67108864,41.041783,6.94016,0.004994,10.517,3,0.047172
processes,0,6,6,15,15,1006632960,67108864,67108864,41.591914,4.335,1.948039,9.563,3,1.976447
processes,0,6,6,16,16,1073741824,67108864,67108864,43.974575,4.281212,3.358333,3.949,3,3.385227
processes,0,6,6,17,17,1140850688,67108864,67108864,42.306543,4.432613,0.003766,9.078,3,0.032157
processes,0,6,6,18,18,1207959552,67108864,67108864,42.163895,4.301978,2.490941,5.313,3,2.560718
processes,0,6,6,19,19,1275068416,67108864,67108864,41.631852,5.001706,1.202554,10.631,3,1.234044
processes,0,6,6,20,20,1342177280,67108864,67108864,46.018478,5.283427,0.005391,11.706,3,0.047466
processes,0,6,6,21,21,1409286144,67108864,67108864,50.821713,4.258614,0.003948,11.237,2,0.036341
processes,0,6,6,22,22,1476395008,67108864,67108864,49.678985,4.490001,1.075229,11.367,3,1.114312
processes,0,6,6,23,23,1543503872,67108864,67108864,40.36242,4.038885,0.006608,13.441,3,0.049909
processes,0,6,6,24,24,1610612736,67108864,67108864,43.606568,4.323086,3.433758,6.306,3,3.46489
processes,0,6,6,25,25,1677721600,67108864,67108864,41.806613,6.677923,0.006432,20.44,3,0.055561
processes,0,6,6,26,26,1744830464,67108864,67108864,39.840446,8.389776,0.007599,15.674,3,0.507049
processes,0,6,6,27,27,1811939328,67108864,67108864,41.086761,5.155595,0.007353,12.891,3,0.079815
processes,0,6,6,28,28,1879048192,67108864,67108864,38.549993,4.313243,0.907205,10.516,2,0.938441
processes,0,6,6,29,29,1946157056,67108864,67108864,28.668982,4.678854,1.111748,12.44,2,1.152782
processes,1,7,7,0,30,2013265920,67108864,67108864,78.019336,4.494211,8.424197,5.607,2,
processes,1,7,7,1,31,2080374784,67108864,67108864,54.694897,18.445167,0.012046,14.714,3,0.118711
processes,1,7,7,2,32,2147483648,67108864,67108864,44.941976,19.704171,0.005521,11.844,3,0.04232
processes,1,7,7,3,33,2214592512,67108864,67108864,39.564769,14.613915,0.003817,8.801,3,0.033393
processes,1,7,7,4,34,2281701376,67108864,67108864,46.680483,6.52664,0.004104,10.438,3,0.034791
processes,1,7,7,5,35,2348810240,67108864,67108864,54.893201,4.31415,2.42525,3.963,3,2.449461
processes,1,7,7,6,36,2415919104,67108864,67108864,51.440571,4.271483,6.680676,4.638,3,6.704228
processes,1,7,7,7,37,2483027968,67108864,67108864,57.394284,4.309123,3.792559,5.54,3,3.822186
processes,1,7,7,8,38,2550136832,67108864,67108864,51.196323,4.319555,3.03351,4.216,3,3.054675
processes,1,7,7,9,39,2617245696,67108864,67108864,49.255483,4.654007,2.180164,9.266,3,2.208471
processes,1,7,7,10,40,2684354560,67108864,67108864,46.570533,4.29521,2.778802,5.497,3,2.801075
processes,1,7,7,11,41,2751463424,67108864,67108864,44.555388,4.809568,0.002642,8.587,3,0.027699
processes,1,7,7,12,42,2818572288,67108864,67108864,44.536629,4.323699,2.737508,3.655,3,2.756399
processes,1,7,7,13,43,2885681152,67108864,67108864,41.964157,4.617452,2.168444,3.435,3,2.188884
processes,1,7,7,14,44,2952790016,67108864,67108864,45.744772,4.739085,1.097079,3.598,3,1.128018
processes,1,7,7,15,45,3019898880,67108864,67108864,37.448945,8.623197,0.003489,7.27,3,0.027528
processes,1,7,7,16,46,3087007744,67108864,67108864,42.319314,4.944633,1.164432,2.355,3,1.176863
processes,1,7,7,17,47,3154116608,67108864,67108864,42.107996,4.281798,2.941322,2.099,3,2.95426
processes,1,7,7,18,48,3221225472,67108864,67108864,40.537894,4.473152,3.445306,12.463,3,3.472247
processes,1,7,7,19,49,3288334336,67108864,67108864,40.436563,4.321729,2.428165,6.552,3,2.452155
processes,1,7,7,20,50,3355443200,67108864,67108864,54.185605,4.305326,3.426758,3.695,3,3.441807
processes,1,7,7,21,51,3422552064,67108864,67108864,51.665003,17.822718,0.005712,13.065,3,0.049028
processes,1,7,7,22,52,3489660928,67108864,67108864,50.13591,26.030264,0.005714,10.025,3,0.039635
processes,1,7,7,23,53,3556769792,67108864,67108864,43.503211,26.417082,0.005732,11.288,3,0.0441
processes,1,7,7,24,54,3623878656,67108864,67108864,41.250132,26.685776,0.004287,10.949,3,0.039898
processes,1,7,7,25,55,3690987520,67108864,67108864,40.271638,28.759868,0.005337,11.631,3,0.05716
processes,1,7,7,26,56,3758096384,67108864,67108864,43.118125,24.890301,0.005115,12.161,3,0.330171
processes,1,7,7,27,57,3825205248,67108864,67108864,42.829426,25.724093,0.004349,9.077,3,0.036317
processes,1,7,7,28,58,3892314112,67108864,67108864,39.301973,24.67964,0.004786,10.691,2,0.038128
processes,1,7,7,29,59,3959422976,67108864,67108864,24.967462,19.74119,0.004098,10.398,2,0.035191
processes,2,8,8,0,60,4026531840,67108864,67108864,63.945481,,0.029387,79.133,0,
processes,2,8,8,1,61,4093640704,67108864,67108864,55.426617,51.183188,0.00641,9.709,3,0.056102
processes,2,8,8,2,62,4160749568,67108864,67108864,50.023724,4.993762,2.187547,4.446,3,2.213978
processes,2,8,8,3,63,4227858432,67108864,67108864,47.643064,12.572304,0.006487,11.12,3,0.041901
processes,2,8,8,4,64,4294967296,67108864,67108864,51.302551,24.338851,0.008589,9.875,3,0.043771
processes,2,8,8,5,65,4362076160,67108864,67108864,57.330114,26.560761,0.004967,10.911,3,0.039883
processes,2,8,8,6,66,4429185024,67108864,67108864,55.178438,4.345624,4.251254,3.952,2,4.309982
processes,2,8,8,7,67,4496293888,67108864,67108864,60.397443,20.583049,0.005001,12.176,3,0.046679
processes,2,8,8,8,68,4563402752,67108864,67108864,53.032972,27.632548,0.004697,11.141,3,0.041084
processes,2,8,8,9,69,4630511616,67108864,67108864,52.349197,26.161404,0.004732,10.482,3,0.03737
processes,2,8,8,10,70,4697620480,67108864,67108864,46.044245,26.193237,0.005185,37.389,3,0.066158
processes,2,8,8,11,71,4764729344,67108864,67108864,47.759729,23.860559,0.00472,12.254,3,0.039629
processes,2,8,8,12,72,4831838208,67108864,67108864,46.393695,27.66162,0.004345,11.14,3,0.037927
processes,2,8,8,13,73,4898947072,67108864,67108864,42.910134,26.609932,0.004694,10.339,3,0.038065
processes,2,8,8,14,74,4966055936,67108864,67108864,41.846007,24.725314,0.007228,14.054,3,0.060408
processes,2,8,8,15,75,5033164800,67108864,67108864,42.267467,24.536952,0.004456,9.773,3,0.042181
processes,2,8,8,16,76,5100273664,67108864,67108864,45.897123,23.823094,0.003725,9.316,3,0.036905
processes,2,8,8,17,77,5167382528,67108864,67108864,45.350431,24.782362,0.005346,10.214,3,0.039286
processes,2,8,8,18,78,5234491392,67108864,67108864,43.104492,26.164519,0.004726,11.873,3,0.038458
processes,2,8,8,19,79,5301600256,67108864,67108864,43.855995,24.43873,0.00506,9.58,3,0.03698
processes,2,8,8,20,80,5368709120,67108864,67108864,40.680053,24.935564,0.005076,10.814,3,0.038778
processes,2,8,8,21,81,5435817984,67108864,67108864,43.458071,23.973487,0.00508,10.362,3,0.037188
processes,2,8,8,22,82,5502926848,67108864,67108864,49.754794,17.044783,0.005991,10.034,3,0.039021
processes,2,8,8,23,83,5570035712,67108864,67108864,43.232457,14.951895,0.005235,10.321,3,0.038398
processes,2,8,8,24,84,5637144576,67108864,67108864,37.051235,8.474891,0.00608,12.115,3,0.041958
processes,2,8,8,25,85,5704253440,67108864,67108864,37.803231,4.187986,2.159601,4.111,3,2.181965
processes,2,8,8,26,86,5771362304,67108864,67108864,41.222017,4.4535,6.28921,4.134,3,6.668145
processes,2,8,8,27,87,5838471168,67108864,67108864,43.867977,4.007479,1.075101,4.09,3,1.098633
processes,2,8,8,28,88,5905580032,67108864,67108864,44.243564,4.707888,0.004916,15.191,3,0.04403
processes,2,8,8,29,89,5972688896,67108864,67108864,28.326298,15.282731,0.003785,9.694,2,0.03205
processes,3,9,9,0,90,6039797760,67108864,67108864,60.995913,3.976874,3.838716,6.793,1,
processes,3,9,9,1,91,6106906624,67108864,67108864,48.412327,4.162382,3.141067,9.069,3,3.191178
processes,3,9,9,2,92,6174015488,67108864,67108864,42.429638,21.892658,0.008827,20.296,3,0.072124
processes,3,9,9,3,93,6241124352,67108864,67108864,35.883583,12.066571,0.007224,17.056,3,0.057445
processes,3,9,9,4,94,6308233216,67108864,67108864,44.137431,4.268059,0.003767,10.466,3,0.036705
processes,3,9,9,5,95,6375342080,67108864,67108864,35.988983,13.333114,0.007524,16.0,3,0.061174
processes,3,9,9,6,96,6442450944,67108864,67108864,48.56198,4.361536,4.135186,5.193,3,4.169383
processes,3,9,9,7,97,6509559808,67108864,67108864,38.945426,32.304207,0.005814,14.476,3,0.056806
processes,3,9,9,8,98,6576668672,67108864,67108864,49.019707,9.808774,0.004989,12.822,3,0.042266
processes,3,9,9,9,99,6643777536,67108864,67108864,54.809617,24.179573,0.006133,14.27,3,0.052038
processes,3,9,9,10,100,6710886400,67108864,67108864,52.624573,18.597111,0.00812,16.356,3,0.05688
processes,3,9,9,11,101,6777995264,67108864,67108864,48.381591,4.316978,3.726999,4.836,3,3.751221
processes,3,9,9,12,102,6845104128,67108864,67108864,40.816663,7.160064,0.005074,9.802,3,0.034961
processes,3,9,9,13,103,6912212992,67108864,67108864,43.105751,4.206739,3.150908,6.882,3,3.179932
processes,3,9,9,14,104,6979321856,67108864,67108864,36.888304,11.18988,0.00778,16.254,3,0.069448
processes,3,9,9,15,105,7046430720,67108864,67108864,44.071947,4.641528,3.262293,4.245,3,3.288857
processes,3,9,9,16,106,7113539584,67108864,67108864,45.572721,5.671991,0.007027,13.22,3,0.050691
processes,3,9,9,17,107,7180648448,67108864,67108864,44.972588,5.523081,0.007094,14.493,3,0.050669
processes,3,9,9,18,108,7247757312,67108864,67108864,43.774091,11.928202,0.00708,17.678,3,0.058341
processes,3,9,9,19,109,7314866176,67108864,67108864,44.944863,10.509959,0.006421,32.936,3,0.08124
processes,3,9,9,20,110,7381975040,67108864,67108864,42.645245,9.927612,0.006149,15.069,3,0.053033
processes,3,9,9,21,111,7449083904,67108864,67108864,41.361262,9.635774,0.006333,15.23,3,0.052966
processes,3,9,9,22,112,7516192768,67108864,67108864,47.563349,7.155001,0.003567,14.423,3,0.036335
processes,3,9,9,23,113,7583301632,67108864,67108864,47.908215,4.370977,8.115262,4.72,3,8.145874
processes,3,9,9,24,114,7650410496,67108864,67108864,46.792381,4.321032,3.958224,3.321,3,3.977865
processes,3,9,9,25,115,7717519360,67108864,67108864,42.853266,4.343557,2.93117,6.531,3,2.959038
processes,3,9,9,26,116,7784628224,67108864,67108864,42.459029,4.036352,0.005128,9.675,3,0.666839
processes,3,9,9,27,117,7851737088,67108864,67108864,40.629254,4.580085,1.716622,3.888,2,1.746833
processes,3,9,9,28,118,7918845952,67108864,67108864,43.171256,5.033094,2.105866,9.999,3,2.137417
processes,3,9,9,29,119,7985954816,59027232,59027232,25.05849,8.324431,0.003894,10.816,3,0.040342
processes,0,6,6,0,0,0,67108864,67108864,67.841324,4.518213,14.021147,6.57,3,
processes,0,6,6,1,1,67108864,67108864,67108864,54.48748,4.455742,4.006594,13.55,3,4.055735
processes,0,6,6,2,2,134217728,67108864,67108864,58.787378,11.077923,0.009571,17.99,3,0.067071
processes,0,6,6,3,3,201326592,67108864,67108864,58.437372,14.944724,0.003,8.29,3,0.029221
processes,0,6,6,4,4,268435456,67108864,67108864,69.909812,4.640936,1.164302,24.99,3,1.222023
processes,0,6,6,5,5,335544320,67108864,67108864,77.136015,7.430446,0.007141,15.19,3,0.056891
processes,0,6,6,6,6,402653184,67108864,67108864,63.386533,24.204094,0.00999,22.871,3,0.073292
processes,0,6,6,7,7,469762048,67108864,67108864,63.991314,23.784427,0.00604,14.18,3,0.049341
processes,0,6,6,8,8,536870912,67108864,67108864,86.025674,27.291191,0.01131,24.481,3,0.087741
processes,0,6,6,9,9,603979776,67108864,67108864,77.937483,38.220458,0.00733,13.591,3,0.050101
processes,0,6,6,10,10,671088640,67108864,67108864,78.337751,4.708066,2.18313,7.8,3,2.20729
processes,0,6,6,11,11,738197504,67108864,67108864,76.770182,12.212193,0.00827,20.811,3,0.064971
processes,0,6,6,12,12,805306368,67108864,67108864,62.94034,32.652216,0.0022,5.57,3,0.02374
processes,0,6,6,13,13,872415232,67108864,67108864,62.778787,30.419826,0.00347,6.37,3,0.02241
processes,0,6,6,14,14,939524096,67108864,67108864,88.672029,4.350739,1.225932,4.93,3,1.241142
processes,0,6,6,15,15,1006632960,67108864,67108864,71.562177,4.461251,3.428023,3.62,2,3.449323
processes,0,6,6,16,16,1073741824,67108864,67108864,92.53329,5.796666,0.00254,6.86,3,0.027101
processes,0,6,6,17,17,1140850688,67108864,67108864,80.192094,4.835019,2.289182,3.55,3,2.308582
processes,0,6,6,18,18,1207959552,67108864,67108864,53.366875,20.31724,0.001661,5.229,3,0.01404
processes,0,6,6,19,19,1275068416,67108864,67108864,72.383752,7.235772,0.0027,4.98,3,0.01746
processes,0,6,6,20,20,1342177280,67108864,67108864,93.233582,11.924218,0.001469,3.96,3,0.014501
processes,0,6,6,21,21,1409286144,67108864,67108864,99.444195,4.337419,4.526103,1.56,3,4.532963
processes,0,6,6,22,22,1476395008,67108864,67108864,81.988157,53.603685,0.00086,2.28,3,0.00886
processes,0,6,6,23,23,1543503872,67108864,67108864,71.362472,47.199718,0.004371,8.81,3,0.028141
processes,0,6,6,24,24,1610612736,67108864,67108864,71.680337,41.148326,0.00237,7.1,3,0.02491
processes,0,6,6,25,25,1677721600,67108864,67108864,98.038212,35.245138,0.00265,4.85,3,0.016991
processes,0,6,6,26,26,1744830464,67108864,67108864,73.248977,50.708512,0.00092,3.04,3,0.03846
processes,0,6,6,27,27,1811939328,67108864,67108864,72.532143,47.917011,0.00173,3.86,3,0.01373
processes,0,6,6,28,28,1879048192,67108864,67108864,44.722062,38.62423,0.00156,5.15,3,0.014781
processes,0,6,6,29,29,1946157056,67108864,67108864,24.029162,28.547225,0.00409,8.32,1,0.03088
processes,1,7,7,0,30,2013265920,67108864,67108864,69.156759,4.554334,8.789341,5.51,2,
processes,1,7,7,1,31,2080374784,67108864,67108864,47.903499,4.088895,2.772391,3.82,3,2.802771
processes,1,7,7,2,32,2147483648,67108864,67108864,54.923387,5.716045,0.00336,9.131,3,0.028871
processes,1,7,7,3,33,2214592512,67108864,67108864,68.777121,9.900892,0.002891,8.24,3,0.026411
processes,1,7,7,4,34,2281701376,67108864,67108864,62.876204,4.677595,1.162321,3.65,3,1.186062
processes,1,7,7,5,35,2348810240,67108864,67108864,59.313758,4.401451,4.282859,5.14,3,4.300989
processes,1,7,7,6,36,2415919104,67108864,67108864,59.42351,4.181997,1.102141,4.08,3,1.121901
processes,1,7,7,7,37,2483027968,67108864,67108864,60.387948,4.452952,0.0044,11.041,3,0.043941
processes,1,7,7,8,38,2550136832,67108864,67108864,75.26035,15.047586,0.00327,8.67,3,0.02897
processes,1,7,7,9,39,2617245696,67108864,67108864,77.21635,39.075976,0.00311,8.59,3,0.03189
processes,1,7,7,10,40,2684354560,67108864,67108864,78.063575,4.450782,4.278089,3.1,3,4.294719
processes,1,7,7,11,41,2751463424,67108864,67108864,79.450911,12.306725,0.002011,6.33,3,0.019191
processes,1,7,7,12,42,2818572288,67108864,67108864,46.431908,32.142037,0.00567,11.69,3,0.04083
processes,1,7,7,13,43,2885681152,67108864,67108864,73.705846,4.030554,1.183231,2.99,3,1.197072
processes,1,7,7,14,44,2952790016,67108864,67108864,82.516477,7.10963,0.004109,11.031,3,0.037991
processes,1,7,7,15,45,3019898880,67108864,67108864,79.860149,15.616875,0.00336,9.21,3,0.02887
processes,1,7,7,16,46,3087007744,67108864,67108864,73.521703,21.39043,0.0044,10.95,3,0.03904
processes,1,7,7,17,47,3154116608,67108864,67108864,68.415799,23.387047,0.004631,11.69,3,0.040771
processes,1,7,7,18,48,3221225472,67108864,67108864,77.015847,4.40354,2.998335,4.77,2,3.017125
processes,1,7,7,19,49,3288334336,67108864,67108864,79.497692,4.564753,7.922675,6.0,3,7.955905
processes,1,7,7,20,50,3355443200,67108864,67108864,85.811847,12.787933,0.00477,12.27,3,0.04005
processes,1,7,7,21,51,3422552064,67108864,67108864,67.092875,38.195697,0.0033,7.95,3,0.027351
processes,1,7,7,22,52,3489660928,67108864,67108864,82.306662,18.127061,0.00409,11.36,3,0.037221
processes,1,7,7,23,53,3556769792,67108864,67108864,82.580798,4.566934,3.532345,3.0,2,3.586266
processes,1,7,7,24,54,3623878656,67108864,67108864,76.025797,5.163005,0.00426,8.26,3,0.031571
processes,1,7,7,25,55,3690987520,67108864,67108864,67.45609,9.833641,0.00393,8.961,3,0.032221
processes,1,7,7,26,56,3758096384,67108864,67108864,92.967418,5.661364,0.00497,11.991,3,0.068961
processes,1,7,7,27,57,3825205248,67108864,67108864,93.737663,4.446492,8.385374,2.37,3,8.405045
processes,1,7,7,28,58,3892314112,67108864,67108864,59.265209,4.525804,0.00225,6.58,3,0.024501
processes,1,7,7,29,59,3959422976,67108864,67108864,30.864998,4.063684,0.00356,8.87,2,0.03082
processes,2,8,8,0,60,4026531840,67108864,67108864,68.198651,,0.047501,742.313,0,
processes,2,8,8,1,61,4093640704,67108864,67108864,47.865638,54.979659,0.00797,14.471,3,0.062952
processes,2,8,8,2,62,4160749568,67108864,67108864,53.281658,30.979008,0.0045,7.79,3,0.03077
processes,2,8,8,3,63,4227858432,67108864,67108864,61.621671,29.772016,0.01434,24.031,3,0.065901
processes,2,8,8,4,64,4294967296,67108864,67108864,63.447494,32.614008,0.0064,9.1,3,0.03692
processes,2,8,8,5,65,4362076160,67108864,67108864,74.066129,36.448238,0.00874,11.37,3,0.046131
processes,2,8,8,6,66,4429185024,67108864,67108864,67.325425,40.583155,0.00452,9.94,3,0.035491
processes,2,8,8,7,67,4496293888,67108864,67108864,49.786313,30.810405,0.01229,27.731,3,0.111132
processes,2,8,8,8,68,4563402752,67108864,67108864,50.044288,17.196815,0.004891,10.87,3,0.035971
processes,2,8,8,9,69,4630511616,67108864,67108864,83.233983,4.38161,1.190432,7.49,3,1.219562
processes,2,8,8,10,70,4697620480,67108864,67108864,70.990816,4.40107,2.839292,3.79,3,2.861252
processes,2,8,8,11,71,4764729344,67108864,67108864,70.860594,36.543827,0.00709,13.7,3,0.044821
processes,2,8,8,12,72,4831838208,67108864,67108864,56.301748,29.359656,0.005261,10.6,3,0.038001
processes,2,8,8,13,73,4898947072,67108864,67108864,65.15904,6.221814,0.007511,14.37,3,0.052151
processes,2,8,8,14,74,4966055936,67108864,67108864,90.043855,23.787974,0.00437,9.95,3,0.0361
processes,2,8,8,15,75,5033164800,67108864,67108864,91.958279,40.133153,0.00698,13.061,3,0.045161
processes,2,8,8,16,76,5100273664,67108864,67108864,70.180112,49.598646,0.0073,14.31,3,0.052561
processes,2,8,8,17,77,5167382528,67108864,67108864,95.760789,39.95332,0.0088,30.601,3,0.073751
processes,2,8,8,18,78,5234491392,67108864,67108864,64.688072,62.194365,0.00641,13.3,3,0.04273
processes,2,8,8,19,79,5301600256,67108864,67108864,66.425222,51.084403,0.00543,10.71,3,0.035841
processes,2,8,8,20,80,5368709120,67108864,67108864,67.671326,36.979405,0.00563,11.34,3,0.040581
processes,2,8,8,21,81,5435817984,67108864,67108864,67.233638,25.15147,0.005721,11.13,3,0.038481
processes,2,8,8,22,82,5502926848,67108864,67108864,88.226964,6.58601,0.00628,11.65,3,0.0401
processes,2,8,8,23,83,5570035712,67108864,67108864,88.387445,27.722309,0.0048,12.19,3,0.039431
processes,2,8,8,24,84,5637144576,67108864,67108864,77.405273,25.795914,0.00455,9.77,3,0.03282
processes,2,8,8,25,85,5704253440,67108864,67108864,77.542215,20.585929,0.00507,10.19,3,0.033501
processes,2,8,8,26,86,5771362304,67108864,67108864,82.549317,16.821209,0.00563,11.55,3,0.058301
processes,2,8,8,27,87,5838471168,67108864,67108864,76.034238,26.787672,0.00934,18.59,3,0.063981
processes,2,8,8,28,88,5905580032,67108864,67108864,78.166517,16.388541,0.00268,5.52,3,0.01997
processes,2,8,8,29,89,5972688896,67108864,67108864,48.234646,4.466082,3.648597,4.741,3,3.673188
processes,3,9,9,0,90,6039797760,67108864,67108864,72.355468,4.209397,4.93637,4.87,1,
processes,3,9,9,1,91,6106906624,67108864,67108864,46.266229,8.372763,0.0082,13.81,3,0.069501
processes,3,9,9,2,92,6174015488,67108864,67108864,50.72948,6.781575,0.00652,10.441,3,0.038991
processes,3,9,9,3,93,6241124352,67108864,67108864,75.136779,4.198967,0.00691,8.39,3,0.035471
processes,3,9,9,4,94,6308233216,67108864,67108864,67.417506,17.726856,0.00566,13.85,3,0.049701
processes,3,9,9,5,95,6375342080,67108864,67108864,60.613312,21.686568,0.00422,10.35,3,0.035831
processes,3,9,9,6,96,6442450944,67108864,67108864,63.79068,8.240061,0.004909,12.941,3,0.041801
processes,3,9,9,7,97,6509559808,67108864,67108864,57.405213,4.38809,4.225518,4.18,3,4.246858
processes,3,9,9,8,98,6576668672,67108864,67108864,71.801967,4.543463,3.118707,4.93,3,3.167078
processes,3,9,9,9,99,6643777536,67108864,67108864,72.643206,4.397731,3.32058,5.66,3,3.344541
processes,3,9,9,10,100,6710886400,67108864,67108864,70.207043,30.041028,0.00239,5.19,3,0.01935
processes,3,9,9,11,101,6777995264,67108864,67108864,59.635599,24.524148,0.00204,6.27,3,0.01978
processes,3,9,9,12,102,6845104128,67108864,67108864,71.969135,5.777855,0.00256,5.7,3,0.02083
processes,3,9,9,13,103,6912212992,67108864,67108864,70.62881,4.724396,3.753459,3.949,3,3.771328
processes,3,9,9,14,104,6979321856,67108864,67108864,74.002872,12.426407,0.00427,9.52,3,0.035951
processes,3,9,9,15,105,7046430720,67108864,67108864,66.884401,22.44458,0.00355,9.89,3,0.03523
processes,3,9,9,16,106,7113539584,67108864,67108864,70.422166,4.448862,7.212272,6.14,3,7.241233
processes,3,9,9,17,107,7180648448,67108864,67108864,90.726626,4.425441,1.105681,8.82,3,1.143691
processes,3,9,9,18,108,7247757312,67108864,67108864,75.978397,4.400951,8.466305,7.089,3,8.494296
processes,3,9,9,19,109,7314866176,67108864,67108864,71.22738,4.604405,0.00272,9.781,2,0.027651
processes,3,9,9,20,110,7381975040,67108864,67108864,60.394473,22.534632,0.01021,25.821,3,0.087182
processes,3,9,9,21,111,7449083904,67108864,67108864,82.643919,10.567813,0.00478,11.781,3,0.036961
processes,3,9,9,22,112,7516192768,67108864,67108864,104.717111,38.079606,0.00488,10.95,2,0.217394
processes,3,9,9,23,113,7583301632,67108864,67108864,78.465302,4.453732,8.070728,3.06,3,8.094029
processes,3,9,9,24,114,7650410496,67108864,67108864,81.331965,4.490122,4.164287,5.11,3,4.183457
processes,3,9,9,25,115,7717519360,67108864,67108864,72.581714,9.79734,0.00304,9.291,3,0.033271
processes,3,9,9,26,116,7784628224,67108864,67108864,78.496973,14.919124,0.00391,11.55,3,0.065121
processes,3,9,9,27,117,7851737088,67108864,67108864,93.662462,4.510663,3.488264,5.51,2,3.509874
processes,3,9,9,28,118,7918845952,67108864,67108864,59.704048,24.930808,0.00196,5.72,3,0.02039
processes,3,9,9,29,119,7985954816,59027232,59027232,25.05797,12.142033,0.00585,13.99,2,0.054101
processes,0,6,6,0,0,0,67108864,67108864,3478.387006,,0.074223,133.212,0,
processes,0,6,6,1,1,67108864,67108864,67108864,58.147061,3464.977387,0.009873,14.563,3,0.159134
processes,0,6,6,2,2,134217728,67108864,67108864,44.696504,58.198253,0.007722,14.476,3,0.051192
processes,0,6,6,3,3,201326592,67108864,67108864,53.361988,44.751913,0.009102,14.471,3,0.055409
processes,0,6,6,4,4,268435456,67108864,67108864,51.79161,37.259773,0.009636,15.79,3,0.059869
processes,0,6,6,5,5,335544320,67108864,67108864,47.459108,45.616837,0.011135,15.517,3,0.060618
processes,0,6,6,6,6,402653184,67108864,67108864,43.547444,23.726117,0.006553,14.16,3,0.052147
processes,0,6,6,7,7,469762048,67108864,67108864,50.812516,18.401114,0.004667,14.638,3,0.05062
processes,0,6,6,8,8,536870912,67108864,67108864,48.639007,20.560806,0.004819,13.776,3,0.043977
processes,0,6,6,9,9,603979776,67108864,67108864,42.57465,18.642234,0.0049,12.165,3,0.040563
processes,0,6,6,10,10,671088640,67108864,67108864,43.824779,8.710803,0.003707,9.21,3,0.030988
processes,0,6,6,11,11,738197504,67108864,67108864,42.878302,5.33871,1.472999,11.201,3,1.506298
processes,0,6,6,12,12,805306368,67108864,67108864,41.547196,5.092425,0.005677,12.827,3,0.040078
processes,0,6,6,13,13,872415232,67108864,67108864,42.827963,4.099093,2.500909,4.454,3,2.521599
processes,0,6,6,14,14,939524096,67108864,67108864,41.626497,4.355656,3.362918,4.317,3,3.38535
processes,0,6,6,15,15,1006632960,67108864,67108864,44.262105,4.496448,2.713253,3.648,3,2.732721
processes,0,6,6,16,16,1073741824,67108864,67108864,40.652201,5.768996,0.00395,10.169,3,0.03517
processes,0,6,6,17,17,1140850688,67108864,67108864,41.298558,4.541643,2.151813,10.061,3,2.186376
processes,0,6,6,18,18,1207959552,67108864,67108864,39.567724,4.349774,1.606963,12.823,3,1.640746
processes,0,6,6,19,19,1275068416,67108864,67108864,38.298553,4.36802,2.233731,8.292,3,2.261962
processes,0,6,6,20,20,1342177280,67108864,67108864,44.802827,4.348906,3.885767,4.282,3,3.905254
processes,0,6,6,21,21,1409286144,67108864,67108864,41.185634,6.412776,0.002751,8.392,3,0.027161
processes,0,6,6,22,22,1476395008,67108864,67108864,39.288097,7.010163,0.003661,9.489,3,0.031288
processes,0,6,6,23,23,1543503872,67108864,67108864,39.641493,4.886869,1.18229,8.73,3,1.209453
processes,0,6,6,24,24,1610612736,67108864,67108864,38.677322,5.110548,1.181278,9.574,3,1.209783
processes,0,6,6,25,25,1677721600,67108864,67108864,45.091445,4.498254,1.086107,8.667,3,1.114277
processes,0,6,6,26,26,1744830464,67108864,67108864,39.470536,4.361869,2.932152,6.213,3,2.982269
processes,0,6,6,27,27,1811939328,67108864,67108864,46.56706,4.344824,1.424927,8.486,3,1.452647
processes,0,6,6,28,28,1879048192,67108864,67108864,49.719476,4.313964,3.71474,4.083,3,3.73372
processes,0,6,6,29,29,1946157056,67108864,67108864,39.424782,15.387798,0.003465,9.854,3,0.031573
processes,1,7,7,0,30,2013265920,67108864,67108864,3701.281377,4.372151,9.203744,41.855,2,
processes,1,7,7,1,31,2080374784,67108864,67108864,47.98422,10.811762,0.004933,12.513,3,0.130258
processes,1,7,7,2,32,2147483648,67108864,67108864,48.65676,4.718333,0.910336,5.846,3,0.938847
processes,1,7,7,3,33,2214592512,67108864,67108864,50.555374,8.454878,0.005295,11.882,3,0.040041
processes,1,7,7,4,34,2281701376,67108864,67108864,52.493724,18.91638,0.0058,11.526,3,0.042768
processes,1,7,7,5,35,2348810240,67108864,67108864,48.6564,24.957122,0.006024,11.735,3,0.043345
processes,1,7,7,6,36,2415919104,67108864,67108864,43.117092,27.346715,0.00649,14.287,3,0.04677
processes,1,7,7,7,37,2483027968,67108864,67108864,45.012294,28.260159,0.004968,12.942,3,0.047573
processes,1,7,7,8,38,2550136832,67108864,67108864,45.916176,28.967103,0.007039,14.376,3,0.049833
processes,1,7,7,9,39,2617245696,67108864,67108864,44.178554,24.918824,0.005978,11.705,3,0.040574
processes,1,7,7,10,40,2684354560,67108864,67108864,42.99098,26.669563,0.00732,12.52,3,0.039872
processes,1,7,7,11,41,2751463424,67108864,67108864,44.031304,29.798937,0.003424,10.893,3,0.033747
processes,1,7,7,12,42,2818572288,67108864,67108864,43.103325,27.165135,0.005624,10.347,3,0.034626
processes,1,7,7,13,43,2885681152,67108864,67108864,41.779851,27.729547,0.003024,9.187,3,0.027848
processes,1,7,7,14,44,2952790016,67108864,67108864,42.1995,27.023356,0.004633,10.004,3,0.031589
processes,1,7,7,15,45,3019898880,67108864,67108864,42.73872,26.176731,0.002536,6.894,3,0.023421
processes,1,7,7,16,46,3087007744,67108864,67108864,40.583063,26.860614,0.00274,7.342,3,0.027398
processes,1,7,7,17,47,3154116608,67108864,67108864,42.580527,25.654775,0.004927,10.792,3,0.036472
processes,1,7,7,18,48,3221225472,67108864,67108864,40.594313,19.757981,0.005141,12.336,3,0.040317
processes,1,7,7,19,49,3288334336,67108864,67108864,40.375253,18.693352,0.004166,10.183,3,0.033284
processes,1,7,7,20,50,3355443200,67108864,67108864,48.180631,20.859367,0.003175,8.524,3,0.02864
processes,1,7,7,21,51,3422552064,67108864,67108864,40.899283,28.908419,0.003392,8.723,3,0.029468
processes,1,7,7,22,52,3489660928,67108864,67108864,40.244544,28.42045,0.004823,11.299,3,0.040945
processes,1,7,7,23,53,3556769792,67108864,67108864,43.665586,26.669322,0.003191,8.422,3,0.027726
processes,1,7,7,24,54,3623878656,67108864,67108864,57.161169,24.491067,0.002757,7.518,3,0.024853
processes,1,7,7,25,55,3690987520,67108864,67108864,43.697405,4.307266,2.471923,4.078,3,2.494224
processes,1,7,7,26,56,3758096384,67108864,67108864,40.8433,9.733236,0.005376,14.899,2,0.083088
processes,1,7,7,27,57,3825205248,67108864,67108864,39.297527,10.910258,0.003948,8.994,2,0.03177
processes,1,7,7,28,58,3892314112,67108864,67108864,35.497768,22.526731,0.003241,6.778,1,0.026924
processes,1,7,7,29,59,3959422976,67108864,67108864,25.879236,35.521365,0.003149,6.033,0,0.023597
processes,2,8,8,0,60,4026531840,67108864,67108864,3583.77204,4.424859,13.6016,109.923,3,
processes,2,8,8,1,61,4093640704,67108864,67108864,102.025279,16.162084,0.006924,14.46,3,0.317597
processes,2,8,8,2,62,4160749568,67108864,67108864,54.979024,5.17994,0.007507,16.335,3,0.060098
processes,2,8,8,3,63,4227858432,67108864,67108864,44.921583,8.273094,0.004423,10.827,3,0.037472
processes,2,8,8,4,64,4294967296,67108864,67108864,40.102691,10.020372,0.004346,11.264,3,0.038673
processes,2,8,8,5,65,4362076160,67108864,67108864,45.418324,6.670736,0.003875,10.19,3,0.033949
processes,2,8,8,6,66,4429185024,67108864,67108864,46.275422,4.028069,1.053279,4.997,3,1.078003
processes,2,8,8,7,67,4496293888,67108864,67108864,42.219033,5.783997,0.003542,10.009,3,0.038155
processes,2,8,8,8,68,4563402752,67108864,67108864,40.464539,5.35196,0.003626,9.9,3,0.032188
processes,2,8,8,9,69,4630511616,67108864,67108864,49.969709,4.37085,3.870279,3.147,3,3.890644
processes,2,8,8,10,70,4697620480,67108864,67108864,42.43699,10.669478,0.004697,10.953,3,0.03532
processes,2,8,8,11,71,4764729344,67108864,67108864,39.87346,8.608645,0.003249,9.553,3,0.030697
processes,2,8,8,12,72,4831838208,67108864,67108864,44.061292,4.52463,0.002337,6.071,3,0.021893
processes,2,8,8,13,73,4898947072,67108864,67108864,41.384675,4.300917,2.625608,2.509,3,2.63844
processes,2,8,8,14,74,4966055936,67108864,67108864,40.54266,5.033263,1.166337,2.561,3,1.182086
processes,2,8,8,15,75,5033164800,67108864,67108864,40.883155,4.321441,1.959602,2.723,3,1.974971
processes,2,8,8,16,76,5100273664,67108864,67108864,39.48256,4.423117,2.1684,3.164,3,2.186391
processes,2,8,8,17,77,5167382528,67108864,67108864,38.993302,4.661125,2.571743,10.702,3,2.599675
processes,2,8,8,18,78,5234491392,67108864,67108864,48.489231,4.306251,2.812416,4.113,3,2.832072
processes,2,8,8,19,79,5301600256,67108864,67108864,41.662286,9.556404,0.003645,8.935,3,0.028407
processes,2,8,8,20,80,5368709120,67108864,67108864,38.211025,11.12992,0.003787,9.243,3,0.02994
processes,2,8,8,21,81,5435817984,67108864,67108864,40.128167,8.914215,0.003442,8.86,3,0.026853
processes,2,8,8,22,82,5502926848,67108864,67108864,37.383465,10.335353,0.003993,10.588,3,0.03288
processes,2,8,8,23,83,5570035712,67108864,67108864,37.309655,4.136224,0.002887,7.008,2,0.023047
processes,2,8,8,24,84,5637144576,67108864,67108864,41.607845,4.347145,3.809118,2.612,3,3.824449
processes,2,8,8,25,85,5704253440,67108864,67108864,38.627647,10.05937,0.003736,8.709,3,0.031826
processes,2,8,8,26,86,5771362304,67108864,67108864,50.269694,5.046146,0.003419,10.114,3,0.049568
processes,2,8,8,27,87,5838471168,67108864,67108864,38.321915,29.814586,0.003865,9.944,3,0.032287
processes,2,8,8,28,88,5905580032,67108864,67108864,39.672399,15.034054,0.003319,9.451,2,0.032608
processes,2,8,8,29,89,5972688896,67108864,67108864,30.429619,12.622374,0.002388,8.35,2,0.025649
processes,3,9,9,0,90,6039797760,67108864,67108864,3636.222871,4.771743,4.797787,79.66,1,
processes,3,9,9,1,91,6106906624,67108864,67108864,53.302,6.235391,0.013101,14.999,3,0.15894
processes,3,9,9,2,92,6174015488,67108864,67108864,51.865999,7.793436,0.008549,13.787,3,0.108273
processes,3,9,9,3,93,6241124352,67108864,67108864,43.177104,12.205523,0.007211,15.677,3,0.057343
processes,3,9,9,4,94,6308233216,67108864,67108864,43.453637,11.820437,0.003974,11.032,3,0.035874
processes,3,9,9,5,95,6375342080,67108864,67108864,49.101134,4.45022,0.003436,10.353,3,0.032639
processes,3,9,9,6,96,6442450944,67108864,67108864,44.516982,4.909644,0.004177,11.164,3,0.03786
processes,3,9,9,7,97,6509559808,67108864,67108864,39.89384,6.861655,0.003866,10.9,3,0.040667
processes,3,9,9,8,98,6576668672,67108864,67108864,45.311179,4.213836,2.762733,3.695,3,2.789418
processes,3,9,9,9,99,6643777536,67108864,67108864,43.681863,6.631749,0.002738,8.269,3,0.025114
processes,3,9,9,10,100,6710886400,67108864,67108864,42.132925,6.269355,0.002769,7.472,3,0.024538
processes,3,9,9,11,101,6777995264,67108864,67108864,42.875141,4.584562,2.379856,3.189,3,2.395595
processes,3,9,9,12,102,6845104128,67108864,67108864,46.897004,4.204712,1.083341,2.756,3,1.104227
processes,3,9,9,13,103,6912212992,67108864,67108864,41.806267,6.830882,0.003107,8.095,3,0.026441
processes,3,9,9,14,104,6979321856,67108864,67108864,43.191463,5.82672,0.003637,8.367,3,0.028148
processes,3,9,9,15,105,7046430720,67108864,67108864,42.937234,6.116869,0.004915,11.67,3,0.03799
processes,3,9,9,16,106,7113539584,67108864,67108864,41.808464,7.255053,0.003395,8.747,3,0.030636
processes,3,9,9,17,107,7180648448,67108864,67108864,42.142452,6.895473,0.007616,8.545,3,0.035763
processes,3,9,9,18,108,7247757312,67108864,67108864,43.23812,4.245733,0.003216,12.594,3,0.037796
processes,3,9,9,19,109,7314866176,67108864,67108864,40.08926,6.296296,0.003185,10.672,3,0.029365
processes,3,9,9,20,110,7381975040,67108864,67108864,40.423161,5.917456,0.002911,9.964,3,0.02945
processes,3,9,9,21,111,7449083904,67108864,67108864,38.713652,5.519763,0.003029,9.74,3,0.030422
processes,3,9,9,22,112,7516192768,67108864,67108864,45.188944,4.468073,0.002535,8.545,3,0.026257
processes,3,9,9,23,113,7583301632,67108864,67108864,41.999529,4.021685,6.558726,2.98,3,6.574606
processes,3,9,9,24,114,7650410496,67108864,67108864,43.630436,4.910979,0.002608,8.132,3,0.023869
processes,3,9,9,25,115,7717519360,67108864,67108864,48.601402,4.826038,2.22332,2.512,3,2.238258
processes,3,9,9,26,116,7784628224,67108864,67108864,53.105038,5.099597,1.388444,2.915,3,1.423206
processes,3,9,9,27,117,7851737088,67108864,67108864,42.084114,19.013203,0.003298,9.936,2,0.030017
processes,3,9,9,28,118,7918845952,67108864,67108864,40.298744,17.342438,0.003035,9.04,2,0.025614
processes,3,9,9,29,119,7985954816,59027232,59027232,25.769713,16.79772,0.003668,9.135,2,0.031608
processes,0,6,6,0,0,0,67108864,67108864,57.688111,3.894054,9.279625,72.475,2,
processes,0,6,6,1,1,67108864,67108864,67108864,43.536105,4.359764,4.032584,4.778,3,4.064622
processes,0,6,6,2,2,134217728,67108864,67108864,44.116399,5.001867,1.174751,11.913,3,1.208854
processes,0,6,6,3,3,201326592,67108864,67108864,46.163815,5.188023,0.00359,9.525,3,0.033709
processes,0,6,6,4,4,268435456,67108864,67108864,44.642287,6.594143,0.004027,9.17,3,0.033475
processes,0,6,6,5,5,335544320,67108864,67108864,49.721134,5.983174,0.004083,10.312,3,0.035719
processes,0,6,6,6,6,402653184,67108864,67108864,49.486533,12.586517,0.003431,8.588,3,0.02984
processes,0,6,6,7,7,469762048,67108864,67108864,49.358531,10.73003,0.004558,12.693,3,0.042486
processes,0,6,6,8,8,536870912,67108864,67108864,46.204339,12.966945,0.003772,12.61,3,0.036483
processes,0,6,6,9,9,603979776,67108864,67108864,51.44822,4.059201,0.003193,15.345,3,0.067281
processes,0,6,6,10,10,671088640,67108864,67108864,62.302898,4.290247,3.291322,5.792,3,3.316219
processes,0,6,6,11,11,738197504,67108864,67108864,51.306741,31.923431,0.005138,12.829,3,0.040826
processes,0,6,6,12,12,805306368,67108864,67108864,43.968677,16.227263,0.003511,11.649,3,0.036523
processes,0,6,6,13,13,872415232,67108864,67108864,43.6373,10.359768,0.006571,7.998,3,0.0325
processes,0,6,6,14,14,939524096,67108864,67108864,48.301096,7.570309,0.003324,10.484,3,0.031117
processes,0,6,6,15,15,1006632960,67108864,67108864,52.610422,11.702978,0.00349,9.013,3,0.034956
processes,0,6,6,16,16,1073741824,67108864,67108864,45.886881,18.09556,0.002687,7.903,3,0.027658
processes,0,6,6,17,17,1140850688,67108864,67108864,45.051094,9.708782,0.003132,10.398,3,0.031523
processes,0,6,6,18,18,1207959552,67108864,67108864,50.884356,5.520631,0.003361,11.072,3,0.032837
processes,0,6,6,19,19,1275068416,67108864,67108864,59.711469,5.082519,2.258652,4.051,3,2.276866
processes,0,6,6,20,20,1342177280,67108864,67108864,50.659319,4.33136,3.846655,8.12,3,3.878186
processes,0,6,6,21,21,1409286144,67108864,67108864,47.777957,4.242363,0.003048,10.392,3,0.03027
processes,0,6,6,22,22,1476395008,67108864,67108864,58.56468,14.532414,0.003498,8.953,3,0.028651
processes,0,6,6,23,23,1543503872,67108864,67108864,45.996358,20.888129,0.003246,11.17,3,0.059175
processes,0,6,6,24,24,1610612736,67108864,67108864,54.010942,19.987536,0.002669,8.922,3,0.027467
processes,0,6,6,25,25,1677721600,67108864,67108864,44.656869,4.382281,3.941058,6.288,3,3.965129
processes,0,6,6,26,26,1744830464,67108864,67108864,43.940865,11.447705,0.004979,10.645,3,0.247659
processes,0,6,6,27,27,1811939328,67108864,67108864,41.528046,18.415168,0.003306,8.328,3,0.029087
processes,0,6,6,28,28,1879048192,67108864,67108864,45.575921,8.703937,0.002736,10.111,3,0.029676
processes,0,6,6,29,29,1946157056,67108864,67108864,30.164903,4.262017,1.909581,3.936,2,1.93457
processes,1,7,7,0,30,2013265920,67108864,67108864,57.975546,,0.042462,138.721,0,
processes,1,7,7,1,31,2080374784,67108864,67108864,43.112037,44.422713,0.007959,13.016,3,0.061107
processes,1,7,7,2,32,2147483648,67108864,67108864,43.041531,30.093942,0.006955,12.13,3,0.046197
processes,1,7,7,3,33,2214592512,67108864,67108864,43.94754,28.438388,0.005882,11.371,3,0.047874
processes,1,7,7,4,34,2281701376,67108864,67108864,45.389954,4.281499,3.305736,11.03,3,3.338168
processes,1,7,7,5,35,2348810240,67108864,67108864,43.865935,6.734537,0.004739,14.007,3,0.045315
processes,1,7,7,6,36,2415919104,67108864,67108864,51.408685,9.006199,0.003852,11.735,3,0.0361
processes,1,7,7,7,37,2483027968,67108864,67108864,46.085102,4.265546,2.642242,7.358,2,2.675201
processes,1,7,7,8,38,2550136832,67108864,67108864,50.884309,5.094349,1.173702,5.025,3,1.194732
processes,1,7,7,9,39,2617245696,67108864,67108864,41.380552,33.644573,0.004165,10.852,3,0.035555
processes,1,7,7,10,40,2684354560,67108864,67108864,51.954263,28.780629,0.00362,8.244,3,0.027124
processes,1,7,7,11,41,2751463424,67108864,67108864,67.218119,26.011499,0.005479,12.782,3,0.041046
processes,1,7,7,12,42,2818572288,67108864,67108864,49.829958,4.329877,4.209581,3.138,3,4.230107
processes,1,7,7,13,43,2885681152,67108864,67108864,46.424891,7.254628,0.004445,12.541,3,0.038714
processes,1,7,7,14,44,2952790016,67108864,67108864,44.164247,9.899151,0.003844,10.915,3,0.032985
processes,1,7,7,15,45,3019898880,67108864,67108864,42.915682,11.380547,0.003669,13.436,3,0.039136
processes,1,7,7,16,46,3087007744,67108864,67108864,49.917477,4.60499,3.309191,3.665,3,3.329816
processes,1,7,7,17,47,3154116608,67108864,67108864,43.560886,11.134327,0.003373,43.142,3,0.065697
processes,1,7,7,18,48,3221225472,67108864,67108864,43.444712,10.558109,0.002909,9.61,3,0.027669
processes,1,7,7,19,49,3288334336,67108864,67108864,52.516504,4.943774,0.002889,8.073,3,0.024007
processes,1,7,7,20,50,3355443200,67108864,67108864,60.476081,4.97683,2.184724,4.586,3,2.205374
processes,1,7,7,21,51,3422552064,67108864,67108864,43.970447,4.353281,2.862702,2.987,3,2.882003
processes,1,7,7,22,52,3489660928,67108864,67108864,56.339596,4.30681,2.235369,3.123,3,2.255194
processes,1,7,7,23,53,3556769792,67108864,67108864,44.90548,4.401233,4.374727,3.076,3,4.395048
processes,1,7,7,24,54,3623878656,67108864,67108864,47.88731,4.715014,1.996335,4.56,3,2.018938
processes,1,7,7,25,55,3690987520,67108864,67108864,49.48329,5.906912,0.003088,11.92,3,0.032432
processes,1,7,7,26,56,3758096384,67108864,67108864,41.689748,10.140844,0.002941,10.916,3,0.291918
processes,1,7,7,27,57,3825205248,67108864,67108864,41.712195,11.018609,0.003188,10.207,3,0.031711
processes,1,7,7,28,58,3892314112,67108864,67108864,46.06121,7.584674,0.003103,9.261,3,0.025583
processes,1,7,7,29,59,3959422976,67108864,67108864,34.728526,7.579128,0.002976,8.361,3,0.02328
processes,2,8,8,0,60,4026531840,67108864,67108864,56.977101,5.454158,5.049255,539.449,1,
processes,2,8,8,1,61,4093640704,67108864,67108864,44.593797,4.4376,0.008146,10.055,3,0.042994
processes,2,8,8,2,62,4160749568,67108864,67108864,43.899377,4.314313,3.752505,4.277,3,3.775987
processes,2,8,8,3,63,4227858432,67108864,67108864,44.746766,6.153725,0.004786,9.414,3,0.064575
processes,2,8,8,4,64,4294967296,67108864,67108864,45.251535,8.029159,0.00424,15.17,3,0.044404
processes,2,8,8,5,65,4362076160,67108864,67108864,43.113296,7.882865,0.00384,11.898,3,0.03744
processes,2,8,8,6,66,4429185024,67108864,67108864,45.485862,7.128461,0.004051,11.551,3,0.034335
processes,2,8,8,7,67,4496293888,67108864,67108864,43.982199,4.430081,5.872938,4.773,3,5.899644
processes,2,8,8,8,68,4563402752,67108864,67108864,47.666087,4.308346,3.157815,3.552,3,3.1759
processes,2,8,8,9,69,4630511616,67108864,67108864,42.765363,4.196148,3.090635,3.42,2,3.141579
processes,2,8,8,10,70,4697620480,67108864,67108864,48.650178,5.585766,0.003552,10.674,3,0.031931
processes,2,8,8,11,71,4764729344,67108864,67108864,62.660785,4.408794,2.148261,4.091,3,2.168159
processes,2,8,8,12,72,4831838208,67108864,67108864,46.905547,26.462697,0.00638,12.756,3,0.04877
processes,2,8,8,13,73,4898947072,67108864,67108864,43.776495,21.830878,0.005071,12.67,3,0.038374
processes,2,8,8,14,74,4966055936,67108864,67108864,42.676298,9.202541,0.004534,10.674,3,0.036858
processes,2,8,8,15,75,5033164800,67108864,67108864,48.621867,8.077535,0.005663,14.274,3,0.045689
processes,2,8,8,16,76,5100273664,67108864,67108864,47.749397,25.572393,0.004459,10.174,3,0.034051
processes,2,8,8,17,77,5167382528,67108864,67108864,44.076777,20.753287,0.007656,18.119,3,0.069577
processes,2,8,8,18,78,5234491392,67108864,67108864,49.055477,18.999656,0.005376,16.464,3,0.087996
processes,2,8,8,19,79,5301600256,67108864,67108864,54.654573,22.998779,0.003349,9.04,3,0.027577
processes,2,8,8,20,80,5368709120,67108864,67108864,63.944539,24.526379,0.004145,12.053,3,0.034249
processes,2,8,8,21,81,5435817984,67108864,67108864,46.24122,24.918357,0.003797,11.965,3,0.037094
processes,2,8,8,22,82,5502926848,67108864,67108864,56.373078,20.50088,0.003827,9.629,3,0.030892
processes,2,8,8,23,83,5570035712,67108864,67108864,47.662334,29.099792,0.003682,11.384,3,0.032442
processes,2,8,8,24,84,5637144576,67108864,67108864,46.698056,4.471714,3.1661,2.534,3,3.183004
processes,2,8,8,25,85,5704253440,67108864,67108864,45.247134,15.628305,0.003579,9.137,3,0.029788
processes,2,8,8,26,86,5771362304,67108864,67108864,40.815627,9.590499,0.003422,7.213,3,0.294142
processes,2,8,8,27,87,5838471168,67108864,67108864,45.143487,5.529665,0.003586,9.208,3,0.028067
processes,2,8,8,28,88,5905580032,67108864,67108864,46.064553,6.731426,0.003572,9.643,3,0.028226
processes,2,8,8,29,89,5972688896,67108864,67108864,32.054432,11.26374,0.003244,7.896,3,0.025483
processes,3,9,9,0,90,6039797760,67108864,67108864,52.099864,4.265728,13.764054,6.2,3,
processes,3,9,9,1,91,6106906624,67108864,67108864,39.741113,4.266928,0.996149,5.971,3,1.027377
processes,3,9,9,2,92,6174015488,67108864,67108864,38.859091,5.334837,0.009873,12.129,3,0.04743
processes,3,9,9,3,93,6241124352,67108864,67108864,38.58953,4.369972,3.222294,14.472,3,3.265449
processes,3,9,9,4,94,6308233216,67108864,67108864,42.935144,27.292489,0.00579,13.047,3,0.044707
processes,3,9,9,5,95,6375342080,67108864,67108864,41.587341,24.07743,0.005571,14.361,3,0.047087
processes,3,9,9,6,96,6442450944,67108864,67108864,58.772781,21.029797,0.006407,12.124,3,0.043032
processes,3,9,9,7,97,6509559808,67108864,67108864,46.406086,30.103362,0.005093,14.258,3,0.051758
processes,3,9,9,8,98,6576668672,67108864,67108864,56.043806,27.025374,0.005873,13.35,3,0.044945
processes,3,9,9,9,99,6643777536,67108864,67108864,54.485076,4.371698,8.508936,6.256,3,8.538253
processes,3,9,9,10,100,6710886400,67108864,67108864,68.802017,16.107797,0.005693,19.024,3,0.048317
processes,3,9,9,11,101,6777995264,67108864,67108864,50.472794,4.323427,2.116882,6.082,3,2.155381
processes,3,9,9,12,102,6845104128,67108864,67108864,56.395237,4.555903,1.077887,4.833,3,1.102946
processes,3,9,9,13,103,6912212992,67108864,67108864,43.802904,16.996416,0.005792,12.588,3,0.046453
processes,3,9,9,14,104,6979321856,67108864,67108864,57.139689,17.174992,0.006344,13.228,3,0.044089
processes,3,9,9,15,105,7046430720,67108864,67108864,55.592244,4.365137,3.929373,4.303,3,3.958901
processes,3,9,9,16,106,7113539584,67108864,67108864,49.212626,4.322008,3.289807,4.988,3,3.317928
processes,3,9,9,17,107,7180648448,67108864,67108864,53.554199,10.005535,0.01034,14.31,3,0.059456
processes,3,9,9,18,108,7247757312,67108864,67108864,64.296647,20.13615,0.006299,13.974,3,0.045135
processes,3,9,9,19,109,7314866176,67108864,67108864,50.735826,29.755086,0.006757,13.094,3,0.044167
processes,3,9,9,20,110,7381975040,67108864,67108864,37.465852,17.175588,0.006247,13.041,3,0.04276
processes,3,9,9,21,111,7449083904,67108864,67108864,46.807825,8.466504,0.005791,12.887,3,0.050705
processes,3,9,9,22,112,7516192768,67108864,67108864,42.095454,4.234701,1.033341,4.287,3,1.059082
processes,3,9,9,23,113,7583301632,67108864,67108864,35.53789,16.849561,0.004853,12.323,3,0.043469
processes,3,9,9,24,114,7650410496,67108864,67108864,47.147248,6.396989,0.00408,10.072,3,0.033363
processes,3,9,9,25,115,7717519360,67108864,67108864,37.583801,25.661584,0.006323,16.83,3,0.049553
processes,3,9,9,26,116,7784628224,67108864,67108864,36.968922,13.72548,0.005634,14.446,3,0.255303
processes,3,9,9,27,117,7851737088,67108864,67108864,51.230946,9.00651,0.00468,9.376,3,0.033567
processes,3,9,9,28,118,7918845952,67108864,67108864,51.906425,18.537685,0.00445,11.102,3,0.038007
processes,3,9,9,29,119,7985954816,59027232,59027232,24.516621,24.405606,0.005933,13.168,3,0.045986
processes,0,6,6,0,0,0,67108864,67108864,66.759412,4.059871,4.085506,9.442,1,
processes,0,6,6,1,1,67108864,67108864,67108864,40.701629,58.032883,0.007209,13.983,3,0.064609
processes,0,6,6,2,2,134217728,67108864,67108864,50.658038,27.465869,0.008288,13.558,3,0.049549
processes,0,6,6,3,3,201326592,67108864,67108864,46.131921,27.582806,0.005466,12.809,3,0.043558
processes,0,6,6,4,4,268435456,67108864,67108864,39.669509,16.869503,0.004774,13.734,3,0.045255
processes,0,6,6,5,5,335544320,67108864,67108864,41.017059,7.938045,0.00556,14.907,3,0.062907
processes,0,6,6,6,6,402653184,67108864,67108864,41.025244,4.938658,0.004413,11.376,3,0.038882
processes,0,6,6,7,7,469762048,67108864,67108864,39.01414,4.019396,1.087365,17.375,3,1.135827
processes,0,6,6,8,8,536870912,67108864,67108864,38.271082,4.48488,12.386344,5.409,3,12.413072
processes,0,6,6,9,9,603979776,67108864,67108864,38.255285,4.328151,2.96474,5.125,3,2.986232
processes,0,6,6,10,10,671088640,67108864,67108864,39.301563,4.395613,3.762543,5.398,3,3.786102
processes,0,6,6,11,11,738197504,67108864,67108864,41.162857,4.410957,3.41867,6.555,3,3.446848
processes,0,6,6,12,12,805306368,67108864,67108864,42.186562,4.38868,2.165844,5.514,3,2.188685
processes,0,6,6,13,13,872415232,67108864,67108864,39.831423,4.251761,3.3267,5.355,3,3.351429
processes,0,6,6,14,14,939524096,67108864,67108864,39.93473,23.191591,0.003703,9.783,3,0.042939
processes,0,6,6,15,15,1006632960,67108864,67108864,39.704116,25.090523,0.005757,12.953,3,0.047927
processes,0,6,6,16,16,1073741824,67108864,67108864,41.389756,24.177449,0.004012,10.987,3,0.037779
processes,0,6,6,17,17,1140850688,67108864,67108864,40.23951,22.028676,0.004209,11.143,3,0.04257
processes,0,6,6,18,18,1207959552,67108864,67108864,38.167524,18.081742,0.004117,11.958,3,0.038355
processes,0,6,6,19,19,1275068416,67108864,67108864,37.104989,13.611625,0.0044,10.957,3,0.035047
processes,0,6,6,20,20,1342177280,67108864,67108864,37.514688,7.874775,0.004081,11.0,3,0.035322
processes,0,6,6,21,21,1409286144,67108864,67108864,38.80069,4.034458,0.004408,10.609,3,0.03521
processes,0,6,6,22,22,1476395008,67108864,67108864,38.20197,4.323527,3.713731,4.83,2,3.737087
processes,0,6,6,23,23,1543503872,67108864,67108864,38.260827,4.503077,2.099485,8.684,3,2.168498
processes,0,6,6,24,24,1610612736,67108864,67108864,39.465492,4.646215,2.152138,7.033,3,2.179844
processes,0,6,6,25,25,1677721600,67108864,67108864,39.513085,4.307352,2.526583,4.478,3,2.559901
processes,0,6,6,26,26,1744830464,67108864,67108864,39.842194,4.358056,2.137204,12.748,3,2.192189
processes,0,6,6,27,27,1811939328,67108864,67108864,39.187034,4.30587,2.504495,4.975,2,2.531847
processes,0,6,6,28,28,1879048192,67108864,67108864,37.547015,4.259829,2.490297,5.613,3,2.516184
processes,0,6,6,29,29,1946157056,67108864,67108864,26.158507,4.779784,3.797744,5.083,1,3.817419
processes,1,7,7,0,30,2013265920,67108864,67108864,64.336048,4.917193,9.23406,448.134,2,
processes,1,7,7,1,31,2080374784,67108864,67108864,39.496935,4.514167,2.042305,4.514,3,2.084947
processes,1,7,7,2,32,2147483648,67108864,67108864,47.51623,4.355812,1.068141,7.855,3,1.095888
processes,1,7,7,3,33,2214592512,67108864,67108864,46.235852,4.290255,3.097516,3.874,3,3.119809
processes,1,7,7,4,34,2281701376,67108864,67108864,39.903715,4.390358,0.004786,11.459,3,0.041427
processes,1,7,7,5,35,2348810240,67108864,67108864,39.034281,4.596105,0.003615,9.963,3,0.034448
processes,1,7,7,6,36,2415919104,67108864,67108864,38.843529,4.774031,2.174232,5.207,3,2.199586
processes,1,7,7,7,37,2483027968,67108864,67108864,37.66156,4.72948,3.24347,5.919,3,3.272991
processes,1,7,7,8,38,2550136832,67108864,67108864,37.493006,4.120574,0.003808,10.871,2,0.036692
processes,1,7,7,9,39,2617245696,67108864,67108864,37.573288,4.34757,4.091255,4.389,3,4.115034
processes,1,7,7,10,40,2684354560,67108864,67108864,36.605081,28.961367,0.005113,11.651,3,0.036833
processes,1,7,7,11,41,2751463424,67108864,67108864,39.071623,23.562637,0.004423,11.345,3,0.037576
processes,1,7,7,12,42,2818572288,67108864,67108864,40.305655,19.91995,0.004352,9.933,3,0.034101
processes,1,7,7,13,43,2885681152,67108864,67108864,39.54763,16.911289,0.003922,10.073,3,0.037226
processes,1,7,7,14,44,2952790016,67108864,67108864,36.252088,10.991588,0.004842,18.74,3,0.07066
processes,1,7,7,15,45,3019898880,67108864,67108864,38.169161,4.162848,1.08481,7.427,3,1.1089
processes,1,7,7,16,46,3087007744,67108864,67108864,37.598525,6.697815,0.00438,9.613,3,0.033097
processes,1,7,7,17,47,3154116608,67108864,67108864,37.894718,4.594686,0.003902,11.407,3,0.040241
processes,1,7,7,18,48,3221225472,67108864,67108864,39.199374,4.394788,3.317237,4.966,3,3.33771
processes,1,7,7,19,49,3288334336,67108864,67108864,37.965174,4.41199,1.081273,2.797,3,1.095693
processes,1,7,7,20,50,3355443200,67108864,67108864,38.042054,4.216076,0.00478,11.959,3,0.041483
processes,1,7,7,21,51,3422552064,67108864,67108864,35.998226,5.1482,0.003458,9.66,3,0.030381
processes,1,7,7,22,52,3489660928,67108864,67108864,36.705268,4.694946,1.075159,4.819,3,1.098418
processes,1,7,7,23,53,3556769792,67108864,67108864,36.582125,4.379382,9.884732,3.304,3,9.90058
processes,1,7,7,24,54,3623878656,67108864,67108864,36.859304,4.36562,3.749217,3.66,3,3.786429
processes,1,7,7,25,55,3690987520,67108864,67108864,36.536322,4.385937,4.029668,2.758,3,4.052346
processes,1,7,7,26,56,3758096384,67108864,67108864,36.831538,4.398201,4.948811,4.698,3,4.994673
processes,1,7,7,27,57,3825205248,67108864,67108864,36.320481,4.362009,4.77698,3.427,3,4.796539
processes,1,7,7,28,58,3892314112,67108864,67108864,36.278664,4.388992,6.200812,3.405,3,6.221469
processes,1,7,7,29,59,3959422976,67108864,67108864,26.946669,4.347323,0.92312,3.443,2,0.943481
processes,2,8,8,0,60,4026531840,67108864,67108864,76.016172,,0.052437,693.236,0,
processes,2,8,8,1,61,4093640704,67108864,67108864,45.26984,4.443725,3.725903,34.904,2,3.825612
processes,2,8,8,2,62,4160749568,67108864,67108864,42.040413,9.155421,0.005889,9.628,3,0.034679
processes,2,8,8,3,63,4227858432,67108864,67108864,43.942503,4.41872,3.836477,3.753,3,3.858925
processes,2,8,8,4,64,4294967296,67108864,67108864,40.072517,4.25096,2.141891,5.655,3,2.167016
processes,2,8,8,5,65,4362076160,67108864,67108864,38.920796,4.417455,0.003919,9.131,3,0.032141
processes,2,8,8,6,66,4429185024,67108864,67108864,37.904142,4.275342,2.151212,3.982,3,2.170958
processes,2,8,8,7,67,4496293888,67108864,67108864,36.616193,4.519592,4.429977,4.732,3,4.456628
processes,2,8,8,8,68,4563402752,67108864,67108864,37.615354,4.5146,1.058283,4.277,2,1.077067
processes,2,8,8,9,69,4630511616,67108864,67108864,37.569728,4.320603,3.779651,3.267,3,3.798689
processes,2,8,8,10,70,4697620480,67108864,67108864,36.849751,4.313642,0.004125,10.324,2,0.033432
processes,2,8,8,11,71,4764729344,67108864,67108864,37.442636,4.556211,0.00336,11.741,3,0.035475
processes,2,8,8,12,72,4831838208,67108864,67108864,39.934644,3.994847,1.083243,3.449,3,1.101724
processes,2,8,8,13,73,4898947072,67108864,67108864,40.658138,4.621476,1.01612,3.753,3,1.034866
processes,2,8,8,14,74,4966055936,67108864,67108864,38.050402,5.691183,0.003494,10.25,3,0.029859
processes,2,8,8,15,75,5033164800,67108864,67108864,37.606371,6.41392,0.004197,10.469,3,0.033323
processes,2,8,8,16,76,5100273664,67108864,67108864,39.18679,4.42301,3.028267,3.33,3,3.048598
processes,2,8,8,17,77,5167382528,67108864,67108864,35.550417,10.451545,0.004777,11.477,3,0.03689
processes,2,8,8,18,78,5234491392,67108864,67108864,38.309998,4.799863,0.00368,10.457,3,0.030329
processes,2,8,8,19,79,5301600256,67108864,67108864,36.095512,5.01158,2.176372,3.237,3,2.196786
processes,2,8,8,20,80,5368709120,67108864,67108864,37.189391,4.276825,1.15591,3.505,3,1.17639
processes,2,8,8,21,81,5435817984,67108864,67108864,35.968777,4.488319,1.075117,3.707,3,1.094538
processes,2,8,8,22,82,5502926848,67108864,67108864,35.223777,4.510244,1.130925,3.606,3,1.149792
processes,2,8,8,23,83,5570035712,67108864,67108864,36.805435,4.383635,2.45572,3.843,2,2.492445
processes,2,8,8,24,84,5637144576,67108864,67108864,37.60378,4.395483,3.557376,4.022,3,3.576881
processes,2,8,8,25,85,5704253440,67108864,67108864,37.694656,4.846145,3.256184,3.082,3,3.287553
processes,2,8,8,26,86,5771362304,67108864,67108864,37.699369,4.339483,3.782231,4.031,2,3.824075
processes,2,8,8,27,87,5838471168,67108864,67108864,37.342838,4.298478,3.945811,3.209,2,3.9649
processes,2,8,8,28,88,5905580032,67108864,67108864,37.340517,4.439404,5.149962,3.705,2,5.172129
processes,2,8,8,29,89,5972688896,67108864,67108864,27.119047,4.383303,8.633632,4.033,3,8.653923
processes,3,9,9,0,90,6039797760,67108864,67108864,65.591481,3.873945,12.981918,4.522,3,
processes,3,9,9,1,91,6106906624,67108864,67108864,50.550689,4.327417,5.681044,5.136,3,5.726711
processes,3,9,9,2,92,6174015488,67108864,67108864,56.848136,9.607557,0.003776,9.39,3,0.03397
processes,3,9,9,3,93,6241124352,67108864,67108864,48.628315,20.598698,0.005341,12.88,3,0.042343
processes,3,9,9,4,94,6308233216,67108864,67108864,44.013679,23.153053,0.003735,10.385,3,0.035559
processes,3,9,9,5,95,6375342080,67108864,67108864,43.04813,27.103723,0.004418,11.495,3,0.041649
processes,3,9,9,6,96,6442450944,67108864,67108864,42.27755,29.092302,0.00345,9.266,3,0.032203
processes,3,9,9,7,97,6509559808,67108864,67108864,41.344167,29.058086,0.00442,14.652,3,0.049004
processes,3,9,9,8,98,6576668672,67108864,67108864,42.623692,28.26099,0.004006,10.767,3,0.036877
processes,3,9,9,9,99,6643777536,67108864,67108864,42.696832,4.370765,7.978916,3.167,3,8.018406
processes,3,9,9,10,100,6710886400,67108864,67108864,43.339647,10.218606,0.004863,10.424,3,0.036235
processes,3,9,9,11,101,6777995264,67108864,67108864,45.635583,15.048065,0.004644,9.914,3,0.034172
processes,3,9,9,12,102,6845104128,67108864,67108864,44.228098,19.753465,0.004796,9.434,3,0.039327
processes,3,9,9,13,103,6912212992,67108864,67108864,42.686231,4.315366,4.19051,3.66,3,4.213391
processes,3,9,9,14,104,6979321856,67108864,67108864,43.936616,4.443621,4.093501,9.576,3,4.122496
processes,3,9,9,15,105,7046430720,67108864,67108864,44.197052,4.357419,4.034647,3.509,3,4.067493
processes,3,9,9,16,106,7113539584,67108864,67108864,42.637914,13.001472,0.002694,8.024,3,0.027747
processes,3,9,9,17,107,7180648448,67108864,67108864,42.847816,15.167376,0.004193,9.045,3,0.034774
processes,3,9,9,18,108,7247757312,67108864,67108864,41.356698,20.772635,0.002866,10.147,3,0.029345
processes,3,9,9,19,109,7314866176,67108864,67108864,42.222175,23.878921,0.004041,8.997,3,0.033517
processes,3,9,9,20,110,7381975040,67108864,67108864,40.164544,29.00906,0.003092,7.266,3,0.026533
processes,3,9,9,21,111,7449083904,67108864,67108864,40.256433,27.104374,0.003117,7.314,3,0.026374
processes,3,9,9,22,112,7516192768,67108864,67108864,42.331436,27.033353,0.003799,8.899,3,0.0411
processes,3,9,9,23,113,7583301632,67108864,67108864,41.601286,28.485959,0.003367,10.944,3,0.03282
processes,3,9,9,24,114,7650410496,67108864,67108864,42.398497,28.609534,0.005107,8.724,3,0.053284
processes,3,9,9,25,115,7717519360,67108864,67108864,41.694629,29.407684,0.002994,7.344,3,0.02773
processes,3,9,9,26,116,7784628224,67108864,67108864,40.819294,28.614993,0.00422,13.22,3,0.05463
processes,3,9,9,27,117,7851737088,67108864,67108864,38.153019,27.854024,0.003189,6.848,1,0.025185
processes,3,9,9,28,118,7918845952,67108864,67108864,36.616944,33.39432,0.002459,5.638,0,0.021085
processes,3,9,9,29,119,7985954816,59027232,59027232,22.953618,36.641157,0.002664,5.684,0,0.024213
processes,0,6,6,0,0,0,67108864,67108864,73.315728,4.43994,8.463131,10.331,2,
processes,0,6,6,1,1,67108864,67108864,67108864,51.2585,4.822918,2.012761,22.36,3,2.079102
processes,0,6,6,2,2,134217728,67108864,67108864,50.855251,4.469831,1.070082,19.751,3,1.138013
processes,0,6,6,3,3,201326592,67108864,67108864,42.189627,6.316958,0.00569,14.77,3,0.050761
processes,0,6,6,4,4,268435456,67108864,67108864,47.508004,4.612643,1.108923,22.89,3,1.173583
processes,0,6,6,5,5,335544320,67108864,67108864,54.655989,4.91184,0.005369,13.061,3,0.044131
processes,0,6,6,6,6,402653184,67108864,67108864,48.823541,4.378269,2.812267,8.84,3,2.861178
processes,0,6,6,7,7,469762048,67108864,67108864,46.180297,8.326809,0.00566,15.01,3,0.058201
processes,0,6,6,8,8,536870912,67108864,67108864,47.514464,6.439911,0.00369,11.54,3,0.03643
processes,0,6,6,9,9,603979776,67108864,67108864,46.596656,6.626594,0.0071,15.69,3,0.053801
processes,0,6,6,10,10,671088640,67108864,67108864,49.011862,5.049413,1.187094,15.721,3,1.232755
processes,0,6,6,11,11,738197504,67108864,67108864,48.152272,6.336258,0.00735,15.91,3,0.051551
processes,0,6,6,12,12,805306368,67108864,67108864,58.260976,7.030942,0.00841,19.51,3,0.063791
processes,0,6,6,13,13,872415232,67108864,67108864,70.161636,4.076892,0.004191,10.48,3,0.034321
processes,0,6,6,14,14,939524096,67108864,67108864,70.039283,4.758086,2.178904,7.481,2,2.214135
processes,0,6,6,15,15,1006632960,67108864,67108864,52.447149,28.353052,0.0045,10.85,3,0.037501
processes,0,6,6,16,16,1073741824,67108864,67108864,47.54207,5.416699,0.00419,8.66,3,0.0311
processes,0,6,6,17,17,1140850688,67108864,67108864,51.094862,4.496541,4.012301,7.86,3,4.035581
processes,0,6,6,18,18,1207959552,67108864,67108864,66.174156,9.535092,0.00398,11.55,3,0.03503
processes,0,6,6,19,19,1275068416,67108864,67108864,43.187321,7.124444,0.00483,12.041,3,0.041341
processes,0,6,6,20,20,1342177280,67108864,67108864,49.326535,4.362048,2.369728,7.96,3,2.396449
processes,0,6,6,21,21,1409286144,67108864,67108864,53.468499,4.44396,4.394838,7.661,3,4.41584
processes,0,6,6,22,22,1476395008,67108864,67108864,52.846457,9.989871,0.004,10.83,3,0.03733
processes,0,6,6,23,23,1543503872,67108864,67108864,83.74216,5.525842,0.00386,11.18,3,0.038631
processes,0,6,6,24,24,1610612736,67108864,67108864,66.224347,4.437579,4.093893,7.12,3,4.121853
processes,0,6,6,25,25,1677721600,67108864,67108864,45.320245,17.33395,0.00509,13.83,3,0.052841
processes,0,6,6,26,26,1744830464,67108864,67108864,58.519041,12.508703,0.00376,9.44,3,0.052571
processes,0,6,6,27,27,1811939328,67108864,67108864,55.356218,24.443453,0.006691,21.95,3,0.065911
processes,0,6,6,28,28,1879048192,67108864,67108864,48.531532,14.201998,0.00667,12.33,3,0.045072
processes,0,6,6,29,29,1946157056,67108864,67108864,27.778832,15.426333,0.00357,9.53,3,0.032271
processes,1,7,7,0,30,2013265920,67108864,67108864,74.303148,,0.077212,874.627,0,
processes,1,7,7,1,31,2080374784,67108864,67108864,50.045015,61.562369,0.0094,13.3,3,0.064001
processes,1,7,7,2,32,2147483648,67108864,67108864,47.213698,36.344857,0.00716,11.48,3,0.063211
processes,1,7,7,3,33,2214592512,67108864,67108864,49.242249,30.511379,0.00428,8.9,3,0.033001
processes,1,7,7,4,34,2281701376,67108864,67108864,47.671657,29.500939,0.004761,7.69,3,0.047761
processes,1,7,7,5,35,2348810240,67108864,67108864,58.334013,26.842465,0.008261,10.28,3,0.041021
processes,1,7,7,6,36,2415919104,67108864,67108864,43.689216,32.99366,0.00678,13.331,3,0.064142
processes,1,7,7,7,37,2483027968,67108864,67108864,48.744429,29.743654,0.004241,10.39,3,0.037091
processes,1,7,7,8,38,2550136832,67108864,67108864,46.372961,28.480668,0.00368,8.23,3,0.0271
processes,1,7,7,9,39,2617245696,67108864,67108864,50.451983,30.711394,0.00342,8.35,3,0.027261
processes,1,7,7,10,40,2684354560,67108864,67108864,48.078455,33.111301,0.00221,5.91,3,0.02109
processes,1,7,7,11,41,2751463424,67108864,67108864,47.09542,34.333896,0.00318,6.53,3,0.021991
processes,1,7,7,12,42,2818572288,67108864,67108864,61.345748,31.67492,0.00327,6.76,3,0.023191
processes,1,7,7,13,43,2885681152,67108864,67108864,76.098856,44.575149,0.00301,6.47,3,0.02448
processes,1,7,7,14,44,2952790016,67108864,67108864,46.455557,42.08601,0.00332,6.03,3,0.022591
processes,1,7,7,15,45,3019898880,67108864,67108864,71.292239,5.091023,0.00321,8.02,3,0.026261
processes,1,7,7,16,46,3087007744,67108864,67108864,47.132301,37.924996,0.004251,11.05,3,0.048341
processes,1,7,7,17,47,3154116608,67108864,67108864,46.993988,29.904844,0.00357,7.5,3,0.027091
processes,1,7,7,18,48,3221225472,67108864,67108864,90.216361,28.307851,0.005311,10.09,3,0.034041
processes,1,7,7,19,49,3288334336,67108864,67108864,54.034491,6.016101,0.00344,7.71,3,0.02608
processes,1,7,7,20,50,3355443200,67108864,67108864,43.178122,14.493982,0.0035,8.44,3,0.02716
processes,1,7,7,21,51,3422552064,67108864,67108864,50.195593,4.315887,0.373777,4.301,3,0.386158
processes,1,7,7,22,52,3489660928,67108864,67108864,53.332397,4.43984,3.420509,3.38,3,3.434189
processes,1,7,7,23,53,3556769792,67108864,67108864,78.508544,4.901999,0.00162,4.14,3,0.01485
processes,1,7,7,24,54,3623878656,67108864,67108864,53.365237,38.830574,0.00163,4.23,3,0.015891
processes,1,7,7,25,55,3690987520,67108864,67108864,47.07838,5.582563,0.0016,3.96,3,0.01558
processes,1,7,7,26,56,3758096384,67108864,67108864,45.472528,4.45687,3.095232,3.86,3,3.119683
processes,1,7,7,27,57,3825205248,67108864,67108864,61.672575,4.496821,1.166884,2.48,3,1.177674
processes,1,7,7,28,58,3892314112,67108864,67108864,44.44168,4.43286,3.95528,3.7,3,3.97017
processes,1,7,7,29,59,3959422976,67108864,67108864,31.682222,4.379028,2.881988,3.64,3,2.897788
processes,2,8,8,0,60,4026531840,67108864,67108864,73.063622,3.94637,4.634405,107.292,1,
processes,2,8,8,1,61,4093640704,67108864,67108864,52.690239,4.591073,1.895549,11.8,3,1.94823
processes,2,8,8,2,62,4160749568,67108864,67108864,48.993694,7.232447,0.01053,14.16,3,0.059361
processes,2,8,8,3,63,4227858432,67108864,67108864,42.741248,9.044633,0.00622,13.46,3,0.065191
processes,2,8,8,4,64,4294967296,67108864,67108864,47.204677,4.822148,2.230885,6.72,3,2.326277
processes,2,8,8,5,65,4362076160,67108864,67108864,56.949996,4.362408,0.00588,12.61,3,0.048261
processes,2,8,8,6,66,4429185024,67108864,67108864,44.883891,4.014991,1.074212,5.33,3,1.100742
processes,2,8,8,7,67,4496293888,67108864,67108864,45.898261,5.221886,0.0051,12.14,3,0.049311
processes,2,8,8,8,68,4563402752,67108864,67108864,47.353461,4.553982,2.171334,7.581,3,2.205364
processes,2,8,8,9,69,4630511616,67108864,67108864,47.108075,5.535342,0.00371,7.84,3,0.028121
processes,2,8,8,10,70,4697620480,67108864,67108864,47.754418,4.468861,2.272726,8.64,3,2.298517
processes,2,8,8,11,71,4764729344,67108864,67108864,47.498679,4.144983,0.00259,6.37,3,0.02215
processes,2,8,8,12,72,4831838208,67108864,67108864,58.567703,4.547751,0.0026,6.26,3,0.0227
processes,2,8,8,13,73,4898947072,67108864,67108864,74.436802,4.42687,2.663933,4.371,3,2.681644
processes,2,8,8,14,74,4966055936,67108864,67108864,70.703598,4.403408,6.404929,2.951,3,6.419269
processes,2,8,8,15,75,5033164800,67108864,67108864,55.152933,5.062532,0.00335,10.22,3,0.03231
processes,2,8,8,16,76,5100273664,67108864,67108864,45.246373,7.763827,0.00314,8.53,3,0.026611
processes,2,8,8,17,77,5167382528,67108864,67108864,62.334387,4.811198,3.361447,5.24,3,3.378649
processes,2,8,8,18,78,5234491392,67108864,67108864,56.629283,16.046394,0.00367,8.29,3,0.030701
processes,2,8,8,19,79,5301600256,67108864,67108864,51.975659,4.46713,3.99973,7.11,3,4.023051
processes,2,8,8,20,80,5368709120,67108864,67108864,48.686492,4.675835,2.272546,4.09,3,2.294697
processes,2,8,8,21,81,5435817984,67108864,67108864,45.675852,9.821518,0.00237,7.54,3,0.023471
processes,2,8,8,22,82,5502926848,67108864,67108864,82.596737,4.100893,2.214095,4.64,3,2.233305
processes,2,8,8,23,83,5570035712,67108864,67108864,90.727991,33.388864,0.005191,10.35,3,0.038481
processes,2,8,8,24,84,5637144576,67108864,67108864,51.272255,4.637453,2.186784,4.791,3,2.205834
processes,2,8,8,25,85,5704253440,67108864,67108864,46.531419,6.226665,0.0065,13.75,3,0.051501
processes,2,8,8,26,86,5771362304,67108864,67108864,65.683256,11.558483,0.00802,14.53,3,0.078832
processes,2,8,8,27,87,5838471168,67108864,67108864,47.348629,9.488791,0.00286,7.2,3,0.02345
processes,2,8,8,28,88,5905580032,67108864,67108864,44.111713,7.088894,0.00569,11.761,3,0.044671
processes,2,8,8,29,89,5972688896,67108864,67108864,22.169499,8.003782,0.00467,9.62,2,0.03276
processes,3,9,9,0,90,6039797760,67108864,67108864,71.926509,4.41847,12.81515,4.23,3,
processes,3,9,9,1,91,6106906624,67108864,67108864,51.854022,4.349378,3.370749,3.55,3,3.399229
processes,3,9,9,2,92,6174015488,67108864,67108864,49.118976,5.033042,1.198004,10.231,3,1.226155
processes,3,9,9,3,93,6241124352,67108864,67108864,50.338902,4.42748,1.155643,7.15,3,1.181474
processes,3,9,9,4,94,6308233216,67108864,67108864,52.210119,11.435422,0.00335,9.7,3,0.03225
processes,3,9,9,5,95,6375342080,67108864,67108864,46.945313,16.130247,0.00382,10.16,3,0.036841
processes,3,9,9,6,96,6442450944,67108864,67108864,49.966144,5.589393,0.00338,8.17,3,0.031
processes,3,9,9,7,97,6509559808,67108864,67108864,44.141836,6.742166,0.00842,21.61,3,0.068371
processes,3,9,9,8,98,6576668672,67108864,67108864,48.049225,4.694935,0.0028,8.42,3,0.02766
processes,3,9,9,9,99,6643777536,67108864,67108864,45.764538,5.199836,0.003171,7.07,3,0.023941
processes,3,9,9,10,100,6710886400,67108864,67108864,48.577453,4.248276,1.097492,5.23,3,1.113313
processes,3,9,9,11,101,6777995264,67108864,67108864,48.448558,4.96245,1.184594,3.96,3,1.200134
processes,3,9,9,12,102,6845104128,67108864,67108864,78.583456,5.216386,0.00341,5.8,3,0.021441
processes,3,9,9,13,103,6912212992,67108864,67108864,83.426454,25.531675,0.00339,8.51,3,0.02713
processes,3,9,9,14,104,6979321856,67108864,67108864,80.348882,32.229301,0.00709,13.0,3,0.050351
processes,3,9,9,15,105,7046430720,67108864,67108864,52.473149,4.074022,0.138093,4.12,3,0.156743
processes,3,9,9,16,106,7113539584,67108864,67108864,46.0675,9.412439,0.00294,7.06,3,0.02466
processes,3,9,9,17,107,7180648448,67108864,67108864,68.597785,8.475751,0.00261,6.94,3,0.023841
processes,3,9,9,18,108,7247757312,67108864,67108864,48.320595,43.044659,0.00316,8.98,3,0.02836
processes,3,9,9,19,109,7314866176,67108864,67108864,53.635762,30.738491,0.002431,7.03,3,0.025571
processes,3,9,9,20,110,7381975040,67108864,67108864,47.936958,30.128598,0.00307,7.8,3,0.024701
processes,3,9,9,21,111,7449083904,67108864,67108864,57.325117,29.378553,0.00257,6.53,3,0.02296
processes,3,9,9,22,112,7516192768,67108864,67108864,50.103582,38.818513,0.0029,7.32,3,0.024
processes,3,9,9,23,113,7583301632,67108864,67108864,81.970254,6.304997,0.00209,5.33,3,0.01812
processes,3,9,9,24,114,7650410496,67108864,67108864,49.711143,38.723222,0.00247,6.63,3,0.021121
processes,3,9,9,25,115,7717519360,67108864,67108864,41.249712,22.180578,0.0024,7.931,3,0.023401
processes,3,9,9,26,116,7784628224,67108864,67108864,67.756427,18.086195,0.00254,5.28,3,0.028721
processes,3,9,9,27,117,7851737088,67108864,67108864,49.756547,27.277641,0.00235,6.47,3,0.019971
processes,3,9,9,28,118,7918845952,67108864,67108864,43.196645,21.669548,0.00429,10.28,3,0.03665
processes,3,9,9,29,119,7985954816,59027232,59027232,18.423363,16.33533,0.00389,7.94,2,0.03294
processes,0,6,6,0,0,0,67108864,67108864,135.221225,4.79352,4.91995,6.04,1,
processes,0,6,6,1,1,67108864,67108864,67108864,89.721196,4.000386,3.890675,7.082,2,3.943835
processes,0,6,6,2,2,134217728,67108864,67108864,44.515914,45.404109,0.006506,14.728,3,0.04988
processes,0,6,6,3,3,201326592,67108864,67108864,106.261497,4.137117,1.064601,14.77,3,1.109423
processes,0,6,6,4,4,268435456,67108864,67108864,100.169643,4.425447,3.416034,6.664,3,3.486843
processes,0,6,6,5,5,335544320,67108864,67108864,96.679657,25.956099,0.005488,13.483,3,0.045578
processes,0,6,6,6,6,402653184,67108864,67108864,58.247587,16.490586,0.006132,17.763,3,0.0519
processes,0,6,6,7,7,469762048,67108864,67108864,100.41567,16.093397,0.005284,14.668,3,0.052442
processes,0,6,6,8,8,536870912,67108864,67108864,81.426223,23.386731,0.005668,14.152,3,0.049177
processes,0,6,6,9,9,603979776,67108864,67108864,88.234541,12.327382,0.00706,13.886,3,0.050423
processes,0,6,6,10,10,671088640,67108864,67108864,83.171499,8.127541,0.005471,12.339,3,0.043533
processes,0,6,6,11,11,738197504,67108864,67108864,93.229899,4.247226,2.261229,6.78,2,2.29162
processes,0,6,6,12,12,805306368,67108864,67108864,41.052063,71.0794,0.006535,14.406,3,0.046649
processes,0,6,6,13,13,872415232,67108864,67108864,86.852458,13.676972,0.007379,13.463,3,0.048326
processes,0,6,6,14,14,939524096,67108864,67108864,101.050201,23.64552,0.005837,11.455,3,0.039138
processes,0,6,6,15,15,1006632960,67108864,67108864,36.03784,72.877126,0.006131,12.524,3,0.045297
processes,0,6,6,16,16,1073741824,67108864,67108864,87.809265,11.745794,0.004164,9.606,3,0.033739
processes,0,6,6,17,17,1140850688,67108864,67108864,82.250306,35.2779,0.005619,11.441,3,0.038598
processes,0,6,6,18,18,1207959552,67108864,67108864,100.079,21.479357,0.00479,12.39,3,0.036462
processes,0,6,6,19,19,1275068416,67108864,67108864,103.53387,48.243893,0.007321,14.926,3,0.046471
processes,0,6,6,20,20,1342177280,67108864,67108864,93.133373,78.197726,0.006183,14.445,3,0.047168
processes,0,6,6,21,21,1409286144,67108864,67108864,108.320799,76.602108,0.005128,13.814,3,0.043291
processes,0,6,6,22,22,1476395008,67108864,67108864,79.7612,4.248363,3.43421,5.067,3,3.459396
processes,0,6,6,23,23,1543503872,67108864,67108864,88.231549,58.086885,0.00555,12.095,3,0.041354
processes,0,6,6,24,24,1610612736,67108864,67108864,92.001965,65.78149,0.007071,13.561,3,0.047658
processes,0,6,6,25,25,1677721600,67108864,67108864,94.071962,4.263017,1.080797,13.218,3,1.120013
processes,0,6,6,26,26,1744830464,67108864,67108864,97.677251,70.956424,0.007,14.314,3,0.048777
processes,0,6,6,27,27,1811939328,67108864,67108864,43.091455,62.332762,0.005694,13.305,3,0.04419
processes,0,6,6,28,28,1879048192,67108864,67108864,100.538995,9.396711,0.003943,9.161,3,0.03173
processes,0,6,6,29,29,1946157056,67108864,67108864,95.016327,29.28022,0.007218,13.687,3,0.046673
processes,1,7,7,0,30,2013265920,67108864,67108864,140.918699,,0.095646,141.249,0,
processes,1,7,7,1,31,2080374784,67108864,67108864,100.008018,4.378319,7.373484,5.853,3,7.4182
processes,1,7,7,2,32,2147483648,67108864,67108864,121.963737,4.42428,4.189161,6.748,3,4.219704
processes,1,7,7,3,33,2214592512,67108864,67108864,84.387317,51.841165,0.007312,14.868,3,0.052911
processes,1,7,7,4,34,2281701376,67108864,67108864,86.162583,31.223964,0.004247,11.913,3,0.039447
processes,1,7,7,5,35,2348810240,67108864,67108864,77.920384,51.343553,0.00732,16.602,3,0.055426
processes,1,7,7,6,36,2415919104,67108864,67108864,92.627522,37.15538,0.008121,16.502,3,0.059065
processes,1,7,7,7,37,2483027968,67108864,67108864,93.778755,61.100863,0.007473,16.447,3,0.064896
processes,1,7,7,8,38,2550136832,67108864,67108864,94.37018,59.885585,0.006181,15.478,3,0.052553
processes,1,7,7,9,39,2617245696,67108864,67108864,89.288052,4.278248,2.31951,3.482,3,2.342769
processes,1,7,7,10,40,2684354560,67108864,67108864,98.89131,69.443556,0.007345,15.963,3,0.055382
processes,1,7,7,11,41,2751463424,67108864,67108864,92.557308,4.40165,7.285666,7.963,3,7.322524
processes,1,7,7,12,42,2818572288,67108864,67108864,130.923434,4.310865,3.070752,4.803,3,3.099097
processes,1,7,7,13,43,2885681152,67108864,67108864,44.904269,6.226362,0.006678,12.78,3,0.043946
processes,1,7,7,14,44,2952790016,67108864,67108864,76.973354,15.097256,0.005883,11.933,3,0.038204
processes,1,7,7,15,45,3019898880,67108864,67108864,82.258989,4.262172,0.00542,12.97,3,0.039425
processes,1,7,7,16,46,3087007744,67108864,67108864,116.911805,4.280013,0.006763,13.638,2,0.04562
processes,1,7,7,17,47,3154116608,67108864,67108864,96.969849,12.824354,0.006742,13.229,3,0.047891
processes,1,7,7,18,48,3221225472,67108864,67108864,100.307378,4.596849,2.045041,6.329,3,2.071507
processes,1,7,7,19,49,3288334336,67108864,67108864,105.94149,19.040783,0.0056,13.135,3,0.044227
processes,1,7,7,20,50,3355443200,67108864,67108864,80.542891,4.264082,3.783925,3.075,3,3.804877
processes,1,7,7,21,51,3422552064,67108864,67108864,97.039405,5.027631,0.006242,13.309,3,0.041711
processes,1,7,7,22,52,3489660928,67108864,67108864,80.656806,15.502737,0.00511,47.715,3,0.076269
processes,1,7,7,23,53,3556769792,67108864,67108864,106.233331,18.911232,0.006032,13.271,3,0.04222
processes,1,7,7,24,54,3623878656,67108864,67108864,100.315262,26.806339,0.035228,13.368,3,0.075586
processes,1,7,7,25,55,3690987520,67108864,67108864,113.439588,4.299203,0.003793,10.15,3,0.033243
processes,1,7,7,26,56,3758096384,67108864,67108864,104.683383,4.61226,1.132279,3.833,2,1.155051
processes,1,7,7,27,57,3825205248,67108864,67108864,37.088259,9.696018,6.1012,14.966,2,6.138432
processes,1,7,7,28,58,3892314112,67108864,67108864,38.91867,37.125167,0.005493,13.408,0,0.036908
processes,1,7,7,29,59,3959422976,67108864,67108864,32.566895,38.955564,0.004237,12.155,0,0.036894
processes,2,8,8,0,60,4026531840,67108864,67108864,130.695652,4.392156,9.327263,6.06,2,
processes,2,8,8,1,61,4093640704,67108864,67108864,48.316958,54.802271,0.008083,17.395,3,0.076866
processes,2,8,8,2,62,4160749568,67108864,67108864,86.838136,23.438934,0.006722,14.153,3,0.050395
processes,2,8,8,3,63,4227858432,67108864,67108864,109.385895,22.653255,0.0079,15.669,3,0.054193
processes,2,8,8,4,64,4294967296,67108864,67108864,75.834362,10.096617,0.004749,43.825,3,0.074115
processes,2,8,8,5,65,4362076160,67108864,67108864,94.857603,4.354422,2.826105,3.976,3,2.850207
processes,2,8,8,6,66,4429185024,67108864,67108864,67.754838,13.040747,0.004779,11.637,3,0.046731
processes,2,8,8,7,67,4496293888,67108864,67108864,93.129771,5.051252,2.200197,6.241,3,2.235116
processes,2,8,8,8,68,4563402752,67108864,67108864,89.11595,5.530347,0.005853,12.717,3,0.041742
processes,2,8,8,9,69,4630511616,67108864,67108864,88.144539,4.235034,3.397237,3.784,3,3.420045
processes,2,8,8,10,70,4697620480,67108864,67108864,95.389524,68.843497,0.008123,15.266,3,0.055128
processes,2,8,8,11,71,4764729344,67108864,67108864,92.274606,4.367866,6.82338,4.748,3,6.84725
processes,2,8,8,12,72,4831838208,67108864,67108864,95.696977,4.28841,0.897401,6.272,2,0.922486
processes,2,8,8,13,73,4898947072,67108864,67108864,56.130862,58.935211,0.007082,13.797,3,0.050213
processes,2,8,8,14,74,4966055936,67108864,67108864,97.163048,23.326309,0.006073,13.14,3,0.043895
processes,2,8,8,15,75,5033164800,67108864,67108864,64.27725,13.757799,0.004849,12.086,3,0.039863
processes,2,8,8,16,76,5100273664,67108864,67108864,96.037506,27.374332,0.004844,11.632,3,0.038507
processes,2,8,8,17,77,5167382528,67108864,67108864,73.313793,35.499841,0.006406,14.115,3,0.047805
processes,2,8,8,18,78,5234491392,67108864,67108864,72.539042,43.277567,0.007047,16.259,3,0.047142
processes,2,8,8,19,79,5301600256,67108864,67108864,90.133001,4.269074,1.064989,3.966,3,1.088163
processes,2,8,8,20,80,5368709120,67108864,67108864,120.389438,7.709269,0.005654,12.594,3,0.042432
processes,2,8,8,21,81,5435817984,67108864,67108864,89.960445,15.47887,0.004138,13.022,3,0.037886
processes,2,8,8,22,82,5502926848,67108864,67108864,79.772743,17.451587,0.005273,12.903,3,0.04297
processes,2,8,8,23,83,5570035712,67108864,67108864,86.599607,13.059917,0.005579,13.883,3,0.04831
processes,2,8,8,24,84,5637144576,67108864,67108864,100.421458,11.583727,0.005504,12.441,3,0.040961
processes,2,8,8,25,85,5704253440,67108864,67108864,102.834561,4.253083,0.003386,10.42,3,0.033388
processes,2,8,8,26,86,5771362304,67108864,67108864,91.716239,4.289269,3.471395,8.329,3,3.510542
processes,2,8,8,27,87,5838471168,67108864,67108864,114.483825,25.039213,0.005624,12.893,3,0.043794
processes,2,8,8,28,88,5905580032,67108864,67108864,96.660627,4.426883,8.814134,3.171,3,8.8369
processes,2,8,8,29,89,5972688896,67108864,67108864,30.175695,22.325361,0.005372,11.879,2,0.038287
processes,3,9,9,0,90,6039797760,67108864,67108864,71.530592,4.36702,13.694055,5.16,3,
processes,3,9,9,1,91,6106906624,67108864,67108864,79.682498,71.603227,0.007001,15.099,3,0.072635
processes,3,9,9,2,92,6174015488,67108864,67108864,83.207113,16.549714,0.006602,13.166,3,0.048192
processes,3,9,9,3,93,6241124352,67108864,67108864,74.549296,14.410685,0.005571,13.488,3,0.046615
processes,3,9,9,4,94,6308233216,67108864,67108864,104.995148,43.385111,0.00619,14.914,3,0.050467
processes,3,9,9,5,95,6375342080,67108864,67108864,64.322871,38.680736,0.006467,13.118,3,0.048817
processes,3,9,9,6,96,6442450944,67108864,67108864,75.630187,4.563935,1.751294,3.899,3,1.775549
processes,3,9,9,7,97,6509559808,67108864,67108864,85.190663,11.292736,0.003813,12.903,3,0.046849
processes,3,9,9,8,98,6576668672,67108864,67108864,93.807174,10.446906,0.005342,13.676,3,0.046858
processes,3,9,9,9,99,6643777536,67108864,67108864,79.545236,5.028645,1.211198,4.329,3,1.239412
processes,3,9,9,10,100,6710886400,67108864,67108864,92.978749,7.028788,3.896933,11.864,3,3.931553
processes,3,9,9,11,101,6777995264,67108864,67108864,95.84895,11.772337,0.005037,13.391,3,0.042874
processes,3,9,9,12,102,6845104128,67108864,67108864,98.46903,17.829282,0.00447,10.99,3,0.03898
processes,3,9,9,13,103,6912212992,67108864,67108864,105.419055,18.733357,0.003813,10.614,3,0.033787
processes,3,9,9,14,104,6979321856,67108864,67108864,103.356416,4.892063,0.004834,16.173,3,0.041576
processes,3,9,9,15,105,7046430720,67108864,67108864,50.629197,4.341624,3.387694,6.03,3,3.415005
processes,3,9,9,16,106,7113539584,67108864,67108864,87.911664,10.098375,0.005612,12.319,3,0.070027
processes,3,9,9,17,107,7180648448,67108864,67108864,59.776408,21.045398,0.005999,12.419,3,0.048138
processes,3,9,9,18,108,7247757312,67108864,67108864,99.766517,4.323998,5.778883,5.783,3,5.806801
processes,3,9,9,19,109,7314866176,67108864,67108864,98.018418,8.289884,0.005502,12.474,3,0.044827
processes,3,9,9,20,110,7381975040,67108864,67108864,91.463209,4.268438,1.512497,4.463,3,1.541174
processes,3,9,9,21,111,7449083904,67108864,67108864,102.774346,4.708714,2.125338,4.799,3,2.153731
processes,3,9,9,22,112,7516192768,67108864,67108864,88.416173,68.303465,0.006399,13.434,3,0.048772
processes,3,9,9,23,113,7583301632,67108864,67108864,84.74597,4.410169,0.006009,12.777,3,0.044913
processes,3,9,9,24,114,7650410496,67108864,67108864,84.559521,4.24772,3.342333,4.605,3,3.370788
processes,3,9,9,25,115,7717519360,67108864,67108864,100.015507,57.524777,0.006565,13.127,3,0.05172
processes,3,9,9,26,116,7784628224,67108864,67108864,96.72969,4.293071,2.620261,5.873,3,2.66132
processes,3,9,9,27,117,7851737088,67108864,67108864,109.989531,4.388058,1.055948,5.376,3,1.086738
processes,3,9,9,28,118,7918845952,67108864,67108864,112.641222,71.305448,0.006509,13.911,3,0.051044
processes,3,9,9,29,119,7985954816,59027232,59027232,40.838414,74.373553,0.006649,14.15,3,0.051694
processes,0,6,6,0,0,0,67108864,67108864,88.949704,4.398759,8.871679,5.33,2,
processes,0,6,6,1,1,67108864,67108864,67108864,73.165256,4.374139,0.941759,8.201,3,0.97217
processes,0,6,6,2,2,134217728,67108864,67108864,59.641173,4.46349,0.00503,9.64,2,0.071861
processes,0,6,6,3,3,201326592,67108864,67108864,62.348587,6.656425,0.00492,10.041,3,0.034771
processes,0,6,6,4,4,268435456,67108864,67108864,62.838898,5.790127,0.00447,10.4,3,0.039521
processes,0,6,6,5,5,335544320,67108864,67108864,60.838838,5.075102,0.00426,9.94,3,0.03583
processes,0,6,6,6,6,402653184,67108864,67108864,69.042523,5.503511,0.00387,9.36,3,0.03068
processes,0,6,6,7,7,469762048,67108864,67108864,69.719456,4.97685,1.218775,12.39,3,1.256055
processes,0,6,6,8,8,536870912,67108864,67108864,70.265997,6.263286,0.0042,12.56,3,0.038801
processes,0,6,6,9,9,603979776,67108864,67108864,61.97133,15.127555,0.0039,7.87,3,0.02817
processes,0,6,6,10,10,671088640,67108864,67108864,70.162345,5.512851,0.00565,59.521,3,0.092831
processes,0,6,6,11,11,738197504,67108864,67108864,55.931168,11.850479,0.00329,9.24,3,0.03097
processes,0,6,6,12,12,805306368,67108864,67108864,71.547283,13.228236,0.00344,6.85,3,0.0249
processes,0,6,6,13,13,872415232,67108864,67108864,84.388311,25.685367,0.00369,8.91,3,0.02958
processes,0,6,6,14,14,939524096,67108864,67108864,68.184854,32.359973,0.00291,8.43,3,0.027671
processes,0,6,6,15,15,1006632960,67108864,67108864,76.056293,7.186735,0.00492,12.04,3,0.041021
processes,0,6,6,16,16,1073741824,67108864,67108864,74.89688,4.235095,1.060621,6.41,3,1.084692
processes,0,6,6,17,17,1140850688,67108864,67108864,61.01443,15.690887,0.003261,7.72,3,0.031781
processes,0,6,6,18,18,1207959552,67108864,67108864,72.575443,4.407319,5.97004,4.18,3,5.98693
processes,0,6,6,19,19,1275068416,67108864,67108864,89.82553,5.079263,0.002131,5.02,2,0.019911
processes,0,6,6,20,20,1342177280,67108864,67108864,55.700303,4.42922,5.744986,3.01,3,5.763207
processes,0,6,6,21,21,1409286144,67108864,67108864,59.114082,4.544171,5.237555,4.29,3,5.255235
processes,0,6,6,22,22,1476395008,67108864,67108864,92.754791,4.168125,0.0021,5.32,3,0.020901
processes,0,6,6,23,23,1543503872,67108864,67108864,82.539315,4.45402,4.055482,3.8,3,4.075282
processes,0,6,6,24,24,1610612736,67108864,67108864,59.667214,19.780889,0.006921,11.91,3,0.045241
processes,0,6,6,25,25,1677721600,67108864,67108864,72.701117,6.153304,0.00499,10.45,3,0.04016
processes,0,6,6,26,26,1744830464,67108864,67108864,72.928571,7.664705,0.00316,8.23,3,0.047431
processes,0,6,6,27,27,1811939328,67108864,67108864,59.45143,26.228058,0.00329,6.98,3,0.02599
processes,0,6,6,28,28,1879048192,67108864,67108864,63.276096,11.046274,0.00327,7.27,3,0.026861
processes,0,6,6,29,29,1946157056,67108864,67108864,35.446505,4.50572,2.231625,6.14,3,2.252215
processes,1,7,7,0,30,2013265920,67108864,67108864,105.635041,4.378558,13.256027,3.56,3,
processes,1,7,7,1,31,2080374784,67108864,67108864,57.50624,20.127246,0.003671,10.39,3,0.035521
processes,1,7,7,2,32,2147483648,67108864,67108864,61.686615,4.428919,0.00343,9.55,2,0.03255
processes,1,7,7,3,33,2214592512,67108864,67108864,65.178035,6.47477,0.00348,9.67,3,0.03518
processes,1,7,7,4,34,2281701376,67108864,67108864,63.91277,9.290847,0.00262,7.441,3,0.02615
processes,1,7,7,5,35,2348810240,67108864,67108864,66.289827,10.37698,0.00622,12.011,3,0.048091
processes,1,7,7,6,36,2415919104,67108864,67108864,58.771476,15.820109,0.00257,6.44,3,0.02282
processes,1,7,7,7,37,2483027968,67108864,67108864,67.316607,4.321728,0.00283,6.82,3,0.028721
processes,1,7,7,8,38,2550136832,67108864,67108864,89.692378,4.361468,2.45342,4.66,3,2.48139
processes,1,7,7,9,39,2617245696,67108864,67108864,57.410767,23.819541,0.00919,16.58,3,0.059862
processes,1,7,7,10,40,2684354560,67108864,67108864,58.731544,19.190487,0.00289,7.47,3,0.02434
processes,1,7,7,11,41,2751463424,67108864,67108864,52.870386,7.758187,0.00342,9.151,3,0.029471
processes,1,7,7,12,42,2818572288,67108864,67108864,78.239248,4.720635,0.00819,14.19,3,0.04813
processes,1,7,7,13,43,2885681152,67108864,67108864,84.860571,11.40579,0.003,5.8,3,0.02277
processes,1,7,7,14,44,2952790016,67108864,67108864,88.003383,11.88221,0.00394,8.42,3,0.031831
processes,1,7,7,15,45,3019898880,67108864,67108864,64.592232,31.698479,0.00597,9.74,3,0.038761
processes,1,7,7,16,46,3087007744,67108864,67108864,68.280806,19.187267,0.0053,9.89,3,0.037541
processes,1,7,7,17,47,3154116608,67108864,67108864,72.712136,12.556193,0.00188,4.13,3,0.016781
processes,1,7,7,18,48,3221225472,67108864,67108864,93.111617,18.284999,0.00218,5.52,3,0.01803
processes,1,7,7,19,49,3288334336,67108864,67108864,76.306099,34.353692,0.00313,5.19,3,0.02181
processes,1,7,7,20,50,3355443200,67108864,67108864,43.375465,19.620165,0.0117,23.271,3,0.079731
processes,1,7,7,21,51,3422552064,67108864,67108864,95.581727,4.242686,2.186164,2.71,3,2.202594
processes,1,7,7,22,52,3489660928,67108864,67108864,95.365654,40.736771,0.00647,12.73,3,0.047341
processes,1,7,7,23,53,3556769792,67108864,67108864,89.317312,39.297482,0.00324,6.57,3,0.02513
processes,1,7,7,24,54,3623878656,67108864,67108864,58.868827,4.368179,2.967229,3.091,2,2.984941
processes,1,7,7,25,55,3690987520,67108864,67108864,63.46566,10.606474,0.00203,4.831,3,0.021401
processes,1,7,7,26,56,3758096384,67108864,67108864,74.639086,4.405538,3.315917,2.83,2,3.349317
processes,1,7,7,27,57,3825205248,67108864,67108864,65.118213,19.777299,0.002681,6.64,3,0.023811
processes,1,7,7,28,58,3892314112,67108864,67108864,49.339245,24.28781,0.002669,6.111,3,0.023101
processes,1,7,7,29,59,3959422976,67108864,67108864,20.190037,12.195217,0.00817,20.16,2,0.068892
processes,2,8,8,0,60,4026531840,67108864,67108864,89.256401,,0.063202,168.373,0,
processes,2,8,8,1,61,4093640704,67108864,67108864,77.891961,76.34071,0.011891,13.78,3,0.070581
processes,2,8,8,2,62,4160749568,67108864,67108864,57.435628,48.646381,0.01412,18.121,3,0.084272
processes,2,8,8,3,63,4227858432,67108864,67108864,63.203975,43.64714,0.00872,11.57,3,0.047381
processes,2,8,8,4,64,4294967296,67108864,67108864,63.554942,45.760063,0.00863,13.77,3,0.050431
processes,2,8,8,5,65,4362076160,67108864,67108864,60.383128,43.64757,0.00704,8.45,3,0.034811
processes,2,8,8,6,66,4429185024,67108864,67108864,70.731017,40.539628,0.00715,16.3,3,0.057981
processes,2,8,8,7,67,4496293888,67108864,67108864,68.42723,42.071439,0.0098,20.941,3,0.094222
processes,2,8,8,8,68,4563402752,67108864,67108864,61.400938,40.754582,0.006201,12.62,3,0.044591
processes,2,8,8,9,69,4630511616,67108864,67108864,71.624154,46.716221,0.00317,7.37,3,0.02896
processes,2,8,8,10,70,4697620480,67108864,67108864,63.820047,28.368162,0.00675,14.6,3,0.054711
processes,2,8,8,11,71,4764729344,67108864,67108864,54.53468,25.169027,0.0041,10.2,3,0.03564
processes,2,8,8,12,72,4831838208,67108864,67108864,59.083101,17.312359,0.00528,8.76,3,0.043631
processes,2,8,8,13,73,4898947072,67108864,67108864,77.713806,6.615364,0.00441,10.46,3,0.036631
processes,2,8,8,14,74,4966055936,67108864,67108864,93.344072,11.896809,0.00306,7.9,3,0.02757
processes,2,8,8,15,75,5033164800,67108864,67108864,80.054874,37.666779,0.00779,16.27,3,0.055041
processes,2,8,8,16,76,5100273664,67108864,67108864,63.446389,37.008146,0.004151,9.5,3,0.037751
processes,2,8,8,17,77,5167382528,67108864,67108864,73.830829,17.043813,0.00307,6.92,3,0.02648
processes,2,8,8,18,78,5234491392,67108864,67108864,74.671696,4.47082,4.432029,4.401,2,4.454099
processes,2,8,8,19,79,5301600256,67108864,67108864,84.33296,4.46938,6.782037,3.55,3,6.800357
processes,2,8,8,20,80,5368709120,67108864,67108864,56.905118,4.310887,2.338167,3.78,2,2.357177
processes,2,8,8,21,81,5435817984,67108864,67108864,57.08581,4.373598,3.917009,4.61,2,3.935469
processes,2,8,8,22,82,5502926848,67108864,67108864,95.220121,5.011491,2.404648,5.22,3,2.425219
processes,2,8,8,23,83,5570035712,67108864,67108864,67.217366,4.334008,1.292076,5.81,3,1.324057
processes,2,8,8,24,84,5637144576,67108864,67108864,65.341038,16.154946,0.00568,10.461,3,0.040321
processes,2,8,8,25,85,5704253440,67108864,67108864,71.191946,4.538891,7.974281,3.11,3,7.993921
processes,2,8,8,26,86,5771362304,67108864,67108864,49.397227,16.88581,0.00207,4.62,3,0.045201
processes,2,8,8,27,87,5838471168,67108864,67108864,72.123604,4.462041,4.97534,5.03,3,4.993981
processes,2,8,8,28,88,5905580032,67108864,67108864,72.035584,4.459219,2.511321,4.389,3,2.536471
processes,2,8,8,29,89,5972688896,67108864,67108864,36.479215,11.38677,0.00429,8.64,3,0.033281
processes,3,9,9,0,90,6039797760,67108864,67108864,87.899913,4.208955,4.43605,4.489,1,
processes,3,9,9,1,91,6106906624,67108864,67108864,75.882591,4.828467,2.0118,6.37,3,2.046581
processes,3,9,9,2,92,6174015488,67108864,67108864,60.060511,4.94346,11.076253,3.17,3,11.101044
processes,3,9,9,3,93,6241124352,67108864,67108864,64.484251,4.363148,1.058931,5.86,3,1.080972
processes,3,9,9,4,94,6308233216,67108864,67108864,62.333787,4.861209,1.195785,5.74,3,1.217995
processes,3,9,9,5,95,6375342080,67108864,67108864,69.262728,4.449399,1.166994,10.91,3,1.215264
processes,3,9,9,6,96,6442450944,67108864,67108864,69.753037,7.43018,0.00253,7.78,3,0.0307
processes,3,9,9,7,97,6509559808,67108864,67108864,55.280895,18.418661,0.004,8.66,3,0.035641
processes,3,9,9,8,98,6576668672,67108864,67108864,88.034584,4.088923,0.162294,5.54,3,0.187364
processes,3,9,9,9,99,6643777536,67108864,67108864,67.030372,4.363607,1.969369,3.66,3,1.99234
processes,3,9,9,10,100,6710886400,67108864,67108864,62.393488,13.983322,0.00193,6.52,3,0.02445
processes,3,9,9,11,101,6777995264,67108864,67108864,69.786246,17.657286,0.00346,13.351,3,0.041491
processes,3,9,9,12,102,6845104128,67108864,67108864,72.41386,34.555497,0.00311,9.43,3,0.030481
processes,3,9,9,13,103,6912212992,67108864,67108864,67.595842,28.75341,0.0049,13.951,3,0.046071
processes,3,9,9,14,104,6979321856,67108864,67108864,79.638746,11.490151,0.00414,10.46,3,0.033301
processes,3,9,9,15,105,7046430720,67108864,67108864,83.388401,4.199265,1.086112,8.15,3,1.112512
processes,3,9,9,16,106,7113539584,67108864,67108864,90.826181,23.006694,0.00609,14.371,3,0.048801
processes,3,9,9,17,107,7180648448,67108864,67108864,76.35588,45.567028,0.00398,9.54,3,0.03174
processes,3,9,9,18,108,7247757312,67108864,67108864,91.892773,49.231092,0.00491,11.1,3,0.03835
processes,3,9,9,19,109,7314866176,67108864,67108864,60.741715,48.025558,0.00402,9.71,3,0.03512
processes,3,9,9,20,110,7381975040,67108864,67108864,58.839026,32.417604,0.00484,9.471,3,0.036161
processes,3,9,9,21,111,7449083904,67108864,67108864,97.184361,45.712681,0.00384,9.4,3,0.03411
processes,3,9,9,22,112,7516192768,67108864,67108864,55.406218,47.305274,0.0047,10.56,3,0.0373
processes,3,9,9,23,113,7583301632,67108864,67108864,80.547785,7.351239,0.00354,8.701,3,0.030531
processes,3,9,9,24,114,7650410496,67108864,67108864,52.622342,44.647,0.00425,9.73,3,0.03505
processes,3,9,9,25,115,7717519360,67108864,67108864,72.90119,37.591559,0.00359,8.191,3,0.029591
processes,3,9,9,26,116,7784628224,67108864,67108864,59.261005,37.858924,0.01376,25.251,3,0.114723
processes,3,9,9,27,117,7851737088,67108864,67108864,60.600252,24.195499,0.00334,9.24,3,0.030131
processes,3,9,9,28,118,7918845952,67108864,67108864,61.436469,25.348011,0.003869,9.711,3,0.030551
processes,3,9,9,29,119,7985954816,59027232,59027232,24.979324,21.32043,0.00847,15.6,3,0.064261
processes,0,6,6,0,0,0,67108864,67108864,108.329115,3.735445,8.397429,6.35,2,
processes,0,6,6,1,1,67108864,67108864,67108864,58.29161,20.954881,0.00675,17.411,3,0.070672
processes,0,6,6,2,2,134217728,67108864,67108864,48.30266,4.421229,4.360307,11.38,2,4.416759
processes,0,6,6,3,3,201326592,67108864,67108864,56.139707,4.365938,3.314316,8.24,2,3.356638
processes,0,6,6,4,4,268435456,67108864,67108864,58.344762,4.913108,2.211115,8.52,3,2.249435
processes,0,6,6,5,5,335544320,67108864,67108864,70.622158,4.342777,5.544781,11.901,3,5.579312
processes,0,6,6,6,6,402653184,67108864,67108864,89.312743,30.202837,0.00938,21.25,3,0.075722
processes,0,6,6,7,7,469762048,67108864,67108864,75.67639,33.431972,0.00427,12.26,3,0.040221
processes,0,6,6,8,8,536870912,67108864,67108864,76.094478,17.912128,0.00666,14.36,3,0.051392
processes,0,6,6,9,9,603979776,67108864,67108864,77.462826,13.971629,0.006111,12.5,3,0.046461
processes,0,6,6,10,10,671088640,67108864,67108864,98.74305,16.623582,0.00632,12.48,3,0.046521
processes,0,6,6,11,11,738197504,67108864,67108864,68.280302,5.168194,2.398708,10.541,3,2.435769
processes,0,6,6,12,12,805306368,67108864,67108864,64.414596,10.689963,0.00678,15.53,3,0.054051
processes,0,6,6,13,13,872415232,67108864,67108864,64.774452,12.043931,0.00738,12.181,3,0.049891
processes,0,6,6,14,14,939524096,67108864,67108864,88.842203,19.217454,0.0064,34.561,3,0.072632
processes,0,6,6,15,15,1006632960,67108864,67108864,78.687261,4.166223,0.00369,9.12,3,0.03192
processes,0,6,6,16,16,1073741824,67108864,67108864,76.925455,8.54639,0.00689,13.34,3,0.04997
processes,0,6,6,17,17,1140850688,67108864,67108864,66.979977,13.261224,0.00355,8.88,3,0.032901
processes,0,6,6,18,18,1207959552,67108864,67108864,82.769972,29.55132,0.007361,15.63,3,0.053361
processes,0,6,6,19,19,1275068416,67108864,67108864,57.717762,41.537899,0.010371,19.22,3,0.069271
processes,0,6,6,20,20,1342177280,67108864,67108864,68.159431,40.09664,0.00616,12.24,3,0.062151
processes,0,6,6,21,21,1409286144,67108864,67108864,67.979499,35.412148,0.01204,25.861,3,0.090002
processes,0,6,6,22,22,1476395008,67108864,67108864,81.893087,5.00255,2.146493,12.39,3,2.204304
processes,0,6,6,23,23,1543503872,67108864,67108864,71.04841,10.849507,0.0058,12.69,3,0.039901
processes,0,6,6,24,24,1610612736,67108864,67108864,60.421488,17.175603,0.00477,10.81,3,0.036561
processes,0,6,6,25,25,1677721600,67108864,67108864,59.770935,12.766885,0.00683,13.94,3,0.052671
processes,0,6,6,26,26,1744830464,67108864,67108864,53.651183,47.446268,0.00792,15.92,3,0.117712
processes,0,6,6,27,27,1811939328,67108864,67108864,61.574011,39.257625,0.008529,15.511,3,0.053161
processes,0,6,6,28,28,1879048192,67108864,67108864,61.990649,30.181983,0.00592,11.391,3,0.044261
processes,0,6,6,29,29,1946157056,67108864,67108864,49.935748,27.672704,0.019451,42.36,3,0.128013
processes,1,7,7,0,30,2013265920,67108864,67108864,91.1154,5.521451,4.919879,633.433,1,
processes,1,7,7,1,31,2080374784,67108864,67108864,74.766881,5.092782,0.00929,13.57,3,0.064951
processes,1,7,7,2,32,2147483648,67108864,67108864,49.746239,49.719259,0.01107,12.251,3,0.052712
processes,1,7,7,3,33,2214592512,67108864,67108864,59.591517,36.557954,0.00196,7.13,3,0.01996
processes,1,7,7,4,34,2281701376,67108864,67108864,63.997955,44.197707,0.00352,8.68,3,0.03094
processes,1,7,7,5,35,2348810240,67108864,67108864,45.461983,33.781618,0.00493,11.26,3,0.036561
processes,1,7,7,6,36,2415919104,67108864,67108864,82.513597,29.251738,0.00279,7.181,3,0.026701
processes,1,7,7,7,37,2483027968,67108864,67108864,88.213266,43.730648,0.00912,23.69,3,0.126212
processes,1,7,7,8,38,2550136832,67108864,67108864,90.899494,42.878785,0.00731,16.17,3,0.054551
processes,1,7,7,9,39,2617245696,67108864,67108864,74.809973,45.067589,0.00646,12.04,3,0.045131
processes,1,7,7,10,40,2684354560,67108864,67108864,87.462325,41.935407,0.00686,12.271,3,0.047421
processes,1,7,7,11,41,2751463424,67108864,67108864,73.531227,46.834315,0.005721,13.32,3,0.041121
processes,1,7,7,12,42,2818572288,67108864,67108864,77.419775,36.797024,0.00649,12.74,3,0.046961
processes,1,7,7,13,43,2885681152,67108864,67108864,57.647341,37.323155,0.00786,14.39,3,0.055901
processes,1,7,7,14,44,2952790016,67108864,67108864,66.058418,15.502989,0.00365,8.01,3,0.02622
processes,1,7,7,15,45,3019898880,67108864,67108864,66.579319,8.055181,0.00467,8.93,3,0.028501
processes,1,7,7,16,46,3087007744,67108864,67108864,84.65553,15.144412,0.00369,8.17,3,0.02768
processes,1,7,7,17,47,3154116608,67108864,67108864,70.277543,19.299795,0.00378,9.29,3,0.03199
processes,1,7,7,18,48,3221225472,67108864,67108864,62.925766,16.54509,0.00292,10.1,3,0.02806
processes,1,7,7,19,49,3288334336,67108864,67108864,76.16294,13.594231,0.00204,7.08,3,0.0229
processes,1,7,7,20,50,3355443200,67108864,67108864,70.568698,7.412468,0.00482,12.97,3,0.046361
processes,1,7,7,21,51,3422552064,67108864,67108864,95.386667,4.278795,6.833926,5.8,3,6.863237
processes,1,7,7,22,52,3489660928,67108864,67108864,64.992589,17.827946,0.00599,12.74,3,0.046191
processes,1,7,7,23,53,3556769792,67108864,67108864,66.656613,16.804686,0.00933,15.22,3,0.054931
processes,1,7,7,24,54,3623878656,67108864,67108864,74.290265,28.549611,0.0058,9.89,3,0.036861
processes,1,7,7,25,55,3690987520,67108864,67108864,79.684703,38.50595,0.00326,8.67,3,0.02595
processes,1,7,7,26,56,3758096384,67108864,67108864,70.435338,4.411439,2.169373,3.2,3,2.213385
processes,1,7,7,27,57,3825205248,67108864,67108864,64.976269,21.211644,0.010411,19.99,3,0.069211
processes,1,7,7,28,58,3892314112,67108864,67108864,45.266325,24.593181,0.00328,7.47,3,0.02354
processes,1,7,7,29,59,3959422976,67108864,67108864,47.03262,7.761185,0.00296,5.87,3,0.020341
processes,2,8,8,0,60,4026531840,67108864,67108864,91.533638,,0.054651,193.644,0,
processes,2,8,8,1,61,4093640704,67108864,67108864,80.20191,77.958456,0.00848,13.501,3,0.075382
processes,2,8,8,2,62,4160749568,67108864,67108864,51.659308,4.422428,4.099072,4.88,3,4.132893
processes,2,8,8,3,63,4227858432,67108864,67108864,56.705859,6.370818,0.00769,13.861,3,0.055281
processes,2,8,8,4,64,4294967296,67108864,67108864,62.233049,4.590333,1.093862,10.13,3,1.136113
processes,2,8,8,5,65,4362076160,67108864,67108864,44.795649,5.050222,2.223235,6.38,2,2.261356
processes,2,8,8,6,66,4429185024,67108864,67108864,86.066819,4.399358,0.00323,7.47,3,0.042171
processes,2,8,8,7,67,4496293888,67108864,67108864,91.197545,7.883378,0.00683,14.22,3,0.05701
processes,2,8,8,8,68,4563402752,67108864,67108864,94.334833,10.863187,0.006471,13.15,3,0.050081
processes,2,8,8,9,69,4630511616,67108864,67108864,83.836764,4.387557,4.084781,5.55,3,4.105791
processes,2,8,8,10,70,4697620480,67108864,67108864,85.210351,10.757084,0.00603,11.26,3,0.04211
processes,2,8,8,11,71,4764729344,67108864,67108864,62.733772,25.130761,0.00545,12.32,3,0.04319
processes,2,8,8,12,72,4831838208,67108864,67108864,78.900295,14.365157,0.00738,13.66,3,0.078812
processes,2,8,8,13,73,4898947072,67108864,67108864,80.945385,4.976239,1.194354,4.38,3,1.230394
processes,2,8,8,14,74,4966055936,67108864,67108864,63.562398,21.093381,0.00174,5.61,3,0.018841
processes,2,8,8,15,75,5033164800,67108864,67108864,74.306933,37.838435,0.00752,13.37,3,0.052121
processes,2,8,8,16,76,5100273664,67108864,67108864,72.209971,45.5885,0.006221,12.31,3,0.050131
processes,2,8,8,17,77,5167382528,67108864,67108864,50.703411,33.144502,0.00454,9.611,3,0.033551
processes,2,8,8,18,78,5234491392,67108864,67108864,70.762622,13.582141,0.00539,12.55,3,0.039831
processes,2,8,8,19,79,5301600256,67108864,67108864,59.175321,21.486139,0.013681,22.08,3,0.090042
processes,2,8,8,20,80,5368709120,67108864,67108864,67.563818,4.49801,0.00626,11.881,3,0.045851
processes,2,8,8,21,81,5435817984,67108864,67108864,104.817705,4.622842,0.922868,8.83,2,1.091312
processes,2,8,8,22,82,5502926848,67108864,67108864,75.994479,5.160543,0.00792,15.51,3,0.054491
processes,2,8,8,23,83,5570035712,67108864,67108864,64.710964,16.199054,0.017611,20.86,3,0.091552
processes,2,8,8,24,84,5637144576,67108864,67108864,64.843536,14.264455,0.0064,13.051,3,0.047911
processes,2,8,8,25,85,5704253440,67108864,67108864,77.461948,4.831117,0.006421,11.06,3,0.039341
processes,2,8,8,26,86,5771362304,67108864,67108864,70.703173,4.427358,3.9814,4.9,3,4.032381
processes,2,8,8,27,87,5838471168,67108864,67108864,65.590951,4.653143,0.00334,7.1,3,0.027161
processes,2,8,8,28,88,5905580032,67108864,67108864,66.478859,5.270506,0.00434,7.34,3,0.026221
processes,2,8,8,29,89,5972688896,67108864,67108864,27.159723,26.488779,0.0037,7.29,3,0.02608
processes,3,9,9,0,90,6039797760,67108864,67108864,106.05524,4.393668,13.709545,4.96,3,
processes,3,9,9,1,91,6106906624,67108864,67108864,55.118367,4.145453,2.046641,9.35,3,2.096332
processes,3,9,9,2,92,6174015488,67108864,67108864,45.667807,4.364588,7.787107,5.39,3,7.809137
processes,3,9,9,3,93,6241124352,67108864,67108864,74.401114,4.687994,6.266006,13.871,3,6.314897
processes,3,9,9,4,94,6308233216,67108864,67108864,49.973443,20.749457,0.00635,13.601,3,0.049491
processes,3,9,9,5,95,6375342080,67108864,67108864,65.321172,6.843947,0.00625,12.08,3,0.045121
processes,3,9,9,6,96,6442450944,67108864,67108864,89.093829,4.306966,2.806976,6.13,3,2.839727
processes,3,9,9,7,97,6509559808,67108864,67108864,88.73251,4.073682,0.002449,7.341,3,0.025851
processes,3,9,9,8,98,6576668672,67108864,67108864,77.961565,17.101721,0.0041,6.731,3,0.023311
processes,3,9,9,9,99,6643777536,67108864,67108864,82.578788,14.562801,0.00513,7.49,3,0.028011
processes,3,9,9,10,100,6710886400,67108864,67108864,83.566448,13.288465,0.00397,7.71,3,0.02575
processes,3,9,9,11,101,6777995264,67108864,67108864,76.904865,6.482209,0.007161,13.75,3,0.049031
processes,3,9,9,12,102,6845104128,67108864,67108864,79.437176,15.097401,0.00658,11.241,3,0.04468
processes,3,9,9,13,103,6912212992,67108864,67108864,73.487576,25.150402,0.0058,10.691,3,0.056551
processes,3,9,9,14,104,6979321856,67108864,67108864,59.484847,17.720903,0.0073,12.48,3,0.047151
processes,3,9,9,15,105,7046430720,67108864,67108864,80.499426,9.457929,0.00472,9.41,3,0.032921
processes,3,9,9,16,106,7113539584,67108864,67108864,73.033638,11.252835,0.00492,9.64,3,0.032711
processes,3,9,9,17,107,7180648448,67108864,67108864,65.874094,7.354787,0.00372,7.49,3,0.02667
processes,3,9,9,18,108,7247757312,67108864,67108864,82.366504,6.220974,0.0036,8.43,3,0.025431
processes,3,9,9,19,109,7314866176,67108864,67108864,75.920545,5.772795,0.00326,6.91,3,0.02456
processes,3,9,9,20,110,7381975040,67108864,67108864,86.484398,23.935648,0.003631,6.51,3,0.022221
processes,3,9,9,21,111,7449083904,67108864,67108864,66.03795,42.192764,0.003121,6.14,3,0.022151
processes,3,9,9,22,112,7516192768,67108864,67108864,54.922528,38.079741,0.00513,8.01,3,0.03283
processes,3,9,9,23,113,7583301632,67108864,67108864,60.54581,11.095302,0.00319,6.6,3,0.026021
processes,3,9,9,24,114,7650410496,67108864,67108864,68.50945,4.370207,3.791435,3.331,3,3.814066
processes,3,9,9,25,115,7717519360,67108864,67108864,61.834826,12.442379,0.00452,9.931,3,0.036881
processes,3,9,9,26,116,7784628224,67108864,67108864,70.672033,5.607922,0.00476,9.71,3,0.058161
processes,3,9,9,27,117,7851737088,67108864,67108864,62.389317,5.571502,0.00308,5.77,3,0.021881
processes,3,9,9,28,118,7918845952,67108864,67108864,69.101102,4.582271,2.221294,3.62,3,2.238624
processes,3,9,9,29,119,7985954816,59027232,59027232,21.944869,7.201364,0.0023,5.53,3,0.02293
