arm,worker,pid,tid,generation,block_index,offset,length,bytes_returned,preadv_ms,global_launch_gap_ms,gate_wait_ms,pacer_lock_hold_us,active_at_enter,refill_gap_ms
threads,0,2,6,0,0,0,67108864,67108864,133.260738,4.469632,4.257345,4.837,1,
threads,0,2,6,1,1,67108864,67108864,67108864,57.393813,27.039432,0.003849,9.136,2,0.032708
threads,0,2,6,2,2,134217728,67108864,67108864,77.120147,53.144122,0.007253,14.233,3,0.06889
threads,0,2,6,3,3,201326592,67108864,67108864,505.76937,54.261789,0.006618,13.199,3,0.048888
threads,0,2,6,4,4,268435456,67108864,67108864,49.250724,30.060915,0.005917,12.43,3,0.051696
threads,0,2,6,5,5,335544320,67108864,67108864,45.289317,17.993035,0.003627,9.99,3,0.031096
threads,0,2,6,6,6,402653184,67108864,67108864,44.865426,16.345033,0.002795,5.872,3,0.054863
threads,0,2,6,7,7,469762048,67108864,67108864,46.06503,18.02878,0.002386,8.611,3,0.025591
threads,0,2,6,8,8,536870912,67108864,67108864,48.963559,21.671177,0.002465,7.178,3,0.025856
threads,0,2,6,9,9,603979776,67108864,67108864,44.335326,26.312315,0.001992,6.343,3,0.049762
threads,0,2,6,10,10,671088640,67108864,67108864,51.360677,26.056347,0.003132,8.412,3,0.02746
threads,0,2,6,11,11,738197504,67108864,67108864,43.820566,32.541887,0.002594,6.963,3,0.022692
threads,0,2,6,12,12,805306368,67108864,67108864,43.219445,30.622032,0.002434,8.233,3,0.026704
threads,0,2,6,13,13,872415232,67108864,67108864,47.660617,27.775819,0.003042,6.405,3,0.022783
threads,0,2,6,14,14,939524096,67108864,67108864,43.655622,24.631158,0.001964,5.396,3,0.019165
threads,0,2,6,15,15,1006632960,67108864,67108864,43.438368,22.492771,0.003367,9.61,3,0.033109
threads,0,2,6,16,16,1073741824,67108864,67108864,46.885818,21.473966,0.002291,8.014,3,0.026371
threads,0,2,6,17,17,1140850688,67108864,67108864,46.869717,23.580077,0.002417,8.857,3,0.024479
threads,0,2,6,18,18,1207959552,67108864,67108864,60.462449,21.780541,0.002468,6.115,3,0.022302
threads,0,2,6,19,19,1275068416,67108864,67108864,44.423951,31.354574,0.002255,39.113,3,0.055107
threads,0,2,6,20,20,1342177280,67108864,67108864,46.423119,21.682982,0.002346,7.18,3,0.022943
threads,0,2,6,21,21,1409286144,67108864,67108864,58.416697,24.14064,0.241836,8.09,3,0.269144
threads,0,2,6,22,22,1476395008,67108864,67108864,50.10425,28.978275,0.002413,6.438,3,0.022683
threads,0,2,6,23,23,1543503872,67108864,67108864,41.579688,21.695737,0.002434,8.81,3,0.027196
threads,0,2,6,24,24,1610612736,67108864,67108864,43.929516,15.217713,0.004114,10.921,3,0.03795
threads,0,2,6,25,25,1677721600,67108864,67108864,42.368712,16.50984,0.002042,6.76,3,0.024261
threads,0,2,6,26,26,1744830464,67108864,67108864,43.818795,18.449281,0.002129,6.726,3,0.022564
threads,0,2,6,27,27,1811939328,67108864,67108864,49.153902,20.505037,0.005478,11.212,3,0.040517
threads,0,2,6,28,28,1879048192,67108864,67108864,44.379261,4.433369,8.856685,4.418,2,8.877092
threads,0,2,6,29,29,1946157056,67108864,67108864,29.458126,4.8499,0.002084,5.424,2,0.020858
threads,1,2,7,0,30,2013265920,67108864,67108864,63.915587,,0.121503,14.703,0,
threads,1,2,7,1,31,2080374784,67108864,67108864,46.709706,59.497711,0.006637,14.11,1,0.051756
threads,1,2,7,2,32,2147483648,67108864,67108864,85.945314,42.400136,0.006349,12.85,2,0.046597
threads,1,2,7,3,33,2214592512,67108864,67108864,58.603572,4.350619,21.432665,12.185,3,21.464067
threads,1,2,7,4,34,2281701376,67108864,67108864,315.641984,4.387738,0.004871,14.299,3,0.045955
threads,1,2,7,5,35,2348810240,67108864,67108864,47.050158,315.695451,0.006584,15.162,3,0.053467
threads,1,2,7,6,36,2415919104,67108864,67108864,169.878859,47.092389,0.005356,12.252,3,0.042231
threads,1,2,7,7,37,2483027968,67108864,67108864,46.952428,8.190621,0.007461,17.556,3,0.055414
threads,1,2,7,8,38,2550136832,67108864,67108864,43.179694,8.034001,0.005712,10.939,3,0.039754
threads,1,2,7,9,39,2617245696,67108864,67108864,42.435706,8.42412,0.003101,9.18,3,0.027576
threads,1,2,7,10,40,2684354560,67108864,67108864,44.355256,7.422371,0.001316,3.69,3,0.012783
threads,1,2,7,11,41,2751463424,67108864,67108864,44.592369,9.317798,0.002069,4.676,3,0.016927
threads,1,2,7,12,42,2818572288,67108864,67108864,44.883644,8.766331,0.002918,7.099,3,0.026385
threads,1,2,7,13,43,2885681152,67108864,67108864,42.465567,10.429399,0.001317,4.298,3,0.014185
threads,1,2,7,14,44,2952790016,67108864,67108864,43.842334,4.507394,3.289136,4.612,3,3.301558
threads,1,2,7,15,45,3019898880,67108864,67108864,48.048487,4.721079,2.224499,9.093,3,2.246107
threads,1,2,7,16,46,3087007744,67108864,67108864,45.811787,4.306489,2.748331,6.596,3,2.775956
threads,1,2,7,17,47,3154116608,67108864,67108864,44.464005,8.526973,0.0017,4.378,3,0.015331
threads,1,2,7,18,48,3221225472,67108864,67108864,44.782859,10.813706,0.00172,5.902,3,0.019539
threads,1,2,7,19,49,3288334336,67108864,67108864,48.68324,6.289633,0.002313,6.018,3,0.021327
threads,1,2,7,20,50,3355443200,67108864,67108864,50.919339,9.057569,0.00075,2.298,3,0.008315
threads,1,2,7,21,51,3422552064,67108864,67108864,54.087117,19.822313,0.002643,8.158,3,0.024184
threads,1,2,7,22,52,3489660928,67108864,67108864,44.213474,14.043437,0.003321,10.184,3,0.031369
threads,1,2,7,23,53,3556769792,67108864,67108864,53.582157,13.380266,0.002342,5.826,3,0.021131
threads,1,2,7,24,54,3623878656,67108864,67108864,57.359758,20.393672,0.001808,6.983,3,0.019588
threads,1,2,7,25,55,3690987520,67108864,67108864,48.080464,19.373896,0.001921,7.88,3,0.054226
threads,1,2,7,26,56,3758096384,67108864,67108864,42.632486,12.381525,0.00174,3.757,3,0.015198
threads,1,2,7,27,57,3825205248,67108864,67108864,40.433006,11.276663,0.002883,8.799,3,0.029164
threads,1,2,7,28,58,3892314112,67108864,67108864,41.786145,9.985088,0.001992,5.631,3,0.018829
threads,1,2,7,29,59,3959422976,67108864,67108864,35.517981,9.915123,0.001849,4.265,3,0.017411
threads,2,2,8,0,60,4026531840,67108864,67108864,145.416257,4.356167,67.77616,17.647,2,
threads,2,2,8,1,61,4093640704,67108864,67108864,534.30487,18.556627,0.005887,13.382,2,0.042641
threads,2,2,8,2,62,4160749568,67108864,67108864,53.114437,55.9196,0.008536,16.147,3,0.067689
threads,2,2,8,3,63,4227858432,67108864,67108864,47.118877,23.098164,0.005906,12.395,3,0.044642
threads,2,2,8,4,64,4294967296,67108864,67108864,42.796149,9.141318,0.003806,8.755,3,0.029925
threads,2,2,8,5,65,4362076160,67108864,67108864,41.233185,5.115715,0.002645,6.25,3,0.021002
threads,2,2,8,6,66,4429185024,67108864,67108864,41.336619,4.6483,2.190237,11.493,3,2.217053
threads,2,2,8,7,67,4496293888,67108864,67108864,42.285634,4.750823,1.106871,11.03,3,1.140137
threads,2,2,8,8,68,4563402752,67108864,67108864,40.305971,4.343728,2.867167,5.017,3,2.884587
threads,2,2,8,9,69,4630511616,67108864,67108864,46.53723,4.301436,2.914103,4.127,3,2.92879
threads,2,2,8,10,70,4697620480,67108864,67108864,43.208732,4.384126,5.132901,8.48,3,5.1519
threads,2,2,8,11,71,4764729344,67108864,67108864,51.21515,4.325083,2.647366,6.503,3,2.666024
threads,2,2,8,12,72,4831838208,67108864,67108864,41.584481,12.082989,0.003259,6.485,3,0.023883
threads,2,2,8,13,73,4898947072,67108864,67108864,39.983095,7.56117,0.002255,7.057,3,0.022153
threads,2,2,8,14,74,4966055936,67108864,67108864,49.296967,4.367604,2.196041,5.136,3,2.213716
threads,2,2,8,15,75,5033164800,67108864,67108864,45.901005,9.297941,0.003661,8.543,3,0.031292
threads,2,2,8,16,76,5100273664,67108864,67108864,40.160026,11.43718,0.002783,6.444,3,0.022614
threads,2,2,8,17,77,5167382528,67108864,67108864,54.57466,3.995661,0.00195,5.497,3,0.018753
threads,2,2,8,18,78,5234491392,67108864,67108864,42.451037,4.370363,0.95356,6.688,2,0.97259
threads,2,2,8,19,79,5301600256,67108864,67108864,45.548293,4.585399,2.189223,10.66,3,2.210893
threads,2,2,8,20,80,5368709120,67108864,67108864,57.500197,4.556913,1.09605,7.964,3,1.115484
threads,2,2,8,21,81,5435817984,67108864,67108864,57.216358,4.74609,1.100517,13.193,3,1.12836
threads,2,2,8,22,82,5502926848,67108864,67108864,42.642492,4.202664,2.161638,4.922,3,2.187398
threads,2,2,8,23,83,5570035712,67108864,67108864,40.592022,4.493192,1.103944,5.43,3,1.12402
threads,2,2,8,24,84,5637144576,67108864,67108864,39.579942,4.321618,1.125466,11.223,3,1.151388
threads,2,2,8,25,85,5704253440,67108864,67108864,38.843578,4.362059,2.267803,6.631,3,2.293579
threads,2,2,8,26,86,5771362304,67108864,67108864,37.225369,4.374737,3.247618,7.953,3,3.280111
threads,2,2,8,27,87,5838471168,67108864,67108864,36.590704,37.246629,0.002515,6.692,2,0.02126
threads,2,2,8,28,88,5905580032,67108864,67108864,38.448842,27.529571,0.002326,5.665,2,0.019703
threads,2,2,8,29,89,5972688896,67108864,67108864,27.316269,21.611445,0.00298,8.827,2,0.033151
threads,3,2,9,0,90,6039797760,67108864,67108864,550.044946,4.318581,141.692411,9.01,3,
threads,3,2,9,1,91,6106906624,67108864,67108864,147.044523,52.664973,0.009488,65.526,3,0.108762
threads,3,2,9,2,92,6174015488,67108864,67108864,46.796756,11.823828,0.006022,11.648,3,0.04164
threads,3,2,9,3,93,6241124352,67108864,67108864,43.866881,13.322402,0.005397,12.215,3,0.045998
threads,3,2,9,4,94,6308233216,67108864,67108864,42.354286,12.349038,0.007057,12.507,3,0.050772
threads,3,2,9,5,95,6375342080,67108864,67108864,45.538595,8.632385,0.001757,5.569,3,0.019947
threads,3,2,9,6,96,6442450944,67108864,67108864,43.257375,5.19638,0.004601,10.237,3,0.038721
threads,3,2,9,7,97,6509559808,67108864,67108864,49.125822,4.110647,0.002092,6.538,3,0.019678
threads,3,2,9,8,98,6576668672,67108864,67108864,45.91053,4.333718,2.455972,3.677,2,2.480618
threads,3,2,9,9,99,6643777536,67108864,67108864,43.46002,6.420247,0.002063,8.223,3,0.023269
threads,3,2,9,10,100,6710886400,67108864,67108864,44.920453,6.659146,0.002591,6.51,3,0.021107
threads,3,2,9,11,101,6777995264,67108864,67108864,45.366561,5.107817,1.184806,7.516,3,1.208
threads,3,2,9,12,102,6845104128,67108864,67108864,44.378752,6.809463,0.002314,6.498,3,0.023816
threads,3,2,9,13,103,6912212992,67108864,67108864,42.604394,7.742646,0.001767,6.003,3,0.01917
threads,3,2,9,14,104,6979321856,67108864,67108864,47.576021,4.616729,1.140774,14.904,3,1.179986
threads,3,2,9,15,105,7046430720,67108864,67108864,58.435511,5.345008,0.005973,12.323,3,0.044277
threads,3,2,9,16,106,7113539584,67108864,67108864,43.786648,4.350112,5.432509,2.772,3,5.457512
threads,3,2,9,17,107,7180648448,67108864,67108864,44.557677,4.585958,1.098848,3.779,3,1.111128
threads,3,2,9,18,108,7247757312,67108864,67108864,55.014609,4.51052,2.014199,4.177,3,2.030662
threads,3,2,9,19,109,7314866176,67108864,67108864,50.865842,4.315723,3.403837,3.873,3,3.419151
threads,3,2,9,20,110,7381975040,67108864,67108864,43.44905,9.815736,0.002337,4.763,3,0.019527
threads,3,2,9,21,111,7449083904,67108864,67108864,41.896409,11.674082,0.002585,8.621,3,0.026934
threads,3,2,9,22,112,7516192768,67108864,67108864,41.814289,9.635289,0.001903,5.242,3,0.018575
threads,3,2,9,23,113,7583301632,67108864,67108864,42.088677,9.077093,0.002086,5.241,3,0.018791
threads,3,2,9,24,114,7650410496,67108864,67108864,41.726591,7.328792,0.002265,6.36,3,0.022334
threads,3,2,9,25,115,7717519360,67108864,67108864,43.963903,4.647467,4.526013,6.446,1,4.542242
threads,3,2,9,26,116,7784628224,67108864,67108864,53.688288,12.020648,0.002053,5.764,2,0.019685
threads,3,2,9,27,117,7851737088,67108864,67108864,36.23847,27.250285,0.002609,6.55,1,0.023342
threads,3,2,9,28,118,7918845952,67108864,67108864,36.131495,36.260905,0.002702,6.891,0,0.022435
threads,3,2,9,29,119,7985954816,59027232,59027232,22.899051,36.159456,0.002706,5.934,0,0.027961
threads,0,2,6,0,0,0,67108864,67108864,112.627805,4.373466,88.532575,3.58,3,
threads,0,2,6,1,1,67108864,67108864,67108864,41.757488,4.317935,2.43786,10.902,2,2.457353
threads,0,2,6,2,2,134217728,67108864,67108864,36.645811,7.747268,0.002102,3.121,3,0.012699
threads,0,2,6,3,3,201326592,67108864,67108864,41.374161,4.268813,1.158828,3.483,3,1.169395
threads,0,2,6,4,4,268435456,67108864,67108864,36.324531,4.331201,4.292952,4.06,3,4.304715
threads,0,2,6,5,5,335544320,67108864,67108864,49.10582,4.048093,1.08941,4.515,3,1.099964
threads,0,2,6,6,6,402653184,67108864,67108864,40.290472,4.603287,3.287276,4.291,3,3.299367
threads,0,2,6,7,7,469762048,67108864,67108864,41.616414,7.948789,0.001135,3.756,3,0.013113
threads,0,2,6,8,8,536870912,67108864,67108864,47.405966,8.036899,0.001298,3.26,3,0.010965
threads,0,2,6,9,9,603979776,67108864,67108864,50.845099,5.492254,0.000972,2.247,3,0.008915
threads,0,2,6,10,10,671088640,67108864,67108864,48.404568,8.066904,0.001112,2.813,3,0.010078
threads,0,2,6,11,11,738197504,67108864,67108864,43.254911,16.197933,0.001712,3.503,3,0.014335
threads,0,2,6,12,12,805306368,67108864,67108864,47.863133,17.265832,0.00115,2.691,3,0.009567
threads,0,2,6,13,13,872415232,67108864,67108864,43.842637,21.031148,0.000742,2.949,3,0.010354
threads,0,2,6,14,14,939524096,67108864,67108864,45.192915,22.455603,0.000747,2.62,3,0.009066
threads,0,2,6,15,15,1006632960,67108864,67108864,39.698406,24.873877,0.001216,3.939,3,0.013466
threads,0,2,6,16,16,1073741824,67108864,67108864,46.617026,21.633578,0.001211,2.477,3,0.009244
threads,0,2,6,17,17,1140850688,67108864,67108864,43.831878,28.740737,0.000893,2.204,3,0.009179
threads,0,2,6,18,18,1207959552,67108864,67108864,45.784333,27.220063,0.001523,3.468,3,0.015401
threads,0,2,6,19,19,1275068416,67108864,67108864,40.356433,29.256232,0.265855,1.966,3,0.272615
threads,0,2,6,20,20,1342177280,67108864,67108864,44.75947,26.415358,0.000786,2.249,3,0.00775
threads,0,2,6,21,21,1409286144,67108864,67108864,48.605968,4.337855,4.297423,2.685,3,4.307195
threads,0,2,6,22,22,1476395008,67108864,67108864,41.68478,4.328347,3.087141,2.631,3,3.096196
threads,0,2,6,23,23,1543503872,67108864,67108864,38.863465,8.809696,0.001015,3.014,3,0.010768
threads,0,2,6,24,24,1610612736,67108864,67108864,40.918978,4.588969,1.093678,2.873,3,1.102919
threads,0,2,6,25,25,1677721600,67108864,67108864,39.88605,4.774781,0.000923,2.743,3,0.011295
threads,0,2,6,26,26,1744830464,67108864,67108864,46.502763,4.593867,0.001042,2.756,3,0.010889
threads,0,2,6,27,27,1811939328,67108864,67108864,53.99792,4.433984,0.007452,2.676,1,0.015579
threads,0,2,6,28,28,1879048192,67108864,67108864,33.076716,54.004277,0.000802,0.983,0,0.006357
threads,0,2,6,29,29,1946157056,67108864,67108864,26.371502,28.798067,0.001803,2.479,0,0.009294
threads,1,2,7,0,30,2013265920,67108864,67108864,38.195965,,0.027004,7.682,0,
threads,1,2,7,1,31,2080374784,67108864,67108864,39.157056,37.35271,41.791259,4.702,2,41.808218
threads,1,2,7,2,32,2147483648,67108864,67108864,77.146267,30.470042,0.000938,2.415,3,0.010446
threads,1,2,7,3,33,2214592512,67108864,67108864,41.781789,4.331735,11.790685,2.789,3,11.800584
threads,1,2,7,4,34,2281701376,67108864,67108864,45.197837,4.353645,0.001209,2.83,3,0.010308
threads,1,2,7,5,35,2348810240,67108864,67108864,39.029525,11.749715,0.001522,3.401,3,0.013439
threads,1,2,7,6,36,2415919104,67108864,67108864,47.415484,5.108309,0.000942,2.59,3,0.007945
threads,1,2,7,7,37,2483027968,67108864,67108864,43.334709,15.107035,0.000751,2.066,3,0.007737
threads,1,2,7,8,38,2550136832,67108864,67108864,37.981996,6.046236,0.001259,2.43,3,0.009679
threads,1,2,7,9,39,2617245696,67108864,67108864,52.03646,4.872023,1.135647,4.458,3,1.147376
threads,1,2,7,10,40,2684354560,67108864,67108864,50.811457,15.29041,0.000849,3.048,3,0.009306
threads,1,2,7,11,41,2751463424,67108864,67108864,40.617504,18.694053,0.000852,1.821,3,0.007067
threads,1,2,7,12,42,2818572288,67108864,67108864,51.352172,8.469036,0.001411,3.521,3,0.012656
threads,1,2,7,13,43,2885681152,67108864,67108864,44.844681,11.412983,0.001039,3.083,3,0.010678
threads,1,2,7,14,44,2952790016,67108864,67108864,44.246899,13.002192,0.000777,3.044,3,0.009006
threads,1,2,7,15,45,3019898880,67108864,67108864,43.928264,9.389046,0.00108,3.244,3,0.013442
threads,1,2,7,16,46,3087007744,67108864,67108864,45.826252,9.477115,0.000987,3.033,3,0.011508
threads,1,2,7,17,47,3154116608,67108864,67108864,38.804545,4.305434,3.305024,3.061,3,3.315349
threads,1,2,7,18,48,3221225472,67108864,67108864,40.650973,8.44669,0.001001,2.104,3,0.007836
threads,1,2,7,19,49,3288334336,67108864,67108864,45.747729,4.407473,2.176358,3.954,3,2.184903
threads,1,2,7,20,50,3355443200,67108864,67108864,41.591908,4.244566,1.870479,3.285,3,1.879448
threads,1,2,7,21,51,3422552064,67108864,67108864,47.436365,4.040082,0.042556,3.927,3,0.052244
threads,1,2,7,22,52,3489660928,67108864,67108864,36.495298,10.193791,0.000847,2.211,3,0.008314
threads,1,2,7,23,53,3556769792,67108864,67108864,42.556569,4.806129,2.192795,2.638,3,2.203161
threads,1,2,7,24,54,3623878656,67108864,67108864,37.20399,8.560643,0.001247,2.461,3,0.011119
threads,1,2,7,25,55,3690987520,67108864,67108864,44.177146,6.164982,0.000873,2.687,3,0.010209
threads,1,2,7,26,56,3758096384,67108864,67108864,40.735797,9.102539,0.001063,2.884,3,0.009965
threads,1,2,7,27,57,3825205248,67108864,67108864,40.06827,11.444411,0.000848,2.499,3,0.008664
threads,1,2,7,28,58,3892314112,67108864,67108864,46.666192,10.263642,0.001216,2.607,3,0.009583
threads,1,2,7,29,59,3959422976,67108864,67108864,26.830219,34.25977,0.001563,3.052,2,0.012033
threads,2,2,8,0,60,4026531840,67108864,67108864,42.004605,38.107702,37.877255,4.642,1,
threads,2,2,8,1,61,4093640704,67108864,67108864,42.943375,4.323994,4.201185,3.906,2,4.21587
threads,2,2,8,2,62,4160749568,67108864,67108864,67.890266,8.12197,0.001392,5.141,3,0.022103
threads,2,2,8,3,63,4227858432,67108864,67108864,37.649075,63.658367,0.001109,3.362,3,0.012768
threads,2,2,8,4,64,4294967296,67108864,67108864,40.853894,24.739889,0.001786,3.472,3,0.012661
threads,2,2,8,5,65,4362076160,67108864,67108864,43.666495,23.815673,0.000991,3.431,3,0.013987
threads,2,2,8,6,66,4429185024,67108864,67108864,39.803732,22.295315,0.002785,7.501,3,0.024423
threads,2,2,8,7,67,4496293888,67108864,67108864,52.521576,23.072553,0.001123,3.486,3,0.010976
threads,2,2,8,8,68,4563402752,67108864,67108864,34.988373,28.178675,0.000799,2.024,3,0.007767
threads,2,2,8,9,69,4630511616,67108864,67108864,43.918915,19.830298,0.000743,2.213,3,0.007638
threads,2,2,8,10,70,4697620480,67108864,67108864,49.026475,24.639791,0.002793,5.159,3,0.01995
threads,2,2,8,11,71,4764729344,67108864,67108864,39.371559,21.628557,0.001025,1.988,3,0.008057
threads,2,2,8,12,72,4831838208,67108864,67108864,44.493491,10.19416,0.00134,3.841,3,0.012568
threads,2,2,8,13,73,4898947072,67108864,67108864,38.708252,14.068163,0.001003,3.242,3,0.010672
threads,2,2,8,14,74,4966055936,67108864,67108864,46.459005,4.309098,2.884742,2.968,3,2.895533
threads,2,2,8,15,75,5033164800,67108864,67108864,39.542158,5.930709,0.001467,4.608,3,0.016293
threads,2,2,8,16,76,5100273664,67108864,67108864,40.014958,4.34452,3.116603,6.363,3,3.131994
threads,2,2,8,17,77,5167382528,67108864,67108864,40.360081,4.461922,4.0244,8.41,3,4.042216
threads,2,2,8,18,78,5234491392,67108864,67108864,34.658008,9.106901,0.001321,3.078,3,0.014164
threads,2,2,8,19,79,5301600256,67108864,67108864,43.862168,4.070376,0.001154,2.887,3,0.013117
threads,2,2,8,20,80,5368709120,67108864,67108864,47.778509,4.319264,2.997321,9.131,3,3.012925
threads,2,2,8,21,81,5435817984,67108864,67108864,39.01011,8.262069,0.001041,2.948,3,0.011575
threads,2,2,8,22,82,5502926848,67108864,67108864,40.151022,4.053757,2.828729,3.374,3,2.838526
threads,2,2,8,23,83,5570035712,67108864,67108864,39.741564,4.980544,1.126145,4.491,3,1.139948
threads,2,2,8,24,84,5637144576,67108864,67108864,43.138779,25.230035,0.000943,1.951,3,0.006702
threads,2,2,8,25,85,5704253440,67108864,67108864,39.602133,19.465882,0.001343,2.927,3,0.01225
threads,2,2,8,26,86,5771362304,67108864,67108864,41.241699,20.704399,0.000797,2.065,3,0.007727
threads,2,2,8,27,87,5838471168,67108864,67108864,38.394162,16.74075,0.00078,2.642,3,0.007855
threads,2,2,8,28,88,5905580032,67108864,67108864,41.249834,15.438632,0.000809,2.558,3,0.008427
threads,2,2,8,29,89,5972688896,67108864,67108864,28.649078,17.329572,0.001014,2.46,3,0.008788
threads,3,2,9,0,90,6039797760,67108864,67108864,86.278091,4.543771,42.394011,5.518,1,
threads,3,2,9,1,91,6106906624,67108864,67108864,65.176898,4.244667,2.594637,3.222,3,2.608758
threads,3,2,9,2,92,6174015488,67108864,67108864,37.197096,4.272177,2.738251,4.361,2,2.753646
threads,3,2,9,3,93,6241124352,67108864,67108864,41.281231,4.951295,1.129392,2.982,3,1.143758
threads,3,2,9,4,94,6308233216,67108864,67108864,45.607366,5.377075,0.001649,3.999,3,0.01243
threads,3,2,9,5,95,6375342080,67108864,67108864,37.699669,7.302645,0.000821,2.077,3,0.009122
threads,3,2,9,6,96,6442450944,67108864,67108864,49.666069,5.19554,0.000954,1.981,3,0.007934
threads,3,2,9,7,97,6509559808,67108864,67108864,36.946513,4.51619,2.17314,2.964,3,2.183924
threads,3,2,9,8,98,6576668672,67108864,67108864,41.529948,6.478262,0.001101,3.491,3,0.01157
threads,3,2,9,9,99,6643777536,67108864,67108864,49.947141,4.078666,0.001098,2.388,3,0.009321
threads,3,2,9,10,100,6710886400,67108864,67108864,48.262121,5.00366,0.001338,3.571,3,0.012385
threads,3,2,9,11,101,6777995264,67108864,67108864,40.28019,13.90006,0.001609,5.15,3,0.018406
threads,3,2,9,12,102,6845104128,67108864,67108864,42.174893,9.683771,0.000842,2.026,3,0.007684
threads,3,2,9,13,103,6912212992,67108864,67108864,44.096942,10.276565,0.002154,5.624,3,0.021686
threads,3,2,9,14,104,6979321856,67108864,67108864,42.417771,7.909438,0.001021,3.412,3,0.011229
threads,3,2,9,15,105,7046430720,67108864,67108864,42.777733,7.662534,0.001489,2.68,3,0.009477
threads,3,2,9,16,106,7113539584,67108864,67108864,40.771676,6.393467,0.001287,3.594,3,0.010374
threads,3,2,9,17,107,7180648448,67108864,67108864,39.509607,4.661737,2.165209,2.65,3,2.176273
threads,3,2,9,18,108,7247757312,67108864,67108864,45.361074,5.368402,0.000935,2.802,3,0.009439
threads,3,2,9,19,109,7314866176,67108864,67108864,41.44412,7.900479,0.000798,1.772,3,0.006879
threads,3,2,9,20,110,7381975040,67108864,67108864,43.193681,4.294081,2.566912,3.948,3,2.576659
threads,3,2,9,21,111,7449083904,67108864,67108864,42.819853,5.854986,0.001505,3.683,3,0.011376
threads,3,2,9,22,112,7516192768,67108864,67108864,48.907115,4.32444,3.084116,2.817,3,3.09428
threads,3,2,9,23,113,7583301632,67108864,67108864,38.364127,14.541163,0.001089,2.06,3,0.008067
threads,3,2,9,24,114,7650410496,67108864,67108864,45.199116,6.016471,0.000965,1.884,3,0.007216
threads,3,2,9,25,115,7717519360,67108864,67108864,39.697267,9.534126,0.001129,2.973,3,0.014087
threads,3,2,9,26,116,7784628224,67108864,67108864,39.35618,9.272449,0.000787,1.805,3,0.00744
threads,3,2,9,27,117,7851737088,67108864,67108864,40.002312,7.709858,0.0012,3.144,3,0.011502
threads,3,2,9,28,118,7918845952,67108864,67108864,34.318814,7.824588,0.000749,2.639,3,0.009357
threads,3,2,9,29,119,7985954816,59027232,59027232,21.537914,4.287943,62.652759,4.088,1,62.66716
threads,0,2,6,0,0,0,67108864,67108864,143.768876,4.352744,57.79553,6.955,2,
threads,0,2,6,1,1,67108864,67108864,67108864,67.83795,18.99735,0.003997,15.498,2,0.047562
threads,0,2,6,2,2,134217728,67108864,67108864,59.488595,63.550943,0.008813,19.394,3,0.064215
threads,0,2,6,3,3,201326592,67108864,67108864,52.085361,20.486326,0.008176,18.35,3,0.063964
threads,0,2,6,4,4,268435456,67108864,67108864,48.328084,8.47579,0.00757,16.926,3,0.055996
threads,0,2,6,5,5,335544320,67108864,67108864,52.480382,5.693872,0.004178,8.338,3,0.032637
threads,0,2,6,6,6,402653184,67108864,67108864,47.497255,4.286472,0.004262,10.005,3,0.033755
threads,0,2,6,7,7,469762048,67108864,67108864,69.178292,4.611811,1.195262,18.146,3,1.238459
threads,0,2,6,8,8,536870912,67108864,67108864,55.498368,5.38328,0.003378,8.072,3,0.026919
threads,0,2,6,9,9,603979776,67108864,67108864,58.384418,9.917145,0.003478,7.45,3,0.027871
threads,0,2,6,10,10,671088640,67108864,67108864,55.479483,10.879231,0.007824,17.191,3,0.06224
threads,0,2,6,11,11,738197504,67108864,67108864,46.956401,9.698983,0.005813,14.024,3,0.049148
threads,0,2,6,12,12,805306368,67108864,67108864,49.943971,31.862219,0.003584,7.659,3,0.027639
threads,0,2,6,13,13,872415232,67108864,67108864,58.929191,35.217684,0.007391,16.313,3,0.0592
threads,0,2,6,14,14,939524096,67108864,67108864,48.4306,24.289335,0.005068,11.394,3,0.041095
threads,0,2,6,15,15,1006632960,67108864,67108864,47.164329,21.784721,0.005241,83.123,3,0.112064
threads,0,2,6,16,16,1073741824,67108864,67108864,48.270458,21.804356,0.007287,15.41,3,0.05818
threads,0,2,6,17,17,1140850688,67108864,67108864,48.232224,23.429714,0.006901,14.591,3,0.055193
threads,0,2,6,18,18,1207959552,67108864,67108864,58.208455,24.190324,0.005836,14.328,3,0.049603
threads,0,2,6,19,19,1275068416,67108864,67108864,60.083775,31.640508,0.008276,14.452,3,0.054441
threads,0,2,6,20,20,1342177280,67108864,67108864,54.064234,30.155589,0.0055,11.526,3,0.042538
threads,0,2,6,21,21,1409286144,67108864,67108864,60.938705,25.596088,0.007271,16.304,3,0.058088
threads,0,2,6,22,22,1476395008,67108864,67108864,49.226456,33.508875,0.007171,17.365,3,0.05516
threads,0,2,6,23,23,1543503872,67108864,67108864,57.508861,36.655366,0.009467,25.032,3,0.078018
threads,0,2,6,24,24,1610612736,67108864,67108864,48.655756,36.295146,0.007038,16.52,3,0.055027
threads,0,2,6,25,25,1677721600,67108864,67108864,61.979753,33.832712,0.007404,15.784,3,0.056635
threads,0,2,6,26,26,1744830464,67108864,67108864,55.976967,37.097493,0.006185,15.162,3,0.053465
threads,0,2,6,27,27,1811939328,67108864,67108864,45.656402,33.678024,0.006937,15.39,3,0.055076
threads,0,2,6,28,28,1879048192,67108864,67108864,42.441109,30.880595,0.009598,19.051,3,0.067811
threads,0,2,6,29,29,1946157056,67108864,67108864,34.789495,4.309268,8.414454,5.169,2,8.449828
threads,1,2,7,0,30,2013265920,67108864,67108864,119.100974,4.426303,3.526308,11.673,1,
threads,1,2,7,1,31,2080374784,67108864,67108864,63.33385,20.046077,0.005789,12.911,2,0.044874
threads,1,2,7,2,32,2147483648,67108864,67108864,70.88448,4.351222,20.060199,9.39,3,20.0889
threads,1,2,7,3,33,2214592512,67108864,67108864,56.395075,7.371535,0.004138,11.452,3,0.037998
threads,1,2,7,4,34,2281701376,67108864,67108864,48.59875,4.239603,0.002385,7.089,3,0.025552
threads,1,2,7,5,35,2348810240,67108864,67108864,63.934684,4.353829,3.635643,5.028,3,3.656833
threads,1,2,7,6,36,2415919104,67108864,67108864,45.516409,19.993042,0.008592,17.628,3,0.06525
threads,1,2,7,7,37,2483027968,67108864,67108864,43.430847,13.05393,0.007036,16.959,3,0.058616
threads,1,2,7,8,38,2550136832,67108864,67108864,61.582423,7.779935,0.00258,7.644,3,0.030872
threads,1,2,7,9,39,2617245696,67108864,67108864,58.501019,4.320981,4.146042,4.693,3,4.163834
threads,1,2,7,10,40,2684354560,67108864,67108864,53.422753,7.34878,0.006634,13.738,3,0.053019
threads,1,2,7,11,41,2751463424,67108864,67108864,52.318549,4.506783,2.159296,6.858,3,2.181908
threads,1,2,7,12,42,2818572288,67108864,67108864,47.40671,5.75887,4.438973,6.297,3,4.462169
threads,1,2,7,13,43,2885681152,67108864,67108864,46.431126,4.21064,4.045619,8.953,2,4.062848
threads,1,2,7,14,44,2952790016,67108864,67108864,52.323569,4.475586,2.148638,6.319,3,2.172904
threads,1,2,7,15,45,3019898880,67108864,67108864,51.905677,4.476996,6.534003,7.62,3,6.557403
threads,1,2,7,16,46,3087007744,67108864,67108864,49.816173,4.007794,0.004071,8.256,3,0.02883
threads,1,2,7,17,47,3154116608,67108864,67108864,44.133698,5.999187,3.401882,8.821,3,3.43373
threads,1,2,7,18,48,3221225472,67108864,67108864,52.495839,6.056473,0.004088,9.899,3,0.035944
threads,1,2,7,19,49,3288334336,67108864,67108864,51.008803,18.291572,0.02073,11.384,3,0.058399
threads,1,2,7,20,50,3355443200,67108864,67108864,50.708113,11.067947,0.003569,9.202,3,0.030468
threads,1,2,7,21,51,3422552064,67108864,67108864,50.385773,4.263325,2.560526,8.56,3,2.613578
threads,1,2,7,22,52,3489660928,67108864,67108864,60.342615,4.344073,3.779852,7.909,3,3.817297
threads,1,2,7,23,53,3556769792,67108864,67108864,54.303545,4.255699,0.538667,7.661,3,0.562876
threads,1,2,7,24,54,3623878656,67108864,67108864,49.708279,9.280348,0.002994,7.454,3,0.025578
threads,1,2,7,25,55,3690987520,67108864,67108864,52.861925,4.240007,2.785969,3.107,3,2.815268
threads,1,2,7,26,56,3758096384,67108864,67108864,54.126275,8.457511,0.007011,16.22,3,0.06797
threads,1,2,7,27,57,3825205248,67108864,67108864,57.54899,4.231627,3.652025,3.666,3,3.681059
threads,1,2,7,28,58,3892314112,67108864,67108864,82.261679,5.785979,0.004258,11.707,3,0.037405
threads,1,2,7,29,59,3959422976,67108864,67108864,30.067728,42.379047,0.007027,15.599,2,0.055602
threads,2,2,8,0,60,4026531840,67108864,67108864,181.572883,4.408414,126.987516,5.441,3,
threads,2,2,8,1,61,4093640704,67108864,67108864,64.084337,14.033989,0.007634,16.007,3,0.058629
threads,2,2,8,2,62,4160749568,67108864,67108864,51.082169,28.587849,0.008895,17.23,3,0.067556
threads,2,2,8,3,63,4227858432,67108864,67108864,53.863914,28.568294,0.008442,16.146,3,0.06047
threads,2,2,8,4,64,4294967296,67108864,67108864,48.343255,23.746513,0.007122,15.73,3,0.057623
threads,2,2,8,5,65,4362076160,67108864,67108864,68.369381,24.647566,0.007115,25.208,3,0.06712
threads,2,2,8,6,66,4429185024,67108864,67108864,50.933136,37.573292,0.007448,19.744,3,0.064361
threads,2,2,8,7,67,4496293888,67108864,67108864,57.419255,37.210998,0.006721,16.942,3,0.059238
threads,2,2,8,8,68,4563402752,67108864,67108864,56.654932,33.20972,0.006726,17.015,3,0.065317
threads,2,2,8,9,69,4630511616,67108864,67108864,60.40437,29.957232,0.006159,13.735,3,0.053947
threads,2,2,8,10,70,4697620480,67108864,67108864,46.127549,6.033748,2.28393,12.416,3,2.312401
threads,2,2,8,11,71,4764729344,67108864,67108864,55.35771,4.369661,2.187307,14.408,3,2.211535
threads,2,2,8,12,72,4831838208,67108864,67108864,52.352892,4.278937,3.473468,8.909,2,3.521852
threads,2,2,8,13,73,4898947072,67108864,67108864,51.209621,8.139982,0.006432,14.387,3,0.050817
threads,2,2,8,14,74,4966055936,67108864,67108864,44.089615,12.175983,0.005683,13.858,3,0.048889
threads,2,2,8,15,75,5033164800,67108864,67108864,62.10834,7.962688,0.001787,6.871,3,0.022741
threads,2,2,8,16,76,5100273664,67108864,67108864,60.672784,4.274672,0.7461,10.63,3,0.777043
threads,2,2,8,17,77,5167382528,67108864,67108864,56.225269,13.948817,0.005332,11.724,3,0.040632
threads,2,2,8,18,78,5234491392,67108864,67108864,43.025168,17.184271,0.288406,13.521,3,0.331876
threads,2,2,8,19,79,5301600256,67108864,67108864,55.767728,6.023778,0.000711,3.993,3,0.017409
threads,2,2,8,20,80,5368709120,67108864,67108864,57.656938,4.290627,3.380348,4.209,3,3.404612
threads,2,2,8,21,81,5435817984,67108864,67108864,47.921593,7.65333,0.004024,9.94,3,0.034888
threads,2,2,8,22,82,5502926848,67108864,67108864,60.66198,4.168774,1.104061,5.034,3,1.117398
threads,2,2,8,23,83,5570035712,67108864,67108864,48.591653,11.964207,0.007265,17.988,3,0.063348
threads,2,2,8,24,84,5637144576,67108864,67108864,54.997423,4.969713,2.204092,6.698,3,2.221187
threads,2,2,8,25,85,5704253440,67108864,67108864,78.242614,4.267929,1.864417,7.79,3,1.887188
threads,2,2,8,26,86,5771362304,67108864,67108864,39.004761,4.202622,3.993919,8.945,1,4.00936
threads,2,2,8,27,87,5838471168,67108864,67108864,35.485522,34.750659,0.0061,14.043,1,0.055166
threads,2,2,8,28,88,5905580032,67108864,67108864,35.476449,35.526534,0.005342,12.154,0,0.041012
threads,2,2,8,29,89,5972688896,67108864,67108864,26.731549,35.514557,0.005153,10.543,0,0.038108
threads,3,2,9,0,90,6039797760,67108864,67108864,54.411067,,0.041064,10.1,0,
threads,3,2,9,1,91,6106906624,67108864,67108864,48.98819,50.048194,0.008177,17.396,1,0.06343
threads,3,2,9,2,92,6174015488,67108864,67108864,80.041034,44.698833,0.008144,16.866,2,0.063387
threads,3,2,9,3,93,6241124352,67108864,67108864,111.885456,55.665764,0.008978,21.0,3,0.079221
threads,3,2,9,4,94,6308233216,67108864,67108864,49.529427,17.660709,0.005141,12.315,3,0.046303
threads,3,2,9,5,95,6375342080,67108864,67108864,51.12129,10.838115,0.013952,16.342,3,0.068606
threads,3,2,9,6,96,6442450944,67108864,67108864,57.64108,9.744726,0.004578,9.786,3,0.040904
threads,3,2,9,7,97,6509559808,67108864,67108864,47.479826,4.48811,1.074326,8.69,3,1.102238
threads,3,2,9,8,98,6576668672,67108864,67108864,55.440222,6.422407,0.003248,7.617,3,0.029496
threads,3,2,9,9,99,6643777536,67108864,67108864,49.1275,18.468704,0.007709,20.025,3,0.067794
threads,3,2,9,10,100,6710886400,67108864,67108864,61.455434,4.077115,2.21213,3.015,3,2.227168
threads,3,2,9,11,101,6777995264,67108864,67108864,59.9272,7.008927,0.003291,8.456,3,0.030416
threads,3,2,9,12,102,6845104128,67108864,67108864,54.730766,11.365633,0.003754,9.569,3,0.034167
threads,3,2,9,13,103,6912212992,67108864,67108864,41.018568,9.362951,0.005523,11.744,3,0.04727
threads,3,2,9,14,104,6979321856,67108864,67108864,69.844353,4.541099,5.601202,13.993,3,5.629138
threads,3,2,9,15,105,7046430720,67108864,67108864,50.985425,25.835704,0.006371,15.704,3,0.054282
threads,3,2,9,16,106,7113539584,67108864,67108864,47.16405,18.00201,0.007155,16.774,3,0.061853
threads,3,2,9,17,107,7180648448,67108864,67108864,46.664374,13.270377,0.00452,11.536,3,0.038824
threads,3,2,9,18,108,7247757312,67108864,67108864,47.474314,6.720767,0.004666,9.612,3,0.035919
threads,3,2,9,19,109,7314866176,67108864,67108864,50.777851,10.072342,0.005537,13.538,3,0.046903
threads,3,2,9,20,110,7381975040,67108864,67108864,59.513091,4.056144,0.004519,9.526,3,0.034861
threads,3,2,9,21,111,7449083904,67108864,67108864,58.643164,4.95396,2.070346,9.328,3,2.098141
threads,3,2,9,22,112,7516192768,67108864,67108864,53.023295,7.078638,0.003977,13.673,3,0.038659
threads,3,2,9,23,113,7583301632,67108864,67108864,46.138188,17.117139,0.007906,15.613,3,0.057783
threads,3,2,9,24,114,7650410496,67108864,67108864,55.731621,4.102782,0.001741,5.677,3,0.019795
threads,3,2,9,25,115,7717519360,67108864,67108864,51.152927,4.335064,2.167149,7.754,3,2.192487
threads,3,2,9,26,116,7784628224,67108864,67108864,56.574768,6.470898,0.002151,5.606,3,0.021898
threads,3,2,9,27,117,7851737088,67108864,67108864,59.410994,4.514007,2.17179,6.738,3,2.193669
threads,3,2,9,28,118,7918845952,67108864,67108864,48.492288,13.152679,0.004769,10.682,3,0.040518
threads,3,2,9,29,119,7985954816,59027232,59027232,35.08908,4.78971,0.00312,7.4,3,0.029354
threads,0,2,6,0,0,0,67108864,67108864,114.133958,4.468489,109.065608,9.07,2,
threads,0,2,6,1,1,67108864,67108864,67108864,52.368956,4.331784,3.147703,13.429,3,3.178314
threads,0,2,6,2,2,134217728,67108864,67108864,51.400862,10.4269,0.00523,11.55,3,0.038087
threads,0,2,6,3,3,201326592,67108864,67108864,46.967021,17.988662,0.004248,10.529,3,0.036538
threads,0,2,6,4,4,268435456,67108864,67108864,51.76351,17.439647,0.005337,10.838,3,0.039266
threads,0,2,6,5,5,335544320,67108864,67108864,48.12582,24.11577,0.005654,12.219,3,0.04094
threads,0,2,6,6,6,402653184,67108864,67108864,50.588165,17.982843,0.011719,11.726,3,0.049006
threads,0,2,6,7,7,469762048,67108864,67108864,41.563524,19.42195,0.004447,10.1,3,0.03444
threads,0,2,6,8,8,536870912,67108864,67108864,45.460533,9.456524,0.004,10.367,3,0.036531
threads,0,2,6,9,9,603979776,67108864,67108864,44.997091,4.37464,4.231355,6.18,3,4.252142
threads,0,2,6,10,10,671088640,67108864,67108864,55.413045,9.473624,0.004705,9.989,3,0.034518
threads,0,2,6,11,11,738197504,67108864,67108864,59.919765,24.484026,0.005067,10.605,3,0.037909
threads,0,2,6,12,12,805306368,67108864,67108864,55.142099,25.139177,0.003962,9.842,3,0.033676
threads,0,2,6,13,13,872415232,67108864,67108864,51.725387,23.354031,0.004625,11.1,3,0.041591
threads,0,2,6,14,14,939524096,67108864,67108864,44.105292,28.202558,0.004701,11.189,3,0.039123
threads,0,2,6,15,15,1006632960,67108864,67108864,41.860952,25.271514,0.003593,10.153,3,0.033808
threads,0,2,6,16,16,1073741824,67108864,67108864,54.26954,25.225436,0.005169,10.275,3,0.038974
threads,0,2,6,17,17,1140850688,67108864,67108864,48.873093,4.374063,3.032317,7.284,3,3.055871
threads,0,2,6,18,18,1207959552,67108864,67108864,47.369737,10.890687,0.004404,8.238,3,0.029179
threads,0,2,6,19,19,1275068416,67108864,67108864,48.253181,17.772542,0.004687,10.98,3,0.038558
threads,0,2,6,20,20,1342177280,67108864,67108864,45.208052,20.615134,0.004697,10.102,3,0.035942
threads,0,2,6,21,21,1409286144,67108864,67108864,40.693718,23.484111,0.004383,10.217,3,0.036796
threads,0,2,6,22,22,1476395008,67108864,67108864,41.679869,13.616345,0.003175,7.03,3,0.025611
threads,0,2,6,23,23,1543503872,67108864,67108864,45.970254,10.285964,0.004231,9.593,3,0.033049
threads,0,2,6,24,24,1610612736,67108864,67108864,45.424598,17.423747,0.003738,10.155,3,0.033643
threads,0,2,6,25,25,1677721600,67108864,67108864,34.841804,8.267657,0.002058,4.717,3,0.017713
threads,0,2,6,26,26,1744830464,67108864,67108864,35.267113,34.874393,0.004159,10.409,2,0.032589
threads,0,2,6,27,27,1811939328,67108864,67108864,35.249472,26.622947,0.003776,10.826,2,0.042445
threads,0,2,6,28,28,1879048192,67108864,67108864,41.833713,25.369921,0.003922,10.038,2,0.032683
threads,0,2,6,29,29,1946157056,67108864,67108864,24.16881,32.236875,0.003349,9.214,0,0.026114
threads,1,2,7,0,30,2013265920,67108864,67108864,50.756548,,0.022948,8.469,0,
threads,1,2,7,1,31,2080374784,67108864,67108864,57.927949,4.354943,113.448264,12.466,3,113.478617
threads,1,2,7,2,32,2147483648,67108864,67108864,46.256704,6.672576,0.007827,14.142,3,0.052516
threads,1,2,7,3,33,2214592512,67108864,67108864,43.828389,11.619477,0.006711,15.686,3,0.055223
threads,1,2,7,4,34,2281701376,67108864,67108864,47.534287,8.661228,0.005874,14.93,3,0.047249
threads,1,2,7,5,35,2348810240,67108864,67108864,45.103727,5.607648,0.002085,5.045,3,0.021015
threads,1,2,7,6,36,2415919104,67108864,67108864,54.272775,6.606308,0.003127,6.681,3,0.0246
threads,1,2,7,7,37,2483027968,67108864,67108864,49.147626,20.906135,0.005131,9.819,3,0.034978
threads,1,2,7,8,38,2550136832,67108864,67108864,51.519227,22.127684,0.004876,10.295,3,0.035872
threads,1,2,7,9,39,2617245696,67108864,67108864,45.507177,20.093919,0.005788,13.791,3,0.046254
threads,1,2,7,10,40,2684354560,67108864,67108864,41.469719,19.216176,0.006267,16.261,3,0.052325
threads,1,2,7,11,41,2751463424,67108864,67108864,42.872351,15.098099,0.002867,7.741,3,0.02652
threads,1,2,7,12,42,2818572288,67108864,67108864,61.437669,17.467839,0.003983,8.814,3,0.031205
threads,1,2,7,13,43,2885681152,67108864,67108864,56.9196,4.396397,3.03859,12.698,3,3.06906
threads,1,2,7,14,44,2952790016,67108864,67108864,46.893447,8.310451,0.006339,15.356,3,0.049236
threads,1,2,7,15,45,3019898880,67108864,67108864,47.050409,13.014345,0.002465,6.434,3,0.022536
threads,1,2,7,16,46,3087007744,67108864,67108864,40.621851,9.978504,0.00206,4.865,3,0.019735
threads,1,2,7,17,47,3154116608,67108864,67108864,51.845345,4.541615,1.305669,7.166,3,1.324153
threads,1,2,7,18,48,3221225472,67108864,67108864,54.211387,5.515349,0.003477,7.806,3,0.027648
threads,1,2,7,19,49,3288334336,67108864,67108864,46.389237,11.765485,0.003606,8.601,3,0.028734
threads,1,2,7,20,50,3355443200,67108864,67108864,45.481362,12.186056,0.193171,6.55,3,0.217402
threads,1,2,7,21,51,3422552064,67108864,67108864,44.153138,10.756958,0.003847,8.777,3,0.030404
threads,1,2,7,22,52,3489660928,67108864,67108864,43.810044,8.410435,0.003524,9.511,3,0.030627
threads,1,2,7,23,53,3556769792,67108864,67108864,43.685369,9.297791,0.002892,8.764,3,0.029485
threads,1,2,7,24,54,3623878656,67108864,67108864,46.817246,4.678016,0.00317,7.548,3,0.026317
threads,1,2,7,25,55,3690987520,67108864,67108864,50.629646,4.373721,2.298361,7.219,3,2.322472
threads,1,2,7,26,56,3758096384,67108864,67108864,43.193411,4.362841,8.254996,2.582,3,8.27032
threads,1,2,7,27,57,3825205248,67108864,67108864,35.91888,4.313461,4.246933,2.672,1,4.2621
threads,1,2,7,28,58,3892314112,67108864,67108864,35.279725,4.945135,0.002587,6.3,2,0.022352
threads,1,2,7,29,59,3959422976,67108864,67108864,26.217683,4.963283,0.002222,6.291,2,0.020578
threads,2,2,8,0,60,4026531840,67108864,67108864,104.991828,4.364061,54.552393,11.098,1,
threads,2,2,8,1,61,4093640704,67108864,67108864,51.426591,8.871709,0.00647,15.039,2,0.0597
threads,2,2,8,2,62,4160749568,67108864,67108864,41.149205,47.113572,0.004791,11.83,3,0.041924
threads,2,2,8,3,63,4227858432,67108864,67108864,46.934718,25.987175,0.005153,10.426,3,0.036647
threads,2,2,8,4,64,4294967296,67108864,67108864,50.472076,20.550136,0.003774,10.38,3,0.035286
threads,2,2,8,5,65,4362076160,67108864,67108864,43.111279,19.623159,0.005004,10.132,3,0.038347
threads,2,2,8,6,66,4429185024,67108864,67108864,40.477266,15.791261,0.008524,17.541,3,0.06311
threads,2,2,8,7,67,4496293888,67108864,67108864,46.696246,4.510766,0.007321,13.479,3,0.046689
threads,2,2,8,8,68,4563402752,67108864,67108864,56.047263,4.308327,1.235537,12.133,3,1.276141
threads,2,2,8,9,69,4630511616,67108864,67108864,46.367135,4.995172,2.288458,8.851,3,2.316627
threads,2,2,8,10,70,4697620480,67108864,67108864,45.586503,9.61191,0.003341,8.704,3,0.07011
threads,2,2,8,11,71,4764729344,67108864,67108864,40.51193,12.788443,0.003231,6.957,3,0.027813
threads,2,2,8,12,72,4831838208,67108864,67108864,49.954898,8.29065,0.00217,6.71,3,0.021886
threads,2,2,8,13,73,4898947072,67108864,67108864,61.431511,5.067086,2.239564,14.38,3,2.272492
threads,2,2,8,14,74,4966055936,67108864,67108864,54.780176,6.56708,0.002395,6.936,3,0.021924
threads,2,2,8,15,75,5033164800,67108864,67108864,52.190172,6.193265,0.003662,7.747,3,0.029699
threads,2,2,8,16,76,5100273664,67108864,67108864,47.251457,4.869519,2.251452,7.097,3,2.270155
threads,2,2,8,17,77,5167382528,67108864,67108864,50.862358,4.066171,0.111103,7.786,3,0.131436
threads,2,2,8,18,78,5234491392,67108864,67108864,47.963797,12.833954,0.00461,10.553,3,0.036901
threads,2,2,8,19,79,5301600256,67108864,67108864,46.161829,11.796782,0.002443,7.174,3,0.026188
threads,2,2,8,20,80,5368709120,67108864,67108864,46.917739,9.080578,0.002621,6.77,3,0.024239
threads,2,2,8,21,81,5435817984,67108864,67108864,46.495838,8.613147,0.002893,6.731,3,0.023125
threads,2,2,8,22,82,5502926848,67108864,67108864,41.825931,6.854312,0.00451,9.01,3,0.03445
threads,2,2,8,23,83,5570035712,67108864,67108864,48.295939,4.561637,1.101093,7.729,3,1.126242
threads,2,2,8,24,84,5637144576,67108864,67108864,49.405381,12.173769,0.004612,10.026,3,0.035522
threads,2,2,8,25,85,5704253440,67108864,67108864,54.43791,19.904864,0.004193,11.054,3,0.038632
threads,2,2,8,26,86,5771362304,67108864,67108864,52.092399,28.370735,0.00388,9.23,3,0.031858
threads,2,2,8,27,87,5838471168,67108864,67108864,35.340831,4.37315,8.530991,4.056,2,8.540181
threads,2,2,8,28,88,5905580032,67108864,67108864,34.973542,4.967099,1.17476,7.595,2,1.19435
threads,2,2,8,29,89,5972688896,67108864,67108864,32.011622,4.659669,0.00235,5.177,2,0.019331
threads,3,2,9,0,90,6039797760,67108864,67108864,54.239971,50.464633,50.226475,28.067,1,
threads,3,2,9,1,91,6106906624,67108864,67108864,46.196332,49.937959,0.007491,18.383,1,0.062049
threads,3,2,9,2,92,6174015488,67108864,67108864,64.486867,41.773371,0.005893,12.04,2,0.045528
threads,3,2,9,3,93,6241124352,67108864,67108864,40.248753,4.194317,0.006441,14.225,3,0.047674
threads,3,2,9,4,94,6308233216,67108864,67108864,46.813202,4.373491,1.091728,8.058,3,1.116273
threads,3,2,9,5,95,6375342080,67108864,67108864,47.375464,4.237374,0.002011,5.878,3,0.020685
threads,3,2,9,6,96,6442450944,67108864,67108864,44.057648,4.335833,3.20629,11.049,3,3.233418
threads,3,2,9,7,97,6509559808,67108864,67108864,39.977002,5.291111,0.004744,43.234,3,0.072019
threads,3,2,9,8,98,6576668672,67108864,67108864,44.617263,4.775082,0.003743,8.902,3,0.030924
threads,3,2,9,9,99,6643777536,67108864,67108864,48.559459,4.764644,3.322208,6.006,3,3.344686
threads,3,2,9,10,100,6710886400,67108864,67108864,41.792347,7.05444,0.004968,12.567,3,0.044615
threads,3,2,9,11,101,6777995264,67108864,67108864,38.024514,7.274892,0.003033,8.505,3,0.02816
threads,3,2,9,12,102,6845104128,67108864,67108864,39.891647,9.235057,0.00512,10.63,3,0.038629
threads,3,2,9,13,103,6912212992,67108864,67108864,40.3962,7.671443,0.00461,11.927,3,0.040978
threads,3,2,9,14,104,6979321856,67108864,67108864,54.86716,5.208439,0.005375,12.984,3,0.044352
threads,3,2,9,15,105,7046430720,67108864,67108864,53.020181,25.350781,0.004661,9.267,3,0.034733
threads,3,2,9,16,106,7113539584,67108864,67108864,39.241113,16.952128,0.004512,9.243,3,0.034601
threads,3,2,9,17,107,7180648448,67108864,67108864,44.119126,4.354342,2.956234,3.617,3,2.970976
threads,3,2,9,18,108,7247757312,67108864,67108864,48.162235,4.019563,1.09271,7.923,3,1.11734
threads,3,2,9,19,109,7314866176,67108864,67108864,42.104034,8.066704,0.003207,6.863,3,0.024006
threads,3,2,9,20,110,7381975040,67108864,67108864,44.616783,8.298254,0.003237,7.605,3,0.027442
threads,3,2,9,21,111,7449083904,67108864,67108864,42.360468,26.303791,0.004783,9.864,3,0.036311
threads,3,2,9,22,112,7516192768,67108864,67108864,40.500753,14.449318,0.002984,7.355,3,0.02518
threads,3,2,9,23,113,7583301632,67108864,67108864,45.418646,8.369119,0.003076,7.951,3,0.025687
threads,3,2,9,24,114,7650410496,67108864,67108864,42.346647,8.303884,0.00385,8.58,3,0.027885
threads,3,2,9,25,115,7717519360,67108864,67108864,50.552935,6.49599,0.003368,8.643,3,0.029224
threads,3,2,9,26,116,7784628224,67108864,67108864,45.00789,13.243556,0.004377,10.32,3,0.03416
threads,3,2,9,27,117,7851737088,67108864,67108864,37.609105,14.575169,0.004464,9.885,3,0.035409
threads,3,2,9,28,118,7918845952,67108864,67108864,47.480911,4.301565,1.239738,6.7,3,1.257009
threads,3,2,9,29,119,7985954816,59027232,59027232,22.858178,4.441078,2.737731,4.38,2,2.754649
threads,0,2,6,0,0,0,67108864,67108864,58.647746,,0.075625,13.052,0,
threads,0,2,6,1,1,67108864,67108864,67108864,50.977466,4.35278,73.999235,10.543,2,74.034068
threads,0,2,6,2,2,134217728,67108864,67108864,569.657391,5.849349,0.00588,16.063,3,0.059145
threads,0,2,6,3,3,201326592,67108864,67108864,51.258931,4.378867,3.347005,2.909,2,3.364855
threads,0,2,6,4,4,268435456,67108864,67108864,46.303174,9.929393,0.006285,15.158,3,0.0491
threads,0,2,6,5,5,335544320,67108864,67108864,44.354909,9.039887,0.00432,11.456,3,0.04029
threads,0,2,6,6,6,402653184,67108864,67108864,46.693224,4.093304,0.128213,14.436,3,0.159725
threads,0,2,6,7,7,469762048,67108864,67108864,43.512406,5.080754,0.001626,8.554,3,0.023655
threads,0,2,6,8,8,536870912,67108864,67108864,43.328113,8.48211,0.001267,1.969,3,0.009355
threads,0,2,6,9,9,603979776,67108864,67108864,65.73599,4.285928,1.22254,11.308,3,1.242199
threads,0,2,6,10,10,671088640,67108864,67108864,53.415188,5.070853,1.943755,4.537,2,1.969683
threads,0,2,6,11,11,738197504,67108864,67108864,47.806335,4.460436,0.005824,11.548,3,0.045812
threads,0,2,6,12,12,805306368,67108864,67108864,42.335187,4.900436,2.278827,7.975,3,2.311339
threads,0,2,6,13,13,872415232,67108864,67108864,43.829386,5.133693,2.311081,9.395,3,2.336509
threads,0,2,6,14,14,939524096,67108864,67108864,48.361564,4.735873,1.062969,11.243,3,1.103148
threads,0,2,6,15,15,1006632960,67108864,67108864,44.611823,4.399167,3.339278,7.929,3,3.360369
threads,0,2,6,16,16,1073741824,67108864,67108864,40.125541,9.298287,0.004527,10.037,3,0.035733
threads,0,2,6,17,17,1140850688,67108864,67108864,43.482958,4.298366,0.002022,5.689,3,0.020239
threads,0,2,6,18,18,1207959552,67108864,67108864,44.3558,4.656001,1.08934,13.747,3,1.166409
threads,0,2,6,19,19,1275068416,67108864,67108864,43.020124,5.845668,0.004957,10.203,3,0.036508
threads,0,2,6,20,20,1342177280,67108864,67108864,46.932036,4.305733,2.194262,8.737,3,2.221363
threads,0,2,6,21,21,1409286144,67108864,67108864,44.750132,5.201691,0.002749,7.585,3,0.026697
threads,0,2,6,22,22,1476395008,67108864,67108864,45.261103,4.596556,1.098791,5.856,3,1.114967
threads,0,2,6,23,23,1543503872,67108864,67108864,43.556148,4.481935,2.165046,2.282,3,2.174507
threads,0,2,6,24,24,1610612736,67108864,67108864,42.311522,4.629617,2.163322,5.309,3,2.180566
threads,0,2,6,25,25,1677721600,67108864,67108864,40.346802,4.578834,0.001953,4.566,3,0.027791
threads,0,2,6,26,26,1744830464,67108864,67108864,48.860076,4.336465,2.910752,2.579,3,2.921707
threads,0,2,6,27,27,1811939328,67108864,67108864,45.531385,6.215989,0.002099,3.854,3,0.014889
threads,0,2,6,28,28,1879048192,67108864,67108864,44.658862,8.275514,0.00239,5.584,3,0.019673
threads,0,2,6,29,29,1946157056,67108864,67108864,32.217869,7.221911,0.00136,4.805,3,0.014776
threads,1,2,7,0,30,2013265920,67108864,67108864,123.567809,4.654094,4.360189,5.613,1,
threads,1,2,7,1,31,2080374784,67108864,67108864,49.477868,69.83885,0.010058,15.439,1,0.107131
threads,1,2,7,2,32,2147483648,67108864,67108864,574.445637,40.817046,0.007536,15.369,3,0.062174
threads,1,2,7,3,33,2214592512,67108864,67108864,45.716377,57.482048,0.006761,13.069,3,0.047091
threads,1,2,7,4,34,2281701376,67108864,67108864,47.18382,32.567777,0.004794,10.803,3,0.041128
threads,1,2,7,5,35,2348810240,67108864,67108864,49.42474,25.694281,0.00534,16.932,3,0.04915
threads,1,2,7,6,36,2415919104,67108864,67108864,45.689963,25.382384,0.004242,10.647,3,0.036477
threads,1,2,7,7,37,2483027968,67108864,67108864,40.08645,19.185453,0.004475,11.54,3,0.039466
threads,1,2,7,8,38,2550136832,67108864,67108864,47.589795,8.437396,0.003639,9.634,3,0.033955
threads,1,2,7,9,39,2617245696,67108864,67108864,69.745039,4.06977,1.144587,20.864,3,1.176699
threads,1,2,7,10,40,2684354560,67108864,67108864,49.894291,4.375284,6.601912,4.114,3,6.621846
threads,1,2,7,11,41,2751463424,67108864,67108864,49.212948,4.017163,3.193665,8.018,3,3.208588
threads,1,2,7,12,42,2818572288,67108864,67108864,42.524927,4.245912,1.111674,9.028,3,1.133475
threads,1,2,7,13,43,2885681152,67108864,67108864,41.88774,4.306875,2.192178,4.453,3,2.207732
threads,1,2,7,14,44,2952790016,67108864,67108864,46.112015,4.539032,7.712353,6.269,3,7.730159
threads,1,2,7,15,45,3019898880,67108864,67108864,44.441328,4.505302,1.109185,5.486,3,1.12298
threads,1,2,7,16,46,3087007744,67108864,67108864,43.297232,4.318139,0.001561,5.396,3,0.019065
threads,1,2,7,17,47,3154116608,67108864,67108864,43.599883,7.492204,0.002101,6.793,3,0.022613
threads,1,2,7,18,48,3221225472,67108864,67108864,50.685273,6.470905,0.003366,8.167,3,0.028185
threads,1,2,7,19,49,3288334336,67108864,67108864,47.997939,12.806648,0.00569,11.708,3,0.042778
threads,1,2,7,20,50,3355443200,67108864,67108864,46.947884,15.598674,0.00372,8.459,3,0.035574
threads,1,2,7,21,51,3422552064,67108864,67108864,46.977535,4.272635,21.073388,5.493,3,21.111201
threads,1,2,7,22,52,3489660928,67108864,67108864,42.997318,12.044233,0.003258,9.081,3,0.030525
threads,1,2,7,23,53,3556769792,67108864,67108864,43.631499,7.095349,0.002891,5.189,3,0.021515
threads,1,2,7,24,54,3623878656,67108864,67108864,45.477804,4.960809,0.002695,5.408,3,0.029643
threads,1,2,7,25,55,3690987520,67108864,67108864,42.980014,7.286529,0.00243,5.953,3,0.02407
threads,1,2,7,26,56,3758096384,67108864,67108864,47.604159,9.585163,0.002023,5.328,3,0.021133
threads,1,2,7,27,57,3825205248,67108864,67108864,43.389487,11.107421,0.002489,5.33,3,0.017433
threads,1,2,7,28,58,3892314112,67108864,67108864,40.639438,12.016751,0.002053,4.479,3,0.016729
threads,1,2,7,29,59,3959422976,67108864,67108864,33.783669,9.692566,0.00242,5.128,3,0.022564
threads,2,2,8,0,60,4026531840,67108864,67108864,636.340569,53.83609,58.211939,23.728,2,
threads,2,2,8,1,61,4093640704,67108864,67108864,57.782041,511.161331,0.005984,14.484,3,0.049003
threads,2,2,8,2,62,4160749568,67108864,67108864,49.977557,4.416028,12.857476,7.537,3,12.889735
threads,2,2,8,3,63,4227858432,67108864,67108864,49.738579,4.591677,4.101416,9.672,3,4.128909
threads,2,2,8,4,64,4294967296,67108864,67108864,51.905231,6.517243,0.004206,9.567,3,0.034535
threads,2,2,8,5,65,4362076160,67108864,67108864,50.829582,13.24055,0.00223,6.387,3,0.021129
threads,2,2,8,6,66,4429185024,67108864,67108864,53.082084,20.738049,0.004568,11.488,3,0.03888
threads,2,2,8,7,67,4496293888,67108864,67108864,70.939301,25.643903,0.00625,13.215,3,0.052036
threads,2,2,8,8,68,4563402752,67108864,67108864,54.025086,36.454319,0.005729,11.565,3,0.051217
threads,2,2,8,9,69,4630511616,67108864,67108864,49.632156,28.848555,0.005649,12.63,3,0.046331
threads,2,2,8,10,70,4697620480,67108864,67108864,44.398075,32.474655,0.004894,13.191,3,0.045518
threads,2,2,8,11,71,4764729344,67108864,67108864,45.290521,29.106426,0.005204,10.256,3,0.040364
threads,2,2,8,12,72,4831838208,67108864,67108864,44.555123,31.020179,0.00416,11.852,3,0.039833
threads,2,2,8,13,73,4898947072,67108864,67108864,41.808378,30.870454,0.005023,10.627,3,0.043444
threads,2,2,8,14,74,4966055936,67108864,67108864,46.892949,25.477493,0.003625,8.528,3,0.033656
threads,2,2,8,15,75,5033164800,67108864,67108864,44.24946,4.392321,3.593861,6.265,3,3.619226
threads,2,2,8,16,76,5100273664,67108864,67108864,43.170776,7.598605,0.004904,10.665,3,0.042272
threads,2,2,8,17,77,5167382528,67108864,67108864,46.739344,7.594659,0.003732,7.263,3,0.031865
threads,2,2,8,18,78,5234491392,67108864,67108864,46.021902,9.334145,0.004616,11.517,3,0.042078
threads,2,2,8,19,79,5301600256,67108864,67108864,46.443331,12.862084,0.004913,10.738,3,0.040873
threads,2,2,8,20,80,5368709120,67108864,67108864,46.353294,4.569517,0.001198,4.275,3,0.026903
threads,2,2,8,21,81,5435817984,67108864,67108864,45.539403,5.111688,1.178124,6.041,3,1.196937
threads,2,2,8,22,82,5502926848,67108864,67108864,42.369743,7.681887,0.002371,4.899,3,0.049629
threads,2,2,8,23,83,5570035712,67108864,67108864,43.495215,6.410841,0.002271,5.613,3,0.020353
threads,2,2,8,24,84,5637144576,67108864,67108864,46.972744,4.419845,0.001957,3.907,3,0.015663
threads,2,2,8,25,85,5704253440,67108864,67108864,43.471461,8.414139,0.002656,6.098,3,0.022697
threads,2,2,8,26,86,5771362304,67108864,67108864,45.709921,4.28408,0.002069,5.634,3,0.020072
threads,2,2,8,27,87,5838471168,67108864,67108864,67.90896,6.605105,0.001985,5.161,3,0.01732
threads,2,2,8,28,88,5905580032,67108864,67108864,37.84201,24.280433,23.66814,12.187,0,23.687931
threads,2,2,8,29,89,5972688896,67108864,67108864,27.735527,37.867067,0.00356,7.75,0,0.025057
threads,3,2,9,0,90,6039797760,67108864,67108864,621.957765,4.370216,136.865764,12.744,3,
threads,3,2,9,1,91,6106906624,67108864,67108864,53.882693,4.394833,2.111298,6.152,2,2.125709
threads,3,2,9,2,92,6174015488,67108864,67108864,47.816485,7.017619,0.006807,12.511,3,0.048124
threads,3,2,9,3,93,6241124352,67108864,67108864,45.180613,8.521703,0.004853,10.884,3,0.031063
threads,3,2,9,4,94,6308233216,67108864,67108864,43.356639,9.210122,0.002613,8.33,3,0.02244
threads,3,2,9,5,95,6375342080,67108864,67108864,48.184144,5.864206,0.001703,4.977,3,0.014324
threads,3,2,9,6,96,6442450944,67108864,67108864,60.126574,10.570711,0.004557,12.576,3,0.044122
threads,3,2,9,7,97,6509559808,67108864,67108864,61.627019,26.180501,0.006381,14.551,3,0.053528
threads,3,2,9,8,98,6576668672,67108864,67108864,46.020832,15.776725,0.007028,12.03,3,0.050162
threads,3,2,9,9,99,6643777536,67108864,67108864,47.770578,8.72542,0.002585,8.255,3,0.030742
threads,3,2,9,10,100,6710886400,67108864,67108864,43.393189,6.185665,0.003875,6.939,3,0.03609
threads,3,2,9,11,101,6777995264,67108864,67108864,40.197156,4.869607,0.002068,7.731,3,0.023412
threads,3,2,9,12,102,6845104128,67108864,67108864,42.8501,4.453208,0.00147,3.848,2,0.012104
threads,3,2,9,13,103,6912212992,67108864,67108864,39.730721,7.460072,0.002555,4.778,3,0.019458
threads,3,2,9,14,104,6979321856,67108864,67108864,40.725102,5.366474,0.001474,4.652,3,0.017715
threads,3,2,9,15,105,7046430720,67108864,67108864,41.057967,27.136954,0.002954,8.209,3,0.028278
threads,3,2,9,16,106,7113539584,67108864,67108864,43.163517,24.902557,0.003556,7.557,3,0.027481
threads,3,2,9,17,107,7180648448,67108864,67108864,44.981429,24.481076,0.005491,11.459,3,0.04307
threads,3,2,9,18,108,7247757312,67108864,67108864,42.472822,18.794961,0.00669,10.326,3,0.060507
threads,3,2,9,19,109,7314866176,67108864,67108864,50.453218,13.296284,0.008124,13.313,3,0.062014
threads,3,2,9,20,110,7381975040,67108864,67108864,39.209841,32.426391,0.003937,10.323,2,0.036948
threads,3,2,9,21,111,7449083904,67108864,67108864,47.92902,25.797754,0.003172,6.063,3,0.026621
threads,3,2,9,22,112,7516192768,67108864,67108864,45.768132,26.329861,0.005589,9.791,3,0.038697
threads,3,2,9,23,113,7583301632,67108864,67108864,43.149539,26.388829,0.003255,6.883,3,0.02755
threads,3,2,9,24,114,7650410496,67108864,67108864,40.667159,27.22567,0.003388,6.6,3,0.026615
threads,3,2,9,25,115,7717519360,67108864,67108864,46.047813,24.659674,0.004948,7.991,3,0.035354
threads,3,2,9,26,116,7784628224,67108864,67108864,42.479166,21.884043,0.031718,5.846,3,0.051521
threads,3,2,9,27,117,7851737088,67108864,67108864,42.968902,18.829871,0.001654,5.863,3,0.01772
threads,3,2,9,28,118,7918845952,67108864,67108864,42.929107,17.14242,0.002308,4.609,3,0.017285
threads,3,2,9,29,119,7985954816,59027232,59027232,23.975861,33.259561,0.002714,5.507,2,0.02302
threads,0,2,6,0,0,0,67108864,67108864,106.120392,4.424764,60.387174,5.685,3,
threads,0,2,6,1,1,67108864,67108864,67108864,48.289971,4.017531,2.259569,14.966,3,2.288563
threads,0,2,6,2,2,134217728,67108864,67108864,50.779226,5.159595,3.484802,8.761,3,3.507011
threads,0,2,6,3,3,201326592,67108864,67108864,44.719399,6.042124,0.005739,11.522,3,0.037661
threads,0,2,6,4,4,268435456,67108864,67108864,45.047926,7.969405,0.006061,16.706,3,0.04592
threads,0,2,6,5,5,335544320,67108864,67108864,49.572366,4.143298,1.120328,8.858,3,1.141105
threads,0,2,6,6,6,402653184,67108864,67108864,48.735203,6.861277,0.006673,14.803,3,0.051396
threads,0,2,6,7,7,469762048,67108864,67108864,47.669609,10.198356,0.005034,11.953,3,0.039193
threads,0,2,6,8,8,536870912,67108864,67108864,47.520381,7.436262,0.00591,12.116,3,0.044582
threads,0,2,6,9,9,603979776,67108864,67108864,44.922334,7.241268,0.003984,9.726,3,0.036135
threads,0,2,6,10,10,671088640,67108864,67108864,45.57369,6.092462,0.004915,11.352,3,0.039957
threads,0,2,6,11,11,738197504,67108864,67108864,43.096542,5.535116,0.003853,9.76,3,0.033753
threads,0,2,6,12,12,805306368,67108864,67108864,48.527213,4.404359,0.825072,5.618,2,0.838146
threads,0,2,6,13,13,872415232,67108864,67108864,41.947629,10.508854,0.004139,8.139,3,0.034507
threads,0,2,6,14,14,939524096,67108864,67108864,40.595671,9.345374,0.003254,8.693,3,0.032695
threads,0,2,6,15,15,1006632960,67108864,67108864,39.447967,8.103967,0.004476,11.457,3,0.039944
threads,0,2,6,16,16,1073741824,67108864,67108864,40.676573,4.132385,0.003393,9.043,3,0.029305
threads,0,2,6,17,17,1140850688,67108864,67108864,40.558383,4.259139,1.09639,7.952,3,1.122167
threads,0,2,6,18,18,1207959552,67108864,67108864,42.85613,4.975682,1.177524,7.236,3,1.205211
threads,0,2,6,19,19,1275068416,67108864,67108864,43.132105,4.065202,2.218798,5.467,3,2.247172
threads,0,2,6,20,20,1342177280,67108864,67108864,42.16784,5.615849,0.004828,7.874,3,0.032519
threads,0,2,6,21,21,1409286144,67108864,67108864,42.286538,8.152381,0.00525,10.157,3,0.038714
threads,0,2,6,22,22,1476395008,67108864,67108864,43.284506,6.797974,0.005958,10.815,3,0.037694
threads,0,2,6,23,23,1543503872,67108864,67108864,44.215527,4.097182,0.124134,11.842,3,0.168895
threads,0,2,6,24,24,1610612736,67108864,67108864,47.697847,4.109518,0.149174,11.565,3,0.183624
threads,0,2,6,25,25,1677721600,67108864,67108864,40.741692,4.933287,1.232635,8.196,3,1.26506
threads,0,2,6,26,26,1744830464,67108864,67108864,62.675757,4.253697,1.09357,6.952,3,1.117318
threads,0,2,6,27,27,1811939328,67108864,67108864,37.804302,4.309214,4.234716,2.593,1,4.242004
threads,0,2,6,28,28,1879048192,67108864,67108864,34.740893,33.395839,0.00463,11.69,1,0.032944
threads,0,2,6,29,29,1946157056,67108864,67108864,25.70436,34.764842,0.002891,7.776,0,0.023949
threads,1,2,7,0,30,2013265920,67108864,67108864,101.457155,4.564376,64.649144,8.341,2,
threads,1,2,7,1,31,2080374784,67108864,67108864,45.88154,10.622419,0.00332,9.587,2,0.02923
threads,1,2,7,2,32,2147483648,67108864,67108864,50.297834,41.528398,0.007379,14.382,3,0.045154
threads,1,2,7,3,33,2214592512,67108864,67108864,46.772523,37.669078,0.006624,13.072,3,0.043462
threads,1,2,7,4,34,2281701376,67108864,67108864,46.039878,32.698476,0.00847,18.282,3,0.053857
threads,1,2,7,5,35,2348810240,67108864,67108864,43.201319,27.982572,0.006093,13.407,3,0.061105
threads,1,2,7,6,36,2415919104,67108864,67108864,46.783984,26.475916,0.007087,16.073,3,0.057344
threads,1,2,7,7,37,2483027968,67108864,67108864,48.876465,27.116025,0.005319,12.292,3,0.045156
threads,1,2,7,8,38,2550136832,67108864,67108864,49.271557,26.424319,0.007887,14.988,3,0.055591
threads,1,2,7,9,39,2617245696,67108864,67108864,49.142544,26.974726,0.006132,13.737,3,0.053246
threads,1,2,7,10,40,2684354560,67108864,67108864,47.183585,28.480916,0.009136,21.798,3,0.077837
threads,1,2,7,11,41,2751463424,67108864,67108864,45.603661,28.16019,0.012193,14.144,3,0.052205
threads,1,2,7,12,42,2818572288,67108864,67108864,51.980289,28.854673,0.007139,13.354,3,0.053113
threads,1,2,7,13,43,2885681152,67108864,67108864,42.015351,35.279772,0.006676,13.311,3,0.052253
threads,1,2,7,14,44,2952790016,67108864,67108864,43.097823,28.879645,0.005283,13.463,3,0.045755
threads,1,2,7,15,45,3019898880,67108864,67108864,42.345825,23.575716,0.005514,11.017,3,0.046891
threads,1,2,7,16,46,3087007744,67108864,67108864,42.658941,24.376434,0.005718,12.205,3,0.046888
threads,1,2,7,17,47,3154116608,67108864,67108864,41.149814,25.41669,0.00593,14.554,3,0.045428
threads,1,2,7,18,48,3221225472,67108864,67108864,41.039752,25.644839,0.006288,11.795,3,0.06887
threads,1,2,7,19,49,3288334336,67108864,67108864,40.61043,26.474132,0.005704,12.694,3,0.049677
threads,1,2,7,20,50,3355443200,67108864,67108864,41.143698,25.568252,0.005131,10.751,3,0.043211
threads,1,2,7,21,51,3422552064,67108864,67108864,42.028663,22.137165,0.005596,10.589,3,0.041499
threads,1,2,7,22,52,3489660928,67108864,67108864,43.31499,21.130336,0.00262,6.635,3,0.024442
threads,1,2,7,23,53,3556769792,67108864,67108864,43.857347,21.343772,0.005419,11.689,3,0.045725
threads,1,2,7,24,54,3623878656,67108864,67108864,42.160514,19.934666,0.007114,16.281,3,0.057736
threads,1,2,7,25,55,3690987520,67108864,67108864,45.283725,20.091342,0.00385,10.501,3,0.039769
threads,1,2,7,26,56,3758096384,67108864,67108864,44.598468,22.597266,0.005059,11.954,3,0.042815
threads,1,2,7,27,57,3825205248,67108864,67108864,42.41253,18.556953,0.002416,6.026,3,0.022976
threads,1,2,7,28,58,3892314112,67108864,67108864,38.553168,18.924764,0.002456,6.722,3,0.025365
threads,1,2,7,29,59,3959422976,67108864,67108864,28.463834,38.588991,0.005176,12.041,2,0.035823
threads,2,2,8,0,60,4026531840,67108864,67108864,55.994309,,0.077457,17.105,0,
threads,2,2,8,1,61,4093640704,67108864,67108864,42.386073,4.456093,4.371684,6.874,1,4.401937
threads,2,2,8,2,62,4160749568,67108864,67108864,53.566051,37.877162,0.007389,13.476,2,0.055465
threads,2,2,8,3,63,4227858432,67108864,67108864,46.110138,4.398296,14.415616,4.478,3,14.441468
threads,2,2,8,4,64,4294967296,67108864,67108864,48.367984,4.351898,4.057678,5.434,3,4.072947
threads,2,2,8,5,65,4362076160,67108864,67108864,49.870641,4.37927,2.256024,9.328,3,2.286934
threads,2,2,8,6,66,4429185024,67108864,67108864,42.801029,4.171307,0.007474,24.511,3,0.063717
threads,2,2,8,7,67,4496293888,67108864,67108864,46.094204,4.171715,0.004693,10.447,3,0.037009
threads,2,2,8,8,68,4563402752,67108864,67108864,46.860163,4.370718,3.888331,9.093,3,3.920934
threads,2,2,8,9,69,4630511616,67108864,67108864,44.2986,5.724166,0.006135,16.197,3,0.04562
threads,2,2,8,10,70,4697620480,67108864,67108864,50.40008,4.377392,1.103923,9.666,3,1.138717
threads,2,2,8,11,71,4764729344,67108864,67108864,47.715161,5.226565,0.009163,21.431,3,0.076205
threads,2,2,8,12,72,4831838208,67108864,67108864,46.079272,6.563027,0.004238,9.747,3,0.036349
threads,2,2,8,13,73,4898947072,67108864,67108864,46.122585,5.46471,0.003877,8.356,3,0.031825
threads,2,2,8,14,74,4966055936,67108864,67108864,45.975725,4.132901,0.004593,12.322,3,0.042204
threads,2,2,8,15,75,5033164800,67108864,67108864,44.090565,4.526545,7.995012,8.341,3,8.020624
threads,2,2,8,16,76,5100273664,67108864,67108864,41.559988,4.413468,4.330122,8.71,3,4.358078
threads,2,2,8,17,77,5167382528,67108864,67108864,41.63783,4.025139,0.00365,9.214,3,0.032007
threads,2,2,8,18,78,5234491392,67108864,67108864,40.96484,5.053637,0.003107,7.62,3,0.026283
threads,2,2,8,19,79,5301600256,67108864,67108864,40.222602,6.5669,0.003437,6.975,3,0.025695
threads,2,2,8,20,80,5368709120,67108864,67108864,40.372162,5.028296,0.004275,10.115,3,0.037534
threads,2,2,8,21,81,5435817984,67108864,67108864,42.213796,4.824223,1.163039,6.989,3,1.187359
threads,2,2,8,22,82,5502926848,67108864,67108864,41.927829,4.337205,2.390026,5.543,3,2.402488
threads,2,2,8,23,83,5570035712,67108864,67108864,43.112197,4.232515,1.110111,9.451,3,1.132105
threads,2,2,8,24,84,5637144576,67108864,67108864,45.281413,5.17324,0.004533,8.723,3,0.035082
threads,2,2,8,25,85,5704253440,67108864,67108864,42.006631,8.173197,0.005043,12.185,3,0.042776
threads,2,2,8,26,86,5771362304,67108864,67108864,42.791869,6.763403,0.004393,11.471,3,0.036976
threads,2,2,8,27,87,5838471168,67108864,67108864,46.392744,5.184868,0.003286,6.371,3,0.028747
threads,2,2,8,28,88,5905580032,67108864,67108864,40.861367,4.883718,2.251462,7.859,3,2.269013
threads,2,2,8,29,89,5972688896,67108864,67108864,31.764453,5.094792,1.187579,8.81,3,1.208717
threads,3,2,9,0,90,6039797760,67108864,67108864,56.239127,55.940153,55.722072,22.534,1,
threads,3,2,9,1,91,6106906624,67108864,67108864,43.543594,9.374416,0.003154,7.676,2,0.03292
threads,3,2,9,2,92,6174015488,67108864,67108864,57.191858,39.187624,0.007603,17.845,3,0.068794
threads,3,2,9,3,93,6241124352,67108864,67108864,49.507474,4.302789,3.624105,8.563,3,3.660044
threads,3,2,9,4,94,6308233216,67108864,67108864,50.096101,4.589039,1.084147,9.367,3,1.120072
threads,3,2,9,5,95,6375342080,67108864,67108864,42.811305,7.90498,0.006286,12.509,3,0.04622
threads,3,2,9,6,96,6442450944,67108864,67108864,49.77687,4.641627,0.003507,7.154,3,0.026325
threads,3,2,9,7,97,6509559808,67108864,67108864,45.487898,11.199099,0.00596,11.271,3,0.039265
threads,3,2,9,8,98,6576668672,67108864,67108864,46.7411,9.922294,0.005982,13.145,3,0.064437
threads,3,2,9,9,99,6643777536,67108864,67108864,49.56016,7.774329,0.00573,12.166,3,0.042991
threads,3,2,9,10,100,6710886400,67108864,67108864,46.37684,8.076638,0.006356,30.737,3,0.066952
threads,3,2,9,11,101,6777995264,67108864,67108864,47.157718,5.271305,0.005642,10.782,3,0.038208
threads,3,2,9,12,102,6845104128,67108864,67108864,47.449578,5.244929,0.006111,13.597,3,0.051696
threads,3,2,9,13,103,6912212992,67108864,67108864,46.932953,7.084753,0.005743,12.28,3,0.04702
threads,3,2,9,14,104,6979321856,67108864,67108864,41.304514,4.250557,2.230688,10.755,3,2.265393
threads,3,2,9,15,105,7046430720,67108864,67108864,40.933167,4.646676,1.118555,15.105,3,1.152711
threads,3,2,9,16,106,7113539584,67108864,67108864,40.740069,4.645766,2.184965,7.861,3,2.210637
threads,3,2,9,17,107,7180648448,67108864,67108864,41.156391,4.130075,1.102147,15.409,3,1.136953
threads,3,2,9,18,108,7247757312,67108864,67108864,41.633725,4.87456,2.25657,7.91,3,2.292463
threads,3,2,9,19,109,7314866176,67108864,67108864,41.010643,5.327862,0.004618,10.732,3,0.038261
threads,3,2,9,20,110,7381975040,67108864,67108864,45.723462,5.285484,0.004769,10.253,3,0.036408
threads,3,2,9,21,111,7449083904,67108864,67108864,41.584141,10.645625,0.242321,9.606,3,0.29032
threads,3,2,9,22,112,7516192768,67108864,67108864,39.625163,11.074405,0.002912,8.342,3,0.029836
threads,3,2,9,23,113,7583301632,67108864,67108864,43.632678,8.691322,0.005696,11.74,3,0.044859
threads,3,2,9,24,114,7650410496,67108864,67108864,46.067234,9.009246,0.0049,12.167,3,0.045961
threads,3,2,9,25,115,7717519360,67108864,67108864,44.307221,11.248356,0.012992,25.76,3,0.086959
threads,3,2,9,26,116,7784628224,67108864,67108864,48.112821,13.434888,0.008148,18.691,3,0.079594
threads,3,2,9,27,117,7851737088,67108864,67108864,42.498732,16.247486,0.003054,7.356,3,0.026317
threads,3,2,9,28,118,7918845952,67108864,67108864,66.994608,14.164642,0.0044,10.801,3,0.039868
threads,3,2,9,29,119,7985954816,59027232,59027232,33.491059,4.441407,8.604053,6.174,2,8.618257
threads,0,2,6,0,0,0,67108864,67108864,143.837157,4.341978,54.358431,3.296,2,
threads,0,2,6,1,1,67108864,67108864,67108864,95.894646,4.765884,1.107543,3.346,3,1.117972
threads,0,2,6,2,2,134217728,67108864,67108864,71.500948,4.332737,3.718762,6.02,3,3.733635
threads,0,2,6,3,3,201326592,67108864,67108864,55.062954,10.606207,0.001468,14.019,3,0.038726
threads,0,2,6,4,4,268435456,67108864,67108864,84.464702,9.277836,0.000997,2.821,3,0.010875
threads,0,2,6,5,5,335544320,67108864,67108864,75.071118,8.827021,6.587071,928.195,3,7.538811
threads,0,2,6,6,6,402653184,67108864,67108864,87.21111,25.929727,0.000774,3.112,3,0.010664
threads,0,2,6,7,7,469762048,67108864,67108864,95.643269,44.293189,0.001422,3.413,3,0.011599
threads,0,2,6,8,8,536870912,67108864,67108864,96.639287,47.560888,0.001715,4.855,3,0.016376
threads,0,2,6,9,9,603979776,67108864,67108864,63.421234,72.794521,0.002646,6.04,3,0.020922
threads,0,2,6,10,10,671088640,67108864,67108864,75.251971,48.23521,0.001258,4.418,3,0.013305
threads,0,2,6,11,11,738197504,67108864,67108864,64.422366,38.911495,0.001414,3.758,3,0.013373
threads,0,2,6,12,12,805306368,67108864,67108864,62.998445,4.352921,4.268261,4.913,2,4.287529
threads,0,2,6,13,13,872415232,67108864,67108864,48.761879,48.50762,0.002163,6.949,3,0.024958
threads,0,2,6,14,14,939524096,67108864,67108864,76.545998,35.557743,0.001604,5.074,3,0.017028
threads,0,2,6,15,15,1006632960,67108864,67108864,56.305532,4.614663,7.697942,3.243,3,7.710509
threads,0,2,6,16,16,1073741824,67108864,67108864,50.281069,14.967221,0.001799,4.563,3,0.016701
threads,0,2,6,17,17,1140850688,67108864,67108864,78.626738,4.472534,4.159399,3.904,3,4.176692
threads,0,2,6,18,18,1207959552,67108864,67108864,57.230856,5.840641,0.001549,4.773,3,0.041844
threads,0,2,6,19,19,1275068416,67108864,67108864,54.203631,13.930844,0.000918,3.66,3,0.011006
threads,0,2,6,20,20,1342177280,67108864,67108864,53.018957,9.550056,0.001718,4.194,3,0.01356
threads,0,2,6,21,21,1409286144,67108864,67108864,57.079286,9.75275,0.000557,1.134,3,0.005823
threads,0,2,6,22,22,1476395008,67108864,67108864,57.860268,6.275586,0.000785,2.101,3,0.007892
threads,0,2,6,23,23,1543503872,67108864,67108864,50.099696,10.802284,0.000507,1.769,3,0.006583
threads,0,2,6,24,24,1610612736,67108864,67108864,67.142595,4.118113,0.001007,2.282,3,0.008879
threads,0,2,6,25,25,1677721600,67108864,67108864,49.591009,7.611291,0.000867,2.494,3,0.009971
threads,0,2,6,26,26,1744830464,67108864,67108864,45.595664,4.928238,0.002174,5.891,3,0.020087
threads,0,2,6,27,27,1811939328,67108864,67108864,36.938964,4.221641,31.646302,5.587,1,31.65845
threads,0,2,6,28,28,1879048192,67108864,67108864,36.802909,36.951446,0.001309,3.107,0,0.012482
threads,0,2,6,29,29,1946157056,67108864,67108864,27.557445,36.812438,0.001123,2.867,0,0.009529
threads,1,2,7,0,30,2013265920,67108864,67108864,47.721507,,0.040384,4.1,0,
threads,1,2,7,1,31,2080374784,67108864,67108864,78.566013,4.381455,112.344781,5.185,3,112.359168
threads,1,2,7,2,32,2147483648,67108864,67108864,95.891577,4.939257,4.077572,16.208,3,4.1099
threads,1,2,7,3,33,2214592512,67108864,67108864,63.208423,16.358618,0.001814,5.474,3,0.018716
threads,1,2,7,4,34,2281701376,67108864,67108864,58.42349,15.3,0.001314,4.942,3,0.015762
threads,1,2,7,5,35,2348810240,67108864,67108864,66.830881,8.273804,0.002852,7.255,3,0.025884
threads,1,2,7,6,36,2415919104,67108864,67108864,80.446447,13.777031,0.002083,6.419,3,0.023381
threads,1,2,7,7,37,2483027968,67108864,67108864,71.773801,5.562127,0.001448,4.907,3,0.014935
threads,1,2,7,8,38,2550136832,67108864,67108864,90.819479,8.587621,0.001054,4.904,3,0.014189
threads,1,2,7,9,39,2617245696,67108864,67108864,61.386776,23.147901,0.002899,31.316,3,0.050026
threads,1,2,7,10,40,2684354560,67108864,67108864,97.310815,4.776132,1.12375,4.696,3,1.135167
threads,1,2,7,11,41,2751463424,67108864,67108864,82.544397,4.941601,1.120469,3.41,3,1.134341
threads,1,2,7,12,42,2818572288,67108864,67108864,51.36476,9.388864,0.000982,4.077,3,0.012333
threads,1,2,7,13,43,2885681152,67108864,67108864,58.21836,6.123702,0.001321,3.716,3,0.013531
threads,1,2,7,14,44,2952790016,67108864,67108864,68.603173,42.584872,0.001246,4.747,3,0.014912
threads,1,2,7,15,45,3019898880,67108864,67108864,51.91521,4.479597,7.353513,4.344,2,7.367844
threads,1,2,7,16,46,3087007744,67108864,67108864,67.880634,6.543991,0.001797,5.071,3,0.016969
threads,1,2,7,17,47,3154116608,67108864,67108864,45.957684,4.083873,0.001571,3.542,2,0.013245
threads,1,2,7,18,48,3221225472,67108864,67108864,55.403942,5.255209,0.001034,3.243,3,0.011991
threads,1,2,7,19,49,3288334336,67108864,67108864,71.44139,33.186608,0.002031,5.907,3,0.021952
threads,1,2,7,20,50,3355443200,67108864,67108864,49.098148,57.463396,0.002536,6.851,3,0.021094
threads,1,2,7,21,51,3422552064,67108864,67108864,60.689409,28.153744,0.245775,4.381,3,0.260782
threads,1,2,7,22,52,3489660928,67108864,67108864,51.784868,31.619342,0.000788,3.748,3,0.018051
threads,1,2,7,23,53,3556769792,67108864,67108864,62.225986,29.196588,0.000839,2.888,3,0.009569
threads,1,2,7,24,54,3623878656,67108864,67108864,52.002235,38.42097,0.000835,7.801,3,0.023176
threads,1,2,7,25,55,3690987520,67108864,67108864,61.30933,33.347163,0.001035,3.093,3,0.011136
threads,1,2,7,26,56,3758096384,67108864,67108864,52.349297,36.806004,0.00153,5.829,3,0.016362
threads,1,2,7,27,57,3825205248,67108864,67108864,50.124365,39.059175,0.001244,4.083,3,0.012449
threads,1,2,7,28,58,3892314112,67108864,67108864,73.060632,22.042651,0.00124,3.631,3,0.011677
threads,1,2,7,29,59,3959422976,67108864,67108864,27.337053,45.504132,0.001021,3.085,2,0.011945
threads,2,2,8,0,60,4026531840,67108864,67108864,50.64333,47.55649,47.416376,2.066,1,
threads,2,2,8,1,61,4093640704,67108864,67108864,44.503878,46.343473,0.001402,7.29,1,0.025545
threads,2,2,8,2,62,4160749568,67108864,67108864,88.163377,40.179184,0.001362,4.633,2,0.017284
threads,2,2,8,3,63,4227858432,67108864,67108864,91.345302,70.844735,0.001181,4.064,3,0.015506
threads,2,2,8,4,64,4294967296,67108864,67108864,64.254497,74.785791,0.001298,26.761,3,0.037551
threads,2,2,8,5,65,4362076160,67108864,67108864,65.45868,39.440313,0.007091,5.452,3,0.028306
threads,2,2,8,6,66,4429185024,67108864,67108864,61.336674,33.376209,0.002148,4.923,3,0.01689
threads,2,2,8,7,67,4496293888,67108864,67108864,88.65623,39.653415,0.001543,4.138,3,0.014361
threads,2,2,8,8,68,4563402752,67108864,67108864,68.735829,36.326188,0.002471,6.404,3,0.020056
threads,2,2,8,9,69,4630511616,67108864,67108864,76.294919,30.006902,0.003001,6.835,3,0.026667
threads,2,2,8,10,70,4697620480,67108864,67108864,78.028332,19.093418,0.001469,4.485,3,0.014306
threads,2,2,8,11,71,4764729344,67108864,67108864,95.100964,4.327485,2.84542,8.242,3,2.86538
threads,2,2,8,12,72,4831838208,67108864,67108864,78.084848,5.946963,3.15632,8.68,3,3.178723
threads,2,2,8,13,73,4898947072,67108864,67108864,62.148806,20.621891,0.000902,3.113,3,0.024619
threads,2,2,8,14,74,4966055936,67108864,67108864,57.214107,4.379879,2.976004,10.434,3,2.998228
threads,2,2,8,15,75,5033164800,67108864,67108864,61.373851,5.746415,6.70009,18.847,3,6.738622
threads,2,2,8,16,76,5100273664,67108864,67108864,49.84765,4.115096,0.002253,5.261,2,0.018233
threads,2,2,8,17,77,5167382528,67108864,67108864,70.339871,5.203974,0.002126,6.564,3,0.020135
threads,2,2,8,18,78,5234491392,67108864,67108864,44.776818,42.464743,0.001329,4.293,3,0.014126
threads,2,2,8,19,79,5301600256,67108864,67108864,64.490728,32.045322,0.001196,5.655,3,0.021521
threads,2,2,8,20,80,5368709120,67108864,67108864,73.318046,4.960385,1.135455,6.373,3,1.15076
threads,2,2,8,21,81,5435817984,67108864,67108864,45.239648,6.826253,0.000859,3.496,3,0.010306
threads,2,2,8,22,82,5502926848,67108864,67108864,64.477406,4.94462,2.222583,5.393,3,2.237649
threads,2,2,8,23,83,5570035712,67108864,67108864,52.778417,8.725948,0.000874,2.858,3,0.011382
threads,2,2,8,24,84,5637144576,67108864,67108864,60.408687,9.720535,0.000947,3.002,3,0.010607
threads,2,2,8,25,85,5704253440,67108864,67108864,47.648012,7.897489,0.001234,4.841,3,0.017429
threads,2,2,8,26,86,5771362304,67108864,67108864,60.084794,4.63908,1.090269,5.306,3,1.10695
threads,2,2,8,27,87,5838471168,67108864,67108864,61.804619,4.540751,1.128165,6.142,3,1.142569
threads,2,2,8,28,88,5905580032,67108864,67108864,53.664579,13.995287,0.000952,3.358,3,0.011663
threads,2,2,8,29,89,5972688896,67108864,67108864,35.715632,17.540076,0.001675,4.758,3,0.016252
threads,3,2,9,0,90,6039797760,67108864,67108864,103.78697,4.325402,51.645546,4.794,1,
threads,3,2,9,1,91,6106906624,67108864,67108864,82.090066,12.952693,0.001667,5.129,2,0.030358
threads,3,2,9,2,92,6174015488,67108864,67108864,103.906427,6.891921,0.002642,8.081,3,0.028045
threads,3,2,9,3,93,6241124352,67108864,67108864,65.247267,4.151135,1.079775,5.12,3,1.094258
threads,3,2,9,4,94,6308233216,67108864,67108864,56.387232,6.193154,0.001995,5.966,3,0.018937
threads,3,2,9,5,95,6375342080,67108864,67108864,92.442648,4.14598,0.001418,4.402,3,0.014968
threads,3,2,9,6,96,6442450944,67108864,67108864,57.961554,29.746046,0.001086,3.605,3,0.01168
threads,3,2,9,7,97,6509559808,67108864,67108864,66.121592,7.26374,0.001813,5.421,3,0.017522
threads,3,2,9,8,98,6576668672,67108864,67108864,92.369647,4.334997,2.723296,4.178,3,2.737655
threads,3,2,9,9,99,6643777536,67108864,67108864,71.412318,5.857438,0.002263,5.64,3,0.022299
threads,3,2,9,10,100,6710886400,67108864,67108864,86.887109,14.762071,0.001038,4.351,3,0.014258
threads,3,2,9,11,101,6777995264,67108864,67108864,84.567466,4.310765,1.093884,4.898,3,1.106741
threads,3,2,9,12,102,6845104128,67108864,67108864,60.675559,6.343094,0.001747,5.959,3,0.021593
threads,3,2,9,13,103,6912212992,67108864,67108864,61.445413,11.268521,0.001013,1.794,3,0.008038
threads,3,2,9,14,104,6979321856,67108864,67108864,56.012772,8.769368,0.000785,2.135,3,0.008163
threads,3,2,9,15,105,7046430720,67108864,67108864,68.623557,4.626471,5.700521,6.373,3,5.716012
threads,3,2,9,16,106,7113539584,67108864,67108864,55.206676,21.345263,0.002999,7.127,3,0.027414
threads,3,2,9,17,107,7180648448,67108864,67108864,59.522337,4.054481,0.000774,2.986,3,0.011084
threads,3,2,9,18,108,7247757312,67108864,67108864,42.686792,7.272065,0.001773,4.908,3,0.01748
threads,3,2,9,19,109,7314866176,67108864,67108864,77.283704,4.566169,0.001615,4.757,3,0.02637
threads,3,2,9,20,110,7381975040,67108864,67108864,49.138861,8.538292,0.001793,4.877,3,0.016771
threads,3,2,9,21,111,7449083904,67108864,67108864,54.637604,10.212654,0.001385,3.566,3,0.012798
threads,3,2,9,22,112,7516192768,67108864,67108864,50.127475,4.321845,3.946162,2.707,3,3.960375
threads,3,2,9,23,113,7583301632,67108864,67108864,60.550906,4.354907,2.679594,6.872,3,2.694611
threads,3,2,9,24,114,7650410496,67108864,67108864,53.331501,4.493133,0.001029,3.417,3,0.013436
threads,3,2,9,25,115,7717519360,67108864,67108864,52.432221,9.078324,0.000888,1.966,3,0.008652
threads,3,2,9,26,116,7784628224,67108864,67108864,58.647584,4.643707,4.346541,3.639,3,4.360525
threads,3,2,9,27,117,7851737088,67108864,67108864,51.103371,6.486813,4.990765,11.615,3,5.011804
threads,3,2,9,28,118,7918845952,67108864,67108864,50.576658,5.100131,1.176573,4.984,3,1.190778
threads,3,2,9,29,119,7985954816,59027232,59027232,22.386701,27.528341,27.366543,4.087,0,27.384053
threads,0,2,6,0,0,0,67108864,67108864,93.73165,4.584954,4.290261,3.576,1,
threads,0,2,6,1,1,67108864,67108864,67108864,41.295884,49.305339,0.005287,10.48,2,0.037319
threads,0,2,6,2,2,134217728,67108864,67108864,60.402242,36.926584,0.005113,11.063,2,0.039529
threads,0,2,6,3,3,201326592,67108864,67108864,44.809801,52.062643,0.007115,11.288,3,0.042687
threads,0,2,6,4,4,268435456,67108864,67108864,37.851244,31.536001,0.003019,7.344,3,0.025188
threads,0,2,6,5,5,335544320,67108864,67108864,44.010532,24.118587,0.002516,5.35,3,0.01929
threads,0,2,6,6,6,402653184,67108864,67108864,46.853446,23.692959,0.002171,5.479,3,0.018816
threads,0,2,6,7,7,469762048,67108864,67108864,43.406079,25.510655,0.002813,5.7,3,0.020483
threads,0,2,6,8,8,536870912,67108864,67108864,39.901,24.685614,0.002375,6.082,3,0.020768
threads,0,2,6,9,9,603979776,67108864,67108864,42.923889,27.272942,0.002384,5.226,3,0.019635
threads,0,2,6,10,10,671088640,67108864,67108864,44.776612,24.673352,0.002165,5.764,3,0.019889
threads,0,2,6,11,11,738197504,67108864,67108864,41.542691,26.253295,0.005461,12.653,3,0.044177
threads,0,2,6,12,12,805306368,67108864,67108864,45.724607,26.092344,0.004271,10.065,3,0.035688
threads,0,2,6,13,13,872415232,67108864,67108864,39.034394,19.104183,0.003303,9.849,3,0.034096
threads,0,2,6,14,14,939524096,67108864,67108864,43.620955,8.226003,0.002881,14.528,3,0.037314
threads,0,2,6,15,15,1006632960,67108864,67108864,46.60352,4.965135,0.003482,8.223,3,0.026786
threads,0,2,6,16,16,1073741824,67108864,67108864,51.073222,4.367705,4.065084,4.83,2,4.088284
threads,0,2,6,17,17,1140850688,67108864,67108864,44.707027,4.433787,3.351497,4.712,3,3.369152
threads,0,2,6,18,18,1207959552,67108864,67108864,40.017903,8.030341,0.002151,17.975,3,0.032945
threads,0,2,6,19,19,1275068416,67108864,67108864,38.849739,10.052293,0.005032,12.066,3,0.040767
threads,0,2,6,20,20,1342177280,67108864,67108864,42.586803,10.078629,0.002729,6.172,3,0.021721
threads,0,2,6,21,21,1409286144,67108864,67108864,43.1092,11.189721,0.004857,9.598,3,0.034241
threads,0,2,6,22,22,1476395008,67108864,67108864,46.317758,18.060488,0.005739,13.99,3,0.049871
threads,0,2,6,23,23,1543503872,67108864,67108864,46.124792,24.319539,0.005237,12.348,3,0.044177
threads,0,2,6,24,24,1610612736,67108864,67108864,36.251635,28.497514,0.009471,16.812,3,0.063288
threads,0,2,6,25,25,1677721600,67108864,67108864,38.674249,22.920623,0.004882,10.092,3,0.03565
threads,0,2,6,26,26,1744830464,67108864,67108864,37.50645,17.462982,0.00563,10.97,3,0.045914
threads,0,2,6,27,27,1811939328,67108864,67108864,57.556803,15.56447,0.003851,8.413,3,0.03277
threads,0,2,6,28,28,1879048192,67108864,67108864,49.437297,4.268843,2.310125,3.959,3,2.331305
threads,0,2,6,29,29,1946157056,67108864,67108864,33.708026,10.960973,0.006204,13.45,3,0.047852
threads,1,2,7,0,30,2013265920,67108864,67108864,108.449868,4.408829,102.427658,4.58,2,
threads,1,2,7,1,31,2080374784,67108864,67108864,41.957444,4.54083,2.204552,6.538,3,2.220633
threads,1,2,7,2,32,2147483648,67108864,67108864,42.087853,4.983543,3.317357,3.601,3,3.330504
threads,1,2,7,3,33,2214592512,67108864,67108864,45.038473,4.370361,2.351342,8.363,3,2.367123
threads,1,2,7,4,34,2281701376,67108864,67108864,44.236068,6.626355,0.001856,5.21,3,0.01776
threads,1,2,7,5,35,2348810240,67108864,67108864,37.317741,9.915459,0.001235,4.64,3,0.01582
threads,1,2,7,6,36,2415919104,67108864,67108864,38.659245,4.181521,0.001377,3.697,3,0.015566
threads,1,2,7,7,37,2483027968,67108864,67108864,40.416965,4.750235,2.324554,3.644,2,2.333835
threads,1,2,7,8,38,2550136832,67108864,67108864,40.121098,4.392199,0.00296,5.949,3,0.023632
threads,1,2,7,9,39,2617245696,67108864,67108864,37.98319,6.543255,0.002967,6.965,3,0.025989
threads,1,2,7,10,40,2684354560,67108864,67108864,47.311474,4.316156,1.344239,8.2,3,1.36809
threads,1,2,7,11,41,2751463424,67108864,67108864,41.288785,5.889189,0.002035,5.465,3,0.020262
threads,1,2,7,12,42,2818572288,67108864,67108864,37.049031,8.127637,0.002454,6.221,3,0.021371
threads,1,2,7,13,43,2885681152,67108864,67108864,41.994999,4.301033,2.752431,4.2,3,2.772106
threads,1,2,7,14,44,2952790016,67108864,67108864,34.872395,14.257321,0.003355,7.644,3,0.028067
threads,1,2,7,15,45,3019898880,67108864,67108864,44.398865,8.075824,0.002029,6.253,3,0.019302
threads,1,2,7,16,46,3087007744,67108864,67108864,39.782213,9.647604,0.006166,13.786,3,0.047528
threads,1,2,7,17,47,3154116608,67108864,67108864,36.938679,9.258806,0.003439,8.143,3,0.027715
threads,1,2,7,18,48,3221225472,67108864,67108864,41.816844,6.020569,0.001775,5.107,3,0.017703
threads,1,2,7,19,49,3288334336,67108864,67108864,39.077654,4.389513,2.774888,4.434,3,2.802016
threads,1,2,7,20,50,3355443200,67108864,67108864,38.158314,4.87801,2.22781,5.559,3,2.257195
threads,1,2,7,21,51,3422552064,67108864,67108864,38.047693,4.628183,1.101847,9.466,3,1.131398
threads,1,2,7,22,52,3489660928,67108864,67108864,39.627455,4.362748,4.216238,9.115,3,4.233954
threads,1,2,7,23,53,3556769792,67108864,67108864,40.927296,4.631386,2.155633,5.967,2,2.184774
threads,1,2,7,24,54,3623878656,67108864,67108864,39.020845,9.321392,0.006006,13.378,3,0.049995
threads,1,2,7,25,55,3690987520,67108864,67108864,36.373424,9.665303,0.00454,10.139,3,0.043229
threads,1,2,7,26,56,3758096384,67108864,67108864,47.012373,8.549872,0.005838,14.349,3,0.050365
threads,1,2,7,27,57,3825205248,67108864,67108864,42.764337,29.446361,0.007196,15.514,3,0.05702
threads,1,2,7,28,58,3892314112,67108864,67108864,41.898405,14.650914,0.003405,8.933,3,0.028682
threads,1,2,7,29,59,3959422976,67108864,67108864,28.638375,4.292515,1.533908,9.987,3,1.565728
threads,2,2,8,0,60,4026531840,67108864,67108864,94.503463,44.46363,48.805503,15.601,2,
threads,2,2,8,1,61,4093640704,67108864,67108864,52.262241,4.37429,4.492381,5.823,3,4.519575
threads,2,2,8,2,62,4160749568,67108864,67108864,43.74118,4.391862,8.539225,4.145,3,8.55856
threads,2,2,8,3,63,4227858432,67108864,67108864,42.80636,4.582644,1.089772,3.853,3,1.104055
threads,2,2,8,4,64,4294967296,67108864,67108864,42.780261,5.077001,2.247336,3.911,3,2.261798
threads,2,2,8,5,65,4362076160,67108864,67108864,38.672637,8.699845,0.001997,5.58,3,0.019978
threads,2,2,8,6,66,4429185024,67108864,67108864,41.986856,4.407415,2.283062,2.361,3,2.290147
threads,2,2,8,7,67,4496293888,67108864,67108864,40.83803,4.228601,1.066412,4.025,3,1.080389
threads,2,2,8,8,68,4563402752,67108864,67108864,43.222606,4.550288,8.865523,8.581,3,8.886859
threads,2,2,8,9,69,4630511616,67108864,67108864,39.510075,7.350537,0.001854,4.634,3,0.01824
threads,2,2,8,10,70,4697620480,67108864,67108864,52.714325,4.579327,2.209336,6.417,3,2.229255
threads,2,2,8,11,71,4764729344,67108864,67108864,49.915251,18.257834,0.003556,10.124,3,0.032539
threads,2,2,8,12,72,4831838208,67108864,67108864,46.875359,20.61836,0.00375,10.051,3,0.034637
threads,2,2,8,13,73,4898947072,67108864,67108864,37.00285,24.542231,0.004307,9.386,3,0.03325
threads,2,2,8,14,74,4966055936,67108864,67108864,41.046228,23.496293,0.003789,8.485,3,0.029063
threads,2,2,8,15,75,5033164800,67108864,67108864,42.859513,17.995061,0.002775,8.009,3,0.026966
threads,2,2,8,16,76,5100273664,67108864,67108864,40.156218,10.880407,0.001415,4.021,3,0.0151
threads,2,2,8,17,77,5167382528,67108864,67108864,40.173398,6.339161,0.004955,11.652,3,0.042508
threads,2,2,8,18,78,5234491392,67108864,67108864,46.223559,6.47511,0.002466,5.96,3,0.021221
threads,2,2,8,19,79,5301600256,67108864,67108864,40.609296,13.853566,0.00256,8.646,3,0.026357
threads,2,2,8,20,80,5368709120,67108864,67108864,39.504286,12.078874,0.209535,12.25,3,0.237056
threads,2,2,8,21,81,5435817984,67108864,67108864,41.426242,8.459342,0.004324,9.623,3,0.035253
threads,2,2,8,22,82,5502926848,67108864,67108864,44.078225,4.644489,1.091598,10.475,3,1.12084
threads,2,2,8,23,83,5570035712,67108864,67108864,39.731046,4.357452,10.803055,4.785,3,10.832028
threads,2,2,8,24,84,5637144576,67108864,67108864,38.340269,7.520257,0.003963,8.715,3,0.031226
threads,2,2,8,25,85,5704253440,67108864,67108864,42.811502,6.841453,0.004443,11.39,3,0.045001
threads,2,2,8,26,86,5771362304,67108864,67108864,41.05719,13.30561,0.007627,21.427,3,0.076444
threads,2,2,8,27,87,5838471168,67108864,67108864,45.444503,4.126962,1.081131,6.958,3,1.102398
threads,2,2,8,28,88,5905580032,67108864,67108864,56.926191,4.275493,4.177463,4.995,3,4.189177
threads,2,2,8,29,89,5972688896,67108864,67108864,30.326802,28.722035,0.004385,8.734,1,0.023511
threads,3,2,9,0,90,6039797760,67108864,67108864,98.550078,,0.07254,10.751,0,
threads,3,2,9,1,91,6106906624,67108864,67108864,58.72951,4.007996,45.128548,9.996,2,45.147254
threads,3,2,9,2,92,6174015488,67108864,67108864,44.631404,4.366296,2.06264,3.594,2,2.073719
threads,3,2,9,3,93,6241124352,67108864,67108864,44.555668,4.18576,0.002534,6.659,3,0.023049
threads,3,2,9,4,94,6308233216,67108864,67108864,39.155352,10.889027,0.002098,4.983,3,0.018133
threads,3,2,9,5,95,6375342080,67108864,67108864,43.050422,6.037074,0.002163,5.541,3,0.022043
threads,3,2,9,6,96,6442450944,67108864,67108864,42.119956,4.418359,2.191358,2.56,3,2.204792
threads,3,2,9,7,97,6509559808,67108864,67108864,44.629868,4.237571,1.111797,4.021,3,1.126103
threads,3,2,9,8,98,6576668672,67108864,67108864,40.757476,8.969903,0.002585,7.373,3,0.023099
threads,3,2,9,9,99,6643777536,67108864,67108864,44.742773,6.824758,0.004698,11.538,3,0.041157
threads,3,2,9,10,100,6710886400,67108864,67108864,36.840446,4.363453,4.137408,8.982,3,4.159966
threads,3,2,9,11,101,6777995264,67108864,67108864,45.058855,4.08053,2.216234,3.174,3,2.227911
threads,3,2,9,12,102,6845104128,67108864,67108864,42.956025,4.338156,2.505359,7.093,3,2.530507
threads,3,2,9,13,103,6912212992,67108864,67108864,38.055013,6.012738,0.00284,9.322,3,0.028713
threads,3,2,9,14,104,6979321856,67108864,67108864,40.336724,4.269452,0.002319,7.87,3,0.022838
threads,3,2,9,15,105,7046430720,67108864,67108864,45.517884,4.453107,6.222415,6.658,3,6.237702
threads,3,2,9,16,106,7113539584,67108864,67108864,41.117106,19.484595,0.004393,10.772,3,0.037596
threads,3,2,9,17,107,7180648448,67108864,67108864,38.006408,16.18162,0.002971,7.846,3,0.026312
threads,3,2,9,18,108,7247757312,67108864,67108864,38.803695,14.40841,0.002711,6.341,3,0.03031
threads,3,2,9,19,109,7314866176,67108864,67108864,41.467608,16.297152,0.005338,11.305,3,0.041429
threads,3,2,9,20,110,7381975040,67108864,67108864,36.255577,13.188244,0.005344,11.816,3,0.042344
threads,3,2,9,21,111,7449083904,67108864,67108864,40.075956,8.141699,0.004078,9.771,3,0.032727
threads,3,2,9,22,112,7516192768,67108864,67108864,41.969908,8.954871,0.003097,7.389,3,0.026928
threads,3,2,9,23,113,7583301632,67108864,67108864,36.416463,8.683329,0.00342,9.417,3,0.040197
threads,3,2,9,24,114,7650410496,67108864,67108864,44.219503,4.377824,1.07498,7.593,2,1.090261
threads,3,2,9,25,115,7717519360,67108864,67108864,39.406953,4.415532,4.297772,6.053,3,4.315753
threads,3,2,9,26,116,7784628224,67108864,67108864,40.584616,5.467994,0.003494,8.404,3,0.030779
threads,3,2,9,27,117,7851737088,67108864,67108864,57.541061,4.317422,1.119064,13.014,3,1.152758
threads,3,2,9,28,118,7918845952,67108864,67108864,53.771017,19.7463,0.005568,13.037,3,0.047405
threads,3,2,9,29,119,7985954816,59027232,59027232,33.084051,23.935152,0.005551,13.48,3,0.051515
threads,0,2,6,0,0,0,67108864,67108864,52.431665,,0.101454,12.893,0,
threads,0,2,6,1,1,67108864,67108864,67108864,42.201077,47.782281,0.006575,13.579,1,0.051035
threads,0,2,6,2,2,134217728,67108864,67108864,55.809623,37.824124,0.007096,12.964,2,0.048927
threads,0,2,6,3,3,201326592,67108864,67108864,75.651684,36.756441,0.007253,18.354,3,0.066444
threads,0,2,6,4,4,268435456,67108864,67108864,49.888474,4.370726,1.928135,10.064,2,1.952595
threads,0,2,6,5,5,335544320,67108864,67108864,40.948885,12.418967,0.004071,7.845,3,0.032161
threads,0,2,6,6,6,402653184,67108864,67108864,48.988024,6.599604,0.00497,12.399,3,0.041004
threads,0,2,6,7,7,469762048,67108864,67108864,50.988252,5.008279,1.201125,6.589,3,1.223328
threads,0,2,6,8,8,536870912,67108864,67108864,47.397832,11.004989,0.005365,12.371,3,0.045774
threads,0,2,6,9,9,603979776,67108864,67108864,43.514135,17.981942,0.005845,14.246,3,0.046993
threads,0,2,6,10,10,671088640,67108864,67108864,54.166349,19.647833,0.005775,12.135,3,0.0462
threads,0,2,6,11,11,738197504,67108864,67108864,39.518292,29.61923,0.00575,12.481,3,0.045567
threads,0,2,6,12,12,805306368,67108864,67108864,46.546803,26.782444,0.005885,14.991,3,0.049915
threads,0,2,6,13,13,872415232,67108864,67108864,52.005976,23.724578,0.004967,11.431,3,0.045286
threads,0,2,6,14,14,939524096,67108864,67108864,46.88468,4.398413,4.226519,4.633,3,4.247198
threads,0,2,6,15,15,1006632960,67108864,67108864,41.324608,5.20068,0.006981,11.346,3,0.043831
threads,0,2,6,16,16,1073741824,67108864,67108864,45.180899,4.90516,2.384067,13.966,3,2.413992
threads,0,2,6,17,17,1140850688,67108864,67108864,45.139552,5.446415,0.002745,10.532,3,0.032687
threads,0,2,6,18,18,1207959552,67108864,67108864,51.213525,5.15112,0.006638,14.063,3,0.083107
threads,0,2,6,19,19,1275068416,67108864,67108864,51.634041,6.743862,0.002494,6.259,3,0.023169
threads,0,2,6,20,20,1342177280,67108864,67108864,57.991722,5.541553,0.00335,7.98,3,0.027988
threads,0,2,6,21,21,1409286144,67108864,67108864,45.551889,4.317817,4.113061,15.216,3,4.147504
threads,0,2,6,22,22,1476395008,67108864,67108864,39.691584,7.637716,0.004754,10.333,3,0.03907
threads,0,2,6,23,23,1543503872,67108864,67108864,45.549348,4.373379,2.481958,12.627,3,2.512964
threads,0,2,6,24,24,1610612736,67108864,67108864,40.486927,4.362241,3.802539,3.556,3,3.828145
threads,0,2,6,25,25,1677721600,67108864,67108864,41.39406,4.622224,2.2253,3.222,3,2.23964
threads,0,2,6,26,26,1744830464,67108864,67108864,43.097564,4.649179,2.202606,4.791,3,2.218408
threads,0,2,6,27,27,1811939328,67108864,67108864,41.176088,4.436967,3.038727,6.78,3,3.057741
threads,0,2,6,28,28,1879048192,67108864,67108864,41.434271,4.401332,3.147797,6.689,3,3.169167
threads,0,2,6,29,29,1946157056,67108864,67108864,32.934887,4.991923,3.894511,9.171,3,3.916491
threads,1,2,7,0,30,2013265920,67108864,67108864,104.751834,4.700419,4.281403,10.35,1,
threads,1,2,7,1,31,2080374784,67108864,67108864,43.179278,14.764828,0.006672,12.382,2,0.045279
threads,1,2,7,2,32,2147483648,67108864,67108864,55.099188,4.376187,16.897287,8.994,3,16.924071
threads,1,2,7,3,33,2214592512,67108864,67108864,46.453386,4.464632,7.968872,3.274,3,7.977613
threads,1,2,7,4,34,2281701376,67108864,67108864,52.329373,4.499915,3.470115,7.897,3,3.502532
threads,1,2,7,5,35,2348810240,67108864,67108864,46.177786,15.885907,0.006903,11.982,3,0.046508
threads,1,2,7,6,36,2415919104,67108864,67108864,42.354448,11.906982,0.005618,12.6,3,0.054641
threads,1,2,7,7,37,2483027968,67108864,67108864,44.567499,4.377001,1.110849,12.957,3,1.149597
threads,1,2,7,8,38,2550136832,67108864,67108864,43.432977,4.315946,2.78252,7.418,3,2.816271
threads,1,2,7,9,39,2617245696,67108864,67108864,52.940106,4.217873,0.00337,7.734,3,0.029285
threads,1,2,7,10,40,2684354560,67108864,67108864,51.291865,4.6141,5.736573,4.299,3,5.75715
threads,1,2,7,11,41,2751463424,67108864,67108864,48.511032,4.352601,2.413081,9.88,3,2.44064
threads,1,2,7,12,42,2818572288,67108864,67108864,46.338548,5.994287,0.00679,14.734,3,0.052469
threads,1,2,7,13,43,2885681152,67108864,67108864,44.039952,10.413433,0.003075,8.513,3,0.028554
threads,1,2,7,14,44,2952790016,67108864,67108864,44.498403,7.532449,0.004904,11.936,3,0.046769
threads,1,2,7,15,45,3019898880,67108864,67108864,42.227367,8.839461,0.003511,9.169,3,0.0295
threads,1,2,7,16,46,3087007744,67108864,67108864,43.105293,4.922275,2.287186,9.738,3,2.310875
threads,1,2,7,17,47,3154116608,67108864,67108864,56.518865,6.051254,0.00546,12.18,3,0.044967
threads,1,2,7,18,48,3221225472,67108864,67108864,49.473897,4.234243,0.005584,12.16,3,0.043972
threads,1,2,7,19,49,3288334336,67108864,67108864,50.670136,4.950208,0.005709,13.02,3,0.044837
threads,1,2,7,20,50,3355443200,67108864,67108864,48.663613,4.110361,2.225988,6.748,3,2.243982
threads,1,2,7,21,51,3422552064,67108864,67108864,48.669494,7.214139,0.003781,8.533,3,0.031124
threads,1,2,7,22,52,3489660928,67108864,67108864,45.817679,13.716846,0.005383,10.277,3,0.037761
threads,1,2,7,23,53,3556769792,67108864,67108864,42.2869,10.194351,0.004736,9.098,3,0.037319
threads,1,2,7,24,54,3623878656,67108864,67108864,43.872938,9.782878,0.003443,6.93,3,0.028194
threads,1,2,7,25,55,3690987520,67108864,67108864,43.786115,10.071426,0.002853,7.6,3,0.028078
threads,1,2,7,26,56,3758096384,67108864,67108864,44.364725,7.732953,0.004254,7.425,3,0.030717
threads,1,2,7,27,57,3825205248,67108864,67108864,42.466783,7.779599,0.0033,6.532,3,0.027176
threads,1,2,7,28,58,3892314112,67108864,67108864,61.534236,4.916848,0.002439,5.492,3,0.021228
threads,1,2,7,29,59,3959422976,67108864,67108864,27.352091,4.386053,43.031598,3.595,2,43.042518
threads,2,2,8,0,60,4026531840,67108864,67108864,108.27255,4.42588,56.681592,7.845,2,
threads,2,2,8,1,61,4093640704,67108864,67108864,58.570376,14.615923,0.006587,12.899,2,0.043564
threads,2,2,8,2,62,4160749568,67108864,67108864,41.826904,54.241443,0.006431,12.216,3,0.047254
threads,2,2,8,3,63,4227858432,67108864,67108864,46.761494,28.347359,0.005645,11.484,3,0.04549
threads,2,2,8,4,64,4294967296,67108864,67108864,51.755285,25.1763,0.005586,13.634,3,0.047758
threads,2,2,8,5,65,4362076160,67108864,67108864,44.985564,24.926489,0.005855,11.445,3,0.047392
threads,2,2,8,6,66,4429185024,67108864,67108864,40.424289,17.957268,0.006003,14.94,3,0.051752
threads,2,2,8,7,67,4496293888,67108864,67108864,41.849484,12.82276,0.004837,11.017,3,0.043583
threads,2,2,8,8,68,4563402752,67108864,67108864,44.189925,12.817008,0.005922,11.34,3,0.04496
threads,2,2,8,9,69,4630511616,67108864,67108864,42.38668,14.374386,0.007691,13.064,3,0.050594
threads,2,2,8,10,70,4697620480,67108864,67108864,45.251738,4.08255,0.001497,4.266,3,0.018313
threads,2,2,8,11,71,4764729344,67108864,67108864,46.870397,10.368543,0.005561,12.574,3,0.045616
threads,2,2,8,12,72,4831838208,67108864,67108864,38.576039,14.486068,0.006834,14.972,3,0.051418
threads,2,2,8,13,73,4898947072,67108864,67108864,45.813337,4.539418,3.351529,9.039,3,3.371917
threads,2,2,8,14,74,4966055936,67108864,67108864,39.558134,4.578612,1.132226,6.808,3,1.154368
threads,2,2,8,15,75,5033164800,67108864,67108864,48.413219,4.060903,3.639507,7.506,3,3.662757
threads,2,2,8,16,76,5100273664,67108864,67108864,40.884107,7.302745,0.005621,11.478,3,0.042209
threads,2,2,8,17,77,5167382528,67108864,67108864,58.343182,4.101367,1.115888,6.819,3,1.137174
threads,2,2,8,18,78,5234491392,67108864,67108864,48.779983,11.244521,0.004188,9.425,3,0.036666
threads,2,2,8,19,79,5301600256,67108864,67108864,49.381246,8.385261,0.002937,6.21,3,0.022786
threads,2,2,8,20,80,5368709120,67108864,67108864,42.197031,12.303676,0.007062,12.553,3,0.054902
threads,2,2,8,21,81,5435817984,67108864,67108864,45.425544,10.999598,0.018162,12.223,3,0.074029
threads,2,2,8,22,82,5502926848,67108864,67108864,49.363078,5.983608,0.005824,11.183,3,0.043341
threads,2,2,8,23,83,5570035712,67108864,67108864,42.440511,6.876174,0.002877,6.878,3,0.025553
threads,2,2,8,24,84,5637144576,67108864,67108864,43.560013,6.503686,0.002855,6.89,3,0.026073
threads,2,2,8,25,85,5704253440,67108864,67108864,46.326119,5.97692,0.002707,6.47,3,0.0255
threads,2,2,8,26,86,5771362304,67108864,67108864,44.343639,5.648576,0.005703,10.643,3,0.041398
threads,2,2,8,27,87,5838471168,67108864,67108864,44.731841,6.801891,0.004329,10.834,3,0.037251
threads,2,2,8,28,88,5905580032,67108864,67108864,71.101734,7.753912,0.003612,7.518,3,0.02833
threads,2,2,8,29,89,5972688896,67108864,67108864,31.798926,4.37494,38.983724,7.484,1,38.997738
threads,3,2,9,0,90,6039797760,67108864,67108864,122.386622,4.354798,113.480358,16.587,3,
threads,3,2,9,1,91,6106906624,67108864,67108864,47.741903,4.689677,1.114482,5.613,3,1.128407
threads,3,2,9,2,92,6174015488,67108864,67108864,49.74469,4.71407,2.224934,5.135,3,2.238408
threads,3,2,9,3,93,6241124352,67108864,67108864,51.963789,4.390677,2.267312,22.851,3,2.307798
threads,3,2,9,4,94,6308233216,67108864,67108864,45.563629,10.164787,0.005724,11.524,3,0.042748
threads,3,2,9,5,95,6375342080,67108864,67108864,41.867534,12.263122,0.004433,10.007,3,0.038751
threads,3,2,9,6,96,6442450944,67108864,67108864,42.639601,6.779548,0.004143,9.552,3,0.032662
threads,3,2,9,7,97,6509559808,67108864,67108864,47.197404,6.000427,0.005069,12.194,3,0.04354
threads,3,2,9,8,98,6576668672,67108864,67108864,43.577832,4.089113,0.851682,9.526,2,0.885325
threads,3,2,9,9,99,6643777536,67108864,67108864,42.779251,8.146367,0.006167,11.657,3,0.047629
threads,3,2,9,10,100,6710886400,67108864,67108864,47.448621,4.358568,0.002621,7.218,3,0.025039
threads,3,2,9,11,101,6777995264,67108864,67108864,46.076708,27.015838,0.00593,13.356,3,0.047572
threads,3,2,9,12,102,6845104128,67108864,67108864,43.980898,26.77498,0.006336,14.017,3,0.049536
threads,3,2,9,13,103,6912212992,67108864,67108864,44.625648,26.722379,0.007302,13.904,3,0.053222
threads,3,2,9,14,104,6979321856,67108864,67108864,45.467945,26.866807,0.005773,12.981,3,0.046683
threads,3,2,9,15,105,7046430720,67108864,67108864,49.584896,27.846519,0.006414,14.09,3,0.050009
threads,3,2,9,16,106,7113539584,67108864,67108864,52.812502,34.340211,0.018164,12.678,3,0.059056
threads,3,2,9,17,107,7180648448,67108864,67108864,51.012168,30.641712,0.008782,12.594,3,0.051836
threads,3,2,9,18,108,7247757312,67108864,67108864,43.230076,32.182264,0.006093,12.369,3,0.047118
threads,3,2,9,19,109,7314866176,67108864,67108864,50.434438,22.843284,0.307737,10.236,3,0.345062
threads,3,2,9,20,110,7381975040,67108864,67108864,48.436476,24.633422,0.006863,14.654,3,0.050437
threads,3,2,9,21,111,7449083904,67108864,67108864,42.797004,24.422232,0.017419,13.135,3,0.059589
threads,3,2,9,22,112,7516192768,67108864,67108864,44.063983,21.406306,0.005252,10.84,3,0.042068
threads,3,2,9,23,113,7583301632,67108864,67108864,46.643811,23.203491,0.006424,12.576,3,0.048296
threads,3,2,9,24,114,7650410496,67108864,67108864,43.182562,25.998336,0.007407,14.241,3,0.05205
threads,3,2,9,25,115,7717519360,67108864,67108864,43.761652,25.409079,0.005273,11.618,3,0.045013
threads,3,2,9,26,116,7784628224,67108864,67108864,42.165253,24.825328,0.0065,12.593,3,0.046498
threads,3,2,9,27,117,7851737088,67108864,67108864,36.519379,24.547362,0.006295,11.675,3,0.044792
threads,3,2,9,28,118,7918845952,67108864,67108864,34.654585,36.566124,0.00601,11.23,2,0.046745
threads,3,2,9,29,119,7985954816,59027232,59027232,23.011742,34.702275,0.005291,12.03,0,0.04769
threads,0,2,6,0,0,0,67108864,67108864,49.256019,,0.032162,8.137,0,
threads,0,2,6,1,1,67108864,67108864,67108864,56.027471,4.382773,106.650246,7.43,3,106.673624
threads,0,2,6,2,2,134217728,67108864,67108864,56.20402,4.30221,7.060641,3.603,3,7.07028
threads,0,2,6,3,3,201326592,67108864,67108864,56.114566,4.262038,3.241438,2.495,3,3.254364
threads,0,2,6,4,4,268435456,67108864,67108864,55.620649,4.210543,0.002204,6.953,3,0.022257
threads,0,2,6,5,5,335544320,67108864,67108864,49.628411,15.213886,0.001921,7.999,3,0.026296
threads,0,2,6,6,6,402653184,67108864,67108864,48.568784,6.400575,0.000777,3.942,3,0.014441
threads,0,2,6,7,7,469762048,67108864,67108864,55.528212,6.87721,0.002259,5.165,3,0.02003
threads,0,2,6,8,8,536870912,67108864,67108864,66.061072,4.295899,4.732656,2.761,3,4.739735
threads,0,2,6,9,9,603979776,67108864,67108864,56.158132,8.80982,0.001974,5.129,3,0.020826
threads,0,2,6,10,10,671088640,67108864,67108864,54.989832,11.240647,0.004389,10.222,3,0.037837
threads,0,2,6,11,11,738197504,67108864,67108864,57.507277,15.525886,0.004063,10.907,3,0.039197
threads,0,2,6,12,12,805306368,67108864,67108864,63.758201,8.109754,0.00388,10.85,3,0.038441
threads,0,2,6,13,13,872415232,67108864,67108864,49.858741,23.530851,0.00465,11.331,3,0.043891
threads,0,2,6,14,14,939524096,67108864,67108864,47.929191,20.170387,0.005214,11.365,3,0.044652
threads,0,2,6,15,15,1006632960,67108864,67108864,42.948107,19.074647,0.005744,10.229,3,0.040024
threads,0,2,6,16,16,1073741824,67108864,67108864,57.302182,12.582808,0.002755,8.474,3,0.026196
threads,0,2,6,17,17,1140850688,67108864,67108864,60.089839,34.883597,0.007567,13.246,3,0.052911
threads,0,2,6,18,18,1207959552,67108864,67108864,55.094135,41.297626,0.005637,11.774,3,0.043694
threads,0,2,6,19,19,1275068416,67108864,67108864,64.282529,34.915419,0.004873,11.876,3,0.045403
threads,0,2,6,20,20,1342177280,67108864,67108864,48.950901,4.527594,7.481445,4.676,2,7.511118
threads,0,2,6,21,21,1409286144,67108864,67108864,59.466311,7.287934,0.004665,9.935,3,0.038962
threads,0,2,6,22,22,1476395008,67108864,67108864,57.752838,12.031631,0.004172,9.438,3,0.035244
threads,0,2,6,23,23,1543503872,67108864,67108864,47.346648,23.488804,0.006308,12.839,3,0.047832
threads,0,2,6,24,24,1610612736,67108864,67108864,43.661571,7.960454,0.002339,8.257,3,0.025374
threads,0,2,6,25,25,1677721600,67108864,67108864,43.423885,5.09336,1.153785,7.55,3,1.174976
threads,0,2,6,26,26,1744830464,67108864,67108864,65.042334,4.411649,0.003931,8.857,3,0.029542
threads,0,2,6,27,27,1811939328,67108864,67108864,47.00098,27.487371,0.005349,11.578,3,0.042298
threads,0,2,6,28,28,1879048192,67108864,67108864,89.105544,5.00392,2.205773,3.811,3,2.229246
threads,0,2,6,29,29,1946157056,67108864,67108864,38.302661,35.982849,0.004253,7.993,2,0.031974
threads,1,2,7,0,30,2013265920,67108864,67108864,137.171324,4.260831,102.16291,3.598,2,
threads,1,2,7,1,31,2080374784,67108864,67108864,68.098596,20.463711,0.00167,6.16,3,0.023589
threads,1,2,7,2,32,2147483648,67108864,67108864,51.190444,29.138316,0.003249,10.384,3,0.034393
threads,1,2,7,3,33,2214592512,67108864,67108864,52.106991,24.230339,0.005059,10.249,3,0.038402
threads,1,2,7,4,34,2281701376,67108864,67108864,49.460848,20.731266,0.005108,10.677,3,0.040881
threads,1,2,7,5,35,2348810240,67108864,67108864,51.372367,20.579864,0.003188,7.955,3,0.030602
threads,1,2,7,6,36,2415919104,67108864,67108864,63.514374,23.406943,0.005603,12.505,3,0.043526
threads,1,2,7,7,37,2483027968,67108864,67108864,55.697004,26.680863,0.002141,7.185,3,0.027493
threads,1,2,7,8,38,2550136832,67108864,67108864,51.166972,16.313381,0.001637,4.659,3,0.017412
threads,1,2,7,9,39,2617245696,67108864,67108864,58.338491,11.324426,0.004384,10.865,3,0.040042
threads,1,2,7,10,40,2684354560,67108864,67108864,52.033925,14.676039,0.005002,12.142,3,0.042151
threads,1,2,7,11,41,2751463424,67108864,67108864,58.147633,9.203717,0.004209,8.489,3,0.039471
threads,1,2,7,12,42,2818572288,67108864,67108864,49.267533,4.649312,1.075962,8.428,3,1.100054
threads,1,2,7,13,43,2885681152,67108864,67108864,50.187147,4.036406,0.002948,7.524,3,0.022954
threads,1,2,7,14,44,2952790016,67108864,67108864,53.70604,6.299256,0.005672,12.116,3,0.044918
threads,1,2,7,15,45,3019898880,67108864,67108864,46.522764,17.068632,0.003952,8.875,3,0.037639
threads,1,2,7,16,46,3087007744,67108864,67108864,62.912079,4.174552,2.185048,2.926,3,2.194866
threads,1,2,7,17,47,3154116608,67108864,67108864,45.275073,11.250504,0.004193,10.275,3,0.040789
threads,1,2,7,18,48,3221225472,67108864,67108864,58.810059,4.374561,2.863877,8.705,3,2.988522
threads,1,2,7,19,49,3288334336,67108864,67108864,45.405375,49.877661,0.004815,12.655,3,0.046437
threads,1,2,7,20,50,3355443200,67108864,67108864,59.540285,32.46867,0.005576,11.633,3,0.043466
threads,1,2,7,21,51,3422552064,67108864,67108864,46.296636,24.837234,0.004228,8.982,3,0.033251
threads,1,2,7,22,52,3489660928,67108864,67108864,58.593853,7.165378,0.005513,13.276,3,0.046861
threads,1,2,7,23,53,3556769792,67108864,67108864,45.468373,30.034776,0.004887,11.378,3,0.039747
threads,1,2,7,24,54,3623878656,67108864,67108864,45.198254,23.443236,0.004901,11.343,3,0.040954
threads,1,2,7,25,55,3690987520,67108864,67108864,47.326892,24.324666,0.003147,10.246,3,0.037432
threads,1,2,7,26,56,3758096384,67108864,67108864,71.678485,26.937376,0.005188,11.754,3,0.042556
threads,1,2,7,27,57,3825205248,67108864,67108864,58.116233,35.62726,0.001985,9.616,3,0.035192
threads,1,2,7,28,58,3892314112,67108864,67108864,41.386795,31.403582,0.004668,11.122,3,0.042356
threads,1,2,7,29,59,3959422976,67108864,67108864,30.40448,5.40796,0.000547,0.882,2,0.004014
threads,2,2,8,0,60,4026531840,67108864,67108864,48.820128,49.167317,0.002928,6.736,1,
threads,2,2,8,1,61,4093640704,67108864,67108864,41.348976,44.573866,0.006003,11.999,1,0.047916
threads,2,2,8,2,62,4160749568,67108864,67108864,71.02761,37.128876,0.004842,12.022,2,0.040731
threads,2,2,8,3,63,4227858432,67108864,67108864,57.032384,54.572329,0.005894,13.944,3,0.049294
threads,2,2,8,4,64,4294967296,67108864,67108864,45.902791,28.091629,0.00633,12.713,3,0.048378
threads,2,2,8,5,65,4362076160,67108864,67108864,48.288502,5.905741,0.005582,12.695,3,0.04431
threads,2,2,8,6,66,4429185024,67108864,67108864,66.148103,4.05522,1.057632,8.085,3,1.089823
threads,2,2,8,7,67,4496293888,67108864,67108864,45.179063,18.090396,0.003119,10.648,3,0.034945
threads,2,2,8,8,68,4563402752,67108864,67108864,65.813416,13.817582,0.004454,11.319,3,0.039573
threads,2,2,8,9,69,4630511616,67108864,67108864,55.453648,28.252263,0.004175,9.779,3,0.037158
threads,2,2,8,10,70,4697620480,67108864,67108864,51.71059,20.20723,0.004379,9.956,3,0.043186
threads,2,2,8,11,71,4764729344,67108864,67108864,56.619404,16.244331,0.004953,11.2,3,0.040927
threads,2,2,8,12,72,4831838208,67108864,67108864,52.640452,21.690215,0.003026,9.076,3,0.033494
threads,2,2,8,13,73,4898947072,67108864,67108864,57.639728,15.994143,0.005358,13.276,3,0.044118
threads,2,2,8,14,74,4966055936,67108864,67108864,55.901358,21.599213,0.004387,9.675,3,0.038738
threads,2,2,8,15,75,5033164800,67108864,67108864,43.484004,18.312322,0.007763,18.946,3,0.059438
threads,2,2,8,16,76,5100273664,67108864,67108864,44.765644,12.532236,0.002638,7.482,3,0.026397
threads,2,2,8,17,77,5167382528,67108864,67108864,52.012395,7.099575,0.002616,7.692,3,0.03376
threads,2,2,8,18,78,5234491392,67108864,67108864,53.702786,5.402864,0.006056,14.162,3,0.034573
threads,2,2,8,19,79,5301600256,67108864,67108864,56.66913,10.404738,0.001485,5.122,3,0.016718
threads,2,2,8,20,80,5368709120,67108864,67108864,48.936988,4.142076,0.002252,6.966,2,0.021076
threads,2,2,8,21,81,5435817984,67108864,67108864,56.855819,4.831601,0.00131,4.497,3,0.016132
threads,2,2,8,22,82,5502926848,67108864,67108864,67.177346,4.417581,10.132496,5.504,3,10.149247
threads,2,2,8,23,83,5570035712,67108864,67108864,63.921299,22.63269,0.002917,7.845,3,0.027626
threads,2,2,8,24,84,5637144576,67108864,67108864,67.538384,22.822077,0.010205,15.3,3,0.094054
threads,2,2,8,25,85,5704253440,67108864,67108864,47.677018,4.266772,2.51117,2.66,3,2.527366
threads,2,2,8,26,86,5771362304,67108864,67108864,44.109406,6.461086,0.003492,7.352,3,0.026623
threads,2,2,8,27,87,5838471168,67108864,67108864,70.292587,5.360538,0.003012,7.984,3,0.025732
threads,2,2,8,28,88,5905580032,67108864,67108864,59.638327,4.296553,3.4746,6.253,2,3.500247
threads,2,2,8,29,89,5972688896,67108864,67108864,39.94178,14.725639,0.001235,6.761,3,0.020985
threads,3,2,9,0,90,6039797760,67108864,67108864,98.049236,4.294178,53.281941,4.879,1,
threads,3,2,9,1,91,6106906624,67108864,67108864,59.022837,12.121802,0.003135,8.602,2,0.036139
threads,3,2,9,2,92,6174015488,67108864,67108864,59.471843,4.223212,4.12888,4.025,2,4.155477
threads,3,2,9,3,93,6241124352,67108864,67108864,56.124603,6.641006,0.002984,8.256,3,0.026713
threads,3,2,9,4,94,6308233216,67108864,67108864,44.628226,16.882223,0.004798,17.207,3,0.063715
threads,3,2,9,5,95,6375342080,67108864,67108864,54.553309,12.1475,0.001097,3.914,3,0.015376
threads,3,2,9,6,96,6442450944,67108864,67108864,48.075968,4.420615,3.880169,5.104,3,3.902854
threads,3,2,9,7,97,6509559808,67108864,67108864,59.01078,7.314158,0.004354,9.706,3,0.036211
threads,3,2,9,8,98,6576668672,67108864,67108864,61.531792,4.312842,3.819532,6.665,2,3.838478
threads,3,2,9,9,99,6643777536,67108864,67108864,53.682176,10.383985,0.003463,10.182,3,0.036185
threads,3,2,9,10,100,6710886400,67108864,67108864,50.699898,12.39761,0.007282,18.157,3,0.082966
threads,3,2,9,11,101,6777995264,67108864,67108864,64.923647,6.488502,0.005931,12.068,3,0.043892
threads,3,2,9,12,102,6845104128,67108864,67108864,48.340564,18.765782,0.004531,10.097,3,0.038203
threads,3,2,9,13,103,6912212992,67108864,67108864,53.234256,9.468311,0.004926,11.209,3,0.040431
threads,3,2,9,14,104,6979321856,67108864,67108864,49.030708,6.771372,0.003331,9.283,3,0.029601
threads,3,2,9,15,105,7046430720,67108864,67108864,49.427849,12.325926,0.004634,9.348,3,0.034247
threads,3,2,9,16,106,7113539584,67108864,67108864,70.627687,16.992664,0.004904,13.292,3,0.038293
threads,3,2,9,17,107,7180648448,67108864,67108864,70.634485,4.256617,3.530346,9.595,3,3.566831
threads,3,2,9,18,108,7247757312,67108864,67108864,47.163927,4.831539,5.436803,3.724,3,5.46655
threads,3,2,9,19,109,7314866176,67108864,67108864,53.898479,4.147234,1.089531,3.936,3,1.104888
threads,3,2,9,20,110,7381975040,67108864,67108864,46.17111,4.034996,0.001343,5.641,1,0.014178
threads,3,2,9,21,111,7449083904,67108864,67108864,68.423523,4.815678,0.008335,7.79,3,0.058413
threads,3,2,9,22,112,7516192768,67108864,67108864,57.403918,4.324411,2.668226,1.599,3,2.690377
threads,3,2,9,23,113,7583301632,67108864,67108864,52.079686,5.11002,1.153755,8.703,3,1.182361
threads,3,2,9,24,114,7650410496,67108864,67108864,44.299114,9.838865,0.002391,4.669,3,0.021181
threads,3,2,9,25,115,7717519360,67108864,67108864,44.731109,9.356574,0.006734,19.601,3,0.055142
threads,3,2,9,26,116,7784628224,67108864,67108864,58.32145,10.659885,0.002848,7.607,3,0.025629
threads,3,2,9,27,117,7851737088,67108864,67108864,62.357492,4.302493,4.694246,2.679,3,4.702343
threads,3,2,9,28,118,7918845952,67108864,67108864,72.866736,7.025448,0.002033,6.163,3,0.024775
threads,3,2,9,29,119,7985954816,59027232,59027232,28.521909,4.254803,4.154016,5.922,2,4.182458
threads,0,2,6,0,0,0,67108864,67108864,52.351838,,0.031335,6.477,0,
threads,0,2,6,1,1,67108864,67108864,67108864,43.727669,4.430889,53.494286,3.542,2,53.514058
threads,0,2,6,2,2,134217728,67108864,67108864,79.015536,4.140089,0.003297,9.165,3,0.033941
threads,0,2,6,3,3,201326592,67108864,67108864,40.614257,71.476426,0.003079,8.363,3,0.034623
threads,0,2,6,4,4,268435456,67108864,67108864,41.678714,26.940337,0.003075,7.862,3,0.029234
threads,0,2,6,5,5,335544320,67108864,67108864,45.507908,23.101921,0.003414,6.243,3,0.024319
threads,0,2,6,6,6,402653184,67108864,67108864,42.024707,21.775606,0.001713,6.076,3,0.020515
threads,0,2,6,7,7,469762048,67108864,67108864,57.69177,18.985303,0.002714,7.737,3,0.026342
threads,0,2,6,8,8,536870912,67108864,67108864,59.509073,28.111662,0.001717,4.686,3,0.018717
threads,0,2,6,9,9,603979776,67108864,67108864,58.18245,31.388885,0.002165,7.104,3,0.023733
threads,0,2,6,10,10,671088640,67108864,67108864,53.715615,31.491487,0.001968,6.12,3,0.023029
threads,0,2,6,11,11,738197504,67108864,67108864,47.162143,32.818116,0.002257,6.872,3,0.024416
threads,0,2,6,12,12,805306368,67108864,67108864,40.69719,34.127131,0.00261,6.037,3,0.022499
threads,0,2,6,13,13,872415232,67108864,67108864,41.963958,26.861122,0.001666,5.83,3,0.0182
threads,0,2,6,14,14,939524096,67108864,67108864,43.626958,24.754945,0.002909,7.647,3,0.02784
threads,0,2,6,15,15,1006632960,67108864,67108864,57.730812,23.843422,0.001909,4.808,3,0.01843
threads,0,2,6,16,16,1073741824,67108864,67108864,42.404891,4.425395,3.963675,7.899,2,3.981589
threads,0,2,6,17,17,1140850688,67108864,67108864,42.296813,6.676498,0.004129,10.367,3,0.037024
threads,0,2,6,18,18,1207959552,67108864,67108864,48.703636,5.723722,0.001728,4.558,3,0.017431
threads,0,2,6,19,19,1275068416,67108864,67108864,50.901887,4.284966,2.5008,7.125,3,2.525368
threads,0,2,6,20,20,1342177280,67108864,67108864,51.660238,4.509259,2.143629,2.781,3,2.155523
threads,0,2,6,21,21,1409286144,67108864,67108864,55.113859,4.037263,1.07733,6.244,3,1.093196
threads,0,2,6,22,22,1476395008,67108864,67108864,51.218066,4.089079,1.077457,5.109,3,1.091844
threads,0,2,6,23,23,1543503872,67108864,67108864,45.185825,7.433085,0.001443,4.096,3,0.028031
threads,0,2,6,24,24,1610612736,67108864,67108864,46.935795,5.888692,0.001287,3.814,3,0.012816
threads,0,2,6,25,25,1677721600,67108864,67108864,58.818889,6.770028,0.001045,2.791,3,0.010165
threads,0,2,6,26,26,1744830464,67108864,67108864,42.74662,23.032031,0.001959,3.977,3,0.014733
threads,0,2,6,27,27,1811939328,67108864,67108864,41.736693,15.624541,0.000847,2.267,3,0.008381
threads,0,2,6,28,28,1879048192,67108864,67108864,38.887287,12.389558,0.003386,9.032,3,0.033521
threads,0,2,6,29,29,1946157056,67108864,67108864,28.042214,7.977763,0.002268,5.3,3,0.020182
threads,1,2,7,0,30,2013265920,67108864,67108864,100.479702,4.440554,56.481374,6.302,1,
threads,1,2,7,1,31,2080374784,67108864,67108864,74.768909,7.573733,0.003034,8.651,3,0.033669
threads,1,2,7,2,32,2147483648,67108864,67108864,43.142572,4.324445,5.407119,4.974,3,5.419984
threads,1,2,7,3,33,2214592512,67108864,67108864,39.853774,6.159819,0.002022,4.928,3,0.018467
threads,1,2,7,4,34,2281701376,67108864,67108864,48.969766,4.344661,0.002842,7.028,3,0.024517
threads,1,2,7,5,35,2348810240,67108864,67108864,39.909463,12.877174,0.003234,7.808,3,0.030558
threads,1,2,7,6,36,2415919104,67108864,67108864,48.249243,10.757584,0.001853,6.504,3,0.021996
threads,1,2,7,7,37,2483027968,67108864,67108864,55.298793,4.291624,2.977851,3.642,3,2.995284
threads,1,2,7,8,38,2550136832,67108864,67108864,54.087936,4.334985,4.264085,7.1,2,4.277374
threads,1,2,7,9,39,2617245696,67108864,67108864,46.84168,4.318724,8.363213,2.595,3,8.381929
threads,1,2,7,10,40,2684354560,67108864,67108864,46.592117,4.274693,2.560738,3.741,2,2.573673
threads,1,2,7,11,41,2751463424,67108864,67108864,40.697284,4.833197,1.132991,7.097,3,1.151029
threads,1,2,7,12,42,2818572288,67108864,67108864,41.397781,4.837105,0.001607,5.005,3,0.022014
threads,1,2,7,13,43,2885681152,67108864,67108864,43.208298,4.25811,0.001509,4.193,3,0.015022
threads,1,2,7,14,44,2952790016,67108864,67108864,52.318997,4.958469,1.122739,2.873,3,1.137449
threads,1,2,7,15,45,3019898880,67108864,67108864,40.174445,32.225562,0.001158,2.002,3,0.00954
threads,1,2,7,16,46,3087007744,67108864,67108864,43.246917,26.398279,0.002093,4.645,3,0.016367
threads,1,2,7,17,47,3154116608,67108864,67108864,52.648815,25.510035,0.001716,5.04,3,0.020103
threads,1,2,7,18,48,3221225472,67108864,67108864,52.813255,26.51283,0.001861,5.586,3,0.018945
threads,1,2,7,19,49,3288334336,67108864,67108864,53.211748,24.333478,0.001597,6.014,3,0.019862
threads,1,2,7,20,50,3355443200,67108864,67108864,56.141101,23.169733,0.001156,3.888,3,0.013682
threads,1,2,7,21,51,3422552064,67108864,67108864,47.892359,24.23899,0.001493,3.086,3,0.012786
threads,1,2,7,22,52,3489660928,67108864,67108864,46.735879,10.56212,0.00109,3.263,3,0.009732
threads,1,2,7,23,53,3556769792,67108864,67108864,46.051618,11.250693,0.000715,1.731,3,0.007155
threads,1,2,7,24,54,3623878656,67108864,67108864,41.472706,10.931067,0.000941,3.094,3,0.013006
threads,1,2,7,25,55,3690987520,67108864,67108864,45.863965,4.539526,1.085294,4.351,3,1.098913
threads,1,2,7,26,56,3758096384,67108864,67108864,41.929186,11.465396,0.001435,5.466,3,0.018399
threads,1,2,7,27,57,3825205248,67108864,67108864,40.148732,14.916222,0.002147,6.39,3,0.021007
threads,1,2,7,28,58,3892314112,67108864,67108864,38.977956,13.403007,0.001567,5.114,3,0.018018
threads,1,2,7,29,59,3959422976,67108864,67108864,64.027486,12.989595,0.002212,5.378,3,0.019297
threads,2,2,8,0,60,4026531840,67108864,67108864,49.162837,52.247314,51.937376,16.447,1,
threads,2,2,8,1,61,4093640704,67108864,67108864,44.012947,44.747139,0.001729,6.864,1,0.024856
threads,2,2,8,2,62,4160749568,67108864,67108864,83.522234,35.263998,0.006168,9.199,3,0.039463
threads,2,2,8,3,63,4227858432,67108864,67108864,41.293391,4.388022,4.024927,6.351,2,4.056036
threads,2,2,8,4,64,4294967296,67108864,67108864,41.674975,5.070196,0.0026,9.348,3,0.032274
threads,2,2,8,5,65,4362076160,67108864,67108864,55.428472,5.060612,0.001564,5.688,3,0.018474
threads,2,2,8,6,66,4429185024,67108864,67108864,45.873652,4.254486,2.157377,3.27,3,2.170999
threads,2,2,8,7,67,4496293888,67108864,67108864,42.231524,10.221626,0.002803,6.641,3,0.024947
threads,2,2,8,8,68,4563402752,67108864,67108864,52.176179,4.470694,3.250425,4.293,3,3.262071
threads,2,2,8,9,69,4630511616,67108864,67108864,50.922684,4.382129,7.293036,2.908,3,7.311423
threads,2,2,8,10,70,4697620480,67108864,67108864,49.616539,4.280647,2.833168,3.169,2,2.846328
threads,2,2,8,11,71,4764729344,67108864,67108864,44.848362,4.336417,8.438477,4.884,3,8.453955
threads,2,2,8,12,72,4831838208,67108864,67108864,41.62329,4.265397,2.811511,3.21,3,2.823764
threads,2,2,8,13,73,4898947072,67108864,67108864,40.360439,5.191168,0.002311,5.789,3,0.021779
threads,2,2,8,14,74,4966055936,67108864,67108864,41.199571,4.165914,0.002935,8.528,3,0.02711
threads,2,2,8,15,75,5033164800,67108864,67108864,49.282244,4.276381,3.246837,3.353,3,3.256643
threads,2,2,8,16,76,5100273664,67108864,67108864,41.45338,4.319325,7.499724,6.113,3,7.514632
threads,2,2,8,17,77,5167382528,67108864,67108864,53.583507,4.42184,1.075749,4.001,3,1.09105
threads,2,2,8,18,78,5234491392,67108864,67108864,54.260843,15.720497,0.00326,8.486,3,0.029394
threads,2,2,8,19,79,5301600256,67108864,67108864,53.963894,18.767195,0.001284,5.459,3,0.014859
threads,2,2,8,20,80,5368709120,67108864,67108864,56.697893,19.685953,0.001225,3.417,3,0.012274
threads,2,2,8,21,81,5435817984,67108864,67108864,61.327976,23.824562,0.184241,2.857,3,0.19415
threads,2,2,8,22,82,5502926848,67108864,67108864,45.319557,28.957955,0.001127,2.469,3,0.01112
threads,2,2,8,23,83,5570035712,67108864,67108864,46.329246,23.04176,0.00118,2.343,3,0.010345
threads,2,2,8,24,84,5637144576,67108864,67108864,49.626821,24.192279,0.001576,4.988,3,0.019914
threads,2,2,8,25,85,5704253440,67108864,67108864,43.306398,26.903398,0.002414,6.497,3,0.030258
threads,2,2,8,26,86,5771362304,67108864,67108864,38.482065,11.384937,0.000981,2.501,3,0.008763
threads,2,2,8,27,87,5838471168,67108864,67108864,41.656755,7.129303,0.00205,4.204,3,0.017302
threads,2,2,8,28,88,5905580032,67108864,67108864,39.399645,7.039054,0.002258,6.744,3,0.02321
threads,2,2,8,29,89,5972688896,67108864,67108864,77.069572,7.54225,0.000947,3.14,3,0.01102
threads,3,2,9,0,90,6039797760,67108864,67108864,128.791672,4.357523,109.88835,5.605,3,
threads,3,2,9,1,91,6106906624,67108864,67108864,45.529148,4.990687,3.350154,6.573,3,3.365728
threads,3,2,9,2,92,6174015488,67108864,67108864,46.832406,7.371097,0.00121,3.21,3,0.012301
threads,3,2,9,3,93,6241124352,67108864,67108864,44.831016,14.347544,0.00225,5.443,3,0.022332
threads,3,2,9,4,94,6308233216,67108864,67108864,48.568141,5.934086,0.001454,2.965,3,0.010336
threads,3,2,9,5,95,6375342080,67108864,67108864,56.234622,8.619615,0.001177,4.324,3,0.015987
threads,3,2,9,6,96,6442450944,67108864,67108864,58.084796,19.381603,0.002397,5.812,3,0.020961
threads,3,2,9,7,97,6509559808,67108864,67108864,52.398182,17.996878,0.002799,4.208,3,0.018081
threads,3,2,9,8,98,6576668672,67108864,67108864,43.68288,12.322544,0.001745,4.048,3,0.01522
threads,3,2,9,9,99,6643777536,67108864,67108864,44.719951,4.446401,2.177603,3.795,3,2.192747
threads,3,2,9,10,100,6710886400,67108864,67108864,44.066606,4.755674,3.251649,3.037,3,3.261448
threads,3,2,9,11,101,6777995264,67108864,67108864,44.541962,7.20858,0.002686,9.129,3,0.031369
threads,3,2,9,12,102,6845104128,67108864,67108864,48.891167,11.377942,0.001225,3.91,3,0.014949
threads,3,2,9,13,103,6912212992,67108864,67108864,46.005037,15.826594,0.001133,4.216,3,0.013699
threads,3,2,9,14,104,6979321856,67108864,67108864,44.133837,5.047813,0.001151,4.756,3,0.013058
threads,3,2,9,15,105,7046430720,67108864,67108864,51.644267,6.658647,0.002072,5.427,3,0.021427
threads,3,2,9,16,106,7113539584,67108864,67108864,54.991213,4.710711,0.002225,5.428,3,0.020698
threads,3,2,9,17,107,7180648448,67108864,67108864,54.369335,5.447478,0.001669,5.062,3,0.021256
threads,3,2,9,18,108,7247757312,67108864,67108864,54.961084,5.860485,0.001232,6.52,3,0.01984
threads,3,2,9,19,109,7314866176,67108864,67108864,59.356926,4.053072,0.106836,6.334,3,0.123546
threads,3,2,9,20,110,7381975040,67108864,67108864,44.906167,4.292937,2.209998,3.478,3,2.222035
threads,3,2,9,21,111,7449083904,67108864,67108864,45.234959,5.017496,1.133316,5.646,3,1.148294
threads,3,2,9,22,112,7516192768,67108864,67108864,48.940873,5.052586,1.130924,7.482,3,1.149291
threads,3,2,9,23,113,7583301632,67108864,67108864,51.488352,4.358667,0.002282,5.736,3,0.022287
threads,3,2,9,24,114,7650410496,67108864,67108864,44.977588,4.280127,3.19981,4.95,3,3.213665
threads,3,2,9,25,115,7717519360,67108864,67108864,43.280107,7.335131,0.002698,7.664,3,0.027609
threads,3,2,9,26,116,7784628224,67108864,67108864,57.653615,10.487645,0.003888,10.437,3,0.039157
threads,3,2,9,27,117,7851737088,67108864,67108864,34.776515,29.163019,0.002006,5.728,2,0.019012
threads,3,2,9,28,118,7918845952,67108864,67108864,35.096581,34.800114,0.003216,9.509,2,0.023599
threads,3,2,9,29,119,7985954816,59027232,59027232,23.619153,35.221098,0.031582,9.228,0,0.124517
threads,0,2,6,0,0,0,67108864,67108864,103.31028,4.134963,3.84453,6.365,1,
threads,0,2,6,1,1,67108864,67108864,67108864,48.499255,13.567457,0.006482,13.489,2,0.04483
threads,0,2,6,2,2,134217728,67108864,67108864,46.58016,4.457874,12.754847,4.516,3,12.782017
threads,0,2,6,3,3,201326592,67108864,67108864,50.056127,4.344704,1.109831,7.779,2,1.1313
threads,0,2,6,4,4,268435456,67108864,67108864,45.00555,7.581273,0.004975,9.711,3,0.037546
threads,0,2,6,5,5,335544320,67108864,67108864,42.244717,6.907603,0.005277,12.75,3,0.045996
threads,0,2,6,6,6,402653184,67108864,67108864,44.497204,6.354277,0.002838,6.476,3,0.021927
threads,0,2,6,7,7,469762048,67108864,67108864,44.692879,4.230346,0.00218,6.394,3,0.020037
threads,0,2,6,8,8,536870912,67108864,67108864,41.323367,4.335041,2.570764,9.87,3,2.598455
threads,0,2,6,9,9,603979776,67108864,67108864,43.251607,4.251427,0.004414,9.582,3,0.035276
threads,0,2,6,10,10,671088640,67108864,67108864,41.107407,4.848452,2.24311,10.258,3,2.277625
threads,0,2,6,11,11,738197504,67108864,67108864,42.732979,5.011117,2.280062,11.658,3,2.315533
threads,0,2,6,12,12,805306368,67108864,67108864,39.456591,5.245936,0.003217,7.028,3,0.02509
threads,0,2,6,13,13,872415232,67108864,67108864,40.981633,4.341716,2.568095,11.265,3,2.597048
threads,0,2,6,14,14,939524096,67108864,67108864,41.922874,4.855566,2.187527,7.908,3,2.215559
threads,0,2,6,15,15,1006632960,67108864,67108864,43.46726,5.006517,1.188515,15.97,3,1.223215
threads,0,2,6,16,16,1073741824,67108864,67108864,43.597194,5.073139,2.241858,11.68,3,2.278692
threads,0,2,6,17,17,1140850688,67108864,67108864,41.685283,4.906108,1.201776,15.605,3,1.237264
threads,0,2,6,18,18,1207959552,67108864,67108864,49.777656,5.069807,2.266921,11.627,3,2.302389
threads,0,2,6,19,19,1275068416,67108864,67108864,48.084638,13.074562,0.005671,13.064,3,0.043569
threads,0,2,6,20,20,1342177280,67108864,67108864,42.051941,17.990898,0.006384,14.606,3,0.046803
threads,0,2,6,21,21,1409286144,67108864,67108864,38.030968,15.386335,0.22797,10.263,3,0.257994
threads,0,2,6,22,22,1476395008,67108864,67108864,39.254192,5.699715,0.002321,5.509,3,0.02026
threads,0,2,6,23,23,1543503872,67108864,67108864,46.65538,4.371356,3.099801,9.681,3,3.12395
threads,0,2,6,24,24,1610612736,67108864,67108864,40.820298,8.157206,0.004775,10.487,3,0.036849
threads,0,2,6,25,25,1677721600,67108864,67108864,38.419921,8.170496,0.004953,11.086,3,0.039783
threads,0,2,6,26,26,1744830464,67108864,67108864,39.254378,5.906185,0.00544,11.273,3,0.040309
threads,0,2,6,27,27,1811939328,67108864,67108864,40.238113,4.037358,0.004198,11.235,3,0.037072
threads,0,2,6,28,28,1879048192,67108864,67108864,48.03282,4.54467,2.147516,8.247,3,2.177602
threads,0,2,6,29,29,1946157056,67108864,67108864,27.203542,4.322839,4.180092,2.513,1,4.196291
threads,1,2,7,0,30,2013265920,67108864,67108864,110.309474,4.285627,111.636194,9.023,3,
threads,1,2,7,1,31,2080374784,67108864,67108864,48.130312,4.532663,3.296032,7.037,3,3.316349
threads,1,2,7,2,32,2147483648,67108864,67108864,45.027115,4.151212,1.829813,8.61,3,1.85298
threads,1,2,7,3,33,2214592512,67108864,67108864,45.436196,5.074709,2.326294,10.278,3,2.351834
threads,1,2,7,4,34,2281701376,67108864,67108864,45.1748,5.699631,0.003239,7.88,3,0.027762
threads,1,2,7,5,35,2348810240,67108864,67108864,40.847023,6.980382,0.003954,10.24,3,0.034777
threads,1,2,7,6,36,2415919104,67108864,67108864,39.691481,4.168553,0.001779,7.479,3,0.024543
threads,1,2,7,7,37,2483027968,67108864,67108864,40.661058,5.010282,2.250833,7.254,3,2.27604
threads,1,2,7,8,38,2550136832,67108864,67108864,41.148633,4.382148,4.308157,6.385,3,4.329464
threads,1,2,7,9,39,2617245696,67108864,67108864,44.616668,4.405026,2.201827,8.145,3,2.230342
threads,1,2,7,10,40,2684354560,67108864,67108864,41.851947,4.316401,2.661812,9.372,3,2.690842
threads,1,2,7,11,41,2751463424,67108864,67108864,40.976723,4.094371,0.09474,13.977,3,0.126214
threads,1,2,7,12,42,2818572288,67108864,67108864,41.846049,4.550091,1.09675,10.631,3,1.128636
threads,1,2,7,13,43,2885681152,67108864,67108864,40.350912,4.823655,0.002428,7.875,3,0.024908
threads,1,2,7,14,44,2952790016,67108864,67108864,49.078599,4.38359,3.64218,6.605,3,3.662637
threads,1,2,7,15,45,3019898880,67108864,67108864,41.40978,7.966499,0.004084,10.503,3,0.035117
threads,1,2,7,16,46,3087007744,67108864,67108864,42.826331,6.527705,0.001067,4.546,3,0.01923
threads,1,2,7,17,47,3154116608,67108864,67108864,46.780808,4.313396,0.560246,10.133,2,0.581274
threads,1,2,7,18,48,3221225472,67108864,67108864,44.197231,4.09281,1.096395,15.628,3,1.130047
threads,1,2,7,19,49,3288334336,67108864,67108864,41.768655,6.026185,0.006196,12.461,3,0.046079
threads,1,2,7,20,50,3355443200,67108864,67108864,38.979423,9.784145,0.006043,11.812,3,0.040533
threads,1,2,7,21,51,3422552064,67108864,67108864,40.522388,6.408835,0.001883,5.524,3,0.023409
threads,1,2,7,22,52,3489660928,67108864,67108864,41.06599,4.440119,4.178302,7.182,3,4.201125
threads,1,2,7,23,53,3556769792,67108864,67108864,38.890032,4.674239,0.003041,7.905,3,0.028211
threads,1,2,7,24,54,3623878656,67108864,67108864,38.887211,5.129951,0.002657,8.347,3,0.02591
threads,1,2,7,25,55,3690987520,67108864,67108864,39.306449,4.747328,0.002414,6.0,3,0.021616
threads,1,2,7,26,56,3758096384,67108864,67108864,43.04578,4.928434,3.273325,2.844,3,3.290372
threads,1,2,7,27,57,3825205248,67108864,67108864,35.620771,4.470675,8.698988,15.492,2,8.725572
threads,1,2,7,28,58,3892314112,67108864,67108864,33.652866,35.664048,0.005876,12.429,1,0.043277
threads,1,2,7,29,59,3959422976,67108864,67108864,24.757902,33.688103,0.004189,10.207,0,0.035237
threads,2,2,8,0,60,4026531840,67108864,67108864,110.043024,4.44702,53.830866,7.772,2,
threads,2,2,8,1,61,4093640704,67108864,67108864,47.998289,8.679254,0.003519,10.024,2,0.030408
threads,2,2,8,2,62,4160749568,67108864,67108864,49.071083,4.386055,8.498922,12.517,3,8.5571
threads,2,2,8,3,63,4227858432,67108864,67108864,46.424554,4.657125,1.261425,14.813,3,1.29366
threads,2,2,8,4,64,4294967296,67108864,67108864,44.793292,6.061031,0.004128,8.32,3,0.030898
threads,2,2,8,5,65,4362076160,67108864,67108864,43.888442,8.633423,0.004638,17.013,3,0.045744
threads,2,2,8,6,66,4429185024,67108864,67108864,42.561628,8.045008,0.00549,11.488,3,0.040384
threads,2,2,8,7,67,4496293888,67108864,67108864,41.093841,4.437069,1.099006,9.486,3,1.121767
threads,2,2,8,8,68,4563402752,67108864,67108864,43.399115,4.204218,0.002583,5.98,3,0.031951
threads,2,2,8,9,69,4630511616,67108864,67108864,42.212307,4.293642,2.203965,5.096,3,2.219541
threads,2,2,8,10,70,4697620480,67108864,67108864,47.358529,4.226799,1.125169,7.569,3,1.14379
threads,2,2,8,11,71,4764729344,67108864,67108864,42.163671,8.864865,0.004794,10.7,3,0.037606
threads,2,2,8,12,72,4831838208,67108864,67108864,41.619843,9.011417,0.004872,9.451,3,0.03652
threads,2,2,8,13,73,4898947072,67108864,67108864,41.568602,7.463864,0.002453,8.94,3,0.029796
threads,2,2,8,14,74,4966055936,67108864,67108864,42.073666,5.915168,0.002926,7.446,3,0.028791
threads,2,2,8,15,75,5033164800,67108864,67108864,45.5039,4.62283,2.360799,9.062,3,2.379948
threads,2,2,8,16,76,5100273664,67108864,67108864,41.747137,5.319179,0.002655,5.778,3,0.026907
threads,2,2,8,17,77,5167382528,67108864,67108864,46.052277,4.199311,1.094761,8.633,3,1.120667
threads,2,2,8,18,78,5234491392,67108864,67108864,45.43586,4.402407,8.256032,6.602,3,8.28544
threads,2,2,8,19,79,5301600256,67108864,67108864,44.261743,4.158283,2.210497,5.31,3,2.230871
threads,2,2,8,20,80,5368709120,67108864,67108864,43.704334,4.206439,0.003859,8.016,3,0.029723
threads,2,2,8,21,81,5435817984,67108864,67108864,41.729806,6.127717,0.003261,7.773,3,0.026132
threads,2,2,8,22,82,5502926848,67108864,67108864,39.273166,8.877304,0.002713,6.198,3,0.022613
threads,2,2,8,23,83,5570035712,67108864,67108864,41.822003,4.526531,1.084207,4.105,3,1.099574
threads,2,2,8,24,84,5637144576,67108864,67108864,39.903723,5.274382,0.002338,5.447,3,0.020049
threads,2,2,8,25,85,5704253440,67108864,67108864,41.226815,6.282881,0.002411,6.422,3,0.020718
threads,2,2,8,26,86,5771362304,67108864,67108864,39.788929,8.623167,0.002514,6.533,3,0.022298
threads,2,2,8,27,87,5838471168,67108864,67108864,37.107569,5.832376,0.001997,5.885,3,0.017101
threads,2,2,8,28,88,5905580032,67108864,67108864,44.574924,37.145462,0.005005,9.99,2,0.037893
threads,2,2,8,29,89,5972688896,67108864,67108864,25.768801,4.325286,37.877114,3.213,1,37.896027
threads,3,2,9,0,90,6039797760,67108864,67108864,49.744198,,0.098746,18.998,0,
threads,3,2,9,1,91,6106906624,67108864,67108864,44.08822,45.658056,0.005463,13.937,1,0.048821
threads,3,2,9,2,92,6174015488,67108864,67108864,61.655295,39.682577,0.004834,11.257,2,0.041377
threads,3,2,9,3,93,6241124352,67108864,67108864,56.440475,43.858517,0.006094,16.618,3,0.056306
threads,3,2,9,4,94,6308233216,67108864,67108864,46.814398,43.366756,0.008584,20.549,3,0.063409
threads,3,2,9,5,95,6375342080,67108864,67108864,45.681782,33.593682,0.005003,11.337,3,0.042706
threads,3,2,9,6,96,6442450944,67108864,67108864,42.780526,29.335606,0.004713,12.442,3,0.043434
threads,3,2,9,7,97,6509559808,67108864,67108864,46.60142,24.776627,0.004844,11.934,3,0.039444
threads,3,2,9,8,98,6576668672,67108864,67108864,47.142585,25.953841,0.005071,10.703,3,0.039752
threads,3,2,9,9,99,6643777536,67108864,67108864,41.403623,27.930903,0.005664,11.167,3,0.044054
threads,3,2,9,10,100,6710886400,67108864,67108864,44.881158,28.501594,0.00503,11.352,3,0.038634
threads,3,2,9,11,101,6777995264,67108864,67108864,43.221712,31.46628,0.006375,14.224,3,0.051049
threads,3,2,9,12,102,6845104128,67108864,67108864,42.474113,29.736033,0.004868,9.971,3,0.038563
threads,3,2,9,13,103,6912212992,67108864,67108864,42.915068,28.880308,0.006198,17.328,3,0.049137
threads,3,2,9,14,104,6979321856,67108864,67108864,42.636144,24.530657,0.004697,10.041,3,0.042791
threads,3,2,9,15,105,7046430720,67108864,67108864,42.947073,25.235838,0.006477,14.058,3,0.047198
threads,3,2,9,16,106,7113539584,67108864,67108864,45.630973,26.125617,0.006968,14.837,3,0.048065
threads,3,2,9,17,107,7180648448,67108864,67108864,44.933289,29.93399,0.006255,16.014,3,0.048357
threads,3,2,9,18,108,7247757312,67108864,67108864,43.778095,30.92193,0.013712,21.772,3,0.0682
threads,3,2,9,19,109,7314866176,67108864,67108864,41.770491,25.632187,0.006009,13.825,3,0.045878
threads,3,2,9,20,110,7381975040,67108864,67108864,43.175294,26.019647,0.006506,13.587,3,0.045979
threads,3,2,9,21,111,7449083904,67108864,67108864,44.876881,21.42474,0.004836,10.865,3,0.039811
threads,3,2,9,22,112,7516192768,67108864,67108864,47.696652,18.672507,0.00427,10.365,3,0.037617
threads,3,2,9,23,113,7583301632,67108864,67108864,43.674443,22.118889,0.005707,10.559,3,0.041196
threads,3,2,9,24,114,7650410496,67108864,67108864,42.850547,22.094924,0.004037,8.763,3,0.032058
threads,3,2,9,25,115,7717519360,67108864,67108864,40.798509,23.248884,0.00744,17.398,3,0.055832
threads,3,2,9,26,116,7784628224,67108864,67108864,40.673883,23.722935,0.006217,16.404,3,0.048282
threads,3,2,9,27,117,7851737088,67108864,67108864,41.104858,22.605424,0.006278,14.02,3,0.050658
threads,3,2,9,28,118,7918845952,67108864,67108864,41.858476,23.84126,0.008223,17.901,3,0.055419
threads,3,2,9,29,119,7985954816,59027232,59027232,24.552465,24.50055,0.006242,14.196,3,0.049927
threads,0,2,6,0,0,0,67108864,67108864,90.361287,,0.031937,9.291,0,
threads,0,2,6,1,1,67108864,67108864,67108864,50.665577,4.338892,47.599564,8.319,2,47.638794
threads,0,2,6,2,2,134217728,67108864,67108864,42.37592,8.60812,0.005245,12.275,3,0.042797
threads,0,2,6,3,3,201326592,67108864,67108864,45.036016,12.037563,0.005262,13.034,3,0.04602
threads,0,2,6,4,4,268435456,67108864,67108864,41.207616,16.40368,0.002433,8.773,3,0.0285
threads,0,2,6,5,5,335544320,67108864,67108864,39.244402,15.333112,0.005176,23.92,3,0.058377
threads,0,2,6,6,6,402653184,67108864,67108864,44.213135,11.685881,0.00464,10.372,3,0.038044
threads,0,2,6,7,7,469762048,67108864,67108864,54.242242,18.012529,0.006703,15.874,3,0.046779
threads,0,2,6,8,8,536870912,67108864,67108864,46.104415,22.395987,0.004606,12.06,3,0.043667
threads,0,2,6,9,9,603979776,67108864,67108864,38.029429,9.766857,0.006017,12.096,3,0.040857
threads,0,2,6,10,10,671088640,67108864,67108864,37.971378,7.00758,0.002845,8.349,3,0.030032
threads,0,2,6,11,11,738197504,67108864,67108864,43.644965,6.371113,0.005194,11.25,3,0.038923
threads,0,2,6,12,12,805306368,67108864,67108864,38.674755,4.023313,0.00052,2.908,2,0.00949
threads,0,2,6,13,13,872415232,67108864,67108864,40.487809,6.316431,0.00444,10.536,3,0.037375
threads,0,2,6,14,14,939524096,67108864,67108864,48.421503,5.561945,0.002833,7.409,3,0.024814
threads,0,2,6,15,15,1006632960,67108864,67108864,44.398324,4.304073,3.662825,4.896,2,3.681406
threads,0,2,6,16,16,1073741824,67108864,67108864,39.032244,4.375225,7.622435,6.823,3,7.643595
threads,0,2,6,17,17,1140850688,67108864,67108864,43.054541,6.080453,0.00581,12.24,3,0.042664
threads,0,2,6,18,18,1207959552,67108864,67108864,43.60894,4.490203,3.328402,5.238,2,3.339778
threads,0,2,6,19,19,1275068416,67108864,67108864,42.97501,4.78684,5.538708,7.859,3,5.561502
threads,0,2,6,20,20,1342177280,67108864,67108864,42.235392,6.446706,0.002887,7.108,3,0.02766
threads,0,2,6,21,21,1409286144,67108864,67108864,40.148119,5.072719,0.001804,7.404,3,0.022379
threads,0,2,6,22,22,1476395008,67108864,67108864,41.013608,4.826303,1.156426,13.52,3,1.184266
threads,0,2,6,23,23,1543503872,67108864,67108864,41.897211,4.330974,2.281262,9.125,3,2.30447
threads,0,2,6,24,24,1610612736,67108864,67108864,47.11445,4.960592,1.196278,16.865,3,1.23199
threads,0,2,6,25,25,1677721600,67108864,67108864,51.791682,8.123101,0.004599,11.802,3,0.040236
threads,0,2,6,26,26,1744830464,67108864,67108864,43.471946,17.581806,0.006379,13.364,3,0.049119
threads,0,2,6,27,27,1811939328,67108864,67108864,36.019381,7.912511,0.004001,12.226,3,0.037574
threads,0,2,6,28,28,1879048192,67108864,67108864,43.345227,4.52066,2.188941,4.311,3,2.20569
threads,0,2,6,29,29,1946157056,67108864,67108864,34.97793,4.548434,2.187162,8.345,3,2.21233
threads,1,2,7,0,30,2013265920,67108864,67108864,86.458839,4.023912,3.670015,5.802,1,
threads,1,2,7,1,31,2080374784,67108864,67108864,47.107044,4.344457,51.833871,5.532,3,51.861787
threads,1,2,7,2,32,2147483648,67108864,67108864,39.538067,4.338173,3.572646,6.62,3,3.595046
threads,1,2,7,3,33,2214592512,67108864,67108864,45.767219,4.349002,2.827692,46.753,3,2.894702
threads,1,2,7,4,34,2281701376,67108864,67108864,39.563439,5.090772,0.005102,11.084,3,0.039067
threads,1,2,7,5,35,2348810240,67108864,67108864,50.698922,4.511508,1.098631,6.923,3,1.12329
threads,1,2,7,6,36,2415919104,67108864,67108864,52.229782,4.305659,3.599506,3.234,3,3.61744
threads,1,2,7,7,37,2483027968,67108864,67108864,58.727286,19.409495,0.00618,14.286,3,0.051382
threads,1,2,7,8,38,2550136832,67108864,67108864,40.814602,27.822253,0.004701,12.714,3,0.043647
threads,1,2,7,9,39,2617245696,67108864,67108864,38.300785,20.700323,0.004604,11.539,3,0.042672
threads,1,2,7,10,40,2684354560,67108864,67108864,51.4157,19.835772,0.004315,12.312,3,0.041357
threads,1,2,7,11,41,2751463424,67108864,67108864,47.072855,4.660911,7.845137,3.088,3,7.863586
threads,1,2,7,12,42,2818572288,67108864,67108864,43.556472,4.319412,3.88476,4.338,3,3.905058
threads,1,2,7,13,43,2885681152,67108864,67108864,45.629743,8.797279,0.005,12.52,3,0.044846
threads,1,2,7,14,44,2952790016,67108864,67108864,38.545809,9.175307,0.004715,10.993,3,0.039736
threads,1,2,7,15,45,3019898880,67108864,67108864,38.941505,4.349537,4.245568,6.029,3,4.263688
threads,1,2,7,16,46,3087007744,67108864,67108864,39.2308,4.252992,0.004099,10.749,3,0.036858
threads,1,2,7,17,47,3154116608,67108864,67108864,39.974574,4.392104,7.291309,4.375,3,7.302631
threads,1,2,7,18,48,3221225472,67108864,67108864,40.197984,4.647923,0.001912,4.763,2,0.016924
threads,1,2,7,19,49,3288334336,67108864,67108864,39.215994,4.166166,1.106616,17.087,3,1.14482
threads,1,2,7,20,50,3355443200,67108864,67108864,37.836242,7.474055,0.263335,5.245,3,0.283796
threads,1,2,7,21,51,3422552064,67108864,67108864,40.486142,4.377302,2.7772,13.769,3,2.813963
threads,1,2,7,22,52,3489660928,67108864,67108864,39.692406,5.103292,1.231543,12.441,3,1.267409
threads,1,2,7,23,53,3556769792,67108864,67108864,39.551814,4.26308,0.002422,7.024,3,0.0239
threads,1,2,7,24,54,3623878656,67108864,67108864,45.513894,4.669682,2.170295,11.298,3,2.207736
threads,1,2,7,25,55,3690987520,67108864,67108864,53.665295,25.29533,0.005395,11.193,3,0.040861
threads,1,2,7,26,56,3758096384,67108864,67108864,41.682453,27.169429,0.005136,13.444,3,0.049605
threads,1,2,7,27,57,3825205248,67108864,67108864,39.707771,25.379124,0.004273,10.5,3,0.036762
threads,1,2,7,28,58,3892314112,67108864,67108864,53.700696,26.901869,0.005339,11.145,3,0.040045
threads,1,2,7,29,59,3959422976,67108864,67108864,27.725123,27.593923,27.341495,18.884,0,27.373718
threads,2,2,8,0,60,4026531840,67108864,67108864,110.110872,42.982785,89.857864,20.217,3,
threads,2,2,8,1,61,4093640704,67108864,67108864,40.294186,7.362022,0.002363,6.3,3,0.026574
threads,2,2,8,2,62,4160749568,67108864,67108864,42.747761,5.242152,0.001531,5.887,3,0.018713
threads,2,2,8,3,63,4227858432,67108864,67108864,37.968245,4.423885,2.218911,6.473,3,2.240258
threads,2,2,8,4,64,4294967296,67108864,67108864,44.920897,5.035341,3.306507,2.758,3,3.32994
threads,2,2,8,5,65,4362076160,67108864,67108864,37.137169,15.239765,0.007008,14.669,3,0.054465
threads,2,2,8,6,66,4429185024,67108864,67108864,50.316763,8.157179,0.004571,11.428,3,0.040159
threads,2,2,8,7,67,4496293888,67108864,67108864,47.93766,4.229445,0.004964,13.243,3,0.041412
threads,2,2,8,8,68,4563402752,67108864,67108864,39.165792,6.063377,0.004786,11.057,3,0.041544
threads,2,2,8,9,69,4630511616,67108864,67108864,42.590935,7.210609,0.005157,11.705,3,0.040901
threads,2,2,8,10,70,4697620480,67108864,67108864,38.554588,11.833025,0.006054,14.51,3,0.041782
threads,2,2,8,11,71,4764729344,67108864,67108864,42.321051,4.248859,2.147437,6.348,3,2.176612
threads,2,2,8,12,72,4831838208,67108864,67108864,39.084559,12.607282,0.006176,14.163,3,0.088591
threads,2,2,8,13,73,4898947072,67108864,67108864,39.61153,11.21811,0.004777,12.8,3,0.038892
threads,2,2,8,14,74,4966055936,67108864,67108864,40.508661,4.406652,5.648487,15.903,3,5.679921
threads,2,2,8,15,75,5033164800,67108864,67108864,37.343483,4.194592,2.72608,4.619,2,2.751381
threads,2,2,8,16,76,5100273664,67108864,67108864,46.779337,4.261182,0.002702,7.567,3,0.026197
threads,2,2,8,17,77,5167382528,67108864,67108864,44.178938,4.767202,1.1691,15.787,3,1.205232
threads,2,2,8,18,78,5234491392,67108864,67108864,41.767311,8.879367,0.004763,12.239,3,0.046944
threads,2,2,8,19,79,5301600256,67108864,67108864,44.300831,7.595605,0.005963,12.691,3,0.05725
threads,2,2,8,20,80,5368709120,67108864,67108864,38.207362,4.131968,3.468559,7.715,3,3.497093
threads,2,2,8,21,81,5435817984,67108864,67108864,43.771913,5.060564,3.353351,4.864,3,3.371439
threads,2,2,8,22,82,5502926848,67108864,67108864,42.45914,7.12042,0.006212,11.851,3,0.041494
threads,2,2,8,23,83,5570035712,67108864,67108864,43.945754,9.903697,0.005779,12.027,3,0.040443
threads,2,2,8,24,84,5637144576,67108864,67108864,38.603577,12.136324,0.005666,14.39,3,0.046423
threads,2,2,8,25,85,5704253440,67108864,67108864,47.60242,4.640133,3.765669,4.596,3,3.778519
threads,2,2,8,26,86,5771362304,67108864,67108864,41.583168,4.335047,5.542496,11.218,3,5.576395
threads,2,2,8,27,87,5838471168,67108864,67108864,45.48404,4.008144,0.003585,9.011,3,0.033754
threads,2,2,8,28,88,5905580032,67108864,67108864,39.327542,5.421082,0.00552,12.537,3,0.045743
threads,2,2,8,29,89,5972688896,67108864,67108864,27.469688,34.824803,0.006234,14.161,2,0.045695
threads,3,2,9,0,90,6039797760,67108864,67108864,86.314036,43.264507,47.000413,23.784,2,
threads,3,2,9,1,91,6106906624,67108864,67108864,46.371061,43.389985,0.008008,17.167,1,0.058734
threads,3,2,9,2,92,6174015488,67108864,67108864,38.951302,37.755797,0.007446,17.466,3,0.068085
threads,3,2,9,3,93,6241124352,67108864,67108864,40.645473,18.684182,0.005798,13.15,3,0.041195
threads,3,2,9,4,94,6308233216,67108864,67108864,42.29833,19.069682,0.006725,14.046,3,0.052926
threads,3,2,9,5,95,6375342080,67108864,67108864,42.889108,16.418224,0.004385,11.738,3,0.038231
threads,3,2,9,6,96,6442450944,67108864,67108864,37.910954,18.049716,0.005521,12.627,3,0.040569
threads,3,2,9,7,97,6509559808,67108864,67108864,45.973074,6.701961,0.001668,6.61,3,0.022312
threads,3,2,9,8,98,6576668672,67108864,67108864,54.527527,4.323248,3.910001,5.568,3,3.929377
threads,3,2,9,9,99,6643777536,67108864,67108864,37.630204,4.326717,4.1829,10.841,3,4.246875
threads,3,2,9,10,100,6710886400,67108864,67108864,37.510864,4.288181,3.168245,4.355,3,3.188534
threads,3,2,9,11,101,6777995264,67108864,67108864,45.956968,4.592807,1.110897,11.421,3,1.135904
threads,3,2,9,12,102,6845104128,67108864,67108864,36.376259,27.798117,0.005353,12.102,3,0.045287
threads,3,2,9,13,103,6912212992,67108864,67108864,41.216593,23.485929,0.005012,12.215,3,0.042753
threads,3,2,9,14,104,6979321856,67108864,67108864,53.310342,18.023984,0.006919,13.501,3,0.050516
threads,3,2,9,15,105,7046430720,67108864,67108864,47.714323,27.783447,0.006206,13.241,3,0.050439
threads,3,2,9,16,106,7113539584,67108864,67108864,37.24325,29.890143,0.007651,16.214,3,0.061852
threads,3,2,9,17,107,7180648448,67108864,67108864,47.424612,24.383736,0.006574,16.285,3,0.05984
threads,3,2,9,18,108,7247757312,67108864,67108864,40.074709,32.883922,0.00664,13.673,3,0.053937
threads,3,2,9,19,109,7314866176,67108864,67108864,43.070535,26.464208,0.004086,12.35,3,0.039008
threads,3,2,9,20,110,7381975040,67108864,67108864,43.739012,24.794193,0.005471,11.51,3,0.037788
threads,3,2,9,21,111,7449083904,67108864,67108864,43.67587,25.579029,0.005954,13.499,3,0.048494
threads,3,2,9,22,112,7516192768,67108864,67108864,40.977224,27.068216,0.005164,11.265,3,0.071088
threads,3,2,9,23,113,7583301632,67108864,67108864,40.50669,26.763392,0.005457,14.389,3,0.050337
threads,3,2,9,24,114,7650410496,67108864,67108864,41.303351,24.001832,0.006162,13.255,3,0.049828
threads,3,2,9,25,115,7717519360,67108864,67108864,51.246364,22.225579,0.005685,14.902,3,0.049597
threads,3,2,9,26,116,7784628224,67108864,67108864,53.44065,4.323532,3.2727,5.197,3,3.301605
threads,3,2,9,27,117,7851737088,67108864,67108864,40.821685,4.092533,0.015185,8.979,2,0.043251
threads,3,2,9,28,118,7918845952,67108864,67108864,44.07752,4.317143,1.082647,12.742,3,1.12214
threads,3,2,9,29,119,7985954816,59027232,59027232,26.278021,8.686172,0.005137,10.803,3,0.039325
threads,0,2,6,0,0,0,67108864,67108864,67.76942,4.354247,44.883798,3.925,1,
threads,0,2,6,1,1,67108864,67108864,67108864,33.975294,11.71677,0.00259,6.915,2,0.030679
threads,0,2,6,2,2,134217728,67108864,67108864,43.490325,4.361138,16.810557,4.029,3,16.825775
threads,0,2,6,3,3,201326592,67108864,67108864,36.687892,4.27802,4.080484,2.31,3,4.088734
threads,0,2,6,4,4,268435456,67108864,67108864,35.016263,4.022274,2.21153,3.537,3,2.22731
threads,0,2,6,5,5,335544320,67108864,67108864,38.395599,4.115163,1.118996,6.696,3,1.136174
threads,0,2,6,6,6,402653184,67108864,67108864,32.961038,6.728121,0.002362,5.802,3,0.022157
threads,0,2,6,7,7,469762048,67108864,67108864,35.451816,5.091757,1.133943,5.416,3,1.149303
threads,0,2,6,8,8,536870912,67108864,67108864,35.106116,4.565922,1.633034,12.629,3,1.658172
threads,0,2,6,9,9,603979776,67108864,67108864,36.963196,4.431969,1.087697,6.862,3,1.113799
threads,0,2,6,10,10,671088640,67108864,67108864,36.189822,4.683293,0.003959,9.001,3,0.034414
threads,0,2,6,11,11,738197504,67108864,67108864,39.243669,4.755309,1.096939,17.47,3,1.143215
threads,0,2,6,12,12,805306368,67108864,67108864,38.018795,4.322709,0.00498,10.634,3,0.041751
threads,0,2,6,13,13,872415232,67108864,67108864,36.746306,4.034084,1.055237,5.727,3,1.080555
threads,0,2,6,14,14,939524096,67108864,67108864,38.954319,4.504975,1.114424,10.313,3,1.138456
threads,0,2,6,15,15,1006632960,67108864,67108864,37.50086,7.220888,0.005284,12.55,3,0.040702
threads,0,2,6,16,16,1073741824,67108864,67108864,35.955732,10.265513,0.004527,8.657,3,0.03461
threads,0,2,6,17,17,1140850688,67108864,67108864,32.695213,8.358625,0.001565,5.04,3,0.017217
threads,0,2,6,18,18,1207959552,67108864,67108864,33.219661,8.268564,0.001734,6.34,3,0.020463
threads,0,2,6,19,19,1275068416,67108864,67108864,35.315632,8.626311,0.002435,6.608,3,0.026171
threads,0,2,6,20,20,1342177280,67108864,67108864,35.075332,12.754506,0.003123,8.924,3,0.029827
threads,0,2,6,21,21,1409286144,67108864,67108864,33.220201,7.965549,0.00181,4.073,3,0.02304
threads,0,2,6,22,22,1476395008,67108864,67108864,37.424778,4.400109,0.001466,3.411,3,0.013691
threads,0,2,6,23,23,1543503872,67108864,67108864,38.164539,5.888897,0.00359,8.435,3,0.031091
threads,0,2,6,24,24,1610612736,67108864,67108864,36.711401,9.131934,0.005073,11.028,3,0.03721
threads,0,2,6,25,25,1677721600,67108864,67108864,33.308741,7.244431,0.004051,6.916,3,0.027208
threads,0,2,6,26,26,1744830464,67108864,67108864,32.195278,6.695627,0.0028,6.804,3,0.025621
threads,0,2,6,27,27,1811939328,67108864,67108864,47.192921,4.339622,3.24471,2.196,3,3.252404
threads,0,2,6,28,28,1879048192,67108864,67108864,30.111342,4.249921,4.106276,7.029,1,4.136077
threads,0,2,6,29,29,1946157056,67108864,67108864,21.81505,4.990531,1.1425,6.734,2,1.16717
threads,1,2,7,0,30,2013265920,67108864,67108864,40.793574,,0.034781,10.062,0,
threads,1,2,7,1,31,2080374784,67108864,67108864,29.299566,40.812021,0.00214,3.972,0,0.018447
threads,1,2,7,2,32,2147483648,67108864,67108864,31.079068,24.967909,0.001895,7.574,1,0.02259
threads,1,2,7,3,33,2214592512,67108864,67108864,45.618436,26.800886,0.003769,9.883,2,0.036352
threads,1,2,7,4,34,2281701376,67108864,67108864,57.876955,29.588816,0.005695,16.409,3,0.054502
threads,1,2,7,5,35,2348810240,67108864,67108864,37.976371,4.276629,2.250756,5.406,3,2.268985
threads,1,2,7,6,36,2415919104,67108864,67108864,36.033314,5.116532,1.157715,18.552,3,1.194577
threads,1,2,7,7,37,2483027968,67108864,67108864,35.791828,4.177253,0.002839,7.513,3,0.026234
threads,1,2,7,8,38,2550136832,67108864,67108864,35.725232,5.815678,0.000655,2.347,3,0.01297
threads,1,2,7,9,39,2617245696,67108864,67108864,37.59995,5.499758,0.002063,5.828,3,0.021473
threads,1,2,7,10,40,2684354560,67108864,67108864,36.331324,8.012491,0.004368,10.04,3,0.035873
threads,1,2,7,11,41,2751463424,67108864,67108864,36.704578,8.644856,0.002472,6.584,3,0.022544
threads,1,2,7,12,42,2818572288,67108864,67108864,37.229263,9.961503,0.004941,9.713,3,0.041708
threads,1,2,7,13,43,2885681152,67108864,67108864,39.666332,12.183501,0.003903,8.656,3,0.031758
threads,1,2,7,14,44,2952790016,67108864,67108864,39.3453,14.73399,0.005388,12.015,3,0.051688
threads,1,2,7,15,45,3019898880,67108864,67108864,37.374685,14.838482,0.005058,11.922,3,0.042675
threads,1,2,7,16,46,3087007744,67108864,67108864,36.23861,14.989163,0.005028,10.068,3,0.039186
threads,1,2,7,17,47,3154116608,67108864,67108864,34.451689,14.545925,0.004822,12.659,3,0.040498
threads,1,2,7,18,48,3221225472,67108864,67108864,37.841059,12.654863,0.005658,12.055,3,0.039156
threads,1,2,7,19,49,3288334336,67108864,67108864,32.765372,15.890815,0.00514,10.274,3,0.038778
threads,1,2,7,20,50,3355443200,67108864,67108864,32.859769,11.139049,0.005064,8.221,3,0.040365
threads,1,2,7,21,51,3422552064,67108864,67108864,31.206414,8.009689,0.002928,6.914,3,0.028316
threads,1,2,7,22,52,3489660928,67108864,67108864,37.716182,4.067415,0.000672,1.945,3,0.01085
threads,1,2,7,23,53,3556769792,67108864,67108864,36.766449,4.184054,2.157998,5.508,3,2.171147
threads,1,2,7,24,54,3623878656,67108864,67108864,35.922152,4.336256,0.003818,9.549,3,0.032883
threads,1,2,7,25,55,3690987520,67108864,67108864,34.938884,7.141917,0.011405,11.39,3,0.044929
threads,1,2,7,26,56,3758096384,67108864,67108864,35.328875,5.607198,0.002263,5.302,3,0.019828
threads,1,2,7,27,57,3825205248,67108864,67108864,32.778762,4.295419,3.286054,1.348,3,3.297237
threads,1,2,7,28,58,3892314112,67108864,67108864,35.544636,4.358376,1.08651,5.722,3,1.104404
threads,1,2,7,29,59,3959422976,67108864,67108864,24.591211,4.490564,2.236856,11.618,3,2.259051
threads,2,2,8,0,60,4026531840,67108864,67108864,84.931734,4.314534,74.291344,4.522,2,
threads,2,2,8,1,61,4093640704,67108864,67108864,43.344091,12.483763,0.003877,6.105,2,0.025853
threads,2,2,8,2,62,4160749568,67108864,67108864,38.290493,39.02441,0.00591,12.086,3,0.041457
threads,2,2,8,3,63,4227858432,67108864,67108864,36.954309,21.16502,0.005337,10.586,3,0.040552
threads,2,2,8,4,64,4294967296,67108864,67108864,34.126612,23.272848,0.005599,12.368,3,0.044518
threads,2,2,8,5,65,4362076160,67108864,67108864,36.022328,21.026702,0.00488,11.412,3,0.039761
threads,2,2,8,6,66,4429185024,67108864,67108864,35.082561,17.702652,0.005344,10.216,3,0.040297
threads,2,2,8,7,67,4496293888,67108864,67108864,35.682066,14.938759,0.005629,11.187,3,0.040529
threads,2,2,8,8,68,4563402752,67108864,67108864,35.389478,15.607884,0.004761,10.673,3,0.039437
threads,2,2,8,9,69,4630511616,67108864,67108864,35.005921,12.176989,0.004769,10.921,3,0.040161
threads,2,2,8,10,70,4697620480,67108864,67108864,37.141241,8.86646,0.004127,8.825,3,0.033102
threads,2,2,8,11,71,4764729344,67108864,67108864,39.248499,7.80478,0.00477,7.028,3,0.02629
threads,2,2,8,12,72,4831838208,67108864,67108864,37.228552,10.227905,0.005107,9.642,3,0.034984
threads,2,2,8,13,73,4898947072,67108864,67108864,36.689748,10.037985,0.004305,9.402,3,0.034638
threads,2,2,8,14,74,4966055936,67108864,67108864,36.34462,9.56881,0.004389,10.349,3,0.032598
threads,2,2,8,15,75,5033164800,67108864,67108864,34.615227,9.461198,0.004687,7.42,3,0.037287
threads,2,2,8,16,76,5100273664,67108864,67108864,35.404337,5.20112,0.003377,7.207,3,0.028658
threads,2,2,8,17,77,5167382528,67108864,67108864,33.089307,4.65329,2.137483,3.99,3,2.153166
threads,2,2,8,18,78,5234491392,67108864,67108864,32.212369,4.270371,2.914227,4.013,3,2.928138
threads,2,2,8,19,79,5301600256,67108864,67108864,39.550519,4.438038,2.918319,6.614,3,2.947169
threads,2,2,8,20,80,5368709120,67108864,67108864,36.60142,9.69599,0.193372,7.918,3,0.220171
threads,2,2,8,21,81,5435817984,67108864,67108864,33.129867,10.733959,0.004034,19.465,3,0.04571
threads,2,2,8,22,82,5502926848,67108864,67108864,36.460188,7.762176,0.003634,8.46,3,0.031553
threads,2,2,8,23,83,5570035712,67108864,67108864,38.824333,5.518846,0.002936,7.097,3,0.033243
threads,2,2,8,24,84,5637144576,67108864,67108864,32.636635,4.659409,1.091548,7.784,3,1.113558
threads,2,2,8,25,85,5704253440,67108864,67108864,37.642158,4.997544,1.158915,8.345,3,1.183574
threads,2,2,8,26,86,5771362304,67108864,67108864,55.95767,8.051264,0.003818,8.772,3,0.029341
threads,2,2,8,27,87,5838471168,67108864,67108864,28.936863,4.340829,8.530475,5.852,2,8.542343
threads,2,2,8,28,88,5905580032,67108864,67108864,27.851243,4.601482,2.586963,4.406,2,2.602302
threads,2,2,8,29,89,5972688896,67108864,67108864,20.472624,27.882588,0.003472,9.286,1,0.031345
threads,3,2,9,0,90,6039797760,67108864,67108864,102.608623,4.367352,116.994308,6.808,3,
threads,3,2,9,1,91,6106906624,67108864,67108864,32.687115,8.611376,0.001728,4.441,3,0.015529
threads,3,2,9,2,92,6174015488,67108864,67108864,35.259566,4.587173,2.191432,5.302,3,2.203884
threads,3,2,9,3,93,6241124352,67108864,67108864,39.351797,4.847255,1.135295,6.048,3,1.152953
threads,3,2,9,4,94,6308233216,67108864,67108864,37.851558,5.816174,0.00623,8.173,3,0.034878
threads,3,2,9,5,95,6375342080,67108864,67108864,34.989677,9.592816,0.005161,9.318,3,0.035425
threads,3,2,9,6,96,6442450944,67108864,67108864,38.832992,7.535206,0.003588,38.196,3,0.062701
threads,3,2,9,7,97,6509559808,67108864,67108864,38.308058,10.175825,0.003191,7.174,3,0.027542
threads,3,2,9,8,98,6576668672,67108864,67108864,38.190277,11.527767,0.004569,10.377,3,0.041494
threads,3,2,9,9,99,6643777536,67108864,67108864,36.814878,12.423941,0.004892,9.804,3,0.038934
threads,3,2,9,10,100,6710886400,67108864,67108864,37.421941,9.998879,0.00526,14.434,3,0.04548
threads,3,2,9,11,101,6777995264,67108864,67108864,37.160018,8.352639,0.004052,8.258,3,0.031169
threads,3,2,9,12,102,6845104128,67108864,67108864,36.452385,7.659398,0.003755,7.81,3,0.031503
threads,3,2,9,13,103,6912212992,67108864,67108864,38.874833,5.153896,0.005176,10.235,3,0.037134
threads,3,2,9,14,104,6979321856,67108864,67108864,38.076671,6.522389,0.005179,7.057,3,0.02913
threads,3,2,9,15,105,7046430720,67108864,67108864,36.365416,8.654773,0.003503,7.47,3,0.028662
threads,3,2,9,16,106,7113539584,67108864,67108864,34.95425,12.339461,0.004409,10.156,3,0.034948
threads,3,2,9,17,107,7180648448,67108864,67108864,34.480631,14.0855,0.004284,10.353,3,0.037621
threads,3,2,9,18,108,7247757312,67108864,67108864,35.578149,13.252779,0.00309,10.504,3,0.032107
threads,3,2,9,19,109,7314866176,67108864,67108864,36.095905,13.763568,0.00384,8.429,3,0.031012
threads,3,2,9,20,110,7381975040,67108864,67108864,38.695102,16.662879,0.004707,10.041,3,0.037298
threads,3,2,9,21,111,7449083904,67108864,67108864,40.756103,17.943771,0.005266,11.923,3,0.041659
threads,3,2,9,22,112,7516192768,67108864,67108864,33.430278,20.53935,0.00585,11.22,3,0.041225
threads,3,2,9,23,113,7583301632,67108864,67108864,34.581255,17.282815,0.008003,14.684,3,0.051796
threads,3,2,9,24,114,7650410496,67108864,67108864,33.730677,18.566232,0.004443,10.961,3,0.036524
threads,3,2,9,25,115,7717519360,67108864,67108864,30.142281,16.90155,0.004356,16.162,3,0.052323
threads,3,2,9,26,116,7784628224,67108864,67108864,30.493557,30.177527,0.004844,9.228,2,0.035246
threads,3,2,9,27,117,7851737088,67108864,67108864,37.610166,21.947152,0.006226,11.288,2,0.044345
threads,3,2,9,28,118,7918845952,67108864,67108864,28.287158,20.499118,20.344897,5.461,0,20.363553
threads,3,2,9,29,119,7985954816,59027232,59027232,19.109729,28.314263,0.002761,6.377,0,0.027105
threads,0,2,6,0,0,0,67108864,67108864,44.641527,,0.056654,10.892,0,
threads,0,2,6,1,1,67108864,67108864,67108864,44.939842,4.346153,94.752046,12.27,3,94.795241
threads,0,2,6,2,2,134217728,67108864,67108864,40.991801,4.488862,9.608076,6.024,3,9.620641
threads,0,2,6,3,3,201326592,67108864,67108864,45.769445,5.016254,0.001532,4.053,3,0.013697
threads,0,2,6,4,4,268435456,67108864,67108864,40.275891,14.569166,0.003949,13.733,3,0.040311
threads,0,2,6,5,5,335544320,67108864,67108864,51.430805,10.437376,0.001617,5.839,3,0.021099
threads,0,2,6,6,6,402653184,67108864,67108864,43.977632,18.462457,0.002921,9.61,3,0.032452
threads,0,2,6,7,7,469762048,67108864,67108864,41.486427,14.425906,0.004551,9.213,3,0.039883
threads,0,2,6,8,8,536870912,67108864,67108864,40.962836,12.717463,0.00293,7.598,3,0.02972
threads,0,2,6,9,9,603979776,67108864,67108864,44.716249,7.547669,0.001098,3.239,3,0.013509
threads,0,2,6,10,10,671088640,67108864,67108864,46.110901,5.830026,0.002554,6.75,3,0.025539
threads,0,2,6,11,11,738197504,67108864,67108864,40.364318,11.358511,0.002464,6.682,3,0.02631
threads,0,2,6,12,12,805306368,67108864,67108864,44.686607,4.753966,3.34092,4.685,3,3.352964
threads,0,2,6,13,13,872415232,67108864,67108864,40.459985,12.453273,0.004304,9.605,3,0.036934
threads,0,2,6,14,14,939524096,67108864,67108864,42.685366,10.562135,0.002381,8.654,3,0.032852
threads,0,2,6,15,15,1006632960,67108864,67108864,40.10233,4.357413,2.943667,5.892,3,2.963094
threads,0,2,6,16,16,1073741824,67108864,67108864,43.716839,4.967415,2.261181,3.302,3,2.28191
threads,0,2,6,17,17,1140850688,67108864,67108864,39.495382,4.432773,6.347363,4.539,3,6.369346
threads,0,2,6,18,18,1207959552,67108864,67108864,44.753681,4.580776,0.002966,6.869,3,0.026306
threads,0,2,6,19,19,1275068416,67108864,67108864,39.755773,4.250498,1.570994,4.164,2,1.588694
threads,0,2,6,20,20,1342177280,67108864,67108864,41.966393,4.917111,0.003163,8.074,3,0.030083
threads,0,2,6,21,21,1409286144,67108864,67108864,40.232452,4.144395,1.100525,8.614,3,1.128336
threads,0,2,6,22,22,1476395008,67108864,67108864,40.350914,4.339018,0.003723,9.064,3,0.032416
threads,0,2,6,23,23,1543503872,67108864,67108864,36.300381,5.909245,0.003448,7.363,3,0.027929
threads,0,2,6,24,24,1610612736,67108864,67108864,49.207343,4.348595,2.218927,7.407,3,2.246198
threads,0,2,6,25,25,1677721600,67108864,67108864,39.18019,9.156842,0.004058,9.787,3,0.036371
threads,0,2,6,26,26,1744830464,67108864,67108864,41.900505,9.909087,0.002959,8.518,3,0.029982
threads,0,2,6,27,27,1811939328,67108864,67108864,41.937277,4.9009,6.690392,10.095,3,6.728841
threads,0,2,6,28,28,1879048192,67108864,67108864,47.208805,4.384947,1.108513,4.151,2,1.118025
threads,0,2,6,29,29,1946157056,67108864,67108864,26.910883,38.432575,0.004417,10.025,2,0.035331
threads,1,2,7,0,30,2013265920,67108864,67108864,96.657964,4.33086,92.550674,2.515,2,
threads,1,2,7,1,31,2080374784,67108864,67108864,40.456627,4.236693,0.000842,2.513,2,0.008096
threads,1,2,7,2,32,2147483648,67108864,67108864,51.088672,4.867642,0.002266,5.606,3,0.021479
threads,1,2,7,3,33,2214592512,67108864,67108864,43.50631,4.383129,4.102211,4.575,3,4.120467
threads,1,2,7,4,34,2281701376,67108864,67108864,47.177864,7.618982,0.002186,6.701,3,0.026533
threads,1,2,7,5,35,2348810240,67108864,67108864,43.118414,4.306202,0.945057,10.174,3,0.972613
threads,1,2,7,6,36,2415919104,67108864,67108864,42.131956,4.52743,1.100056,5.775,3,1.120329
threads,1,2,7,7,37,2483027968,67108864,67108864,55.070946,5.198249,0.003115,8.477,3,0.05501
threads,1,2,7,8,38,2550136832,67108864,67108864,50.626221,19.337132,0.004258,10.849,3,0.044282
threads,1,2,7,9,39,2617245696,67108864,67108864,51.534807,25.269144,0.004479,12.52,3,0.047579
threads,1,2,7,10,40,2684354560,67108864,67108864,41.483424,4.35861,3.76807,8.538,2,3.798919
threads,1,2,7,11,41,2751463424,67108864,67108864,40.631241,6.896681,0.00406,10.762,3,0.038467
threads,1,2,7,12,42,2818572288,67108864,67108864,47.728443,4.282436,1.72359,8.164,3,1.752734
threads,1,2,7,13,43,2885681152,67108864,67108864,39.454965,27.632235,0.005174,11.627,3,0.046703
threads,1,2,7,14,44,2952790016,67108864,67108864,52.541531,20.764384,0.004509,9.698,3,0.041238
threads,1,2,7,15,45,3019898880,67108864,67108864,38.225263,29.407443,0.004977,11.86,3,0.051743
threads,1,2,7,16,46,3087007744,67108864,67108864,53.666345,24.476144,0.004212,10.815,3,0.045728
threads,1,2,7,17,47,3154116608,67108864,67108864,47.737932,4.482654,11.596992,8.338,3,11.623701
threads,1,2,7,18,48,3221225472,67108864,67108864,42.530287,12.575434,0.00339,9.289,3,0.03498
threads,1,2,7,19,49,3288334336,67108864,67108864,41.362881,11.984811,0.003737,10.097,3,0.039644
threads,1,2,7,20,50,3355443200,67108864,67108864,37.786819,13.160649,0.004866,10.503,3,0.037404
threads,1,2,7,21,51,3422552064,67108864,67108864,41.713381,6.76253,0.002992,6.076,3,0.023427
threads,1,2,7,22,52,3489660928,67108864,67108864,39.380819,11.748683,0.003004,7.863,3,0.030081
threads,1,2,7,23,53,3556769792,67108864,67108864,42.318366,5.331133,1.534935,4.777,3,1.550429
threads,1,2,7,24,54,3623878656,67108864,67108864,40.778724,7.938726,0.003512,10.65,3,0.034909
threads,1,2,7,25,55,3690987520,67108864,67108864,38.941894,5.110366,0.002178,5.702,3,0.023813
threads,1,2,7,26,56,3758096384,67108864,67108864,43.721814,4.411742,3.386963,4.334,2,3.414784
threads,1,2,7,27,57,3825205248,67108864,67108864,39.549133,4.371938,3.456348,6.705,1,3.482518
threads,1,2,7,28,58,3892314112,67108864,67108864,35.147762,35.230628,0.004946,10.477,1,0.051422
threads,1,2,7,29,59,3959422976,67108864,67108864,24.691745,35.216771,0.008635,16.07,0,0.069009
threads,2,2,8,0,60,4026531840,67108864,67108864,90.513665,40.52195,44.253861,22.582,2,
threads,2,2,8,1,61,4093640704,67108864,67108864,45.760299,9.260254,0.005029,11.982,2,0.055768
threads,2,2,8,2,62,4160749568,67108864,67108864,39.56275,41.471522,0.007353,15.28,3,0.057376
threads,2,2,8,3,63,4227858432,67108864,67108864,41.525916,26.528565,0.003955,11.602,3,0.054776
threads,2,2,8,4,64,4294967296,67108864,67108864,44.239528,27.097322,0.005677,11.431,3,0.048339
threads,2,2,8,5,65,4362076160,67108864,67108864,43.307274,21.185317,0.00409,10.13,3,0.041352
threads,2,2,8,6,66,4429185024,67108864,67108864,48.02892,21.008546,0.00601,13.333,3,0.048798
threads,2,2,8,7,67,4496293888,67108864,67108864,42.915554,20.931435,0.005186,10.885,3,0.044446
threads,2,2,8,8,68,4563402752,67108864,67108864,46.70675,19.643917,0.003575,9.381,3,0.035671
threads,2,2,8,9,69,4630511616,67108864,67108864,40.838112,24.204446,0.00419,9.427,3,0.040745
threads,2,2,8,10,70,4697620480,67108864,67108864,42.970703,9.967942,0.004122,11.61,3,0.040612
threads,2,2,8,11,71,4764729344,67108864,67108864,46.460505,4.467688,2.181763,3.201,3,2.202843
threads,2,2,8,12,72,4831838208,67108864,67108864,38.93248,30.107049,0.005779,11.671,3,0.046923
threads,2,2,8,13,73,4898947072,67108864,67108864,44.947536,25.373587,0.005749,13.27,3,0.05134
threads,2,2,8,14,74,4966055936,67108864,67108864,56.103998,21.301481,0.005503,12.22,3,0.050684
threads,2,2,8,15,75,5033164800,67108864,67108864,41.749365,4.078036,0.003472,8.558,3,0.03162
threads,2,2,8,16,76,5100273664,67108864,67108864,46.745874,6.356071,0.003078,8.227,3,0.024873
threads,2,2,8,17,77,5167382528,67108864,67108864,39.34265,4.383624,3.848796,4.552,2,3.874953
threads,2,2,8,18,78,5234491392,67108864,67108864,46.615692,5.486318,0.003709,8.102,3,0.031035
threads,2,2,8,19,79,5301600256,67108864,67108864,39.071661,36.013117,0.006033,14.173,3,0.056961
threads,2,2,8,20,80,5368709120,67108864,67108864,43.603672,25.988168,0.005483,11.68,3,0.047582
threads,2,2,8,21,81,5435817984,67108864,67108864,40.025987,22.082701,0.220684,10.665,3,0.263773
threads,2,2,8,22,82,5502926848,67108864,67108864,38.77387,19.583015,0.005584,10.808,3,0.044258
threads,2,2,8,23,83,5570035712,67108864,67108864,40.065581,16.991346,0.004545,9.076,3,0.034746
threads,2,2,8,24,84,5637144576,67108864,67108864,44.39377,19.288329,0.004705,10.143,3,0.041648
threads,2,2,8,25,85,5704253440,67108864,67108864,38.421765,21.980334,0.004568,10.622,3,0.041697
threads,2,2,8,26,86,5771362304,67108864,67108864,49.549212,19.507013,0.003974,11.268,3,0.036162
threads,2,2,8,27,87,5838471168,67108864,67108864,47.56417,26.751769,0.005335,12.778,3,0.048819
threads,2,2,8,28,88,5905580032,67108864,67108864,51.714629,33.559989,0.00483,11.976,3,0.046587
threads,2,2,8,29,89,5972688896,67108864,67108864,35.310278,4.369927,8.628773,7.006,2,8.656319
threads,3,2,9,0,90,6039797760,67108864,67108864,84.452969,3.999232,3.811664,4.157,1,
threads,3,2,9,1,91,6106906624,67108864,67108864,37.266408,43.990287,0.006964,14.788,1,0.059268
threads,3,2,9,2,92,6174015488,67108864,67108864,55.553506,32.988032,0.005337,14.389,2,0.052484
threads,3,2,9,3,93,6241124352,67108864,67108864,39.810658,4.363406,3.862104,18.533,2,3.887829
threads,3,2,9,4,94,6308233216,67108864,67108864,41.095282,4.593037,0.004124,9.42,3,0.036499
threads,3,2,9,5,95,6375342080,67108864,67108864,42.072261,4.143268,0.002839,7.379,3,0.029204
threads,3,2,9,6,96,6442450944,67108864,67108864,41.274245,4.291168,2.336551,2.526,3,2.356519
threads,3,2,9,7,97,6509559808,67108864,67108864,45.044887,4.373272,2.142615,2.991,3,2.163931
threads,3,2,9,8,98,6576668672,67108864,67108864,40.990349,4.353972,2.990863,3.431,3,3.009179
threads,3,2,9,9,99,6643777536,67108864,67108864,44.999281,4.627337,2.213863,3.787,3,2.234241
threads,3,2,9,10,100,6710886400,67108864,67108864,46.423904,4.025981,1.114211,10.946,3,1.146858
threads,3,2,9,11,101,6777995264,67108864,67108864,39.437825,9.606688,0.00411,8.2,3,0.035527
threads,3,2,9,12,102,6845104128,67108864,67108864,43.785994,5.041868,1.159233,4.305,3,1.170901
threads,3,2,9,13,103,6912212992,67108864,67108864,51.116602,4.497657,6.515694,8.992,3,6.535833
threads,3,2,9,14,104,6979321856,67108864,67108864,45.696249,4.346785,2.68997,2.513,3,2.70769
threads,3,2,9,15,105,7046430720,67108864,67108864,46.339032,9.580776,0.002865,7.948,3,0.030579
threads,3,2,9,16,106,7113539584,67108864,67108864,43.91903,10.29637,0.002006,7.82,3,0.025022
threads,3,2,9,17,107,7180648448,67108864,67108864,43.187574,11.862345,0.003469,8.744,3,0.031185
threads,3,2,9,18,108,7247757312,67108864,67108864,40.598818,4.97845,0.001201,3.159,3,0.014716
threads,3,2,9,19,109,7314866176,67108864,67108864,41.028395,6.07876,0.002869,6.13,3,0.02318
threads,3,2,9,20,110,7381975040,67108864,67108864,38.851202,4.397923,3.621126,4.153,2,3.633143
threads,3,2,9,21,111,7449083904,67108864,67108864,39.295116,4.292199,0.811529,4.089,3,0.82893
threads,3,2,9,22,112,7516192768,67108864,67108864,38.023685,4.358024,3.830689,4.003,3,3.865438
threads,3,2,9,23,113,7583301632,67108864,67108864,44.179525,4.317603,2.184326,3.418,3,2.200762
threads,3,2,9,24,114,7650410496,67108864,67108864,36.73725,8.147125,0.003403,7.902,3,0.02884
threads,3,2,9,25,115,7717519360,67108864,67108864,43.086416,6.357855,0.001649,5.558,3,0.020059
threads,3,2,9,26,116,7784628224,67108864,67108864,38.376345,4.462939,4.248991,3.606,3,4.262382
threads,3,2,9,27,117,7851737088,67108864,67108864,38.718636,4.998449,1.317511,26.494,3,1.369337
threads,3,2,9,28,118,7918845952,67108864,67108864,43.597944,4.039502,0.000878,2.611,2,0.011361
threads,3,2,9,29,119,7985954816,59027232,59027232,23.613993,4.399819,13.150578,8.147,3,13.169819
processes,0,6,6,0,0,0,67108864,67108864,73.86599,4.017835,4.084894,6.465,1,
processes,0,6,6,1,1,67108864,67108864,67108864,44.293985,13.313713,0.009264,15.041,3,0.060089
processes,0,6,6,2,2,134217728,67108864,67108864,48.347004,5.763013,0.011587,19.815,3,0.064264
processes,0,6,6,3,3,201326592,67108864,67108864,45.300454,4.68167,2.286103,11.872,3,2.331794
processes,0,6,6,4,4,268435456,67108864,67108864,40.587297,36.651261,0.008103,51.012,3,0.095547
processes,0,6,6,5,5,335544320,67108864,67108864,44.544166,27.078886,0.007216,16.182,3,0.060331
processes,0,6,6,6,6,402653184,67108864,67108864,43.025621,23.072182,0.005891,13.729,3,0.044295
processes,0,6,6,7,7,469762048,67108864,67108864,40.445354,20.873008,0.004116,12.72,3,0.04581
processes,0,6,6,8,8,536870912,67108864,67108864,44.870549,21.130776,0.004711,12.528,3,0.040065
processes,0,6,6,9,9,603979776,67108864,67108864,46.280428,22.009641,0.005792,13.298,3,0.04634
processes,0,6,6,10,10,671088640,67108864,67108864,57.851992,21.837993,0.00662,13.784,3,0.048835
processes,0,6,6,11,11,738197504,67108864,67108864,44.218175,4.403871,2.857884,9.211,3,2.884064
processes,0,6,6,12,12,805306368,67108864,67108864,49.423692,4.884379,1.186168,10.058,3,1.21501
processes,0,6,6,13,13,872415232,67108864,67108864,44.544687,6.630731,0.004546,10.999,3,0.036631
processes,0,6,6,14,14,939524096,67108864,67108864,38.816754,13.985788,0.007216,15.89,3,0.052174
processes,0,6,6,15,15,1006632960,67108864,67108864,39.063147,4.749237,0.004622,12.808,3,0.039928
processes,0,6,6,16,16,1073741824,67108864,67108864,40.227525,4.601655,0.00438,11.33,3,0.036806
processes,0,6,6,17,17,1140850688,67108864,67108864,40.623237,5.143984,0.004529,11.98,3,0.037287
processes,0,6,6,18,18,1207959552,67108864,67108864,42.329038,4.830252,0.004097,12.122,3,0.035928
processes,0,6,6,19,19,1275068416,67108864,67108864,46.171203,4.190616,0.00423,11.26,3,0.036773
processes,0,6,6,20,20,1342177280,67108864,67108864,55.974004,6.023354,0.006272,24.837,3,0.059164
processes,0,6,6,21,21,1409286144,67108864,67108864,54.680908,19.190359,0.005624,12.62,3,0.04375
processes,0,6,6,22,22,1476395008,67108864,67108864,47.419448,18.379757,0.004942,11.1,3,0.040615
processes,0,6,6,23,23,1543503872,67108864,67108864,44.589914,7.942717,0.004391,9.683,3,0.032711
processes,0,6,6,24,24,1610612736,67108864,67108864,37.879957,7.906576,0.00452,12.311,3,0.03823
processes,0,6,6,25,25,1677721600,67108864,67108864,45.721435,4.914231,0.00468,12.427,3,0.037147
processes,0,6,6,26,26,1744830464,67108864,67108864,38.236037,8.964631,0.004064,11.491,3,0.050671
processes,0,6,6,27,27,1811939328,67108864,67108864,42.829824,5.986997,0.003893,10.714,3,0.033519
processes,0,6,6,28,28,1879048192,67108864,67108864,39.330823,10.921427,0.004427,10.717,3,0.036577
processes,0,6,6,29,29,1946157056,67108864,67108864,27.617256,8.283427,0.004087,12.169,3,0.03625
processes,1,7,7,0,30,2013265920,67108864,67108864,64.58531,,0.042618,132.671,0,
processes,1,7,7,1,31,2080374784,67108864,67108864,51.866545,51.707092,0.006543,10.72,3,0.044891
processes,1,7,7,2,32,2147483648,67108864,67108864,51.71869,30.225576,0.006703,11.546,3,0.042404
processes,1,7,7,3,33,2214592512,67108864,67108864,51.967863,31.34066,0.007287,10.497,3,0.041451
processes,1,7,7,4,34,2281701376,67108864,67108864,45.483728,4.236489,2.317471,4.456,3,2.346297
processes,1,7,7,5,35,2348810240,67108864,67108864,44.650562,9.119269,0.00535,14.462,3,0.04668
processes,1,7,7,6,36,2415919104,67108864,67108864,44.35986,9.222058,0.00523,12.447,3,0.040688
processes,1,7,7,7,37,2483027968,67108864,67108864,45.248117,4.485795,3.394096,6.472,3,3.429254
processes,1,7,7,8,38,2550136832,67108864,67108864,46.304085,12.104348,0.005295,11.89,3,0.041927
processes,1,7,7,9,39,2617245696,67108864,67108864,49.676521,15.872397,0.005056,11.113,3,0.039088
processes,1,7,7,10,40,2684354560,67108864,67108864,44.648535,19.270073,0.005919,13.891,3,0.043661
processes,1,7,7,11,41,2751463424,67108864,67108864,43.060041,7.514252,0.005015,12.53,3,0.040204
processes,1,7,7,12,42,2818572288,67108864,67108864,47.44005,5.183709,0.004604,11.238,3,0.042601
processes,1,7,7,13,43,2885681152,67108864,67108864,47.086157,4.251613,1.067461,3.987,3,1.088177
processes,1,7,7,14,44,2952790016,67108864,67108864,42.473755,6.779507,0.005467,11.619,3,0.038598
processes,1,7,7,15,45,3019898880,67108864,67108864,40.751994,10.438794,0.005133,12.382,3,0.042214
processes,1,7,7,16,46,3087007744,67108864,67108864,42.038955,12.133469,0.005339,11.54,3,0.042634
processes,1,7,7,17,47,3154116608,67108864,67108864,43.30994,13.950349,0.005014,12.672,3,0.042737
processes,1,7,7,18,48,3221225472,67108864,67108864,44.926088,16.64415,0.004757,14.42,3,0.043026
processes,1,7,7,19,49,3288334336,67108864,67108864,48.707343,19.249957,0.00621,13.018,3,0.04553
processes,1,7,7,20,50,3355443200,67108864,67108864,62.392076,21.77656,0.006447,14.253,3,0.049627
processes,1,7,7,21,51,3422552064,67108864,67108864,57.919892,4.346297,3.69963,3.873,3,3.724131
processes,1,7,7,22,52,3489660928,67108864,67108864,44.222533,4.651523,0.004338,11.833,3,0.038104
processes,1,7,7,23,53,3556769792,67108864,67108864,41.301233,8.075037,0.005421,11.331,3,0.040148
processes,1,7,7,24,54,3623878656,67108864,67108864,41.246888,10.68856,0.00545,13.133,3,0.041795
processes,1,7,7,25,55,3690987520,67108864,67108864,41.638396,11.808799,0.004394,11.824,3,0.039326
processes,1,7,7,26,56,3758096384,67108864,67108864,42.243475,15.16005,0.004879,12.263,3,0.058782
processes,1,7,7,27,57,3825205248,67108864,67108864,41.965403,14.43034,0.005098,11.855,3,0.039981
processes,1,7,7,28,58,3892314112,67108864,67108864,41.071021,14.994763,0.004921,12.866,3,0.03967
processes,1,7,7,29,59,3959422976,67108864,67108864,24.79607,17.408976,0.004503,11.448,1,0.035355
processes,2,8,8,0,60,4026531840,67108864,67108864,71.227548,4.425912,13.067085,6.48,3,
processes,2,8,8,1,61,4093640704,67108864,67108864,50.597613,4.146775,2.133287,5.144,3,2.162917
processes,2,8,8,2,62,4160749568,67108864,67108864,44.7317,7.696542,0.005978,13.259,3,0.047444
processes,2,8,8,3,63,4227858432,67108864,67108864,46.813211,4.689162,0.00417,10.145,3,0.03537
processes,2,8,8,4,64,4294967296,67108864,67108864,48.558941,4.651979,3.383692,4.837,3,3.406792
processes,2,8,8,5,65,4362076160,67108864,67108864,45.23422,8.153242,0.004174,10.383,3,0.036224
processes,2,8,8,6,66,4429185024,67108864,67108864,40.187824,8.666348,0.004437,10.804,3,0.036385
processes,2,8,8,7,67,4496293888,67108864,67108864,42.939084,5.414902,0.003896,10.802,3,0.039827
processes,2,8,8,8,68,4563402752,67108864,67108864,43.740714,4.162882,1.076954,4.749,3,1.09894
processes,2,8,8,9,69,4630511616,67108864,67108864,50.229155,4.32062,2.737787,3.72,3,2.760197
processes,2,8,8,10,70,4697620480,67108864,67108864,46.795944,4.865406,0.004771,10.996,3,0.035813
processes,2,8,8,11,71,4764729344,67108864,67108864,52.348945,7.015188,0.004397,13.093,3,0.042577
processes,2,8,8,12,72,4831838208,67108864,67108864,50.848299,16.300809,0.005543,9.864,3,0.039318
processes,2,8,8,13,73,4898947072,67108864,67108864,43.808908,18.65927,0.004837,10.9,3,0.038389
processes,2,8,8,14,74,4966055936,67108864,67108864,38.612229,15.387361,0.004988,11.77,3,0.043938
processes,2,8,8,15,75,5033164800,67108864,67108864,38.964841,11.51775,0.004288,10.658,3,0.034129
processes,2,8,8,16,76,5100273664,67108864,67108864,39.256665,9.719173,0.003647,9.193,3,0.03121
processes,2,8,8,17,77,5167382528,67108864,67108864,40.985853,6.927614,0.003804,10.366,3,0.033468
processes,2,8,8,18,78,5234491392,67108864,67108864,42.950204,4.59142,0.003668,10.683,3,0.030919
processes,2,8,8,19,79,5301600256,67108864,67108864,48.87081,4.83117,2.241351,3.4,3,2.261164
processes,2,8,8,20,80,5368709120,67108864,67108864,56.746886,4.976374,0.004168,8.91,3,0.031364
processes,2,8,8,21,81,5435817984,67108864,67108864,57.614317,27.528716,0.00598,13.86,3,0.04665
processes,2,8,8,22,82,5502926848,67108864,67108864,40.80296,30.459963,0.004386,11.236,3,0.038453
processes,2,8,8,23,83,5570035712,67108864,67108864,38.689877,23.846971,0.004263,10.843,3,0.036207
processes,2,8,8,24,84,5637144576,67108864,67108864,40.128408,17.948332,0.004503,11.343,3,0.039628
processes,2,8,8,25,85,5704253440,67108864,67108864,38.269117,20.197203,0.004521,10.9,3,0.037567
processes,2,8,8,26,86,5771362304,67108864,67108864,42.982338,12.771024,0.004402,10.751,3,0.07681
processes,2,8,8,27,87,5838471168,67108864,67108864,41.41096,17.514634,0.003747,9.355,3,0.030828
processes,2,8,8,28,88,5905580032,67108864,67108864,38.665732,11.656183,0.003396,9.024,3,0.02969
processes,2,8,8,29,89,5972688896,67108864,67108864,27.436573,7.892313,0.002884,8.622,3,0.026431
processes,3,9,9,0,90,6039797760,67108864,67108864,69.555787,4.479362,8.496374,4.57,2,
processes,3,9,9,1,91,6106906624,67108864,67108864,47.051714,4.222885,4.077253,8.714,3,4.113815
processes,3,9,9,2,92,6174015488,67108864,67108864,46.627655,6.959926,0.005589,12.239,3,0.043576
processes,3,9,9,3,93,6241124352,67108864,67108864,49.164225,4.055578,1.107165,10.737,3,1.146795
processes,3,9,9,4,94,6308233216,67108864,67108864,44.026262,4.680274,1.06754,4.29,3,1.092961
processes,3,9,9,5,95,6375342080,67108864,67108864,41.132128,4.243768,1.010122,4.634,3,1.06764
processes,3,9,9,6,96,6442450944,67108864,67108864,38.950606,4.310017,3.602492,3.831,3,3.625371
processes,3,9,9,7,97,6509559808,67108864,67108864,37.634921,9.453946,0.00411,11.833,3,0.042696
processes,3,9,9,8,98,6576668672,67108864,67108864,40.413926,6.640018,0.004145,10.749,3,0.03657
processes,3,9,9,9,99,6643777536,67108864,67108864,43.207826,4.298253,2.139363,3.072,3,2.161198
processes,3,9,9,10,100,6710886400,67108864,67108864,52.001176,4.291496,3.094868,3.05,3,3.11468
processes,3,9,9,11,101,6777995264,67108864,67108864,44.905055,27.90521,0.004557,12.28,3,0.039513
processes,3,9,9,12,102,6845104128,67108864,67108864,47.677784,26.019366,0.005988,13.622,3,0.047622
processes,3,9,9,13,103,6912212992,67108864,67108864,37.21328,21.345074,0.004752,10.958,3,0.036187
processes,3,9,9,14,104,6979321856,67108864,67108864,48.056054,7.70019,0.003811,9.482,3,0.028524
processes,3,9,9,15,105,7046430720,67108864,67108864,39.211794,11.940577,0.005048,11.26,3,0.037179
processes,3,9,9,16,106,7113539584,67108864,67108864,39.686107,12.541754,0.004575,10.402,3,0.035741
processes,3,9,9,17,107,7180648448,67108864,67108864,40.936407,13.268186,0.0042,10.686,3,0.036376
processes,3,9,9,18,108,7247757312,67108864,67108864,42.956057,14.95095,0.004013,11.716,3,0.03649
processes,3,9,9,19,109,7314866176,67108864,67108864,44.348918,16.939625,0.00555,19.61,3,0.04939
processes,3,9,9,20,110,7381975040,67108864,67108864,42.806651,16.125886,0.007523,14.356,3,0.048711
processes,3,9,9,21,111,7449083904,67108864,67108864,51.163318,10.074461,0.005697,12.649,3,0.044098
processes,3,9,9,22,112,7516192768,67108864,67108864,54.447785,4.466753,4.327894,14.413,3,4.368807
processes,3,9,9,23,113,7583301632,67108864,67108864,42.429123,4.397956,3.42356,2.909,3,3.441414
processes,3,9,9,24,114,7650410496,67108864,67108864,37.859346,4.79956,2.202231,9.692,3,2.235162
processes,3,9,9,25,115,7717519360,67108864,67108864,41.677101,4.365981,3.028015,3.345,3,3.050103
processes,3,9,9,26,116,7784628224,67108864,67108864,38.947305,4.801473,0.004551,10.299,3,0.044605
processes,3,9,9,27,117,7851737088,67108864,67108864,48.963468,4.351485,2.28045,3.76,3,2.299885
processes,3,9,9,28,118,7918845952,67108864,67108864,42.419037,4.4327,4.30371,3.263,3,4.32263
processes,3,9,9,29,119,7985954816,59027232,59027232,24.83744,7.52166,0.00419,10.214,3,0.036996
processes,0,6,6,0,0,0,67108864,67108864,62.821524,4.397391,8.736796,12.772,2,
processes,0,6,6,1,1,67108864,67108864,67108864,48.493517,5.127619,2.044242,17.065,3,2.100911
processes,0,6,6,2,2,134217728,67108864,67108864,48.571928,5.273055,0.00758,13.131,3,0.050251
processes,0,6,6,3,3,201326592,67108864,67108864,54.593743,4.374001,0.006137,13.08,3,0.046608
processes,0,6,6,4,4,268435456,67108864,67108864,50.922122,10.467027,0.00775,14.905,3,0.056268
processes,0,6,6,5,5,335544320,67108864,67108864,49.000526,12.567374,0.007022,13.915,3,0.063761
processes,0,6,6,6,6,402653184,67108864,67108864,48.887845,12.860076,0.007062,12.901,3,0.053042
processes,0,6,6,7,7,469762048,67108864,67108864,50.484303,10.690521,0.007284,15.417,3,0.062182
processes,0,6,6,8,8,536870912,67108864,67108864,50.632803,4.148333,0.70395,14.364,3,0.747614
processes,0,6,6,9,9,603979776,67108864,67108864,49.000114,5.081375,0.006018,12.821,3,0.044509
processes,0,6,6,10,10,671088640,67108864,67108864,47.148092,5.132216,0.005997,12.533,3,0.048131
processes,0,6,6,11,11,738197504,67108864,67108864,50.295759,6.129763,0.014181,23.286,3,0.11563
processes,0,6,6,12,12,805306368,67108864,67108864,45.764574,7.534168,0.006972,11.948,3,0.047603
processes,0,6,6,13,13,872415232,67108864,67108864,50.025828,6.554852,0.00579,12.52,3,0.047547
processes,0,6,6,14,14,939524096,67108864,67108864,45.362109,8.437396,0.005691,11.459,3,0.051201
processes,0,6,6,15,15,1006632960,67108864,67108864,47.736677,4.234431,0.004323,12.69,3,0.040683
processes,0,6,6,16,16,1073741824,67108864,67108864,44.839866,4.903836,3.273444,7.712,3,3.311695
processes,0,6,6,17,17,1140850688,67108864,67108864,43.656345,6.564218,0.005526,11.532,3,0.047253
processes,0,6,6,18,18,1207959552,67108864,67108864,43.557894,7.332256,0.00486,12.915,3,0.043695
processes,0,6,6,19,19,1275068416,67108864,67108864,45.43314,6.184106,0.006762,12.644,3,0.047547
processes,0,6,6,20,20,1342177280,67108864,67108864,44.406995,4.619189,0.004964,10.702,3,0.042274
processes,0,6,6,21,21,1409286144,67108864,67108864,44.366523,5.071884,1.326086,20.105,3,1.380128
processes,0,6,6,22,22,1476395008,67108864,67108864,43.85479,5.736253,0.005344,11.821,3,0.055974
processes,0,6,6,23,23,1543503872,67108864,67108864,44.776257,5.499934,0.005155,11.932,3,0.048784
processes,0,6,6,24,24,1610612736,67108864,67108864,45.073982,5.569042,0.008394,14.378,3,0.067668
processes,0,6,6,25,25,1677721600,67108864,67108864,45.572422,5.017827,0.005842,14.402,3,0.053962
processes,0,6,6,26,26,1744830464,67108864,67108864,44.631109,5.085587,1.174161,13.394,3,1.227878
processes,0,6,6,27,27,1811939328,67108864,67108864,43.775209,4.575273,0.006246,13.563,3,0.050538
processes,0,6,6,28,28,1879048192,67108864,67108864,44.053732,4.460455,1.050068,4.062,3,1.076545
processes,0,6,6,29,29,1946157056,67108864,67108864,33.561114,4.387908,0.005563,13.253,2,0.045895
processes,1,7,7,0,30,2013265920,67108864,67108864,71.433111,4.345748,13.104512,7.066,3,
processes,1,7,7,1,31,2080374784,67108864,67108864,48.860211,10.996053,0.006504,14.028,3,0.139629
processes,1,7,7,2,32,2147483648,67108864,67108864,46.976946,11.365828,0.00664,15.253,3,0.053332
processes,1,7,7,3,33,2214592512,67108864,67108864,50.470037,9.7731,0.006244,13.71,3,0.048862
processes,1,7,7,4,34,2281701376,67108864,67108864,51.337771,5.65605,0.008694,17.708,3,0.062924
processes,1,7,7,5,35,2348810240,67108864,67108864,49.690275,6.05623,0.006248,13.576,3,0.048292
processes,1,7,7,6,36,2415919104,67108864,67108864,53.926009,6.742317,0.006548,14.843,3,0.04938
processes,1,7,7,7,37,2483027968,67108864,67108864,48.909259,11.771509,0.006306,14.629,3,0.05321
processes,1,7,7,8,38,2550136832,67108864,67108864,47.231767,9.500262,0.006333,14.23,3,0.051411
processes,1,7,7,9,39,2617245696,67108864,67108864,48.612978,6.099658,0.005981,12.795,3,0.044941
processes,1,7,7,10,40,2684354560,67108864,67108864,48.634474,5.69686,0.004123,9.539,3,0.032469
processes,1,7,7,11,41,2751463424,67108864,67108864,48.577577,7.108463,0.004776,11.656,3,0.040851
processes,1,7,7,12,42,2818572288,67108864,67108864,46.815199,5.377372,0.004531,9.86,3,0.034694
processes,1,7,7,13,43,2885681152,67108864,67108864,51.306753,6.422329,0.005011,11.681,3,0.041879
processes,1,7,7,14,44,2952790016,67108864,67108864,47.572681,7.684301,0.003795,9.483,3,0.032248
processes,1,7,7,15,45,3019898880,67108864,67108864,46.645395,9.889597,0.004866,9.379,3,0.035407
processes,1,7,7,16,46,3087007744,67108864,67108864,44.696473,5.521096,0.004149,10.382,3,0.034476
processes,1,7,7,17,47,3154116608,67108864,67108864,44.363135,5.363999,0.004733,9.557,3,0.033549
processes,1,7,7,18,48,3221225472,67108864,67108864,45.614524,6.060063,0.003955,10.816,3,0.032969
processes,1,7,7,19,49,3288334336,67108864,67108864,45.516887,8.113859,0.006474,12.206,3,0.044713
processes,1,7,7,20,50,3355443200,67108864,67108864,43.638373,8.197272,0.005955,12.138,3,0.04194
processes,1,7,7,21,51,3422552064,67108864,67108864,44.662077,6.095597,0.005144,9.843,3,0.047075
processes,1,7,7,22,52,3489660928,67108864,67108864,45.506467,6.370445,0.005065,11.317,3,0.035268
processes,1,7,7,23,53,3556769792,67108864,67108864,44.708509,8.01369,0.004537,9.281,3,0.040352
processes,1,7,7,24,54,3623878656,67108864,67108864,47.111489,7.913456,0.007112,9.308,3,0.035182
processes,1,7,7,25,55,3690987520,67108864,67108864,45.220287,9.942163,0.006744,11.156,3,0.045162
processes,1,7,7,26,56,3758096384,67108864,67108864,44.926979,8.413393,0.005059,11.383,3,0.051243
processes,1,7,7,27,57,3825205248,67108864,67108864,44.059711,8.693744,0.004699,11.095,3,0.035019
processes,1,7,7,28,58,3892314112,67108864,67108864,42.675589,7.938417,0.003993,11.175,3,0.036716
processes,1,7,7,29,59,3959422976,67108864,67108864,32.090713,6.558419,0.00454,13.158,2,0.04404
processes,2,8,8,0,60,4026531840,67108864,67108864,64.047523,4.467859,4.372617,4.542,1,
processes,2,8,8,1,61,4093640704,67108864,67108864,48.349792,10.096075,0.007999,12.148,3,0.144684
processes,2,8,8,2,62,4160749568,67108864,67108864,49.467566,13.14161,0.008811,13.225,3,0.04854
processes,2,8,8,3,63,4227858432,67108864,67108864,48.491812,16.999568,0.005725,13.965,3,0.050024
processes,2,8,8,4,64,4294967296,67108864,67108864,48.836079,17.71241,0.007954,17.536,3,0.065173
processes,2,8,8,5,65,4362076160,67108864,67108864,48.715226,15.409673,0.005712,15.181,3,0.049457
processes,2,8,8,6,66,4429185024,67108864,67108864,51.068842,18.533214,0.005961,13.357,3,0.04564
processes,2,8,8,7,67,4496293888,67108864,67108864,57.729109,24.527604,0.006049,14.705,3,0.05074
processes,2,8,8,8,68,4563402752,67108864,67108864,49.699175,30.046645,0.005146,14.533,3,0.044996
processes,2,8,8,9,69,4630511616,67108864,67108864,48.95256,27.275978,0.004964,15.951,3,0.045095
processes,2,8,8,10,70,4697620480,67108864,67108864,46.221539,30.318444,0.005436,13.752,3,0.044844
processes,2,8,8,11,71,4764729344,67108864,67108864,48.896984,31.264923,0.005891,14.167,3,0.044636
processes,2,8,8,12,72,4831838208,67108864,67108864,46.748261,31.307851,0.005548,13.223,3,0.041973
processes,2,8,8,13,73,4898947072,67108864,67108864,48.149967,29.746894,0.005581,12.55,3,0.043176
processes,2,8,8,14,74,4966055936,67108864,67108864,49.568586,30.934892,0.006182,14.49,3,0.044518
processes,2,8,8,15,75,5033164800,67108864,67108864,50.33302,29.192456,0.004526,12.359,3,0.037171
processes,2,8,8,16,76,5100273664,67108864,67108864,43.184338,31.927109,0.005918,14.211,3,0.045947
processes,2,8,8,17,77,5167382528,67108864,67108864,42.88324,28.512522,0.005357,12.841,3,0.042399
processes,2,8,8,18,78,5234491392,67108864,67108864,44.711095,26.705941,0.006305,17.132,3,0.048762
processes,2,8,8,19,79,5301600256,67108864,67108864,46.986177,27.079742,0.005155,13.696,3,0.042496
processes,2,8,8,20,80,5368709120,67108864,67108864,45.287938,28.499896,0.005214,13.335,3,0.054154
processes,2,8,8,21,81,5435817984,67108864,67108864,43.707133,27.569958,0.005506,13.513,3,0.04649
processes,2,8,8,22,82,5502926848,67108864,67108864,44.098165,28.207687,0.005676,12.705,3,0.050995
processes,2,8,8,23,83,5570035712,67108864,67108864,44.730861,27.578756,0.005027,13.173,3,0.041728
processes,2,8,8,24,84,5637144576,67108864,67108864,45.633883,26.985827,0.005788,12.744,3,0.043956
processes,2,8,8,25,85,5704253440,67108864,67108864,46.677277,27.883983,0.005885,14.018,3,0.045276
processes,2,8,8,26,86,5771362304,67108864,67108864,45.145649,27.509954,0.006128,12.74,3,0.055263
processes,2,8,8,27,87,5838471168,67108864,67108864,44.923262,27.437001,0.005294,14.048,3,0.046312
processes,2,8,8,28,88,5905580032,67108864,67108864,44.128102,27.345183,0.005278,13.339,3,0.04331
processes,2,8,8,29,89,5972688896,67108864,67108864,33.067201,27.459163,0.005795,14.0,2,0.044072
processes,3,9,9,0,90,6039797760,67108864,67108864,57.958157,,0.033514,80.538,0,
processes,3,9,9,1,91,6106906624,67108864,67108864,45.31099,45.352993,0.008017,17.385,3,0.605834
processes,3,9,9,2,92,6174015488,67108864,67108864,45.617464,19.13305,0.006764,12.244,3,0.041807
processes,3,9,9,3,93,6241124352,67108864,67108864,47.778899,15.879139,0.006084,12.699,3,0.042168
processes,3,9,9,4,94,6308233216,67108864,67108864,51.145211,16.697474,0.01154,14.172,3,0.065244
processes,3,9,9,5,95,6375342080,67108864,67108864,45.598913,17.352786,0.007691,11.618,3,0.043062
processes,3,9,9,6,96,6442450944,67108864,67108864,45.087141,11.604048,0.005012,11.673,3,0.038412
processes,3,9,9,7,97,6509559808,67108864,67108864,50.023316,6.989585,0.003582,10.413,3,0.038051
processes,3,9,9,8,98,6576668672,67108864,67108864,52.478501,5.26543,2.204878,7.814,3,2.231748
processes,3,9,9,9,99,6643777536,67108864,67108864,45.90894,8.819697,0.004592,11.869,3,0.036436
processes,3,9,9,10,100,6710886400,67108864,67108864,45.277613,7.497927,0.003971,11.792,3,0.045998
processes,3,9,9,11,101,6777995264,67108864,67108864,45.49193,4.172176,0.006173,12.943,3,0.042083
processes,3,9,9,12,102,6845104128,67108864,67108864,44.746383,4.39288,3.378493,5.014,3,3.404099
processes,3,9,9,13,103,6912212992,67108864,67108864,43.563215,4.133003,3.580599,3.897,3,3.606011
processes,3,9,9,14,104,6979321856,67108864,67108864,47.756537,4.282412,3.408511,11.534,3,3.443272
processes,3,9,9,15,105,7046430720,67108864,67108864,45.478714,4.291604,3.565265,7.843,3,3.591656
processes,3,9,9,16,106,7113539584,67108864,67108864,42.546717,4.32783,2.139194,8.878,3,2.1656
processes,3,9,9,17,107,7180648448,67108864,67108864,41.437058,4.289283,4.068526,3.498,3,4.094607
processes,3,9,9,18,108,7247757312,67108864,67108864,41.756384,4.297844,3.26502,13.504,3,3.301525
processes,3,9,9,19,109,7314866176,67108864,67108864,44.488907,4.28153,2.580333,14.036,3,2.623406
processes,3,9,9,20,110,7381975040,67108864,67108864,44.023061,4.24247,1.095131,13.408,3,1.13127
processes,3,9,9,21,111,7449083904,67108864,67108864,42.01093,4.948009,2.211751,6.152,3,2.241305
processes,3,9,9,22,112,7516192768,67108864,67108864,40.731029,4.38296,1.085366,4.687,3,1.109469
processes,3,9,9,23,113,7583301632,67108864,67108864,42.481261,4.454439,4.008129,8.693,3,4.037795
processes,3,9,9,24,114,7650410496,67108864,67108864,41.026565,4.275366,2.860568,6.129,3,2.886485
processes,3,9,9,25,115,7717519360,67108864,67108864,43.736891,4.312678,3.728544,4.166,3,3.754438
processes,3,9,9,26,116,7784628224,67108864,67108864,42.535738,4.262596,3.323468,5.666,3,3.369678
processes,3,9,9,27,117,7851737088,67108864,67108864,41.770687,4.25598,2.706481,3.792,3,2.729176
processes,3,9,9,28,118,7918845952,67108864,67108864,40.509691,4.352372,3.262075,3.753,3,3.287703
processes,3,9,9,29,119,7985954816,59027232,59027232,24.433073,4.314139,3.517443,7.279,3,3.548503
processes,0,6,6,0,0,0,67108864,67108864,52.309057,4.280801,13.61465,236.924,3,
processes,0,6,6,1,1,67108864,67108864,67108864,34.06831,5.115749,0.003365,9.598,3,0.036068
processes,0,6,6,2,2,134217728,67108864,67108864,35.481401,4.136554,1.063669,7.16,3,1.090802
processes,0,6,6,3,3,201326592,67108864,67108864,33.79358,4.317143,1.079937,17.26,3,1.127163
processes,0,6,6,4,4,268435456,67108864,67108864,33.48684,4.058375,0.003304,9.072,2,0.029537
processes,0,6,6,5,5,335544320,67108864,67108864,34.042707,4.292494,3.617996,5.019,3,3.640925
processes,0,6,6,6,6,402653184,67108864,67108864,33.87689,4.41681,3.648911,16.662,3,3.685604
processes,0,6,6,7,7,469762048,67108864,67108864,34.106303,4.344623,5.562108,5.211,3,5.590636
processes,0,6,6,8,8,536870912,67108864,67108864,33.749628,4.337475,2.380365,6.033,3,2.403801
processes,0,6,6,9,9,603979776,67108864,67108864,34.472891,4.199468,1.073046,4.489,3,1.092989
processes,0,6,6,10,10,671088640,67108864,67108864,33.914324,4.355715,8.431418,7.199,3,8.451292
processes,0,6,6,11,11,738197504,67108864,67108864,32.312019,5.513674,0.004895,10.689,3,0.037477
processes,0,6,6,12,12,805306368,67108864,67108864,34.19428,4.394005,5.810865,4.262,3,5.834165
processes,0,6,6,13,13,872415232,67108864,67108864,33.332898,4.448051,1.096739,12.284,3,1.125463
processes,0,6,6,14,14,939524096,67108864,67108864,34.310194,4.036196,0.002848,7.822,2,0.023801
processes,0,6,6,15,15,1006632960,67108864,67108864,33.825036,4.027107,1.076547,5.658,3,1.096299
processes,0,6,6,16,16,1073741824,67108864,67108864,35.333575,4.339892,1.666418,18.077,3,1.704254
processes,0,6,6,17,17,1140850688,67108864,67108864,34.571919,4.274029,3.168198,6.642,3,3.193373
processes,0,6,6,18,18,1207959552,67108864,67108864,34.016174,4.361418,2.132007,9.365,3,2.163949
processes,0,6,6,19,19,1275068416,67108864,67108864,33.324887,6.207583,0.004265,11.54,3,0.038439
processes,0,6,6,20,20,1342177280,67108864,67108864,36.143456,4.311971,3.7283,5.028,3,3.752429
processes,0,6,6,21,21,1409286144,67108864,67108864,36.686798,4.695469,1.056621,5.029,3,1.084307
processes,0,6,6,22,22,1476395008,67108864,67108864,36.907232,4.35134,7.133427,4.382,3,7.153308
processes,0,6,6,23,23,1543503872,67108864,67108864,36.397909,4.591638,1.075347,10.487,3,1.12835
processes,0,6,6,24,24,1610612736,67108864,67108864,35.863029,4.407177,6.078898,6.499,3,6.10428
processes,0,6,6,25,25,1677721600,67108864,67108864,36.589603,5.101886,3.315257,7.887,3,3.3484
processes,0,6,6,26,26,1744830464,67108864,67108864,34.048063,4.340251,1.628658,34.459,3,1.704418
processes,0,6,6,27,27,1811939328,67108864,67108864,35.115691,4.400747,3.270538,5.207,3,3.292406
processes,0,6,6,28,28,1879048192,67108864,67108864,42.470242,4.508461,2.132224,4.957,3,2.154458
processes,0,6,6,29,29,1946157056,67108864,67108864,23.283942,8.293592,0.005797,12.429,3,0.040461
processes,1,7,7,0,30,2013265920,67108864,67108864,51.541869,4.838232,4.55448,161.463,1,
processes,1,7,7,1,31,2080374784,67108864,67108864,36.219617,9.277424,0.007254,10.683,3,0.045095
processes,1,7,7,2,32,2147483648,67108864,67108864,33.087287,4.543947,0.003419,9.195,3,0.030487
processes,1,7,7,3,33,2214592512,67108864,67108864,37.687938,5.008544,0.004136,10.864,3,0.037716
processes,1,7,7,4,34,2281701376,67108864,67108864,34.6701,4.375808,3.975125,12.082,3,4.007247
processes,1,7,7,5,35,2348810240,67108864,67108864,35.437108,4.873084,2.19807,7.498,3,2.223546
processes,1,7,7,6,36,2415919104,67108864,67108864,35.440864,4.385552,2.147048,3.036,3,2.166887
processes,1,7,7,7,37,2483027968,67108864,67108864,34.372671,4.388628,4.053299,7.469,2,4.098849
processes,1,7,7,8,38,2550136832,67108864,67108864,33.762815,4.644645,2.11316,5.761,3,2.144581
processes,1,7,7,9,39,2617245696,67108864,67108864,35.282818,5.13133,1.181564,13.948,3,1.217809
processes,1,7,7,10,40,2684354560,67108864,67108864,30.657634,4.290731,3.134026,2.942,3,3.150497
processes,1,7,7,11,41,2751463424,67108864,67108864,35.896042,4.584579,2.146702,4.469,3,2.167492
processes,1,7,7,12,42,2818572288,67108864,67108864,33.224886,4.345769,3.177693,8.98,3,3.202802
processes,1,7,7,13,43,2885681152,67108864,67108864,35.505764,4.374235,2.408226,3.665,3,2.432822
processes,1,7,7,14,44,2952790016,67108864,67108864,35.388904,4.365361,2.315473,5.45,3,2.341125
processes,1,7,7,15,45,3019898880,67108864,67108864,35.1762,6.767951,0.002601,7.735,3,0.026678
processes,1,7,7,16,46,3087007744,67108864,67108864,38.549253,5.452308,0.004389,12.085,3,0.040305
processes,1,7,7,17,47,3154116608,67108864,67108864,36.613185,4.627788,0.005305,12.068,3,0.043558
processes,1,7,7,18,48,3221225472,67108864,67108864,38.477013,4.777895,0.003915,10.773,3,0.035294
processes,1,7,7,19,49,3288334336,67108864,67108864,37.198562,4.290108,4.204479,6.649,3,4.229126
processes,1,7,7,20,50,3355443200,67108864,67108864,36.35635,4.448666,0.004423,12.589,3,0.037312
processes,1,7,7,21,51,3422552064,67108864,67108864,34.309233,4.65428,1.051404,3.949,3,1.077027
processes,1,7,7,22,52,3489660928,67108864,67108864,34.511589,4.310735,0.509838,3.032,2,0.525253
processes,1,7,7,23,53,3556769792,67108864,67108864,34.408842,4.296085,3.263056,3.303,3,3.283695
processes,1,7,7,24,54,3623878656,67108864,67108864,34.848752,4.320997,3.275443,7.765,3,3.298539
processes,1,7,7,25,55,3690987520,67108864,67108864,38.797867,25.557277,0.005508,11.306,2,0.094971
processes,1,7,7,26,56,3758096384,67108864,67108864,35.704556,25.200537,0.004508,10.424,3,0.056822
processes,1,7,7,27,57,3825205248,67108864,67108864,35.950444,22.662893,0.006177,12.481,3,0.051821
processes,1,7,7,28,58,3892314112,67108864,67108864,35.87276,21.313052,0.005191,12.371,3,0.040184
processes,1,7,7,29,59,3959422976,67108864,67108864,25.041144,19.945211,0.00346,9.564,3,0.029548
processes,2,8,8,0,60,4026531840,67108864,67108864,47.10272,,0.036571,335.975,0,
processes,2,8,8,1,61,4093640704,67108864,67108864,40.955496,33.529827,0.005472,9.451,3,0.045052
processes,2,8,8,2,62,4160749568,67108864,67108864,32.638856,22.168283,0.004025,7.451,3,0.028085
processes,2,8,8,3,63,4227858432,67108864,67108864,42.296874,19.669577,0.003055,5.434,3,0.02155
processes,2,8,8,4,64,4294967296,67108864,67108864,36.355412,25.388934,0.00517,8.309,3,0.031047
processes,2,8,8,5,65,4362076160,67108864,67108864,38.052357,23.375022,0.008014,10.855,3,0.040958
processes,2,8,8,6,66,4429185024,67108864,67108864,39.48806,24.222501,0.006288,10.68,3,0.03917
processes,2,8,8,7,67,4496293888,67108864,67108864,36.226018,25.284189,0.005937,13.203,3,0.048577
processes,2,8,8,8,68,4563402752,67108864,67108864,34.461529,23.219873,0.005102,10.357,3,0.035217
processes,2,8,8,9,69,4630511616,67108864,67108864,39.236999,21.445018,0.004353,9.709,3,0.03241
processes,2,8,8,10,70,4697620480,67108864,67108864,32.49605,25.117257,0.00555,10.971,3,0.036915
processes,2,8,8,11,71,4764729344,67108864,67108864,39.302599,19.550211,0.004527,11.129,3,0.035228
processes,2,8,8,12,72,4831838208,67108864,67108864,35.582216,24.936064,0.00436,11.196,3,0.035055
processes,2,8,8,13,73,4898947072,67108864,67108864,37.800702,22.419122,0.006351,13.682,3,0.047026
processes,2,8,8,14,74,4966055936,67108864,67108864,32.964888,24.955142,0.009435,15.896,3,0.055061
processes,2,8,8,15,75,5033164800,67108864,67108864,36.486741,20.089774,0.008532,12.7,3,0.048104
processes,2,8,8,16,76,5100273664,67108864,67108864,39.360769,21.602751,0.005187,12.802,3,0.045407
processes,2,8,8,17,77,5167382528,67108864,67108864,36.453168,22.908116,0.007647,16.386,3,0.056562
processes,2,8,8,18,78,5234491392,67108864,67108864,36.934617,23.351337,0.005963,13.532,3,0.045204
processes,2,8,8,19,79,5301600256,67108864,67108864,38.924668,23.475823,0.006512,13.966,3,0.051726
processes,2,8,8,20,80,5368709120,67108864,67108864,36.797537,24.153518,0.005002,12.906,3,0.04826
processes,2,8,8,21,81,5435817984,67108864,67108864,39.821694,22.884043,0.006081,13.476,3,0.046728
processes,2,8,8,22,82,5502926848,67108864,67108864,37.757573,25.535816,0.006364,14.63,3,0.051806
processes,2,8,8,23,83,5570035712,67108864,67108864,37.634962,24.799462,0.005861,12.894,3,0.052361
processes,2,8,8,24,84,5637144576,67108864,67108864,39.206993,24.648517,0.006102,13.89,3,0.047507
processes,2,8,8,25,85,5704253440,67108864,67108864,36.781846,4.260388,4.297572,4.631,3,4.318115
processes,2,8,8,26,86,5771362304,67108864,67108864,37.529706,4.356232,2.139528,2.516,2,2.168687
processes,2,8,8,27,87,5838471168,67108864,67108864,36.930635,6.170521,0.004891,12.647,3,0.04096
processes,2,8,8,28,88,5905580032,67108864,67108864,36.393176,7.152461,0.005531,13.05,3,0.041933
processes,2,8,8,29,89,5972688896,67108864,67108864,27.346445,7.693828,0.004978,13.865,3,0.050499
processes,3,9,9,0,90,6039797760,67108864,67108864,50.479302,4.498912,9.261259,257.337,2,
processes,3,9,9,1,91,6106906624,67108864,67108864,36.106212,4.422125,1.004627,5.731,3,1.030875
processes,3,9,9,2,92,6174015488,67108864,67108864,36.377037,4.310328,0.003947,10.595,3,0.032095
processes,3,9,9,3,93,6241124352,67108864,67108864,35.474411,7.6133,0.007014,15.666,3,0.050938
processes,3,9,9,4,94,6308233216,67108864,67108864,33.980427,4.587165,7.22149,5.567,3,7.253014
processes,3,9,9,5,95,6375342080,67108864,67108864,38.447704,4.703448,3.222294,3.5,3,3.263621
processes,3,9,9,6,96,6442450944,67108864,67108864,34.612628,5.450086,0.00242,7.676,3,0.027245
processes,3,9,9,7,97,6509559808,67108864,67108864,35.12605,4.308111,3.67969,6.35,3,3.712923
processes,3,9,9,8,98,6576668672,67108864,67108864,33.383862,4.066801,1.100374,20.251,3,1.142744
processes,3,9,9,9,99,6643777536,67108864,67108864,31.388433,4.825859,2.196194,3.572,3,2.217813
processes,3,9,9,10,100,6710886400,67108864,67108864,31.71043,4.334621,2.309081,9.164,2,2.354176
processes,3,9,9,11,101,6777995264,67108864,67108864,36.032403,4.303337,1.05142,13.512,3,1.083412
processes,3,9,9,12,102,6845104128,67108864,67108864,34.168183,4.470346,3.214953,3.68,2,3.23345
processes,3,9,9,13,103,6912212992,67108864,67108864,35.802236,4.078335,1.078573,4.668,3,1.097514
processes,3,9,9,14,104,6979321856,67108864,67108864,33.928903,4.521661,6.510093,4.029,3,6.524175
processes,3,9,9,15,105,7046430720,67108864,67108864,38.077297,4.134339,1.072246,2.736,3,1.090268
processes,3,9,9,16,106,7113539584,67108864,67108864,36.018868,6.717015,0.004307,10.338,3,0.034669
processes,3,9,9,17,107,7180648448,67108864,67108864,35.768705,4.245218,0.004273,11.177,3,0.036283
processes,3,9,9,18,108,7247757312,67108864,67108864,35.615181,4.371207,1.070853,4.36,3,1.093152
processes,3,9,9,19,109,7314866176,67108864,67108864,38.081587,4.321719,2.665002,3.855,3,2.680052
processes,3,9,9,20,110,7381975040,67108864,67108864,36.040077,5.199585,0.00395,9.978,3,0.032153
processes,3,9,9,21,111,7449083904,67108864,67108864,34.888974,4.987935,1.157199,3.994,3,1.18165
processes,3,9,9,22,112,7516192768,67108864,67108864,37.533694,4.348397,3.640958,3.118,3,3.657314
processes,3,9,9,23,113,7583301632,67108864,67108864,31.811825,4.146229,0.274355,3.583,3,0.29972
processes,3,9,9,24,114,7650410496,67108864,67108864,35.852467,4.979269,2.121648,2.607,2,2.136958
processes,3,9,9,25,115,7717519360,67108864,67108864,33.218239,4.291878,2.639812,8.315,3,2.664253
processes,3,9,9,26,116,7784628224,67108864,67108864,36.201861,4.397001,5.801912,8.012,3,5.837417
processes,3,9,9,27,117,7851737088,67108864,67108864,34.987748,4.106308,1.057377,3.48,3,1.078112
processes,3,9,9,28,118,7918845952,67108864,67108864,38.703175,4.296175,2.155867,4.419,3,2.174687
processes,3,9,9,29,119,7985954816,59027232,59027232,20.395902,6.578072,0.002155,6.236,3,0.022397
processes,0,6,6,0,0,0,67108864,67108864,48.629725,4.163771,4.165344,4.299,1,
processes,0,6,6,1,1,67108864,67108864,67108864,37.930749,4.353277,0.996747,13.043,3,1.04429
processes,0,6,6,2,2,134217728,67108864,67108864,41.428296,5.014366,0.00224,7.078,3,0.02448
processes,0,6,6,3,3,201326592,67108864,67108864,41.645396,6.841307,0.003116,10.303,3,0.031899
processes,0,6,6,4,4,268435456,67108864,67108864,40.118572,10.340306,0.002741,8.268,3,0.025913
processes,0,6,6,5,5,335544320,67108864,67108864,38.061286,11.088418,0.002527,6.787,3,0.024205
processes,0,6,6,6,6,402653184,67108864,67108864,39.766918,9.635301,0.002691,8.122,3,0.026601
processes,0,6,6,7,7,469762048,67108864,67108864,36.944027,6.600753,0.00271,8.101,3,0.030199
processes,0,6,6,8,8,536870912,67108864,67108864,38.017816,6.883097,0.002346,7.796,3,0.024654
processes,0,6,6,9,9,603979776,67108864,67108864,37.480001,6.71437,0.002419,5.982,3,0.020847
processes,0,6,6,10,10,671088640,67108864,67108864,34.839776,8.832606,0.003069,7.513,3,0.024733
processes,0,6,6,11,11,738197504,67108864,67108864,37.886471,4.227742,1.090039,10.576,3,1.115037
processes,0,6,6,12,12,805306368,67108864,67108864,37.812662,4.212474,0.002385,5.935,3,0.022236
processes,0,6,6,13,13,872415232,67108864,67108864,36.849167,4.549574,0.002694,7.959,3,0.024381
processes,0,6,6,14,14,939524096,67108864,67108864,33.783266,6.546656,0.002724,6.946,3,0.02487
processes,0,6,6,15,15,1006632960,67108864,67108864,36.14476,4.290176,2.160377,7.111,3,2.180737
processes,0,6,6,16,16,1073741824,67108864,67108864,37.068059,9.428171,0.001861,4.676,3,0.018841
processes,0,6,6,17,17,1140850688,67108864,67108864,39.302065,11.644383,0.002242,5.656,3,0.022565
processes,0,6,6,18,18,1207959552,67108864,67108864,35.323955,10.103731,0.002664,7.302,3,0.023083
processes,0,6,6,19,19,1275068416,67108864,67108864,36.721738,7.705161,0.002665,5.326,3,0.019558
processes,0,6,6,20,20,1342177280,67108864,67108864,42.408189,6.581007,0.002736,6.173,3,0.028754
processes,0,6,6,21,21,1409286144,67108864,67108864,37.446185,7.096624,0.002502,5.907,3,0.019959
processes,0,6,6,22,22,1476395008,67108864,67108864,33.271983,15.749508,0.004636,10.31,3,0.045183
processes,0,6,6,23,23,1543503872,67108864,67108864,34.760533,9.343965,0.00248,5.352,3,0.01667
processes,0,6,6,24,24,1610612736,67108864,67108864,35.404035,5.445413,0.002739,6.462,3,0.023766
processes,0,6,6,25,25,1677721600,67108864,67108864,37.247918,5.871822,0.002886,6.138,3,0.022643
processes,0,6,6,26,26,1744830464,67108864,67108864,34.662271,7.220355,0.003101,6.389,3,0.331026
processes,0,6,6,27,27,1811939328,67108864,67108864,48.102879,5.75273,0.00233,5.416,3,0.0204
processes,0,6,6,28,28,1879048192,67108864,67108864,30.023317,16.749129,0.002487,5.915,3,0.02049
processes,0,6,6,29,29,1946157056,67108864,67108864,23.958759,5.008851,2.222248,4.208,3,2.236119
processes,1,7,7,0,30,2013265920,67108864,67108864,49.428218,,0.046726,95.501,0,
processes,1,7,7,1,31,2080374784,67108864,67108864,37.262145,36.621743,0.005184,9.992,3,0.056291
processes,1,7,7,2,32,2147483648,67108864,67108864,39.604086,6.329245,0.003208,6.862,3,0.031995
processes,1,7,7,3,33,2214592512,67108864,67108864,36.951743,9.062529,0.004491,7.641,3,0.029168
processes,1,7,7,4,34,2281701376,67108864,67108864,35.068248,4.263818,1.188899,14.153,3,1.220567
processes,1,7,7,5,35,2348810240,67108864,67108864,39.510481,4.629284,0.002456,6.203,3,0.024824
processes,1,7,7,6,36,2415919104,67108864,67108864,40.297131,4.059537,0.002966,7.51,3,0.026307
processes,1,7,7,7,37,2483027968,67108864,67108864,36.899283,4.603259,0.002304,6.684,3,0.02728
processes,1,7,7,8,38,2550136832,67108864,67108864,37.268104,4.692736,1.077685,2.154,3,1.091175
processes,1,7,7,9,39,2617245696,67108864,67108864,37.737864,5.008552,0.001643,4.981,3,0.018074
processes,1,7,7,10,40,2684354560,67108864,67108864,37.284632,5.656507,0.003087,6.726,3,0.025345
processes,1,7,7,11,41,2751463424,67108864,67108864,33.801439,5.238064,0.00247,7.82,3,0.0233
processes,1,7,7,12,42,2818572288,67108864,67108864,32.919692,4.626527,2.174997,1.983,3,2.187226
processes,1,7,7,13,43,2885681152,67108864,67108864,38.191623,19.487049,0.002074,5.992,3,0.020329
processes,1,7,7,14,44,2952790016,67108864,67108864,36.24556,19.864042,0.002219,7.413,3,0.022413
processes,1,7,7,15,45,3019898880,67108864,67108864,33.759011,19.259202,0.002064,8.458,3,0.023637
processes,1,7,7,16,46,3087007744,67108864,67108864,35.644268,17.078683,0.00222,8.152,3,0.024473
processes,1,7,7,17,47,3154116608,67108864,67108864,39.675863,12.264183,0.001621,4.973,3,0.017797
processes,1,7,7,18,48,3221225472,67108864,67108864,36.457617,11.331539,0.002794,8.409,3,0.024756
processes,1,7,7,19,49,3288334336,67108864,67108864,36.015758,4.675118,0.003091,6.781,3,0.029779
processes,1,7,7,20,50,3355443200,67108864,67108864,33.726624,4.185403,1.048542,2.435,3,1.062791
processes,1,7,7,21,51,3422552064,67108864,67108864,40.509782,15.109661,0.002474,5.566,3,0.049103
processes,1,7,7,22,52,3489660928,67108864,67108864,31.512512,13.224327,0.004388,11.431,3,0.033032
processes,1,7,7,23,53,3556769792,67108864,67108864,37.178232,4.074432,1.069835,2.607,3,1.082259
processes,1,7,7,24,54,3623878656,67108864,67108864,38.866828,12.240764,0.00282,8.341,3,0.023455
processes,1,7,7,25,55,3690987520,67108864,67108864,39.232094,16.346756,0.002688,7.679,3,0.023463
processes,1,7,7,26,56,3758096384,67108864,67108864,36.018805,20.55449,0.00376,10.316,3,0.402318
processes,1,7,7,27,57,3825205248,67108864,67108864,40.742738,19.018896,0.003031,8.272,3,0.024545
processes,1,7,7,28,58,3892314112,67108864,67108864,45.457688,25.101561,0.002673,7.245,3,0.022598
processes,1,7,7,29,59,3959422976,67108864,67108864,25.977846,18.150191,0.002484,6.675,3,0.021723
processes,2,8,8,0,60,4026531840,67108864,67108864,61.000823,4.3418,8.584706,6.101,2,
processes,2,8,8,1,61,4093640704,67108864,67108864,40.756755,15.719484,0.004711,10.858,3,0.050876
processes,2,8,8,2,62,4160749568,67108864,67108864,43.353761,18.550575,0.003236,8.819,3,0.029565
processes,2,8,8,3,63,4227858432,67108864,67108864,41.297627,20.472024,0.003453,8.153,3,0.027883
processes,2,8,8,4,64,4294967296,67108864,67108864,40.075707,20.123482,0.003199,7.705,3,0.02514
processes,2,8,8,5,65,4362076160,67108864,67108864,39.736083,20.08724,0.003944,8.513,3,0.030828
processes,2,8,8,6,66,4429185024,67108864,67108864,37.86514,21.780042,0.005246,13.145,3,0.044606
processes,2,8,8,7,67,4496293888,67108864,67108864,36.944678,19.883906,0.003243,9.086,3,0.035841
processes,2,8,8,8,68,4563402752,67108864,67108864,37.089761,19.885587,0.003253,7.737,3,0.025684
processes,2,8,8,9,69,4630511616,67108864,67108864,37.69799,18.962178,0.003041,8.087,3,0.025493
processes,2,8,8,10,70,4697620480,67108864,67108864,36.571867,19.183819,0.004266,8.649,3,0.028385
processes,2,8,8,11,71,4764729344,67108864,67108864,39.58042,19.829208,0.003854,9.045,3,0.028335
processes,2,8,8,12,72,4831838208,67108864,67108864,37.001147,4.298551,2.267706,3.649,3,2.284679
processes,2,8,8,13,73,4898947072,67108864,67108864,39.886187,4.152345,1.052184,2.261,3,1.066683
processes,2,8,8,14,74,4966055936,67108864,67108864,35.600652,7.808737,0.005386,10.632,3,0.039402
processes,2,8,8,15,75,5033164800,67108864,67108864,34.850299,9.656747,0.003996,9.121,3,0.030842
processes,2,8,8,16,76,5100273664,67108864,67108864,40.838411,8.869094,0.003221,7.056,3,0.024113
processes,2,8,8,17,77,5167382528,67108864,67108864,37.711138,10.034275,0.003557,8.264,3,0.027389
processes,2,8,8,18,78,5234491392,67108864,67108864,37.854324,11.288962,0.003202,7.64,3,0.030945
processes,2,8,8,19,79,5301600256,67108864,67108864,41.889513,12.085059,0.002509,6.097,3,0.020322
processes,2,8,8,20,80,5368709120,67108864,67108864,45.538766,15.353088,0.002185,6.059,3,0.023018
processes,2,8,8,21,81,5435817984,67108864,67108864,43.053733,4.253298,3.292902,1.648,3,3.302524
processes,2,8,8,22,82,5502926848,67108864,67108864,39.70267,4.292474,2.502263,2.262,3,2.51486
processes,2,8,8,23,83,5570035712,67108864,67108864,37.284966,5.127181,0.002152,6.008,3,0.022328
processes,2,8,8,24,84,5637144576,67108864,67108864,36.935092,4.982316,2.192067,2.373,3,2.204581
processes,2,8,8,25,85,5704253440,67108864,67108864,40.805702,5.890712,0.00168,4.114,3,0.016654
processes,2,8,8,26,86,5771362304,67108864,67108864,42.856443,6.272679,0.003605,8.711,3,0.341601
processes,2,8,8,27,87,5838471168,67108864,67108864,35.780196,4.792982,1.131217,2.069,3,1.143271
processes,2,8,8,28,88,5905580032,67108864,67108864,34.168038,20.354917,0.002296,6.761,1,0.020192
processes,2,8,8,29,89,5972688896,67108864,67108864,24.952135,21.402332,0.002765,6.461,1,0.020734
processes,3,9,9,0,90,6039797760,67108864,67108864,67.532987,4.357195,12.885097,4.657,3,
processes,3,9,9,1,91,6106906624,67108864,67108864,36.852751,10.892134,0.003955,13.561,3,0.053651
processes,3,9,9,2,92,6174015488,67108864,67108864,42.945133,7.005784,0.005207,15.241,3,0.047219
processes,3,9,9,3,93,6241124352,67108864,67108864,40.886829,6.595161,0.002953,8.499,3,0.025888
processes,3,9,9,4,94,6308233216,67108864,67108864,36.446399,4.301593,2.738451,12.226,3,2.771654
processes,3,9,9,5,95,6375342080,67108864,67108864,42.79929,4.305809,3.073485,3.32,3,3.094605
processes,3,9,9,6,96,6442450944,67108864,67108864,36.647198,6.813063,0.004019,9.464,3,0.032375
processes,3,9,9,7,97,6509559808,67108864,67108864,38.178365,5.508942,0.003066,13.215,3,0.039139
processes,3,9,9,8,98,6576668672,67108864,67108864,35.287429,6.430154,0.003001,10.364,3,0.029025
processes,3,9,9,9,99,6643777536,67108864,67108864,40.531431,4.053443,0.079219,3.329,3,0.099069
processes,3,9,9,10,100,6710886400,67108864,67108864,37.870433,7.305188,0.003047,8.953,3,0.028246
processes,3,9,9,11,101,6777995264,67108864,67108864,37.447799,9.240498,0.006557,16.286,3,0.053542
processes,3,9,9,12,102,6845104128,67108864,67108864,34.840312,9.501869,0.00691,17.214,3,0.052144
processes,3,9,9,13,103,6912212992,67108864,67108864,36.05175,6.310994,0.005735,11.243,3,0.036643
processes,3,9,9,14,104,6979321856,67108864,67108864,40.542432,4.605888,2.149851,2.141,3,2.168733
processes,3,9,9,15,105,7046430720,67108864,67108864,40.60748,4.312964,4.209892,2.363,3,4.224309
processes,3,9,9,16,106,7113539584,67108864,67108864,43.109925,7.855603,0.002866,8.058,3,0.025783
processes,3,9,9,17,107,7180648448,67108864,67108864,37.541793,11.674272,0.003312,7.369,3,0.033892
processes,3,9,9,18,108,7247757312,67108864,67108864,40.601492,13.899023,0.002711,8.282,3,0.026471
processes,3,9,9,19,109,7314866176,67108864,67108864,44.168158,4.868775,2.208209,2.572,3,2.228413
processes,3,9,9,20,110,7381975040,67108864,67108864,39.677287,8.517533,0.003288,6.774,3,0.023414
processes,3,9,9,21,111,7449083904,67108864,67108864,38.662349,15.616958,0.002035,4.783,3,0.016909
processes,3,9,9,22,112,7516192768,67108864,67108864,34.97958,12.805648,0.002686,6.343,3,0.020502
processes,3,9,9,23,113,7583301632,67108864,67108864,35.067046,8.080919,0.002244,6.789,3,0.020689
processes,3,9,9,24,114,7650410496,67108864,67108864,36.120312,4.821783,1.145291,5.56,3,1.163365
processes,3,9,9,25,115,7717519360,67108864,67108864,54.073029,4.020333,0.003223,9.243,3,0.029984
processes,3,9,9,26,116,7784628224,67108864,67108864,38.37037,4.307412,3.814071,2.373,3,4.110482
processes,3,9,9,27,117,7851737088,67108864,67108864,33.125787,10.43662,0.002009,5.66,3,0.018274
processes,3,9,9,28,118,7918845952,67108864,67108864,32.516904,12.78644,0.001853,4.819,1,0.01557
processes,3,9,9,29,119,7985954816,59027232,59027232,21.34744,11.13806,0.002829,5.486,1,0.023488
processes,0,6,6,0,0,0,67108864,67108864,73.125506,3.750569,8.365368,852.303,2,
processes,0,6,6,1,1,67108864,67108864,67108864,41.426539,4.658117,1.006139,12.473,3,1.049463
processes,0,6,6,2,2,134217728,67108864,67108864,39.995511,4.63057,3.08977,60.13,3,3.1803
processes,0,6,6,3,3,201326592,67108864,67108864,42.101314,4.5822,1.086878,14.251,3,1.133269
processes,0,6,6,4,4,268435456,67108864,67108864,38.112996,4.928613,0.006603,16.057,3,0.050541
processes,0,6,6,5,5,335544320,67108864,67108864,42.989666,4.184438,2.818168,11.851,3,2.861067
processes,0,6,6,6,6,402653184,67108864,67108864,52.996368,4.340962,2.308365,9.861,3,2.34364
processes,0,6,6,7,7,469762048,67108864,67108864,41.872619,7.031813,0.006353,16.92,3,0.061116
processes,0,6,6,8,8,536870912,67108864,67108864,37.591482,9.192418,0.003843,10.193,3,0.037969
processes,0,6,6,9,9,603979776,67108864,67108864,39.046408,9.333105,0.006749,14.364,3,0.053806
processes,0,6,6,10,10,671088640,67108864,67108864,39.193946,4.526345,2.889676,26.623,3,2.937896
processes,0,6,6,11,11,738197504,67108864,67108864,57.429645,39.256483,0.007125,16.015,3,0.062537
processes,0,6,6,12,12,805306368,67108864,67108864,39.335991,10.698863,0.006987,12.476,3,0.047925
processes,0,6,6,13,13,872415232,67108864,67108864,42.052999,13.727619,0.005949,16.691,3,0.058542
processes,0,6,6,14,14,939524096,67108864,67108864,37.768453,15.72088,0.007127,14.587,3,0.059119
processes,0,6,6,15,15,1006632960,67108864,67108864,41.482665,37.880691,0.006511,71.834,3,0.112238
processes,0,6,6,16,16,1073741824,67108864,67108864,49.436525,36.582626,0.007276,14.53,3,0.05795
processes,0,6,6,17,17,1140850688,67108864,67108864,51.584702,25.465366,0.004124,9.734,3,0.036079
processes,0,6,6,18,18,1207959552,67108864,67108864,53.348106,29.588809,0.003973,43.109,3,0.070519
processes,0,6,6,19,19,1275068416,67108864,67108864,50.843919,29.28463,0.00428,9.567,3,0.032985
processes,0,6,6,20,20,1342177280,67108864,67108864,42.446573,28.486842,0.004137,11.236,3,0.038248
processes,0,6,6,21,21,1409286144,67108864,67108864,43.469677,25.735138,0.004825,9.873,3,0.038437
processes,0,6,6,22,22,1476395008,67108864,67108864,42.434175,25.888649,0.004218,10.157,3,0.037343
processes,0,6,6,23,23,1543503872,67108864,67108864,43.553767,25.87435,0.006006,11.335,3,0.044116
processes,0,6,6,24,24,1610612736,67108864,67108864,39.402478,28.768245,0.004476,9.774,3,0.05257
processes,0,6,6,25,25,1677721600,67108864,67108864,44.127705,26.458479,0.007043,11.044,3,0.048091
processes,0,6,6,26,26,1744830464,67108864,67108864,44.902578,24.002658,0.0041,8.369,3,0.036942
processes,0,6,6,27,27,1811939328,67108864,67108864,43.046608,23.847097,0.00528,10.317,3,0.040775
processes,0,6,6,28,28,1879048192,67108864,67108864,42.341821,23.409903,0.004533,10.217,3,0.045211
processes,0,6,6,29,29,1946157056,67108864,67108864,31.071451,24.074269,0.005284,10.293,3,0.038081
processes,1,7,7,0,30,2013265920,67108864,67108864,77.265718,,0.039819,1501.915,0,
processes,1,7,7,1,31,2080374784,67108864,67108864,44.579333,64.957697,0.008992,13.492,3,0.057377
processes,1,7,7,2,32,2147483648,67108864,67108864,41.123466,39.976269,0.010755,12.448,3,0.055053
processes,1,7,7,3,33,2214592512,67108864,67108864,41.744672,36.54658,0.008336,12.733,3,0.053684
processes,1,7,7,4,34,2281701376,67108864,67108864,41.656398,37.223242,0.010457,14.525,3,0.06077
processes,1,7,7,5,35,2348810240,67108864,67108864,45.123598,36.789625,0.011999,13.5,3,0.06184
processes,1,7,7,6,36,2415919104,67108864,67108864,50.306628,20.468315,0.007543,12.437,3,0.053184
processes,1,7,7,7,37,2483027968,67108864,67108864,37.535424,9.122801,0.006668,14.256,3,0.060005
processes,1,7,7,8,38,2550136832,67108864,67108864,309.859698,4.39718,2.181922,5.763,3,2.214559
processes,1,7,7,9,39,2617245696,67108864,67108864,37.961928,4.957989,0.005325,11.262,3,0.041696
processes,1,7,7,10,40,2684354560,67108864,67108864,48.254213,4.645782,3.241144,5.187,3,3.26648
processes,1,7,7,11,41,2751463424,67108864,67108864,48.0356,4.51674,1.063866,4.998,3,1.089349
processes,1,7,7,12,42,2818572288,67108864,67108864,50.640995,4.353488,3.435478,3.57,3,3.456369
processes,1,7,7,13,43,2885681152,67108864,67108864,46.55902,4.551113,7.29234,2.873,3,7.312836
processes,1,7,7,14,44,2952790016,67108864,67108864,39.81279,4.636516,0.003726,8.944,3,0.033435
processes,1,7,7,15,45,3019898880,67108864,67108864,40.762082,4.302929,2.316366,3.536,3,2.338633
processes,1,7,7,16,46,3087007744,67108864,67108864,39.389642,4.27962,2.696907,5.738,2,2.721629
processes,1,7,7,17,47,3154116608,67108864,67108864,39.304898,4.620689,7.684748,4.385,3,7.708137
processes,1,7,7,18,48,3221225472,67108864,67108864,41.847082,4.388548,4.248737,4.312,3,4.269346
processes,1,7,7,19,49,3288334336,67108864,67108864,41.475282,11.377817,0.005029,11.947,2,0.114289
processes,1,7,7,20,50,3355443200,67108864,67108864,41.913398,8.714689,0.002794,7.583,3,0.026237
processes,1,7,7,21,51,3422552064,67108864,67108864,43.011762,5.713376,0.003119,8.424,3,0.028642
processes,1,7,7,22,52,3489660928,67108864,67108864,38.673668,5.665696,0.00352,9.503,3,0.032377
processes,1,7,7,23,53,3556769792,67108864,67108864,42.452374,4.349775,2.370396,3.125,3,2.390313
processes,1,7,7,24,54,3623878656,67108864,67108864,42.273878,21.625695,0.004005,9.533,2,0.033805
processes,1,7,7,25,55,3690987520,67108864,67108864,44.772831,20.222104,0.003351,8.535,2,0.033226
processes,1,7,7,26,56,3758096384,67108864,67108864,38.66077,21.087932,0.003847,15.611,2,0.059359
processes,1,7,7,27,57,3825205248,67108864,67108864,38.897518,14.344541,0.00469,11.823,2,0.043201
processes,1,7,7,28,58,3892314112,67108864,67108864,38.636095,12.513934,0.004281,9.692,2,0.043546
processes,1,7,7,29,59,3959422976,67108864,67108864,29.616393,10.98058,0.003536,8.422,2,0.030258
processes,2,8,8,0,60,4026531840,67108864,67108864,320.607775,4.559155,12.878707,1060.405,3,
processes,2,8,8,1,61,4093640704,67108864,67108864,44.388649,36.90287,0.012726,27.15,3,0.105752
processes,2,8,8,2,62,4160749568,67108864,67108864,41.847994,28.32099,0.006993,16.961,3,0.086955
processes,2,8,8,3,63,4227858432,67108864,67108864,46.737568,28.312183,0.007606,14.362,3,0.053787
processes,2,8,8,4,64,4294967296,67108864,67108864,46.900091,37.457959,0.007049,14.24,3,0.053496
processes,2,8,8,5,65,4362076160,67108864,67108864,42.509652,4.216854,1.070837,5.496,3,1.099591
processes,2,8,8,6,66,4429185024,67108864,67108864,36.300011,42.561853,0.007165,14.097,3,0.052201
processes,2,8,8,7,67,4496293888,67108864,67108864,40.052285,25.666914,0.006554,14.65,3,0.065766
processes,2,8,8,8,68,4563402752,67108864,67108864,119.098906,26.391238,0.007732,17.296,3,0.066572
processes,2,8,8,9,69,4630511616,67108864,67108864,47.491029,12.808972,0.00501,15.379,3,0.050518
processes,2,8,8,10,70,4697620480,67108864,67108864,53.649239,13.430736,0.003188,8.026,3,0.040749
processes,2,8,8,11,71,4764729344,67108864,67108864,51.633808,14.982308,0.004661,11.123,3,0.036031
processes,2,8,8,12,72,4831838208,67108864,67108864,45.166228,13.469097,0.004847,13.678,3,0.046147
processes,2,8,8,13,73,4898947072,67108864,67108864,43.328197,7.781344,0.003504,48.458,3,0.070486
processes,2,8,8,14,74,4966055936,67108864,67108864,42.463038,9.084097,0.003159,7.228,3,0.025312
processes,2,8,8,15,75,5033164800,67108864,67108864,40.685916,7.848627,0.003374,8.318,3,0.029552
processes,2,8,8,16,76,5100273664,67108864,67108864,39.565363,5.938984,0.003175,7.23,3,0.026526
processes,2,8,8,17,77,5167382528,67108864,67108864,41.53628,4.125075,2.178035,2.631,3,2.194972
processes,2,8,8,18,78,5234491392,67108864,67108864,41.414688,4.525811,5.066997,4.124,3,5.084188
processes,2,8,8,19,79,5301600256,67108864,67108864,43.5046,4.341249,3.668797,3.293,3,3.684226
processes,2,8,8,20,80,5368709120,67108864,67108864,40.598698,5.096044,0.003262,6.955,3,0.024413
processes,2,8,8,21,81,5435817984,67108864,67108864,49.250237,4.596949,1.100643,2.754,3,1.116838
processes,2,8,8,22,82,5502926848,67108864,67108864,43.676277,13.168109,0.003881,9.343,3,0.034291
processes,2,8,8,23,83,5570035712,67108864,67108864,43.934096,17.887926,0.004414,9.672,2,0.034418
processes,2,8,8,24,84,5637144576,67108864,67108864,45.412371,19.643549,0.003874,10.316,2,0.032266
processes,2,8,8,25,85,5704253440,67108864,67108864,40.741491,20.037188,0.004346,9.931,2,0.034991
processes,2,8,8,26,86,5771362304,67108864,67108864,40.172791,16.999078,0.003533,8.422,2,0.03018
processes,2,8,8,27,87,5838471168,67108864,67108864,38.878014,17.297645,0.003391,7.889,2,0.026916
processes,2,8,8,28,88,5905580032,67108864,67108864,38.351122,15.806778,0.002961,7.5,2,0.024858
processes,2,8,8,29,89,5972688896,67108864,67108864,27.965165,14.90409,0.003372,7.789,1,0.027251
processes,3,9,9,0,90,6039797760,67108864,67108864,267.248898,4.055674,3.874285,1471.636,1,
processes,3,9,9,1,91,6106906624,67108864,67108864,468.215777,20.524029,0.009495,14.382,3,0.062206
processes,3,9,9,2,92,6174015488,67108864,67108864,45.800748,6.552484,0.007931,13.062,3,0.05144
processes,3,9,9,3,93,6241124352,67108864,67108864,48.839584,4.118936,1.086394,3.25,3,1.109266
processes,3,9,9,4,94,6308233216,67108864,67108864,47.798814,4.760665,3.270529,3.558,3,3.294114
processes,3,9,9,5,95,6375342080,67108864,67108864,52.330362,4.375115,0.81695,5.865,2,0.843239
processes,3,9,9,6,96,6442450944,67108864,67108864,40.970942,4.332012,3.118854,5.065,3,3.145218
processes,3,9,9,7,97,6509559808,67108864,67108864,37.542604,4.231345,1.04586,6.479,3,1.079814
processes,3,9,9,8,98,6576668672,67108864,67108864,36.871902,4.475694,6.164676,3.868,3,6.185456
processes,3,9,9,9,99,6643777536,67108864,67108864,39.646272,4.278419,1.111577,3.081,2,1.129494
processes,3,9,9,10,100,6710886400,67108864,67108864,46.26119,4.478467,4.141823,3.19,3,4.160113
processes,3,9,9,11,101,6777995264,67108864,67108864,45.254143,4.258361,4.322718,4.461,2,4.34709
processes,3,9,9,12,102,6845104128,67108864,67108864,42.743319,8.040318,0.003638,9.359,3,0.029333
processes,3,9,9,13,103,6912212992,67108864,67108864,42.181946,8.872496,0.004431,8.39,3,0.030899
processes,3,9,9,14,104,6979321856,67108864,67108864,40.683321,8.042988,0.00413,8.532,3,0.032685
processes,3,9,9,15,105,7046430720,67108864,67108864,38.660457,7.692375,0.003332,8.243,3,0.030047
processes,3,9,9,16,106,7113539584,67108864,67108864,42.1773,4.197074,0.309971,3.465,2,0.330421
processes,3,9,9,17,107,7180648448,67108864,67108864,45.021143,4.100709,0.003813,9.068,2,0.033439
processes,3,9,9,18,108,7247757312,67108864,67108864,43.778816,4.322242,0.003791,10.545,2,0.03258
processes,3,9,9,19,109,7314866176,67108864,67108864,39.872665,9.428052,0.003687,9.541,2,0.030965
processes,3,9,9,20,110,7381975040,67108864,67108864,40.364437,10.388128,0.003342,9.195,2,0.028475
processes,3,9,9,21,111,7449083904,67108864,67108864,39.250097,12.115514,0.00365,8.24,2,0.029302
processes,3,9,9,22,112,7516192768,67108864,67108864,36.728372,23.474283,0.003527,8.71,1,0.030964
processes,3,9,9,23,113,7583301632,67108864,67108864,36.315845,21.854342,0.003941,9.082,1,0.03006
processes,3,9,9,24,114,7650410496,67108864,67108864,35.902913,36.339841,0.003229,7.847,0,0.023996
processes,3,9,9,25,115,7717519360,67108864,67108864,36.094952,35.927051,0.002883,7.1,0,0.024138
processes,3,9,9,26,116,7784628224,67108864,67108864,35.799191,36.122218,0.003395,7.092,0,0.027266
processes,3,9,9,27,117,7851737088,67108864,67108864,36.008559,35.833341,0.004963,8.694,0,0.03415
processes,3,9,9,28,118,7918845952,67108864,67108864,35.034103,36.038435,0.003532,9.637,0,0.029876
processes,3,9,9,29,119,7985954816,59027232,59027232,23.85018,35.069345,0.003185,9.368,0,0.035242
processes,0,6,6,0,0,0,67108864,67108864,53.552236,4.412862,9.413807,5.34,2,
processes,0,6,6,1,1,67108864,67108864,67108864,38.641648,5.781908,0.004863,34.889,3,0.073408
processes,0,6,6,2,2,134217728,67108864,67108864,36.396479,7.245027,0.006695,12.36,3,0.039987
processes,0,6,6,3,3,201326592,67108864,67108864,36.701499,6.379257,0.006175,11.426,3,0.039213
processes,0,6,6,4,4,268435456,67108864,67108864,37.221628,5.049524,0.003651,8.805,3,0.030539
processes,0,6,6,5,5,335544320,67108864,67108864,37.471457,4.963466,2.301378,4.277,3,2.330958
processes,0,6,6,6,6,402653184,67108864,67108864,36.891128,5.093113,0.004099,9.446,3,0.033899
processes,0,6,6,7,7,469762048,67108864,67108864,39.799191,4.577481,0.005039,10.601,3,0.045367
processes,0,6,6,8,8,536870912,67108864,67108864,36.492336,7.265402,0.006333,12.243,3,0.045922
processes,0,6,6,9,9,603979776,67108864,67108864,34.506684,4.398688,5.302548,9.672,3,5.325669
processes,0,6,6,10,10,671088640,67108864,67108864,37.562789,4.457004,2.173175,3.707,3,2.190571
processes,0,6,6,11,11,738197504,67108864,67108864,36.098322,5.601985,0.003867,10.921,3,0.037155
processes,0,6,6,12,12,805306368,67108864,67108864,35.364847,4.206975,0.003841,8.727,3,0.028181
processes,0,6,6,13,13,872415232,67108864,67108864,41.997266,4.246768,1.080755,8.659,3,1.112729
processes,0,6,6,14,14,939524096,67108864,67108864,41.675855,4.484346,6.852331,6.88,2,6.878745
processes,0,6,6,15,15,1006632960,67108864,67108864,43.224011,4.317373,2.609757,6.662,3,2.643936
processes,0,6,6,16,16,1073741824,67108864,67108864,37.019279,6.713246,0.005711,12.328,3,0.046954
processes,0,6,6,17,17,1140850688,67108864,67108864,44.150067,4.101314,1.111729,16.609,3,1.151886
processes,0,6,6,18,18,1207959552,67108864,67108864,45.965601,5.595208,0.003658,10.957,3,0.032741
processes,0,6,6,19,19,1275068416,67108864,67108864,44.656571,11.002225,0.006522,13.776,3,0.050277
processes,0,6,6,20,20,1342177280,67108864,67108864,41.821239,8.80873,0.003655,8.386,3,0.030524
processes,0,6,6,21,21,1409286144,67108864,67108864,40.785119,6.368671,0.006026,13.817,3,0.047352
processes,0,6,6,22,22,1476395008,67108864,67108864,42.274216,6.847893,0.004394,11.075,3,0.035285
processes,0,6,6,23,23,1543503872,67108864,67108864,41.22657,7.780828,0.005693,13.72,3,0.045672
processes,0,6,6,24,24,1610612736,67108864,67108864,44.104166,9.272,0.004122,8.396,3,0.031524
processes,0,6,6,25,25,1677721600,67108864,67108864,53.144248,16.588769,0.007426,21.164,3,0.058607
processes,0,6,6,26,26,1744830464,67108864,67108864,40.442904,24.692336,0.004243,10.78,3,0.052451
processes,0,6,6,27,27,1811939328,67108864,67108864,53.528996,20.477832,0.005467,8.547,3,0.034141
processes,0,6,6,28,28,1879048192,67108864,67108864,36.767626,4.348417,2.894717,6.935,3,2.918753
processes,0,6,6,29,29,1946157056,67108864,67108864,25.339893,5.725039,0.003106,7.624,2,0.026078
processes,1,7,7,0,30,2013265920,67108864,67108864,53.875338,4.435124,13.919361,5.067,3,
processes,1,7,7,1,31,2080374784,67108864,67108864,37.729537,4.731865,0.00446,12.977,3,0.047047
processes,1,7,7,2,32,2147483648,67108864,67108864,37.995958,5.005609,1.200006,4.259,3,1.225842
processes,1,7,7,3,33,2214592512,67108864,67108864,37.207647,6.601344,0.003972,10.95,3,0.035469
processes,1,7,7,4,34,2281701376,67108864,67108864,36.208125,7.149855,0.005437,11.23,3,0.072902
processes,1,7,7,5,35,2348810240,67108864,67108864,37.189801,5.006432,1.174324,7.516,3,1.201038
processes,1,7,7,6,36,2415919104,67108864,67108864,37.854517,4.725931,0.004033,11.094,3,0.035054
processes,1,7,7,7,37,2483027968,67108864,67108864,41.092252,5.689966,0.005283,15.129,3,0.046013
processes,1,7,7,8,38,2550136832,67108864,67108864,36.067565,6.970046,0.003671,10.32,3,0.032941
processes,1,7,7,9,39,2617245696,67108864,67108864,36.009999,4.534908,3.294782,2.799,3,3.315302
processes,1,7,7,10,40,2684354560,67108864,67108864,37.334635,5.047945,1.181963,3.216,3,1.200293
processes,1,7,7,11,41,2751463424,67108864,67108864,36.376941,4.815416,0.003557,10.536,3,0.03278
processes,1,7,7,12,42,2818572288,67108864,67108864,38.409079,5.095048,0.00363,8.359,3,0.029194
processes,1,7,7,13,43,2885681152,67108864,67108864,38.315884,7.059397,0.003634,9.001,3,0.032846
processes,1,7,7,14,44,2952790016,67108864,67108864,40.191789,4.439356,7.918689,3.512,3,7.940086
processes,1,7,7,15,45,3019898880,67108864,67108864,46.08174,4.3394,4.010814,2.979,3,4.028046
processes,1,7,7,16,46,3087007744,67108864,67108864,44.893749,7.182889,0.004147,8.509,3,0.032714
processes,1,7,7,17,47,3154116608,67108864,67108864,43.818516,13.974894,0.00518,7.912,3,0.069421
processes,1,7,7,18,48,3221225472,67108864,67108864,39.270012,13.641523,0.003573,8.872,3,0.030921
processes,1,7,7,19,49,3288334336,67108864,67108864,38.759482,6.923679,0.003987,8.813,3,0.028022
processes,1,7,7,20,50,3355443200,67108864,67108864,43.141589,4.428791,3.413656,3.345,3,3.432725
processes,1,7,7,21,51,3422552064,67108864,67108864,42.975409,5.727744,0.003104,6.913,3,0.025955
processes,1,7,7,22,52,3489660928,67108864,67108864,41.072695,7.907965,0.00307,6.82,3,0.025216
processes,1,7,7,23,53,3556769792,67108864,67108864,41.174039,6.706966,0.00569,11.983,3,0.046194
processes,1,7,7,24,54,3623878656,67108864,67108864,40.159031,6.64993,0.003291,7.373,3,0.027019
processes,1,7,7,25,55,3690987520,67108864,67108864,48.413039,4.974679,2.309211,3.35,3,2.328491
processes,1,7,7,26,56,3758096384,67108864,67108864,39.334947,4.339222,4.114599,2.977,3,4.148203
processes,1,7,7,27,57,3825205248,67108864,67108864,47.903028,4.157888,0.937856,5.461,3,0.960764
processes,1,7,7,28,58,3892314112,67108864,67108864,35.384965,27.820366,0.005485,11.321,3,0.038416
processes,1,7,7,29,59,3959422976,67108864,67108864,24.260453,21.747695,0.004104,7.831,3,0.032117
processes,2,8,8,0,60,4026531840,67108864,67108864,50.763111,,0.033884,129.573,0,
processes,2,8,8,1,61,4093640704,67108864,67108864,37.996154,37.086456,0.008519,11.907,3,0.058086
processes,2,8,8,2,62,4160749568,67108864,67108864,38.752276,21.206828,0.006887,11.761,3,0.046603
processes,2,8,8,3,63,4227858432,67108864,67108864,37.787663,21.047481,0.007898,10.413,3,0.043756
processes,2,8,8,4,64,4294967296,67108864,67108864,38.960689,20.850758,0.007968,11.497,3,0.047041
processes,2,8,8,5,65,4362076160,67108864,67108864,35.894645,22.606232,0.011891,27.456,3,0.075334
processes,2,8,8,6,66,4429185024,67108864,67108864,36.235449,21.132407,0.005855,10.208,3,0.040693
processes,2,8,8,7,67,4496293888,67108864,67108864,37.270735,20.201944,0.007036,12.526,3,0.058943
processes,2,8,8,8,68,4563402752,67108864,67108864,48.415913,19.627166,0.006487,14.884,3,0.055017
processes,2,8,8,9,69,4630511616,67108864,67108864,35.439621,4.313579,3.511616,3.025,2,3.531385
processes,2,8,8,10,70,4697620480,67108864,67108864,36.431622,4.931509,1.179523,3.46,3,1.199318
processes,2,8,8,11,71,4764729344,67108864,67108864,36.414433,5.264111,0.002992,7.54,3,0.023341
processes,2,8,8,12,72,4831838208,67108864,67108864,36.349843,4.321457,1.083201,2.954,3,1.10708
processes,2,8,8,13,73,4898947072,67108864,67108864,44.107981,4.041051,0.074652,2.113,3,0.08794
processes,2,8,8,14,74,4966055936,67108864,67108864,35.121909,32.842271,0.005667,10.21,3,0.040455
processes,2,8,8,15,75,5033164800,67108864,67108864,41.070069,21.747117,0.004885,10.193,3,0.038907
processes,2,8,8,16,76,5100273664,67108864,67108864,47.572419,18.626161,0.003784,8.063,3,0.02881
processes,2,8,8,17,77,5167382528,67108864,67108864,38.43344,20.120787,0.005695,8.849,3,0.036661
processes,2,8,8,18,78,5234491392,67108864,67108864,38.697219,13.619244,0.003965,8.457,3,0.028187
processes,2,8,8,19,79,5301600256,67108864,67108864,39.264499,8.494527,0.003367,8.192,3,0.027501
processes,2,8,8,20,80,5368709120,67108864,67108864,40.167969,8.488111,0.003789,7.26,3,0.027119
processes,2,8,8,21,81,5435817984,67108864,67108864,37.504337,6.489266,0.003763,6.945,3,0.025393
processes,2,8,8,22,82,5502926848,67108864,67108864,39.823268,4.335713,3.493604,2.464,3,3.509654
processes,2,8,8,23,83,5570035712,67108864,67108864,46.736231,4.317903,3.139956,6.247,3,3.159547
processes,2,8,8,24,84,5637144576,67108864,67108864,43.367284,9.980312,0.006034,14.626,3,0.045067
processes,2,8,8,25,85,5704253440,67108864,67108864,48.074971,12.174578,0.003823,7.929,3,0.02804
processes,2,8,8,26,86,5771362304,67108864,67108864,41.397568,17.80527,0.003636,7.696,3,0.043243
processes,2,8,8,27,87,5838471168,67108864,67108864,36.324075,6.686384,0.005773,13.51,3,0.044788
processes,2,8,8,28,88,5905580032,67108864,67108864,48.822694,4.977448,2.244881,2.723,3,2.2627
processes,2,8,8,29,89,5972688896,67108864,67108864,32.592608,4.850066,3.323027,2.722,3,3.339785
processes,3,9,9,0,90,6039797760,67108864,67108864,52.206647,4.886755,4.953815,5.286,1,
processes,3,9,9,1,91,6106906624,67108864,67108864,37.17624,6.322156,0.006375,11.076,3,0.049951
processes,3,9,9,2,92,6174015488,67108864,67108864,37.261422,5.497915,0.007897,11.053,3,0.042276
processes,3,9,9,3,93,6241124352,67108864,67108864,38.017634,4.003345,0.005295,10.71,3,0.04004
processes,3,9,9,4,94,6308233216,67108864,67108864,37.339477,4.230412,0.005814,13.204,3,0.044137
processes,3,9,9,5,95,6375342080,67108864,67108864,37.335428,4.833033,2.261416,11.44,3,2.299167
processes,3,9,9,6,96,6442450944,67108864,67108864,37.406199,6.273404,0.005102,11.992,3,0.040281
processes,3,9,9,7,97,6509559808,67108864,67108864,37.112225,7.431139,0.005774,12.25,3,0.045928
processes,3,9,9,8,98,6576668672,67108864,67108864,40.329307,7.262579,0.005426,13.424,3,0.044967
processes,3,9,9,9,99,6643777536,67108864,67108864,35.977073,26.135692,0.005676,10.893,3,0.041833
processes,3,9,9,10,100,6710886400,67108864,67108864,36.076654,22.773834,0.006124,11.186,3,0.043936
processes,3,9,9,11,101,6777995264,67108864,67108864,38.417879,21.685903,0.005555,12.378,3,0.045707
processes,3,9,9,12,102,6845104128,67108864,67108864,36.669102,22.782655,0.00634,13.061,3,0.046288
processes,3,9,9,13,103,6912212992,67108864,67108864,49.259256,23.094709,0.006795,15.423,3,0.049087
processes,3,9,9,14,104,6979321856,67108864,67108864,44.453772,4.489997,3.403835,1.813,2,3.420228
processes,3,9,9,15,105,7046430720,67108864,67108864,40.834906,13.815945,0.003816,9.483,3,0.032992
processes,3,9,9,16,106,7113539584,67108864,67108864,40.757239,13.592158,0.003446,8.786,3,0.040186
processes,3,9,9,17,107,7180648448,67108864,67108864,42.647283,6.766175,0.002987,7.658,3,0.025858
processes,3,9,9,18,108,7247757312,67108864,67108864,40.578073,10.993462,0.006746,12.252,3,0.041631
processes,3,9,9,19,109,7314866176,67108864,67108864,46.847813,12.877603,0.00473,8.921,3,0.030788
processes,3,9,9,20,110,7381975040,67108864,67108864,44.272827,20.466575,0.004398,8.633,3,0.032777
processes,3,9,9,21,111,7449083904,67108864,67108864,40.308213,24.581863,0.004854,10.524,3,0.035823
processes,3,9,9,22,112,7516192768,67108864,67108864,41.354089,23.909054,0.004473,9.09,3,0.032969
processes,3,9,9,23,113,7583301632,67108864,67108864,39.728763,22.313192,0.004499,8.645,3,0.032864
processes,3,9,9,24,114,7650410496,67108864,67108864,36.813527,15.298816,0.005299,9.953,3,0.038159
processes,3,9,9,25,115,7717519360,67108864,67108864,45.047461,8.749496,0.004282,9.122,3,0.032477
processes,3,9,9,26,116,7784628224,67108864,67108864,44.659714,5.724414,0.003875,8.955,3,0.045671
processes,3,9,9,27,117,7851737088,67108864,67108864,44.71843,8.973607,0.003824,8.818,3,0.031835
processes,3,9,9,28,118,7918845952,67108864,67108864,39.285487,15.14363,0.005038,11.059,3,0.038368
processes,3,9,9,29,119,7985954816,59027232,59027232,22.804463,4.470904,2.183283,3.123,3,2.204266
processes,0,6,6,0,0,0,67108864,67108864,55.708743,3.941188,3.938215,7.928,1,
processes,0,6,6,1,1,67108864,67108864,67108864,40.876581,4.30248,4.207173,13.818,3,4.261196
processes,0,6,6,2,2,134217728,67108864,67108864,39.673769,6.616588,0.005964,14.771,3,0.048447
processes,0,6,6,3,3,201326592,67108864,67108864,42.803999,8.204532,0.005437,12.765,3,0.047694
processes,0,6,6,4,4,268435456,67108864,67108864,50.420679,4.282372,3.474878,9.104,2,3.51029
processes,0,6,6,5,5,335544320,67108864,67108864,38.999229,22.896246,0.009121,17.184,3,0.064777
processes,0,6,6,6,6,402653184,67108864,67108864,40.821139,12.741193,0.007167,15.51,3,0.053936
processes,0,6,6,7,7,469762048,67108864,67108864,36.256571,13.156216,0.004854,14.458,3,0.051174
processes,0,6,6,8,8,536870912,67108864,67108864,39.441154,9.2246,0.005223,12.147,3,0.044422
processes,0,6,6,9,9,603979776,67108864,67108864,44.675094,11.584072,0.004968,11.997,3,0.041339
processes,0,6,6,10,10,671088640,67108864,67108864,41.584228,9.160898,0.004074,8.842,3,0.031442
processes,0,6,6,11,11,738197504,67108864,67108864,37.610429,4.16644,0.003349,8.811,2,0.029068
processes,0,6,6,12,12,805306368,67108864,67108864,49.755791,4.451747,2.173088,4.02,3,2.193768
processes,0,6,6,13,13,872415232,67108864,67108864,44.877343,9.325313,0.004028,9.569,3,0.032784
processes,0,6,6,14,14,939524096,67108864,67108864,41.71341,12.04016,0.005369,11.154,3,0.041919
processes,0,6,6,15,15,1006632960,67108864,67108864,40.435275,8.998814,0.005345,11.058,3,0.040193
processes,0,6,6,16,16,1073741824,67108864,67108864,34.536586,4.327085,2.875649,4.8,2,2.927774
processes,0,6,6,17,17,1140850688,67108864,67108864,40.599933,4.7984,0.004646,8.965,3,0.033594
processes,0,6,6,18,18,1207959552,67108864,67108864,46.66505,4.497235,1.074279,9.486,3,1.102107
processes,0,6,6,19,19,1275068416,67108864,67108864,38.98945,6.879529,0.004878,11.553,3,0.04223
processes,0,6,6,20,20,1342177280,67108864,67108864,42.02273,4.335152,4.273698,4.209,3,4.292858
processes,0,6,6,21,21,1409286144,67108864,67108864,35.512235,13.946481,0.006006,11.011,3,0.039407
processes,0,6,6,22,22,1476395008,67108864,67108864,44.528593,9.725614,0.00456,10.373,3,0.035509
processes,0,6,6,23,23,1543503872,67108864,67108864,40.249519,24.141056,0.006415,12.94,3,0.048333
processes,0,6,6,24,24,1610612736,67108864,67108864,44.846391,23.731782,0.007072,12.995,3,0.049153
processes,0,6,6,25,25,1677721600,67108864,67108864,38.867946,16.959891,0.005342,12.274,3,0.046357
processes,0,6,6,26,26,1744830464,67108864,67108864,37.562653,4.268825,2.088316,8.034,3,2.467174
processes,0,6,6,27,27,1811939328,67108864,67108864,36.902826,4.560024,2.429296,6.09,3,2.453448
processes,0,6,6,28,28,1879048192,67108864,67108864,37.355567,6.002122,0.004861,10.914,3,0.052541
processes,0,6,6,29,29,1946157056,67108864,67108864,28.170746,7.365616,0.004362,12.69,3,0.041833
processes,1,7,7,0,30,2013265920,67108864,67108864,53.288297,,0.036192,97.354,0,
processes,1,7,7,1,31,2080374784,67108864,67108864,38.79034,40.628845,0.00847,11.484,3,0.058108
processes,1,7,7,2,32,2147483648,67108864,67108864,39.673623,24.233539,0.007294,11.269,3,0.047548
processes,1,7,7,3,33,2214592512,67108864,67108864,54.593812,22.774983,0.007943,13.567,3,0.092236
processes,1,7,7,4,34,2281701376,67108864,67108864,57.758852,6.047539,0.007845,10.26,3,0.045571
processes,1,7,7,5,35,2348810240,67108864,67108864,48.736377,4.347717,5.583652,10.97,3,5.613818
processes,1,7,7,6,36,2415919104,67108864,67108864,34.484386,18.342413,0.00664,15.474,3,0.054359
processes,1,7,7,7,37,2483027968,67108864,67108864,35.896293,11.99972,0.004464,11.412,3,0.045234
processes,1,7,7,8,38,2550136832,67108864,67108864,56.021296,11.639074,0.004841,12.298,3,0.044054
processes,1,7,7,9,39,2617245696,67108864,67108864,51.023978,4.237789,2.88141,3.714,2,2.902132
processes,1,7,7,10,40,2684354560,67108864,67108864,39.478345,18.443451,0.007201,12.595,3,0.049405
processes,1,7,7,11,41,2751463424,67108864,67108864,44.874915,17.23392,0.005149,12.357,3,0.040545
processes,1,7,7,12,42,2818572288,67108864,67108864,42.167005,22.970038,0.004995,11.145,3,0.040094
processes,1,7,7,13,43,2885681152,67108864,67108864,40.40455,12.972984,0.005422,10.438,3,0.03741
processes,1,7,7,14,44,2952790016,67108864,67108864,54.673404,21.706463,0.007035,11.37,3,0.044806
processes,1,7,7,15,45,3019898880,67108864,67108864,40.894686,4.387529,6.398277,6.949,2,6.421581
processes,1,7,7,16,46,3087007744,67108864,67108864,48.364603,4.315294,4.145042,5.056,3,4.16725
processes,1,7,7,17,47,3154116608,67108864,67108864,37.730878,21.595563,0.007061,14.661,3,0.053715
processes,1,7,7,18,48,3221225472,67108864,67108864,42.494365,12.667688,0.005802,13.375,3,0.048527
processes,1,7,7,19,49,3288334336,67108864,67108864,38.850627,11.915711,0.00392,10.821,3,0.035966
processes,1,7,7,20,50,3355443200,67108864,67108864,38.642065,8.738544,0.00373,8.617,3,0.034343
processes,1,7,7,21,51,3422552064,67108864,67108864,36.817812,11.868629,0.004288,10.636,3,0.035764
processes,1,7,7,22,52,3489660928,67108864,67108864,38.228843,4.134235,0.002843,7.089,2,0.02472
processes,1,7,7,23,53,3556769792,67108864,67108864,47.004141,4.313735,2.221606,7.657,3,2.249329
processes,1,7,7,24,54,3623878656,67108864,67108864,35.921209,6.469102,0.005094,11.097,3,0.043974
processes,1,7,7,25,55,3690987520,67108864,67108864,35.599836,4.430415,3.348257,9.223,3,3.375224
processes,1,7,7,26,56,3758096384,67108864,67108864,35.541141,4.418416,4.053755,3.207,3,4.404266
processes,1,7,7,27,57,3825205248,67108864,67108864,37.666335,4.10494,1.067729,11.726,3,1.10075
processes,1,7,7,28,58,3892314112,67108864,67108864,37.226189,4.403801,0.003213,7.493,3,0.029926
processes,1,7,7,29,59,3959422976,67108864,67108864,25.100938,12.162951,0.005387,11.159,2,0.041679
processes,2,8,8,0,60,4026531840,67108864,67108864,53.083032,4.363578,12.831683,4.3,3,
processes,2,8,8,1,61,4093640704,67108864,67108864,39.382414,4.039627,2.113786,4.582,3,2.150162
processes,2,8,8,2,62,4160749568,67108864,67108864,40.793624,4.339014,1.799423,13.141,3,1.842001
processes,2,8,8,3,63,4227858432,67108864,67108864,39.743229,5.450384,0.005131,11.797,3,0.039209
processes,2,8,8,4,64,4294967296,67108864,67108864,47.693163,4.502717,5.598229,4.398,3,5.623393
processes,2,8,8,5,65,4362076160,67108864,67108864,55.812928,4.257125,2.520546,3.925,2,2.546701
processes,2,8,8,6,66,4429185024,67108864,67108864,41.764113,4.896004,2.194155,4.59,3,2.221529
processes,2,8,8,7,67,4496293888,67108864,67108864,37.08807,4.310043,2.911826,7.852,3,2.946176
processes,2,8,8,8,68,4563402752,67108864,67108864,40.059076,5.265307,0.003691,10.838,3,0.034951
processes,2,8,8,9,69,4630511616,67108864,67108864,50.290231,4.465629,7.052184,2.632,3,7.070634
processes,2,8,8,10,70,4697620480,67108864,67108864,47.61428,5.13009,5.551683,9.245,3,5.614053
processes,2,8,8,11,71,4764729344,67108864,67108864,56.675931,12.984122,0.004784,13.667,3,0.043949
processes,2,8,8,12,72,4831838208,67108864,67108864,54.734118,4.678638,0.004664,9.551,3,0.03464
processes,2,8,8,13,73,4898947072,67108864,67108864,47.980178,4.345593,3.01249,3.1,3,3.033815
processes,2,8,8,14,74,4966055936,67108864,67108864,34.048927,29.870834,0.008289,13.233,3,0.0546
processes,2,8,8,15,75,5033164800,67108864,67108864,41.951927,20.99614,0.006499,13.219,3,0.049938
processes,2,8,8,16,76,5100273664,67108864,67108864,44.274135,22.32552,0.007234,12.996,3,0.051278
processes,2,8,8,17,77,5167382528,67108864,67108864,41.471447,11.919781,0.005944,13.197,3,0.050851
processes,2,8,8,18,78,5234491392,67108864,67108864,36.705815,21.97814,0.006997,15.573,3,0.05391
processes,2,8,8,19,79,5301600256,67108864,67108864,39.722098,16.199945,0.006259,12.327,3,0.046321
processes,2,8,8,20,80,5368709120,67108864,67108864,55.069386,12.741054,0.00563,11.312,3,0.046513
processes,2,8,8,21,81,5435817984,67108864,67108864,38.085924,4.537938,7.875713,8.445,3,7.905327
processes,2,8,8,22,82,5502926848,67108864,67108864,45.517533,4.363502,2.198758,2.823,3,2.217812
processes,2,8,8,23,83,5570035712,67108864,67108864,40.439292,5.016746,2.147778,12.253,3,2.183826
processes,2,8,8,24,84,5637144576,67108864,67108864,34.839683,6.197722,0.004359,10.255,3,0.038117
processes,2,8,8,25,85,5704253440,67108864,67108864,35.875927,4.351958,3.296765,3.201,3,3.318655
processes,2,8,8,26,86,5771362304,67108864,67108864,37.46722,4.000845,0.004054,10.391,3,0.414851
processes,2,8,8,27,87,5838471168,67108864,67108864,37.603755,4.976167,1.183708,3.401,3,1.204363
processes,2,8,8,28,88,5905580032,67108864,67108864,33.105295,5.346687,0.004542,10.557,2,0.034633
processes,2,8,8,29,89,5972688896,67108864,67108864,24.870883,33.144242,0.005768,11.406,0,0.038947
processes,3,9,9,0,90,6039797760,67108864,67108864,51.207332,4.412794,8.400999,7.872,2,
processes,3,9,9,1,91,6106906624,67108864,67108864,38.566698,6.262242,0.004678,11.598,3,0.047333
processes,3,9,9,2,92,6174015488,67108864,67108864,38.098541,6.035274,0.005939,11.528,3,0.044222
processes,3,9,9,3,93,6241124352,67108864,67108864,44.13262,4.402934,0.004773,9.541,3,0.034978
processes,3,9,9,4,94,6308233216,67108864,67108864,37.865954,30.533994,0.007685,14.693,3,0.05629
processes,3,9,9,5,95,6375342080,67108864,67108864,49.15758,23.086493,0.006826,13.168,3,0.053167
processes,3,9,9,6,96,6442450944,67108864,67108864,36.828289,17.70713,0.006869,12.691,3,0.050638
processes,3,9,9,7,97,6509559808,67108864,67108864,35.879924,4.47768,3.591806,13.192,3,3.629001
processes,3,9,9,8,98,6576668672,67108864,67108864,36.131425,10.76663,0.005287,11.493,3,0.042642
processes,3,9,9,9,99,6643777536,67108864,67108864,43.648587,10.99404,0.004734,11.339,3,0.036332
processes,3,9,9,10,100,6710886400,67108864,67108864,36.823693,26.84222,0.005885,11.023,3,0.043012
processes,3,9,9,11,101,6777995264,67108864,67108864,40.693479,19.003405,0.005536,12.988,3,0.044028
processes,3,9,9,12,102,6845104128,67108864,67108864,39.146134,12.98844,0.004859,9.127,3,0.034942
processes,3,9,9,13,103,6912212992,67108864,67108864,47.476131,4.509102,0.004099,8.757,3,0.032757
processes,3,9,9,14,104,6979321856,67108864,67108864,36.366319,15.22748,0.005556,11.353,3,0.0467
processes,3,9,9,15,105,7046430720,67108864,67108864,44.171775,6.702733,0.003346,7.981,3,0.028196
processes,3,9,9,16,106,7113539584,67108864,67108864,35.832604,9.16513,0.004965,10.976,3,0.044225
processes,3,9,9,17,107,7180648448,67108864,67108864,36.297241,4.388111,7.121381,4.202,3,7.140955
processes,3,9,9,18,108,7247757312,67108864,67108864,59.013395,10.563991,0.005691,14.02,3,0.06129
processes,3,9,9,19,109,7314866176,67108864,67108864,55.322131,6.312407,0.004132,9.034,3,0.032624
processes,3,9,9,20,110,7381975040,67108864,67108864,56.157922,4.301328,2.40436,2.976,3,2.424335
processes,3,9,9,21,111,7449083904,67108864,67108864,42.87049,4.342532,3.299155,3.766,3,3.320443
processes,3,9,9,22,112,7516192768,67108864,67108864,40.674691,8.567241,0.004699,9.447,3,0.032048
processes,3,9,9,23,113,7583301632,67108864,67108864,51.616764,7.894717,0.003532,9.46,3,0.033255
processes,3,9,9,24,114,7650410496,67108864,67108864,53.9781,19.25562,0.005906,11.04,3,0.047875
processes,3,9,9,25,115,7717519360,67108864,67108864,39.356258,25.580447,0.006876,12.209,3,0.048086
processes,3,9,9,26,116,7784628224,67108864,67108864,35.429267,24.82794,0.006281,12.606,3,0.368644
processes,3,9,9,27,117,7851737088,67108864,67108864,35.991644,22.182871,0.00632,47.378,3,0.084002
processes,3,9,9,28,118,7918845952,67108864,67108864,36.835178,21.925999,0.005358,11.498,3,0.042262
processes,3,9,9,29,119,7985954816,59027232,59027232,23.593859,20.12875,0.005443,10.397,2,0.039156
processes,0,6,6,0,0,0,67108864,67108864,65.626916,4.404655,9.02687,10.795,2,
processes,0,6,6,1,1,67108864,67108864,67108864,44.721771,4.885528,0.005219,14.189,3,0.055626
processes,0,6,6,2,2,134217728,67108864,67108864,42.810102,5.136609,0.006303,11.992,3,0.048974
processes,0,6,6,3,3,201326592,67108864,67108864,37.297474,6.906246,0.004262,10.913,3,0.036113
processes,0,6,6,4,4,268435456,67108864,67108864,47.455793,5.008123,2.26765,7.87,3,2.305668
processes,0,6,6,5,5,335544320,67108864,67108864,46.856044,4.370333,5.664182,7.293,3,5.695205
processes,0,6,6,6,6,402653184,67108864,67108864,44.216188,4.968636,0.004125,10.739,3,0.036325
processes,0,6,6,7,7,469762048,67108864,67108864,47.806491,4.290901,2.466047,8.85,3,2.507655
processes,0,6,6,8,8,536870912,67108864,67108864,37.962679,14.143269,0.003567,10.63,3,0.033795
processes,0,6,6,9,9,603979776,67108864,67108864,48.336987,8.615257,0.004317,10.892,3,0.038664
processes,0,6,6,10,10,671088640,67108864,67108864,56.123797,15.63763,0.003362,9.473,3,0.029962
processes,0,6,6,11,11,738197504,67108864,67108864,64.057522,26.338057,0.004723,12.197,3,0.03814
processes,0,6,6,12,12,805306368,67108864,67108864,42.35851,4.297986,2.505673,5.703,3,2.528054
processes,0,6,6,13,13,872415232,67108864,67108864,43.089509,4.101592,0.11,12.592,3,0.14538
processes,0,6,6,14,14,939524096,67108864,67108864,42.930136,4.711519,1.083817,12.131,3,1.119619
processes,0,6,6,15,15,1006632960,67108864,67108864,39.893921,9.535959,0.004071,11.852,3,0.038169
processes,0,6,6,16,16,1073741824,67108864,67108864,41.975326,8.417298,0.006503,14.672,3,0.046958
processes,0,6,6,17,17,1140850688,67108864,67108864,44.102294,5.487924,0.005931,11.344,3,0.042387
processes,0,6,6,18,18,1207959552,67108864,67108864,50.23278,10.968431,0.00386,12.266,3,0.036118
processes,0,6,6,19,19,1275068416,67108864,67108864,49.98071,17.550534,0.004088,11.976,3,0.038293
processes,0,6,6,20,20,1342177280,67108864,67108864,54.672079,20.087655,0.003996,10.428,3,0.03515
processes,0,6,6,21,21,1409286144,67108864,67108864,45.603834,24.359897,0.005268,12.307,3,0.043146
processes,0,6,6,22,22,1476395008,67108864,67108864,46.355829,24.586196,0.003973,10.187,3,0.033731
processes,0,6,6,23,23,1543503872,67108864,67108864,38.820579,30.128114,0.005913,13.226,3,0.045717
processes,0,6,6,24,24,1610612736,67108864,67108864,41.54213,25.211515,0.004195,13.249,3,0.040997
processes,0,6,6,25,25,1677721600,67108864,67108864,41.465567,24.411929,0.004607,11.047,3,0.039571
processes,0,6,6,26,26,1744830464,67108864,67108864,40.172915,22.946359,0.004727,12.195,3,0.058242
processes,0,6,6,27,27,1811939328,67108864,67108864,40.142027,15.054165,0.005229,11.643,3,0.040922
processes,0,6,6,28,28,1879048192,67108864,67108864,46.180069,9.361489,0.003612,9.939,3,0.031636
processes,0,6,6,29,29,1946157056,67108864,67108864,26.586689,12.864784,0.004476,10.705,3,0.038472
processes,1,7,7,0,30,2013265920,67108864,67108864,65.897226,4.396492,13.427977,4.782,3,
processes,1,7,7,1,31,2080374784,67108864,67108864,43.326652,4.667899,0.005841,12.13,3,0.056723
processes,1,7,7,2,32,2147483648,67108864,67108864,44.470486,4.318396,1.069742,4.797,3,1.09459
processes,1,7,7,3,33,2214592512,67108864,67108864,49.066827,5.995816,0.005829,13.163,3,0.053149
processes,1,7,7,4,34,2281701376,67108864,67108864,51.459957,15.502909,0.004649,12.0,3,0.043408
processes,1,7,7,5,35,2348810240,67108864,67108864,48.085699,13.858759,0.005107,12.714,3,0.046891
processes,1,7,7,6,36,2415919104,67108864,67108864,41.524019,10.794595,0.005606,13.291,3,0.045063
processes,1,7,7,7,37,2483027968,67108864,67108864,43.711507,5.589663,0.003496,10.023,3,0.036633
processes,1,7,7,8,38,2550136832,67108864,67108864,52.054758,4.281254,2.785115,4.91,3,2.81228
processes,1,7,7,9,39,2617245696,67108864,67108864,49.021951,4.584488,2.156458,4.756,3,2.18264
processes,1,7,7,10,40,2684354560,67108864,67108864,57.182559,16.346322,0.004967,10.334,3,0.039143
processes,1,7,7,11,41,2751463424,67108864,67108864,55.51067,22.332534,0.004322,11.206,3,0.036431
processes,1,7,7,12,42,2818572288,67108864,67108864,39.374044,15.57616,0.006138,12.507,3,0.046351
processes,1,7,7,13,43,2885681152,67108864,67108864,41.702852,12.485656,0.004678,10.851,3,0.039342
processes,1,7,7,14,44,2952790016,67108864,67108864,40.707607,10.006448,0.003387,8.64,3,0.027068
processes,1,7,7,15,45,3019898880,67108864,67108864,47.190615,7.775352,0.002986,9.414,3,0.029602
processes,1,7,7,16,46,3087007744,67108864,67108864,46.583319,15.06654,0.005214,11.804,3,0.041452
processes,1,7,7,17,47,3154116608,67108864,67108864,47.538844,19.673868,0.00537,12.389,3,0.041722
processes,1,7,7,18,48,3221225472,67108864,67108864,43.472606,23.116675,0.005296,13.367,3,0.042375
processes,1,7,7,19,49,3288334336,67108864,67108864,40.771731,16.360112,0.004789,13.413,3,0.041904
processes,1,7,7,20,50,3355443200,67108864,67108864,50.88896,7.185385,0.005712,12.686,3,0.069402
processes,1,7,7,21,51,3422552064,67108864,67108864,44.227274,4.462769,1.080235,4.269,3,1.103649
processes,1,7,7,22,52,3489660928,67108864,67108864,46.147313,4.144136,1.06479,5.5,3,1.091658
processes,1,7,7,23,53,3556769792,67108864,67108864,39.911132,4.843563,0.933265,4.322,2,0.95366
processes,1,7,7,24,54,3623878656,67108864,67108864,42.114785,5.928088,0.003493,8.887,3,0.034969
processes,1,7,7,25,55,3690987520,67108864,67108864,40.852509,6.493849,0.00373,8.858,3,0.032677
processes,1,7,7,26,56,3758096384,67108864,67108864,44.836504,5.871519,0.004025,10.857,3,0.04897
processes,1,7,7,27,57,3825205248,67108864,67108864,48.405042,10.527601,0.004196,8.404,3,0.033415
processes,1,7,7,28,58,3892314112,67108864,67108864,41.062449,18.798631,0.004583,10.442,3,0.039651
processes,1,7,7,29,59,3959422976,67108864,67108864,27.234608,13.672281,0.003093,8.706,1,0.029742
processes,2,8,8,0,60,4026531840,67108864,67108864,61.432512,,0.02587,80.759,0,
processes,2,8,8,1,61,4093640704,67108864,67108864,41.000702,47.991046,0.006947,11.191,3,0.060249
processes,2,8,8,2,62,4160749568,67108864,67108864,40.993139,23.070268,0.004995,8.857,3,0.032469
processes,2,8,8,3,63,4227858432,67108864,67108864,49.107156,19.676112,0.005485,9.495,3,0.033947
processes,2,8,8,4,64,4294967296,67108864,67108864,53.075275,24.299941,0.006644,11.116,3,0.040308
processes,2,8,8,5,65,4362076160,67108864,67108864,51.227449,28.306939,0.007246,10.424,3,0.041958
processes,2,8,8,6,66,4429185024,67108864,67108864,47.350399,28.064974,0.004747,10.4,3,0.037434
processes,2,8,8,7,67,4496293888,67108864,67108864,37.951513,27.33579,0.005545,11.759,3,0.051179
processes,2,8,8,8,68,4563402752,67108864,67108864,43.492234,23.763056,0.003613,11.046,3,0.036405
processes,2,8,8,9,69,4630511616,67108864,67108864,41.317352,20.768624,0.003814,10.148,3,0.037121
processes,2,8,8,10,70,4697620480,67108864,67108864,43.037176,7.875802,0.003688,8.353,3,0.027224
processes,2,8,8,11,71,4764729344,67108864,67108864,54.200547,4.276218,2.406184,3.668,3,2.424334
processes,2,8,8,12,72,4831838208,67108864,67108864,55.732962,4.344244,3.068962,3.048,3,3.086469
processes,2,8,8,13,73,4898947072,67108864,67108864,37.883126,4.553132,0.003948,10.268,3,0.032947
processes,2,8,8,14,74,4966055936,67108864,67108864,50.153663,4.124314,1.080607,3.797,3,1.101442
processes,2,8,8,15,75,5033164800,67108864,67108864,47.47635,12.576064,0.003477,8.88,3,0.028007
processes,2,8,8,16,76,5100273664,67108864,67108864,44.578732,19.359062,0.004451,11.439,3,0.043857
processes,2,8,8,17,77,5167382528,67108864,67108864,36.20334,16.738316,0.004035,9.362,3,0.032589
processes,2,8,8,18,78,5234491392,67108864,67108864,46.020104,6.351188,0.004636,11.542,3,0.034573
processes,2,8,8,19,79,5301600256,67108864,67108864,47.909522,4.820817,0.003769,9.807,3,0.030744
processes,2,8,8,20,80,5368709120,67108864,67108864,50.088438,9.272666,0.007293,15.813,3,0.056837
processes,2,8,8,21,81,5435817984,67108864,67108864,40.946094,18.551166,0.00374,10.026,3,0.031195
processes,2,8,8,22,82,5502926848,67108864,67108864,39.137394,7.549553,0.004503,10.979,3,0.044902
processes,2,8,8,23,83,5570035712,67108864,67108864,40.18029,4.70152,3.300116,15.103,3,3.333505
processes,2,8,8,24,84,5637144576,67108864,67108864,37.244679,4.44258,6.628209,10.017,2,6.661743
processes,2,8,8,25,85,5704253440,67108864,67108864,44.931042,4.299813,2.53251,3.67,3,2.558655
processes,2,8,8,26,86,5771362304,67108864,67108864,40.608599,7.13412,0.004212,11.161,3,0.050727
processes,2,8,8,27,87,5838471168,67108864,67108864,39.247341,6.882402,0.004826,13.404,3,0.041162
processes,2,8,8,28,88,5905580032,67108864,67108864,45.165378,4.307508,3.026943,3.593,3,3.047684
processes,2,8,8,29,89,5972688896,67108864,67108864,29.694819,4.338411,3.288566,3.612,3,3.310218
processes,3,9,9,0,90,6039797760,67108864,67108864,65.161074,4.700568,4.707565,5.248,1,
processes,3,9,9,1,91,6106906624,67108864,67108864,44.488453,8.409476,0.004988,8.668,3,0.040595
processes,3,9,9,2,92,6174015488,67108864,67108864,41.044349,11.895969,0.006094,8.391,3,0.031211
processes,3,9,9,3,93,6241124352,67108864,67108864,39.378915,11.945461,0.003543,8.576,3,0.032229
processes,3,9,9,4,94,6308233216,67108864,67108864,51.56757,4.299262,2.09553,4.636,3,2.12235
processes,3,9,9,5,95,6375342080,67108864,67108864,51.873823,4.970817,2.199083,4.073,2,2.221218
processes,3,9,9,6,96,6442450944,67108864,67108864,43.736242,4.302557,3.672127,3.351,3,3.691436
processes,3,9,9,7,97,6509559808,67108864,67108864,44.231345,4.344298,3.004035,3.984,3,3.029342
processes,3,9,9,8,98,6576668672,67108864,67108864,53.906583,4.336208,3.582068,4.221,3,3.600851
processes,3,9,9,9,99,6643777536,67108864,67108864,37.271123,20.269029,0.0036,8.753,3,0.027581
processes,3,9,9,10,100,6710886400,67108864,67108864,48.154108,9.20134,0.003842,8.745,3,0.028137
processes,3,9,9,11,101,6777995264,67108864,67108864,57.987818,4.272181,3.061411,4.281,3,3.07867
processes,3,9,9,12,102,6845104128,67108864,67108864,42.673908,31.338631,0.003477,9.246,3,0.027591
processes,3,9,9,13,103,6912212992,67108864,67108864,43.570107,18.273006,0.003674,8.231,3,0.026376
processes,3,9,9,14,104,6979321856,67108864,67108864,38.116442,22.887639,0.004009,8.74,3,0.029094
processes,3,9,9,15,105,7046430720,67108864,67108864,39.957469,10.849834,0.003615,8.457,3,0.027423
processes,3,9,9,16,106,7113539584,67108864,67108864,44.917209,4.389167,1.082282,4.102,3,1.102071
processes,3,9,9,17,107,7180648448,67108864,67108864,38.626319,4.724933,0.004024,9.304,3,0.029878
processes,3,9,9,18,108,7247757312,67108864,67108864,39.828757,7.144925,0.003965,11.16,3,0.031586
processes,3,9,9,19,109,7314866176,67108864,67108864,43.878249,4.783047,3.844441,3.493,3,3.860213
processes,3,9,9,20,110,7381975040,67108864,67108864,48.275791,4.295427,3.576927,4.225,3,3.60049
processes,3,9,9,21,111,7449083904,67108864,67108864,45.379013,4.618777,2.149055,3.314,3,2.167192
processes,3,9,9,22,112,7516192768,67108864,67108864,40.816884,9.039047,0.003626,11.263,3,0.032253
processes,3,9,9,23,113,7583301632,67108864,67108864,36.239779,7.427776,0.005541,13.76,3,0.042744
processes,3,9,9,24,114,7650410496,67108864,67108864,42.346555,4.363918,7.514897,4.179,3,7.538396
processes,3,9,9,25,115,7717519360,67108864,67108864,42.936934,6.941871,0.004844,11.164,3,0.034732
processes,3,9,9,26,116,7784628224,67108864,67108864,48.074073,4.949481,0.004707,11.517,3,0.052445
processes,3,9,9,27,117,7851737088,67108864,67108864,45.825997,12.405751,0.003557,10.734,3,0.031958
processes,3,9,9,28,118,7918845952,67108864,67108864,42.679645,15.977065,0.005342,13.713,3,0.040342
processes,3,9,9,29,119,7985954816,59027232,59027232,25.262852,10.216715,0.003712,11.133,3,0.035601
processes,0,6,6,0,0,0,67108864,67108864,66.806808,4.166618,4.270438,217.762,1,
processes,0,6,6,1,1,67108864,67108864,67108864,45.932827,5.74577,0.008085,13.457,3,0.055835
processes,0,6,6,2,2,134217728,67108864,67108864,45.597862,8.43808,0.008011,11.266,3,0.043135
processes,0,6,6,3,3,201326592,67108864,67108864,49.227123,6.991092,0.006114,13.147,3,0.077473
processes,0,6,6,4,4,268435456,67108864,67108864,46.856709,4.704,2.182913,14.459,3,2.230693
processes,0,6,6,5,5,335544320,67108864,67108864,45.923605,4.64241,1.101188,19.655,3,1.147902
processes,0,6,6,6,6,402653184,67108864,67108864,42.327191,6.449211,0.004713,10.46,3,0.034795
processes,0,6,6,7,7,469762048,67108864,67108864,43.194162,4.318681,0.00478,12.187,3,0.044809
processes,0,6,6,8,8,536870912,67108864,67108864,50.315323,4.357513,3.455399,8.587,3,3.484861
processes,0,6,6,9,9,603979776,67108864,67108864,44.354543,12.778791,0.004773,12.028,3,0.039449
processes,0,6,6,10,10,671088640,67108864,67108864,42.501775,8.897346,0.004989,11.159,3,0.03858
processes,0,6,6,11,11,738197504,67108864,67108864,42.525089,4.318955,2.386571,9.13,3,2.4161
processes,0,6,6,12,12,805306368,67108864,67108864,56.197596,4.36921,4.3003,6.791,3,4.331513
processes,0,6,6,13,13,872415232,67108864,67108864,56.00938,4.668584,2.17649,6.869,3,2.205449
processes,0,6,6,14,14,939524096,67108864,67108864,68.294508,10.426729,0.004624,11.364,3,0.038382
processes,0,6,6,15,15,1006632960,67108864,67108864,44.285723,31.145568,0.00591,12.475,3,0.04501
processes,0,6,6,16,16,1073741824,67108864,67108864,59.549988,28.315977,0.005257,12.247,3,0.042861
processes,0,6,6,17,17,1140850688,67108864,67108864,40.493999,22.527187,0.00736,16.759,3,0.058596
processes,0,6,6,18,18,1207959552,67108864,67108864,46.727335,32.115712,0.005299,13.139,3,0.041778
processes,0,6,6,19,19,1275068416,67108864,67108864,65.198436,25.892827,0.006062,14.028,3,0.048683
processes,0,6,6,20,20,1342177280,67108864,67108864,61.299369,11.256889,0.004905,10.814,3,0.034617
processes,0,6,6,21,21,1409286144,67108864,67108864,40.718749,4.386002,3.222201,8.986,3,3.254961
processes,0,6,6,22,22,1476395008,67108864,67108864,58.126587,4.643998,1.093373,12.356,3,1.12475
processes,0,6,6,23,23,1543503872,67108864,67108864,47.885436,19.928353,0.005194,10.931,3,0.039589
processes,0,6,6,24,24,1610612736,67108864,67108864,45.714017,9.622074,0.004773,11.107,3,0.039375
processes,0,6,6,25,25,1677721600,67108864,67108864,43.690375,19.342605,0.006983,12.909,3,0.046952
processes,0,6,6,26,26,1744830464,67108864,67108864,38.862943,12.802604,0.005106,11.299,3,0.253411
processes,0,6,6,27,27,1811939328,67108864,67108864,54.910711,4.683719,6.507136,4.194,3,6.528709
processes,0,6,6,28,28,1879048192,67108864,67108864,55.909242,5.094501,2.27364,7.661,3,2.297185
processes,0,6,6,29,29,1946157056,67108864,67108864,38.37748,4.904701,0.003827,9.551,1,0.032781
processes,1,7,7,0,30,2013265920,67108864,67108864,63.944796,4.340147,12.964395,236.518,3,
processes,1,7,7,1,31,2080374784,67108864,67108864,45.861684,4.311791,3.087394,5.066,3,3.113998
processes,1,7,7,2,32,2147483648,67108864,67108864,40.260088,8.810019,0.006457,12.749,3,0.045832
processes,1,7,7,3,33,2214592512,67108864,67108864,42.202445,4.507458,1.081032,9.767,3,1.112686
processes,1,7,7,4,34,2281701376,67108864,67108864,48.023051,8.75848,0.005226,12.061,3,0.043913
processes,1,7,7,5,35,2348810240,67108864,67108864,44.0729,13.831343,0.006103,11.395,3,0.04315
processes,1,7,7,6,36,2415919104,67108864,67108864,44.457173,9.433967,0.006644,45.497,3,0.078699
processes,1,7,7,7,37,2483027968,67108864,67108864,46.599043,9.312908,0.004348,11.594,3,0.045357
processes,1,7,7,8,38,2550136832,67108864,67108864,41.895416,12.645166,0.00527,12.046,3,0.041148
processes,1,7,7,9,39,2617245696,67108864,67108864,48.236768,9.325587,0.004997,10.579,3,0.038078
processes,1,7,7,10,40,2684354560,67108864,67108864,49.456075,5.216915,0.00532,11.002,3,0.0378
processes,1,7,7,11,41,2751463424,67108864,67108864,46.767087,8.715337,0.004564,11.729,3,0.040191
processes,1,7,7,12,42,2818572288,67108864,67108864,44.2239,14.072887,0.005756,11.111,3,0.03926
processes,1,7,7,13,43,2885681152,67108864,67108864,63.009495,12.8903,0.005162,10.634,3,0.037833
processes,1,7,7,14,44,2952790016,67108864,67108864,45.191167,4.6893,1.092961,7.108,3,1.12206
processes,1,7,7,15,45,3019898880,67108864,67108864,46.550596,4.308337,2.406411,3.389,3,2.429512
processes,1,7,7,16,46,3087007744,67108864,67108864,65.359138,4.26887,0.58275,3.863,3,0.607579
processes,1,7,7,17,47,3154116608,67108864,67108864,68.521412,18.969365,0.00488,11.424,3,0.038236
processes,1,7,7,18,48,3221225472,67108864,67108864,43.925865,5.494966,0.004459,11.137,3,0.036518
processes,1,7,7,19,49,3288334336,67108864,67108864,49.673089,4.261786,1.585094,9.675,3,1.616973
processes,1,7,7,20,50,3355443200,67108864,67108864,41.633005,20.876044,0.0042,15.877,3,0.041289
processes,1,7,7,21,51,3422552064,67108864,67108864,39.782948,10.342088,0.00438,8.644,3,0.030295
processes,1,7,7,22,52,3489660928,67108864,67108864,62.116282,4.405378,3.047813,3.959,3,3.065753
processes,1,7,7,23,53,3556769792,67108864,67108864,67.413659,17.326465,0.005233,10.806,3,0.038564
processes,1,7,7,24,54,3623878656,67108864,67108864,71.398974,4.999479,0.007045,11.482,3,0.043125
processes,1,7,7,25,55,3690987520,67108864,67108864,59.768821,16.048191,0.00384,10.601,3,0.03226
processes,1,7,7,26,56,3758096384,67108864,67108864,59.86128,32.20723,0.006185,11.919,3,0.334004
processes,1,7,7,27,57,3825205248,67108864,67108864,60.445068,4.370373,1.012889,8.535,2,1.082165
processes,1,7,7,28,58,3892314112,67108864,67108864,35.391453,23.425749,0.005026,12.264,2,0.041127
processes,1,7,7,29,59,3959422976,67108864,67108864,23.434476,30.526295,0.004565,11.494,1,0.039543
processes,2,8,8,0,60,4026531840,67108864,67108864,65.221116,,0.054258,408.198,0,
processes,2,8,8,1,61,4093640704,67108864,67108864,43.229588,52.434559,0.008233,13.678,3,0.062375
processes,2,8,8,2,62,4160749568,67108864,67108864,47.072876,28.659417,0.009429,14.651,3,0.054064
processes,2,8,8,3,63,4227858432,67108864,67108864,44.949478,25.504458,0.008006,12.466,3,0.049447
processes,2,8,8,4,64,4294967296,67108864,67108864,42.920852,24.998864,0.005159,10.091,3,0.03695
processes,2,8,8,5,65,4362076160,67108864,67108864,48.503318,25.124764,0.009449,10.254,3,0.072486
processes,2,8,8,6,66,4429185024,67108864,67108864,44.571808,25.557444,0.005491,12.5,3,0.045657
processes,2,8,8,7,67,4496293888,67108864,67108864,43.266227,24.168033,0.005413,13.613,3,0.051781
processes,2,8,8,8,68,4563402752,67108864,67108864,45.209173,21.107726,0.005303,10.84,3,0.041706
processes,2,8,8,9,69,4630511616,67108864,67108864,52.336873,24.233612,0.005276,12.509,3,0.0439
processes,2,8,8,10,70,4697620480,67108864,67108864,45.942686,25.357065,0.005753,13.415,3,0.046367
processes,2,8,8,11,71,4764729344,67108864,67108864,41.405043,20.723458,0.005643,13.099,3,0.055158
processes,2,8,8,12,72,4831838208,67108864,67108864,45.365384,18.264868,0.005256,12.488,3,0.043754
processes,2,8,8,13,73,4898947072,67108864,67108864,46.923618,22.009043,0.006286,12.634,3,0.078936
processes,2,8,8,14,74,4966055936,67108864,67108864,44.19123,15.570547,0.004394,10.228,3,0.047751
processes,2,8,8,15,75,5033164800,67108864,67108864,65.353748,4.913618,1.178897,3.853,3,1.199603
processes,2,8,8,16,76,5100273664,67108864,67108864,55.99203,4.289852,2.34138,3.44,3,2.362004
processes,2,8,8,17,77,5167382528,67108864,67108864,47.738505,4.711336,2.136267,3.443,3,2.158734
processes,2,8,8,18,78,5234491392,67108864,67108864,46.822029,4.07746,2.15821,4.053,3,2.178112
processes,2,8,8,19,79,5301600256,67108864,67108864,41.427192,9.254783,0.005216,13.026,3,0.043432
processes,2,8,8,20,80,5368709120,67108864,67108864,57.305685,5.171422,0.004503,8.813,3,0.032285
processes,2,8,8,21,81,5435817984,67108864,67108864,55.744713,4.37571,2.841343,5.068,3,2.86987
processes,2,8,8,22,82,5502926848,67108864,67108864,41.539118,29.761917,0.005613,13.195,3,0.047905
processes,2,8,8,23,83,5570035712,67108864,67108864,42.836119,28.498719,0.00593,12.309,3,0.046385
processes,2,8,8,24,84,5637144576,67108864,67108864,53.181903,9.225694,0.006189,13.587,3,0.045702
processes,2,8,8,25,85,5704253440,67108864,67108864,40.828174,28.771442,0.006137,13.491,3,0.049708
processes,2,8,8,26,86,5771362304,67108864,67108864,47.000917,10.685485,0.004933,11.371,3,0.211743
processes,2,8,8,27,87,5838471168,67108864,67108864,48.51955,4.159486,3.458149,4.227,3,3.48287
processes,2,8,8,28,88,5905580032,67108864,67108864,49.417222,4.403756,4.962475,5.509,2,4.990987
processes,2,8,8,29,89,5972688896,67108864,67108864,32.377546,4.354372,7.351693,4.833,3,7.379892
processes,3,9,9,0,90,6039797760,67108864,67108864,65.031711,4.342167,8.688007,222.359,2,
processes,3,9,9,1,91,6106906624,67108864,67108864,51.494557,4.566674,2.025515,3.86,3,2.055439
processes,3,9,9,2,92,6174015488,67108864,67108864,45.419734,4.369766,3.062297,7.038,3,3.094516
processes,3,9,9,3,93,6241124352,67108864,67108864,42.838145,8.489014,0.005967,11.064,3,0.072288
processes,3,9,9,4,94,6308233216,67108864,67108864,44.872155,4.406094,0.003584,8.596,3,0.029293
processes,3,9,9,5,95,6375342080,67108864,67108864,45.978726,4.517778,3.217981,4.34,3,3.24414
processes,3,9,9,6,96,6442450944,67108864,67108864,46.330916,4.572378,0.004345,10.076,3,0.034274
processes,3,9,9,7,97,6509559808,67108864,67108864,42.097748,8.568618,0.003836,9.737,3,0.037324
processes,3,9,9,8,98,6576668672,67108864,67108864,50.067714,4.016782,0.003247,8.371,3,0.029439
processes,3,9,9,9,99,6643777536,67108864,67108864,50.590211,4.921797,1.167353,4.182,3,1.192073
processes,3,9,9,10,100,6710886400,67108864,67108864,43.862959,11.160125,0.005891,11.629,3,0.04124
processes,3,9,9,11,101,6777995264,67108864,67108864,40.560208,10.149637,0.004229,11.651,3,0.044428
processes,3,9,9,12,102,6845104128,67108864,67108864,48.699981,4.99318,1.117946,3.869,3,1.139937
processes,3,9,9,13,103,6912212992,67108864,67108864,45.56246,13.841938,0.005207,11.508,3,0.0413
processes,3,9,9,14,104,6979321856,67108864,67108864,47.964493,25.361186,0.004448,10.61,3,0.037857
processes,3,9,9,15,105,7046430720,67108864,67108864,47.163267,27.971995,0.005352,10.697,3,0.037149
processes,3,9,9,16,106,7113539584,67108864,67108864,45.945851,7.453885,0.004063,9.338,3,0.034375
processes,3,9,9,17,107,7180648448,67108864,67108864,47.675837,13.400696,0.005124,10.649,3,0.039692
processes,3,9,9,18,108,7247757312,67108864,67108864,57.027324,4.342605,2.852646,6.135,3,2.874656
processes,3,9,9,19,109,7314866176,67108864,67108864,58.949431,6.133442,0.008064,14.463,3,0.049039
processes,3,9,9,20,110,7381975040,67108864,67108864,52.154773,23.666912,0.00552,13.08,3,0.043516
processes,3,9,9,21,111,7449083904,67108864,67108864,48.744652,15.688613,0.005457,12.649,3,0.042483
processes,3,9,9,22,112,7516192768,67108864,67108864,49.191843,4.295404,0.00508,12.149,3,0.040759
processes,3,9,9,23,113,7583301632,67108864,67108864,50.973097,11.685664,0.005764,12.746,3,0.041916
processes,3,9,9,24,114,7650410496,67108864,67108864,59.079342,4.531816,0.005487,12.06,3,0.039231
processes,3,9,9,25,115,7717519360,67108864,67108864,56.73736,15.732879,0.00548,14.322,3,0.046532
processes,3,9,9,26,116,7784628224,67108864,67108864,49.428978,10.933505,0.005302,13.079,3,0.272426
processes,3,9,9,27,117,7851737088,67108864,67108864,52.42622,4.096947,3.777193,3.89,2,3.837289
processes,3,9,9,28,118,7918845952,67108864,67108864,41.384325,43.38865,0.007762,14.166,3,0.049905
processes,3,9,9,29,119,7985954816,59027232,59027232,26.72415,27.611573,0.005684,14.038,2,0.046494
processes,0,6,6,0,0,0,67108864,67108864,186.237534,4.414015,13.64179,6.622,3,
processes,0,6,6,1,1,67108864,67108864,67108864,43.25506,4.306414,3.134188,4.454,3,3.166618
processes,0,6,6,2,2,134217728,67108864,67108864,40.658579,5.305831,0.004392,10.717,3,0.036328
processes,0,6,6,3,3,201326592,67108864,67108864,38.855042,7.515967,0.003906,11.01,3,0.041406
processes,0,6,6,4,4,268435456,67108864,67108864,44.007228,7.703534,0.004797,11.217,3,0.038572
processes,0,6,6,5,5,335544320,67108864,67108864,38.853223,5.593597,0.004745,11.75,3,0.040544
processes,0,6,6,6,6,402653184,67108864,67108864,35.974972,6.805675,0.00389,10.159,3,0.034819
processes,0,6,6,7,7,469762048,67108864,67108864,36.365891,4.469098,0.00368,10.728,3,0.038422
processes,0,6,6,8,8,536870912,67108864,67108864,35.889516,4.942809,0.003389,9.382,3,0.030787
processes,0,6,6,9,9,603979776,67108864,67108864,35.698985,4.724012,0.0032,8.98,3,0.029587
processes,0,6,6,10,10,671088640,67108864,67108864,37.73096,5.02363,1.165317,9.593,3,1.192577
processes,0,6,6,11,11,738197504,67108864,67108864,40.560328,6.424311,0.003422,9.738,3,0.030832
processes,0,6,6,12,12,805306368,67108864,67108864,48.05493,4.889296,4.865436,2.921,3,4.882852
processes,0,6,6,13,13,872415232,67108864,67108864,45.587203,9.013715,0.003207,20.033,3,0.041471
processes,0,6,6,14,14,939524096,67108864,67108864,39.676411,15.760424,0.003328,8.474,3,0.030937
processes,0,6,6,15,15,1006632960,67108864,67108864,43.508076,14.042555,0.004144,9.798,3,0.03112
processes,0,6,6,16,16,1073741824,67108864,67108864,45.273485,19.828736,0.003412,9.09,3,0.029231
processes,0,6,6,17,17,1140850688,67108864,67108864,53.07623,13.114882,0.003449,10.171,3,0.033709
processes,0,6,6,18,18,1207959552,67108864,67108864,40.24413,4.401386,3.729812,4.953,3,3.750093
processes,0,6,6,19,19,1275068416,67108864,67108864,52.877347,4.059871,0.09272,8.304,3,0.11675
processes,0,6,6,20,20,1342177280,67108864,67108864,41.63324,24.837825,0.003648,9.164,3,0.031381
processes,0,6,6,21,21,1409286144,67108864,67108864,46.789231,19.70935,0.003426,7.447,3,0.026764
processes,0,6,6,22,22,1476395008,67108864,67108864,38.882308,13.464888,0.003792,9.235,3,0.03027
processes,0,6,6,23,23,1543503872,67108864,67108864,36.645071,12.619492,0.003536,9.137,3,0.02954
processes,0,6,6,24,24,1610612736,67108864,67108864,47.692634,4.406275,1.120076,8.133,3,1.145694
processes,0,6,6,25,25,1677721600,67108864,67108864,42.521249,4.347512,3.377394,7.131,3,3.401688
processes,0,6,6,26,26,1744830464,67108864,67108864,41.712531,7.151429,0.003498,7.385,3,0.040101
processes,0,6,6,27,27,1811939328,67108864,67108864,45.908301,10.584192,0.004233,11.338,3,0.037112
processes,0,6,6,28,28,1879048192,67108864,67108864,43.124832,15.6834,0.003131,9.054,3,0.030667
processes,0,6,6,29,29,1946157056,67108864,67108864,27.937982,21.361838,0.003171,8.239,1,0.027765
processes,1,7,7,0,30,2013265920,67108864,67108864,175.475991,4.397896,9.205327,3.703,2,
processes,1,7,7,1,31,2080374784,67108864,67108864,41.522058,171.122719,0.006918,13.561,3,0.060743
processes,1,7,7,2,32,2147483648,67108864,67108864,41.878479,23.288461,0.007073,12.761,3,0.047836
processes,1,7,7,3,33,2214592512,67108864,67108864,39.740287,21.926052,0.006934,13.76,3,0.0505
processes,1,7,7,4,34,2281701376,67108864,67108864,39.128629,21.020625,0.006581,15.756,3,0.054271
processes,1,7,7,5,35,2348810240,67108864,67108864,45.551314,21.309095,0.006544,13.803,3,0.053455
processes,1,7,7,6,36,2415919104,67108864,67108864,38.802838,22.863063,0.005971,13.242,3,0.050426
processes,1,7,7,7,37,2483027968,67108864,67108864,35.939606,22.830346,0.005578,13.677,3,0.052487
processes,1,7,7,8,38,2550136832,67108864,67108864,36.261798,22.799104,0.005084,10.701,3,0.042546
processes,1,7,7,9,39,2617245696,67108864,67108864,35.609961,22.704173,0.004954,9.591,3,0.039949
processes,1,7,7,10,40,2684354560,67108864,67108864,36.451464,22.444839,0.006696,11.958,3,0.049808
processes,1,7,7,11,41,2751463424,67108864,67108864,37.367598,22.040225,0.004897,10.123,3,0.035484
processes,1,7,7,12,42,2818572288,67108864,67108864,40.790296,21.686915,0.003814,7.63,3,0.040884
processes,1,7,7,13,43,2885681152,67108864,67108864,37.767988,17.061663,0.003532,8.181,3,0.027632
processes,1,7,7,14,44,2952790016,67108864,67108864,47.643817,6.757772,0.003044,7.193,3,0.024522
processes,1,7,7,15,45,3019898880,67108864,67108864,41.524438,8.808845,0.003003,7.114,3,0.025396
processes,1,7,7,16,46,3087007744,67108864,67108864,38.663467,10.65157,0.003153,7.415,3,0.025818
processes,1,7,7,17,47,3154116608,67108864,67108864,43.948295,5.803407,0.003163,7.351,3,0.025677
processes,1,7,7,18,48,3221225472,67108864,67108864,47.920922,4.47124,0.003077,8.409,3,0.026732
processes,1,7,7,19,49,3288334336,67108864,67108864,40.676758,23.020496,0.003157,8.285,3,0.032775
processes,1,7,7,20,50,3355443200,67108864,67108864,59.704737,19.463068,0.003134,7.332,3,0.025637
processes,1,7,7,21,51,3422552064,67108864,67108864,41.506746,4.966019,2.213878,2.626,3,2.229881
processes,1,7,7,22,52,3489660928,67108864,67108864,46.051341,4.83789,0.002887,8.102,3,0.025129
processes,1,7,7,23,53,3556769792,67108864,67108864,41.231229,4.097818,0.003811,9.474,3,0.028088
processes,1,7,7,24,54,3623878656,67108864,67108864,37.892848,6.451161,0.002932,15.498,3,0.033962
processes,1,7,7,25,55,3690987520,67108864,67108864,40.132123,6.579243,0.002859,7.18,3,0.025999
processes,1,7,7,26,56,3758096384,67108864,67108864,39.731993,8.116207,0.002778,7.647,3,0.035444
processes,1,7,7,27,57,3825205248,67108864,67108864,37.223525,5.742916,0.003113,7.421,3,0.02544
processes,1,7,7,28,58,3892314112,67108864,67108864,38.665958,4.401868,1.07691,2.851,3,1.093355
processes,1,7,7,29,59,3959422976,67108864,67108864,28.729978,4.363473,2.158687,2.536,3,2.173802
processes,2,8,8,0,60,4026531840,67108864,67108864,194.394319,,0.026918,100.277,0,
processes,2,8,8,1,61,4093640704,67108864,67108864,40.048276,9.793711,0.005766,9.274,3,0.051125
processes,2,8,8,2,62,4160749568,67108864,67108864,38.706969,8.331442,0.005527,8.612,3,0.059349
processes,2,8,8,3,63,4227858432,67108864,67108864,38.42587,5.141012,0.004762,8.728,3,0.03158
processes,2,8,8,4,64,4294967296,67108864,67108864,46.410342,5.256999,1.463955,3.884,3,1.484675
processes,2,8,8,5,65,4362076160,67108864,67108864,37.930827,12.528517,0.005769,10.977,3,0.04326
processes,2,8,8,6,66,4429185024,67108864,67108864,37.253386,4.899912,0.005056,13.095,3,0.042308
processes,2,8,8,7,67,4496293888,67108864,67108864,35.798884,4.388667,1.058261,7.992,3,1.090694
processes,2,8,8,8,68,4563402752,67108864,67108864,36.130722,4.235863,0.003958,9.232,3,0.030464
processes,2,8,8,9,69,4630511616,67108864,67108864,35.973026,4.094649,0.003826,9.289,3,0.029811
processes,2,8,8,10,70,4697620480,67108864,67108864,36.342242,4.441376,0.003664,8.68,3,0.03347
processes,2,8,8,11,71,4764729344,67108864,67108864,50.196319,4.32515,0.003891,9.034,3,0.02848
processes,2,8,8,12,72,4831838208,67108864,67108864,43.944656,4.569677,1.736583,3.158,3,1.753982
processes,2,8,8,13,73,4898947072,67108864,67108864,38.841069,12.985473,0.003115,8.103,3,0.027326
processes,2,8,8,14,74,4966055936,67108864,67108864,41.400867,11.019123,0.003825,9.953,3,0.030362
processes,2,8,8,15,75,5033164800,67108864,67108864,37.729447,12.769424,0.003348,8.14,3,0.024533
processes,2,8,8,16,76,5100273664,67108864,67108864,47.682957,4.772371,0.002757,6.29,3,0.021679
processes,2,8,8,17,77,5167382528,67108864,67108864,41.844623,22.075174,0.00296,7.864,3,0.02436
processes,2,8,8,18,78,5234491392,67108864,67108864,43.652212,19.9733,0.003426,9.857,3,0.02853
processes,2,8,8,19,79,5301600256,67108864,67108864,52.771073,11.30679,0.004189,11.983,3,0.036361
processes,2,8,8,20,80,5368709120,67108864,67108864,46.652344,23.746874,0.003045,11.344,3,0.029891
processes,2,8,8,21,81,5435817984,67108864,67108864,54.338217,12.554252,0.003408,9.585,3,0.029781
processes,2,8,8,22,82,5502926848,67108864,67108864,39.730255,4.260509,3.140425,3.147,3,3.156129
processes,2,8,8,23,83,5570035712,67108864,67108864,45.980214,5.088016,0.003213,7.849,3,0.026989
processes,2,8,8,24,84,5637144576,67108864,67108864,42.997158,10.999549,0.002946,7.166,3,0.023768
processes,2,8,8,25,85,5704253440,67108864,67108864,42.095908,15.964003,0.005955,10.078,3,0.03972
processes,2,8,8,26,86,5771362304,67108864,67108864,39.633308,16.295897,0.003249,6.933,3,0.034816
processes,2,8,8,27,87,5838471168,67108864,67108864,40.851862,18.34777,0.003251,7.917,3,0.02462
processes,2,8,8,28,88,5905580032,67108864,67108864,41.811932,21.046218,0.003139,8.012,3,0.026293
processes,2,8,8,29,89,5972688896,67108864,67108864,28.624479,17.488979,0.003148,8.116,2,0.0257
processes,3,9,9,0,90,6039797760,67108864,67108864,192.926932,4.717103,4.74669,6.49,1,
processes,3,9,9,1,91,6106906624,67108864,67108864,42.23707,4.181308,0.950094,4.165,3,0.982717
processes,3,9,9,2,92,6174015488,67108864,67108864,38.447716,6.365654,0.006971,16.249,3,0.054901
processes,3,9,9,3,93,6241124352,67108864,67108864,36.465226,6.116954,0.004844,13.319,3,0.042133
processes,3,9,9,4,94,6308233216,67108864,67108864,44.002065,4.912456,2.210229,6.71,3,2.240821
processes,3,9,9,5,95,6375342080,67108864,67108864,37.64351,4.616563,2.133122,3.864,3,2.155644
processes,3,9,9,6,96,6442450944,67108864,67108864,36.176562,4.319392,0.004832,9.751,3,0.032454
processes,3,9,9,7,97,6509559808,67108864,67108864,35.894407,4.325283,2.14718,5.064,3,2.173409
processes,3,9,9,8,98,6576668672,67108864,67108864,36.110173,4.418902,0.00335,8.322,3,0.02856
processes,3,9,9,9,99,6643777536,67108864,67108864,36.567965,4.396269,0.003619,8.419,3,0.027727
processes,3,9,9,10,100,6710886400,67108864,67108864,36.334353,4.981717,0.003096,7.483,3,0.023979
processes,3,9,9,11,101,6777995264,67108864,67108864,42.364981,4.972106,0.003253,8.077,3,0.026758
processes,3,9,9,12,102,6845104128,67108864,67108864,35.52789,14.297292,0.004024,10.009,3,0.043537
processes,3,9,9,13,103,6912212992,67108864,67108864,40.811188,9.03555,0.003425,9.542,3,0.028296
processes,3,9,9,14,104,6979321856,67108864,67108864,38.566274,12.080821,0.003101,7.718,3,0.026593
processes,3,9,9,15,105,7046430720,67108864,67108864,45.696403,4.086707,1.093784,2.798,3,1.108825
processes,3,9,9,16,106,7113539584,67108864,67108864,53.038331,8.28463,0.003216,7.748,3,0.051776
processes,3,9,9,17,107,7180648448,67108864,67108864,42.494642,4.313731,3.738374,2.792,3,3.755088
processes,3,9,9,18,108,7247757312,67108864,67108864,44.237578,4.959901,0.002356,9.317,3,0.024681
processes,3,9,9,19,109,7314866176,67108864,67108864,48.78981,5.531151,0.002698,6.334,3,0.022245
processes,3,9,9,20,110,7381975040,67108864,67108864,45.695148,4.324029,2.789914,2.637,3,2.804032
processes,3,9,9,21,111,7449083904,67108864,67108864,48.775693,4.430383,1.078918,2.895,3,1.093331
processes,3,9,9,22,112,7516192768,67108864,67108864,38.903677,24.256214,0.003522,7.306,3,0.027761
processes,3,9,9,23,113,7583301632,67108864,67108864,40.066658,17.106522,0.003387,7.757,3,0.02606
processes,3,9,9,24,114,7650410496,67108864,67108864,38.04988,15.93378,0.003292,7.408,3,0.025791
processes,3,9,9,25,115,7717519360,67108864,67108864,41.762723,16.087357,0.002773,6.362,3,0.022544
processes,3,9,9,26,116,7784628224,67108864,67108864,37.580673,13.371108,0.002934,7.698,3,0.036107
processes,3,9,9,27,117,7851737088,67108864,67108864,38.15134,8.415813,0.003493,7.415,3,0.025382
processes,3,9,9,28,118,7918845952,67108864,67108864,42.830549,4.845877,0.004332,8.167,3,0.028367
processes,3,9,9,29,119,7985954816,59027232,59027232,23.185541,4.30178,2.545536,3.045,3,2.564322
processes,0,6,6,0,0,0,67108864,67108864,60.30554,,0.065691,137.613,0,
processes,0,6,6,1,1,67108864,67108864,67108864,47.384469,48.128979,0.007269,11.613,3,0.095372
processes,0,6,6,2,2,134217728,67108864,67108864,45.33741,26.909691,0.007745,12.208,3,0.057026
processes,0,6,6,3,3,201326592,67108864,67108864,42.808557,22.639504,0.007265,10.335,3,0.04139
processes,0,6,6,4,4,268435456,67108864,67108864,38.760811,18.004891,0.011192,15.968,3,0.061721
processes,0,6,6,5,5,335544320,67108864,67108864,38.97542,11.997387,0.00982,10.884,3,0.046662
processes,0,6,6,6,6,402653184,67108864,67108864,39.072816,7.355848,0.0056,10.951,3,0.041609
processes,0,6,6,7,7,469762048,67108864,67108864,40.041399,4.247175,2.478709,11.381,3,2.534025
processes,0,6,6,8,8,536870912,67108864,67108864,39.356394,4.381605,3.593805,9.5,3,3.634451
processes,0,6,6,9,9,603979776,67108864,67108864,39.032713,4.299499,2.163315,8.039,3,2.194344
processes,0,6,6,10,10,671088640,67108864,67108864,43.028964,4.311925,3.954165,8.234,3,3.983153
processes,0,6,6,11,11,738197504,67108864,67108864,40.770962,4.307013,3.642622,5.494,3,3.670026
processes,0,6,6,12,12,805306368,67108864,67108864,46.566263,29.988352,0.005114,10.522,3,0.038228
processes,0,6,6,13,13,872415232,67108864,67108864,40.190943,33.584258,0.005147,10.236,3,0.037521
processes,0,6,6,14,14,939524096,67108864,67108864,46.301354,26.638396,0.005522,11.704,3,0.041638
processes,0,6,6,15,15,1006632960,67108864,67108864,40.962249,30.119042,0.004778,9.382,3,0.036286
processes,0,6,6,16,16,1073741824,67108864,67108864,42.558729,25.454586,0.004907,12.529,3,0.044904
processes,0,6,6,17,17,1140850688,67108864,67108864,37.228627,21.898185,0.004078,9.042,3,0.032911
processes,0,6,6,18,18,1207959552,67108864,67108864,37.717981,9.705359,0.003957,8.878,3,0.029763
processes,0,6,6,19,19,1275068416,67108864,67108864,39.506624,7.220374,0.003013,8.076,3,0.026032
processes,0,6,6,20,20,1342177280,67108864,67108864,38.419295,8.680812,0.003847,9.476,3,0.029713
processes,0,6,6,21,21,1409286144,67108864,67108864,40.772649,7.427806,0.003685,8.415,3,0.029427
processes,0,6,6,22,22,1476395008,67108864,67108864,41.617114,4.379527,1.081047,8.763,3,1.1087
processes,0,6,6,23,23,1543503872,67108864,67108864,38.895643,5.863874,0.00303,8.461,3,0.028797
processes,0,6,6,24,24,1610612736,67108864,67108864,45.41308,4.541774,0.003918,8.186,3,0.02882
processes,0,6,6,25,25,1677721600,67108864,67108864,38.0021,7.394081,0.004827,11.383,3,0.042444
processes,0,6,6,26,26,1744830464,67108864,67108864,44.165509,4.063958,0.081432,10.935,3,0.12357
processes,0,6,6,27,27,1811939328,67108864,67108864,40.803512,4.291838,7.732879,3.653,3,7.756523
processes,0,6,6,28,28,1879048192,67108864,67108864,37.902556,4.331456,0.004661,10.061,3,0.036188
processes,0,6,6,29,29,1946157056,67108864,67108864,34.703832,4.698383,2.169967,3.831,3,2.193872
processes,1,7,7,0,30,2013265920,67108864,67108864,68.556766,4.353483,12.326406,11.618,3,
processes,1,7,7,1,31,2080374784,67108864,67108864,49.589124,10.207123,0.010219,19.515,3,0.104017
processes,1,7,7,2,32,2147483648,67108864,67108864,47.447276,12.693228,0.007981,16.973,3,0.059863
processes,1,7,7,3,33,2214592512,67108864,67108864,44.750386,15.969123,0.007364,16.063,3,0.057615
processes,1,7,7,4,34,2281701376,67108864,67108864,43.599861,17.840364,0.007631,17.014,3,0.064591
processes,1,7,7,5,35,2348810240,67108864,67108864,44.659214,20.657658,0.007349,16.027,3,0.058707
processes,1,7,7,6,36,2415919104,67108864,67108864,43.469359,24.17211,0.007031,15.296,3,0.0563
processes,1,7,7,7,37,2483027968,67108864,67108864,41.576615,28.581941,0.007633,18.339,3,0.072061
processes,1,7,7,8,38,2550136832,67108864,67108864,42.947089,28.543416,0.006117,16.385,3,0.056229
processes,1,7,7,9,39,2617245696,67108864,67108864,46.649655,29.941926,0.007468,15.589,3,0.056351
processes,1,7,7,10,40,2684354560,67108864,67108864,46.63775,31.700378,0.006524,15.421,3,0.054247
processes,1,7,7,11,41,2751463424,67108864,67108864,47.618054,4.117,2.562994,6.39,2,2.595453
processes,1,7,7,12,42,2818572288,67108864,67108864,42.807001,5.180604,0.006168,13.488,3,0.049334
processes,1,7,7,13,43,2885681152,67108864,67108864,45.07442,7.807002,0.006819,14.227,3,0.051978
processes,1,7,7,14,44,2952790016,67108864,67108864,40.782635,6.590366,0.005941,12.894,3,0.046584
processes,1,7,7,15,45,3019898880,67108864,67108864,44.328536,6.41925,0.009893,13.318,3,0.053402
processes,1,7,7,16,46,3087007744,67108864,67108864,42.367927,4.327271,3.662995,4.242,3,3.690121
processes,1,7,7,17,47,3154116608,67108864,67108864,41.623964,7.061542,0.006699,13.913,3,0.050306
processes,1,7,7,18,48,3221225472,67108864,67108864,44.175696,10.714723,0.00583,14.453,3,0.04727
processes,1,7,7,19,49,3288334336,67108864,67108864,44.115628,16.480498,0.005614,12.96,3,0.04664
processes,1,7,7,20,50,3355443200,67108864,67108864,39.483566,18.182099,0.006608,16.796,3,0.088373
processes,1,7,7,21,51,3422552064,67108864,67108864,42.468656,6.47374,0.006108,13.85,3,0.04659
processes,1,7,7,22,52,3489660928,67108864,67108864,47.043851,5.970766,0.006099,12.46,3,0.046159
processes,1,7,7,23,53,3556769792,67108864,67108864,41.42302,14.762138,0.006516,14.953,3,0.049735
processes,1,7,7,24,54,3623878656,67108864,67108864,49.105401,4.624538,0.004044,9.509,3,0.032773
processes,1,7,7,25,55,3690987520,67108864,67108864,46.893207,4.537306,2.52265,3.554,2,2.588751
processes,1,7,7,26,56,3758096384,67108864,67108864,41.844548,4.005003,2.215537,2.663,2,2.243334
processes,1,7,7,27,57,3825205248,67108864,67108864,40.432935,5.78485,0.003884,9.64,3,0.031727
processes,1,7,7,28,58,3892314112,67108864,67108864,38.941183,10.95285,0.00383,8.591,2,0.028504
processes,1,7,7,29,59,3959422976,67108864,67108864,29.502373,26.246464,0.00533,10.96,0,0.03772
processes,2,8,8,0,60,4026531840,67108864,67108864,61.832635,4.086936,8.118448,3.481,2,
processes,2,8,8,1,61,4093640704,67108864,67108864,45.914377,4.252016,0.920921,6.428,3,0.974508
processes,2,8,8,2,62,4160749568,67108864,67108864,43.13344,4.307403,1.224676,4.535,3,1.248505
processes,2,8,8,3,63,4227858432,67108864,67108864,40.647491,4.558056,1.076622,3.639,3,1.095556
processes,2,8,8,4,64,4294967296,67108864,67108864,39.692137,4.301779,2.277738,3.197,3,2.296245
processes,2,8,8,5,65,4362076160,67108864,67108864,41.165042,4.227564,1.117775,9.985,3,1.149137
processes,2,8,8,6,66,4429185024,67108864,67108864,39.09394,5.240889,0.004338,10.641,3,0.03602
processes,2,8,8,7,67,4496293888,67108864,67108864,38.076188,5.695136,0.003503,10.062,3,0.037649
processes,2,8,8,8,68,4563402752,67108864,67108864,38.253136,4.37995,3.578413,2.908,3,3.595181
processes,2,8,8,9,69,4630511616,67108864,67108864,44.921683,4.508891,3.33456,3.095,3,3.351794
processes,2,8,8,10,70,4697620480,67108864,67108864,46.794512,6.271757,0.002697,7.299,3,0.023767
processes,2,8,8,11,71,4764729344,67108864,67108864,40.633349,6.46974,0.00365,11.911,3,0.033717
processes,2,8,8,12,72,4831838208,67108864,67108864,46.072654,4.332631,2.356154,3.68,3,2.374529
processes,2,8,8,13,73,4898947072,67108864,67108864,40.669148,4.099383,1.086371,4.388,3,1.105789
processes,2,8,8,14,74,4966055936,67108864,67108864,41.422981,4.132702,2.167819,3.371,3,2.187846
processes,2,8,8,15,75,5033164800,67108864,67108864,38.283426,4.746535,0.00464,8.908,3,0.032962
processes,2,8,8,16,76,5100273664,67108864,67108864,39.285312,4.379525,2.163363,6.898,3,2.185601
processes,2,8,8,17,77,5167382528,67108864,67108864,39.653285,7.518996,0.003088,7.4,3,0.026549
processes,2,8,8,18,78,5234491392,67108864,67108864,37.992088,9.944568,0.003357,9.299,3,0.030677
processes,2,8,8,19,79,5301600256,67108864,67108864,38.429818,10.218608,0.003324,7.782,3,0.025965
processes,2,8,8,20,80,5368709120,67108864,67108864,42.453314,9.138832,0.003039,7.577,3,0.026743
processes,2,8,8,21,81,5435817984,67108864,67108864,51.20471,13.19251,0.012443,14.57,3,0.049086
processes,2,8,8,22,82,5502926848,67108864,67108864,42.982015,22.549676,0.003805,9.854,3,0.033805
processes,2,8,8,23,83,5570035712,67108864,67108864,38.264703,23.921554,0.004212,10.944,3,0.035774
processes,2,8,8,24,84,5637144576,67108864,67108864,51.503793,23.299305,0.004651,10.926,3,0.037511
processes,2,8,8,25,85,5704253440,67108864,67108864,51.713364,25.094081,0.007323,17.169,3,0.0896
processes,2,8,8,26,86,5771362304,67108864,67108864,45.270718,29.649889,0.00666,16.267,3,0.06802
processes,2,8,8,27,87,5838471168,67108864,67108864,39.680411,31.553984,0.009707,18.431,3,0.06667
processes,2,8,8,28,88,5905580032,67108864,67108864,39.950302,26.937465,0.00603,14.432,3,0.04909
processes,2,8,8,29,89,5972688896,67108864,67108864,28.08331,20.883332,0.005184,12.288,2,0.04152
processes,3,9,9,0,90,6039797760,67108864,67108864,62.589471,3.831514,3.717772,4.633,1,
processes,3,9,9,1,91,6106906624,67108864,67108864,47.077693,6.072665,0.006499,9.964,3,0.052592
processes,3,9,9,2,92,6174015488,67108864,67108864,43.939576,5.738665,0.003345,8.282,3,0.029802
processes,3,9,9,3,93,6241124352,67108864,67108864,43.163835,4.338208,0.00489,11.234,3,0.038767
processes,3,9,9,4,94,6308233216,67108864,67108864,40.874349,4.667943,0.004386,11.494,3,0.036178
processes,3,9,9,5,95,6375342080,67108864,67108864,40.150422,6.775959,0.005131,11.317,3,0.04114
processes,3,9,9,6,96,6442450944,67108864,67108864,38.639904,7.946667,0.004633,11.387,3,0.037315
processes,3,9,9,7,97,6509559808,67108864,67108864,39.429305,5.017168,0.003363,9.812,3,0.037438
processes,3,9,9,8,98,6576668672,67108864,67108864,39.279935,4.327873,3.537061,3.841,3,3.55725
processes,3,9,9,9,99,6643777536,67108864,67108864,39.907762,4.253124,2.175262,4.594,3,2.196054
processes,3,9,9,10,100,6710886400,67108864,67108864,42.499525,4.419842,3.256193,3.343,3,3.274822
processes,3,9,9,11,101,6777995264,67108864,67108864,40.572322,4.351098,4.111244,4.476,3,4.130721
processes,3,9,9,12,102,6845104128,67108864,67108864,43.693656,4.569895,4.547762,3.763,3,4.572665
processes,3,9,9,13,103,6912212992,67108864,67108864,39.245513,4.314198,3.69761,3.736,3,3.718035
processes,3,9,9,14,104,6979321856,67108864,67108864,47.585041,4.278894,3.554657,3.536,3,3.578162
processes,3,9,9,15,105,7046430720,67108864,67108864,46.112146,4.215666,2.190492,9.162,3,2.21927
processes,3,9,9,16,106,7113539584,67108864,67108864,49.41211,9.89468,0.007987,9.098,3,0.035895
processes,3,9,9,17,107,7180648448,67108864,67108864,40.190966,15.706764,0.005094,10.329,3,0.039106
processes,3,9,9,18,108,7247757312,67108864,67108864,38.042353,13.517529,0.004579,10.207,3,0.038032
processes,3,9,9,19,109,7314866176,67108864,67108864,39.667404,9.922194,0.003831,9.793,3,0.033546
processes,3,9,9,20,110,7381975040,67108864,67108864,44.891895,5.401586,0.00467,9.216,3,0.034324
processes,3,9,9,21,111,7449083904,67108864,67108864,40.118268,6.127213,0.00511,10.176,3,0.037733
processes,3,9,9,22,112,7516192768,67108864,67108864,39.116343,6.758621,0.003982,18.651,3,0.043296
processes,3,9,9,23,113,7583301632,67108864,67108864,51.096007,4.490369,1.10677,5.221,3,1.13022
processes,3,9,9,24,114,7650410496,67108864,67108864,47.185256,4.343093,3.223213,3.548,3,3.244384
processes,3,9,9,25,115,7717519360,67108864,67108864,40.10519,13.442999,0.005347,12.091,3,0.04032
processes,3,9,9,26,116,7784628224,67108864,67108864,38.220826,4.95426,3.299172,3.177,3,3.328103
processes,3,9,9,27,117,7851737088,67108864,67108864,46.010746,4.455577,6.105066,3.514,3,6.125194
processes,3,9,9,28,118,7918845952,67108864,67108864,44.531921,8.625257,0.004477,10.061,3,0.035209
processes,3,9,9,29,119,7985954816,59027232,59027232,24.941187,12.732439,0.004659,10.216,2,0.0367
processes,0,6,6,0,0,0,67108864,67108864,61.08169,4.759605,4.785681,145.01,1,
processes,0,6,6,1,1,67108864,67108864,67108864,45.029721,7.555208,0.006357,11.581,3,0.050991
processes,0,6,6,2,2,134217728,67108864,67108864,44.967789,10.221253,0.008754,12.868,3,0.049427
processes,0,6,6,3,3,201326592,67108864,67108864,45.632683,8.585563,0.005085,11.657,3,0.046307
processes,0,6,6,4,4,268435456,67108864,67108864,44.826338,12.888632,0.006853,15.396,3,0.056587
processes,0,6,6,5,5,335544320,67108864,67108864,49.340868,18.72163,0.007057,15.997,3,0.054717
processes,0,6,6,6,6,402653184,67108864,67108864,46.044851,23.964066,0.006598,15.024,3,0.054661
processes,0,6,6,7,7,469762048,67108864,67108864,43.583415,4.335061,3.88725,5.102,3,3.920845
processes,0,6,6,8,8,536870912,67108864,67108864,43.213387,7.037722,0.003632,10.909,3,0.036297
processes,0,6,6,9,9,603979776,67108864,67108864,44.933512,10.972048,0.005203,13.376,3,0.04632
processes,0,6,6,10,10,671088640,67108864,67108864,45.021427,18.048574,0.004529,11.38,3,0.037987
processes,0,6,6,11,11,738197504,67108864,67108864,42.764732,22.950227,0.006407,15.215,3,0.050112
processes,0,6,6,12,12,805306368,67108864,67108864,41.035484,23.992238,0.006464,13.17,3,0.053609
processes,0,6,6,13,13,872415232,67108864,67108864,40.953061,22.681361,0.005298,11.319,3,0.04386
processes,0,6,6,14,14,939524096,67108864,67108864,39.842325,24.518045,0.005524,10.743,3,0.040879
processes,0,6,6,15,15,1006632960,67108864,67108864,41.962909,25.316626,0.008021,14.239,3,0.051152
processes,0,6,6,16,16,1073741824,67108864,67108864,41.119552,26.368512,0.007129,14.188,3,0.053213
processes,0,6,6,17,17,1140850688,67108864,67108864,41.664812,25.436502,0.00673,11.675,3,0.044358
processes,0,6,6,18,18,1207959552,67108864,67108864,41.920499,25.218776,0.007151,14.52,3,0.047962
processes,0,6,6,19,19,1275068416,67108864,67108864,41.327017,4.368857,4.325962,4.324,3,4.348458
processes,0,6,6,20,20,1342177280,67108864,67108864,42.036597,7.130667,0.004488,10.022,3,0.034819
processes,0,6,6,21,21,1409286144,67108864,67108864,41.334945,8.96134,0.006816,16.207,3,0.055681
processes,0,6,6,22,22,1476395008,67108864,67108864,39.769026,10.367306,0.006734,15.151,3,0.049207
processes,0,6,6,23,23,1543503872,67108864,67108864,41.057715,11.500902,0.004279,9.368,3,0.033726
processes,0,6,6,24,24,1610612736,67108864,67108864,43.375238,14.956011,0.005937,11.952,3,0.0414
processes,0,6,6,25,25,1677721600,67108864,67108864,39.987957,21.183967,0.00471,11.547,3,0.041787
processes,0,6,6,26,26,1744830464,67108864,67108864,41.339774,12.017465,0.004836,10.144,3,0.04796
processes,0,6,6,27,27,1811939328,67108864,67108864,45.039831,10.932749,0.004366,10.218,3,0.035158
processes,0,6,6,28,28,1879048192,67108864,67108864,43.232331,20.188417,0.004535,11.288,3,0.041334
processes,0,6,6,29,29,1946157056,67108864,67108864,30.22977,23.689594,0.004871,12.313,2,0.041391
processes,1,7,7,0,30,2013265920,67108864,67108864,58.194981,,0.085677,295.798,0,
processes,1,7,7,1,31,2080374784,67108864,67108864,42.351196,44.67741,0.010626,14.976,3,0.142097
processes,1,7,7,2,32,2147483648,67108864,67108864,46.599125,25.534354,0.013152,12.9,3,0.061907
processes,1,7,7,3,33,2214592512,67108864,67108864,41.340579,20.25626,0.008514,12.507,3,0.050661
processes,1,7,7,4,34,2281701376,67108864,67108864,37.891695,9.533438,0.007396,11.331,3,0.045622
processes,1,7,7,5,35,2348810240,67108864,67108864,40.352591,4.384514,1.131475,4.212,3,1.156362
processes,1,7,7,6,36,2415919104,67108864,67108864,48.209676,4.327462,3.767658,4.422,3,3.800502
processes,1,7,7,7,37,2483027968,67108864,67108864,42.218583,4.829867,1.156703,6.617,3,1.198783
processes,1,7,7,8,38,2550136832,67108864,67108864,40.476754,4.299753,2.172873,13.496,3,2.214851
processes,1,7,7,9,39,2617245696,67108864,67108864,40.481571,4.288499,2.868254,6.209,3,2.897507
processes,1,7,7,10,40,2684354560,67108864,67108864,41.386653,4.342709,2.726114,4.071,3,2.747059
processes,1,7,7,11,41,2751463424,67108864,67108864,40.174319,4.419422,1.071792,4.034,3,1.092415
processes,1,7,7,12,42,2818572288,67108864,67108864,39.720461,4.660951,2.157874,3.678,3,2.180416
processes,1,7,7,13,43,2885681152,67108864,67108864,36.762763,4.981465,2.178073,3.556,3,2.200823
processes,1,7,7,14,44,2952790016,67108864,67108864,36.695604,4.300686,2.231312,3.491,3,2.252147
processes,1,7,7,15,45,3019898880,67108864,67108864,37.213717,4.339422,3.350135,3.391,3,3.369848
processes,1,7,7,16,46,3087007744,67108864,67108864,37.778921,4.356332,3.363995,3.866,3,3.386837
processes,1,7,7,17,47,3154116608,67108864,67108864,37.104469,7.043724,0.005964,9.4,3,0.037459
processes,1,7,7,18,48,3221225472,67108864,67108864,38.260561,4.119381,1.101145,16.033,3,1.135098
processes,1,7,7,19,49,3288334336,67108864,67108864,37.532687,4.325747,3.636624,3.449,3,3.658579
processes,1,7,7,20,50,3355443200,67108864,67108864,38.555516,23.891464,0.005895,10.312,3,0.041666
processes,1,7,7,21,51,3422552064,67108864,67108864,40.211073,22.586319,0.005976,11.991,3,0.04451
processes,1,7,7,22,52,3489660928,67108864,67108864,39.875842,21.554543,0.007328,13.608,3,0.050532
processes,1,7,7,23,53,3556769792,67108864,67108864,38.634206,17.526448,0.008378,14.698,3,0.102344
processes,1,7,7,24,54,3623878656,67108864,67108864,37.591028,13.721375,0.005003,9.336,3,0.03495
processes,1,7,7,25,55,3690987520,67108864,67108864,37.148262,10.701276,0.00728,12.456,3,0.052978
processes,1,7,7,26,56,3758096384,67108864,67108864,49.167826,6.728219,0.003982,7.762,3,0.040807
processes,1,7,7,27,57,3825205248,67108864,67108864,42.428185,14.979919,0.004632,10.046,3,0.034593
processes,1,7,7,28,58,3892314112,67108864,67108864,35.53319,15.244768,0.004555,9.559,3,0.031463
processes,1,7,7,29,59,3959422976,67108864,67108864,28.271628,4.238418,0.274062,3.271,3,0.292307
processes,2,8,8,0,60,4026531840,67108864,67108864,59.087445,4.370811,9.278501,138.368,2,
processes,2,8,8,1,61,4093640704,67108864,67108864,52.477673,4.432973,2.004059,9.489,3,2.107398
processes,2,8,8,2,62,4160749568,67108864,67108864,52.013198,11.881085,0.006334,12.983,3,0.049587
processes,2,8,8,3,63,4227858432,67108864,67108864,43.50041,18.93031,0.006591,13.647,3,0.050123
processes,2,8,8,4,64,4294967296,67108864,67108864,37.793827,16.808372,0.007688,15.7,3,0.066922
processes,2,8,8,5,65,4362076160,67108864,67108864,42.649132,9.768952,0.006139,14.024,3,0.047808
processes,2,8,8,6,66,4429185024,67108864,67108864,41.461494,4.1109,1.064679,4.22,3,1.088345
processes,2,8,8,7,67,4496293888,67108864,67108864,40.872864,20.186242,0.006026,14.494,3,0.058241
processes,2,8,8,8,68,4563402752,67108864,67108864,39.258288,16.669859,0.005303,12.855,3,0.044187
processes,2,8,8,9,69,4630511616,67108864,67108864,37.865742,12.620979,0.009856,17.454,3,0.067093
processes,2,8,8,10,70,4697620480,67108864,67108864,40.139135,7.287322,0.003374,9.936,3,0.029231
processes,2,8,8,11,71,4764729344,67108864,67108864,39.616194,4.97814,0.004127,9.184,3,0.030751
processes,2,8,8,12,72,4831838208,67108864,67108864,39.088142,4.399735,2.140835,3.247,3,2.160136
processes,2,8,8,13,73,4898947072,67108864,67108864,36.887916,4.868672,3.277159,7.199,3,3.302079
processes,2,8,8,14,74,4966055936,67108864,67108864,36.839773,5.011018,2.253528,2.597,3,2.26934
processes,2,8,8,15,75,5033164800,67108864,67108864,37.69846,4.040462,2.234863,6.056,3,2.255123
processes,2,8,8,16,76,5100273664,67108864,67108864,38.128225,4.404144,3.247931,2.699,3,3.265776
processes,2,8,8,17,77,5167382528,67108864,67108864,38.25732,4.29074,3.950154,2.693,3,3.967695
processes,2,8,8,18,78,5234491392,67108864,67108864,39.3167,4.316891,3.656891,3.348,3,3.67318
processes,2,8,8,19,79,5301600256,67108864,67108864,39.873345,4.912143,3.891133,3.618,3,3.910712
processes,2,8,8,20,80,5368709120,67108864,67108864,39.778878,4.854687,0.00436,8.27,3,0.031826
processes,2,8,8,21,81,5435817984,67108864,67108864,41.663575,4.295504,1.477081,9.653,3,1.514503
processes,2,8,8,22,82,5502926848,67108864,67108864,39.228675,4.338694,2.305148,11.194,3,2.342706
processes,2,8,8,23,83,5570035712,67108864,67108864,37.821902,4.481785,3.219925,7.14,3,3.245554
processes,2,8,8,24,84,5637144576,67108864,67108864,38.803386,4.310873,2.824109,2.74,3,2.842203
processes,2,8,8,25,85,5704253440,67108864,67108864,36.861845,4.410573,2.337388,3.716,3,2.35874
processes,2,8,8,26,86,5771362304,67108864,67108864,37.904151,4.325161,4.058511,3.713,3,4.088874
processes,2,8,8,27,87,5838471168,67108864,67108864,43.22567,4.304692,4.27211,3.33,3,4.290648
processes,2,8,8,28,88,5905580032,67108864,67108864,41.102573,4.308962,3.584055,3.912,3,3.606177
processes,2,8,8,29,89,5972688896,67108864,67108864,27.06376,4.351303,2.888782,3.577,2,2.90839
processes,3,9,9,0,90,6039797760,67108864,67108864,61.021555,4.529252,13.731969,211.453,3,
processes,3,9,9,1,91,6106906624,67108864,67108864,49.577502,4.890568,0.005924,11.742,3,0.534604
processes,3,9,9,2,92,6174015488,67108864,67108864,49.459463,4.291188,2.321398,4.271,3,2.350378
processes,3,9,9,3,93,6241124352,67108864,67108864,44.14845,4.33689,2.617605,6.052,3,2.64956
processes,3,9,9,4,94,6308233216,67108864,67108864,44.160188,4.966539,0.006621,14.153,3,0.048531
processes,3,9,9,5,95,6375342080,67108864,67108864,48.860082,11.335049,0.00692,15.07,3,0.049957
processes,3,9,9,6,96,6442450944,67108864,67108864,44.9104,16.503626,0.005952,12.516,3,0.045972
processes,3,9,9,7,97,6509559808,67108864,67108864,43.343314,15.612378,0.006648,13.919,3,0.053148
processes,3,9,9,8,98,6576668672,67108864,67108864,43.138538,15.378181,0.004765,11.97,3,0.042201
processes,3,9,9,9,99,6643777536,67108864,67108864,42.366706,15.292894,0.004794,9.842,3,0.035882
processes,3,9,9,10,100,6710886400,67108864,67108864,42.072276,12.72375,0.004518,9.427,3,0.035649
processes,3,9,9,11,101,6777995264,67108864,67108864,41.533774,9.765417,0.005232,11.75,3,0.04093
processes,3,9,9,12,102,6845104128,67108864,67108864,39.658101,8.547846,0.032663,11.647,3,0.066996
processes,3,9,9,13,103,6912212992,67108864,67108864,39.989592,7.164191,0.005136,10.487,3,0.037588
processes,3,9,9,14,104,6979321856,67108864,67108864,40.544573,6.196967,0.005684,9.493,3,0.037124
processes,3,9,9,15,105,7046430720,67108864,67108864,42.211588,6.887134,0.004511,10.827,3,0.039071
processes,3,9,9,16,106,7113539584,67108864,67108864,41.859867,4.392944,4.315379,10.08,3,4.354068
processes,3,9,9,17,107,7180648448,67108864,67108864,42.588095,8.057726,0.005728,12.271,3,0.044482
processes,3,9,9,18,108,7247757312,67108864,67108864,39.922129,8.770746,0.005807,13.463,3,0.044065
processes,3,9,9,19,109,7314866176,67108864,67108864,41.811211,6.790163,0.005451,11.033,3,0.040498
processes,3,9,9,20,110,7381975040,67108864,67108864,43.921057,7.280891,0.005859,11.551,3,0.041353
processes,3,9,9,21,111,7449083904,67108864,67108864,42.286815,9.151704,0.00498,10.85,3,0.042034
processes,3,9,9,22,112,7516192768,67108864,67108864,40.796261,10.09869,0.006592,11.82,3,0.044323
processes,3,9,9,23,113,7583301632,67108864,67108864,41.019277,11.130955,0.004858,10.976,3,0.038756
processes,3,9,9,24,114,7650410496,67108864,67108864,40.996228,11.094266,0.005273,10.874,3,0.043149
processes,3,9,9,25,115,7717519360,67108864,67108864,42.163808,8.713372,0.005107,10.99,3,0.039903
processes,3,9,9,26,116,7784628224,67108864,67108864,46.796184,10.892723,0.005557,11.861,3,0.05146
processes,3,9,9,27,117,7851737088,67108864,67108864,43.929513,16.345368,0.004436,8.737,3,0.031393
processes,3,9,9,28,118,7918845952,67108864,67108864,43.530306,15.232825,0.005652,11.131,2,0.039109
processes,3,9,9,29,119,7985954816,59027232,59027232,26.830396,15.532845,0.005303,12.073,1,0.043436
processes,0,6,6,0,0,0,67108864,67108864,61.899876,4.898487,5.058321,5.957,1,
processes,0,6,6,1,1,67108864,67108864,67108864,46.59066,4.169093,2.025924,10.918,3,2.067332
processes,0,6,6,2,2,134217728,67108864,67108864,42.547794,8.194982,0.004258,11.026,3,0.03715
processes,0,6,6,3,3,201326592,67108864,67108864,42.914393,10.687812,0.004241,11.003,3,0.03796
processes,0,6,6,4,4,268435456,67108864,67108864,43.388968,11.342585,0.007419,15.809,3,0.056306
processes,0,6,6,5,5,335544320,67108864,67108864,43.305543,13.089836,0.004938,10.399,3,0.038079
processes,0,6,6,6,6,402653184,67108864,67108864,40.470443,16.672742,0.005115,11.321,3,0.03881
processes,0,6,6,7,7,469762048,67108864,67108864,48.138272,12.900012,0.004558,10.76,3,0.042562
processes,0,6,6,8,8,536870912,67108864,67108864,49.204394,17.856374,0.004057,10.16,3,0.03609
processes,0,6,6,9,9,603979776,67108864,67108864,40.481954,20.016957,0.004686,10.43,3,0.036517
processes,0,6,6,10,10,671088640,67108864,67108864,44.873397,8.018373,0.004075,9.029,3,0.030456
processes,0,6,6,11,11,738197504,67108864,67108864,42.026842,4.598414,1.088167,11.239,3,1.116318
processes,0,6,6,12,12,805306368,67108864,67108864,41.326232,4.369926,3.095843,6.282,3,3.116331
processes,0,6,6,13,13,872415232,67108864,67108864,40.65654,4.35731,2.905976,7.814,3,2.93211
processes,0,6,6,14,14,939524096,67108864,67108864,40.632009,4.261423,2.19767,4.467,3,2.217966
processes,0,6,6,15,15,1006632960,67108864,67108864,40.43656,4.290825,1.417337,10.932,3,1.4516
processes,0,6,6,16,16,1073741824,67108864,67108864,40.108804,4.593207,2.148838,4.839,3,2.170747
processes,0,6,6,17,17,1140850688,67108864,67108864,40.415627,4.100669,1.094281,11.479,3,1.12602
processes,0,6,6,18,18,1207959552,67108864,67108864,38.239658,4.805251,2.124045,11.481,3,2.189647
processes,0,6,6,19,19,1275068416,67108864,67108864,37.598148,4.860828,2.127321,10.523,3,2.171237
processes,0,6,6,20,20,1342177280,67108864,67108864,38.403555,4.24888,2.581766,7.094,3,2.60856
processes,0,6,6,21,21,1409286144,67108864,67108864,37.402368,4.684821,2.156007,5.043,3,2.180209
processes,0,6,6,22,22,1476395008,67108864,67108864,40.595405,4.317099,2.161452,5.047,3,2.184557
processes,0,6,6,23,23,1543503872,67108864,67108864,37.43604,4.251987,2.952263,4.261,3,2.987112
processes,0,6,6,24,24,1610612736,67108864,67108864,37.380861,4.304237,3.018707,6.596,3,3.070146
processes,0,6,6,25,25,1677721600,67108864,67108864,38.140246,4.489848,2.807526,6.698,3,2.833005
processes,0,6,6,26,26,1744830464,67108864,67108864,38.056645,4.027836,1.8278,4.899,3,2.25517
processes,0,6,6,27,27,1811939328,67108864,67108864,37.370191,4.320698,2.516566,9.012,3,2.546129
processes,0,6,6,28,28,1879048192,67108864,67108864,40.210396,4.260445,3.567564,4.954,3,3.591465
processes,0,6,6,29,29,1946157056,67108864,67108864,28.356211,22.433149,0.004828,10.71,3,0.037219
processes,1,7,7,0,30,2013265920,67108864,67108864,62.441204,4.367345,9.416348,4.37,2,
processes,1,7,7,1,31,2080374784,67108864,67108864,44.916833,4.774352,1.902813,4.185,3,1.933011
processes,1,7,7,2,32,2147483648,67108864,67108864,44.809601,4.172599,1.077518,8.506,3,1.109224
processes,1,7,7,3,33,2214592512,67108864,67108864,46.322534,6.422472,0.003347,6.82,3,0.026026
processes,1,7,7,4,34,2281701376,67108864,67108864,47.219647,9.80718,0.00409,9.765,3,0.032873
processes,1,7,7,5,35,2348810240,67108864,67108864,40.455615,13.636755,0.004546,10.207,3,0.036975
processes,1,7,7,6,36,2415919104,67108864,67108864,39.563565,10.803535,0.008207,13.949,3,0.055518
processes,1,7,7,7,37,2483027968,67108864,67108864,42.159381,9.894365,0.004072,9.968,3,0.04027
processes,1,7,7,8,38,2550136832,67108864,67108864,47.641327,5.048062,1.148638,3.814,3,1.168678
processes,1,7,7,9,39,2617245696,67108864,67108864,57.127421,4.550066,1.088861,2.335,3,1.101588
processes,1,7,7,10,40,2684354560,67108864,67108864,43.915538,5.079718,2.194811,3.047,3,2.212132
processes,1,7,7,11,41,2751463424,67108864,67108864,41.181266,6.521583,0.002701,8.226,3,0.025218
processes,1,7,7,12,42,2818572288,67108864,67108864,41.185177,8.226036,0.002781,6.927,3,0.022603
processes,1,7,7,13,43,2885681152,67108864,67108864,38.137689,10.296879,0.002545,7.801,3,0.024798
processes,1,7,7,14,44,2952790016,67108864,67108864,39.450552,5.051653,0.002243,6.373,3,0.020841
processes,1,7,7,15,45,3019898880,67108864,67108864,38.818367,4.469469,2.166631,2.445,3,2.181189
processes,1,7,7,16,46,3087007744,67108864,67108864,39.571176,4.32659,3.338,3.088,3,3.356603
processes,1,7,7,17,47,3154116608,67108864,67108864,39.12225,4.296985,1.324633,3.368,3,1.342957
processes,1,7,7,18,48,3221225472,67108864,67108864,38.257076,4.340792,3.718517,3.897,3,3.736562
processes,1,7,7,19,49,3288334336,67108864,67108864,37.565045,4.318228,2.587514,2.576,3,2.603613
processes,1,7,7,20,50,3355443200,67108864,67108864,37.108647,4.393181,2.275145,2.737,3,2.291707
processes,1,7,7,21,51,3422552064,67108864,67108864,37.677267,4.286269,4.048965,2.839,3,4.067475
processes,1,7,7,22,52,3489660928,67108864,67108864,39.846943,4.506246,1.078914,2.766,3,1.093031
processes,1,7,7,23,53,3556769792,67108864,67108864,37.56982,4.392766,4.370454,2.758,3,4.388182
processes,1,7,7,24,54,3623878656,67108864,67108864,37.804559,4.762349,3.310723,5.15,3,3.331347
processes,1,7,7,25,55,3690987520,67108864,67108864,37.133461,4.196651,1.233492,4.314,3,1.250185
processes,1,7,7,26,56,3758096384,67108864,67108864,38.353235,4.440721,3.254255,3.443,3,3.644059
processes,1,7,7,27,57,3825205248,67108864,67108864,44.605566,5.001669,3.267638,3.047,3,3.282647
processes,1,7,7,28,58,3892314112,67108864,67108864,36.317147,13.530639,0.004906,10.15,3,0.034236
processes,1,7,7,29,59,3959422976,67108864,67108864,27.02088,5.259422,0.004299,9.435,3,0.03364
processes,2,8,8,0,60,4026531840,67108864,67108864,64.625084,,0.06728,129.087,0,
processes,2,8,8,1,61,4093640704,67108864,67108864,42.563061,51.070851,0.011072,15.261,3,0.071518
processes,2,8,8,2,62,4160749568,67108864,67108864,40.040555,29.249475,0.006643,10.703,3,0.03886
processes,2,8,8,3,63,4227858432,67108864,67108864,42.262507,23.125596,0.008219,13.955,3,0.052369
processes,2,8,8,4,64,4294967296,67108864,67108864,41.618323,17.672139,0.009306,12.547,3,0.053419
processes,2,8,8,5,65,4362076160,67108864,67108864,39.709534,13.305465,0.012375,14.034,3,0.061473
processes,2,8,8,6,66,4429185024,67108864,67108864,44.219442,7.905336,0.005987,12.663,3,0.051913
processes,2,8,8,7,67,4496293888,67108864,67108864,43.164897,11.718824,0.008474,17.15,3,0.066293
processes,2,8,8,8,68,4563402752,67108864,67108864,47.03148,13.919506,0.007614,14.919,3,0.053103
processes,2,8,8,9,69,4630511616,67108864,67108864,52.452818,19.80048,0.007209,13.469,3,0.048848
processes,2,8,8,10,70,4697620480,67108864,67108864,49.35987,23.61335,0.007835,16.254,3,0.058176
processes,2,8,8,11,71,4764729344,67108864,67108864,45.328425,18.014092,0.007062,15.113,3,0.049804
processes,2,8,8,12,72,4831838208,67108864,67108864,44.225108,19.444997,0.005713,12.362,3,0.043236
processes,2,8,8,13,73,4898947072,67108864,67108864,42.918812,22.512086,0.006477,12.677,3,0.04585
processes,2,8,8,14,74,4966055936,67108864,67108864,42.005472,24.272504,0.006157,13.019,3,0.051581
processes,2,8,8,15,75,5033164800,67108864,67108864,42.270487,28.168181,0.006606,14.203,3,0.048735
processes,2,8,8,16,76,5100273664,67108864,67108864,41.688396,28.841365,0.00481,9.303,3,0.034438
processes,2,8,8,17,77,5167382528,67108864,67108864,41.856903,28.393757,0.004962,10.626,3,0.038966
processes,2,8,8,18,78,5234491392,67108864,67108864,40.315958,29.380316,0.006264,13.421,3,0.043789
processes,2,8,8,19,79,5301600256,67108864,67108864,40.77314,26.876822,0.004873,11.34,3,0.03936
processes,2,8,8,20,80,5368709120,67108864,67108864,40.101447,26.834789,0.006637,12.838,3,0.045516
processes,2,8,8,21,81,5435817984,67108864,67108864,39.912928,27.12586,0.006467,12.969,3,0.046376
processes,2,8,8,22,82,5502926848,67108864,67108864,43.598982,25.904385,0.005894,11.265,3,0.041719
processes,2,8,8,23,83,5570035712,67108864,67108864,40.40925,30.781716,0.01002,12.491,3,0.048647
processes,2,8,8,24,84,5637144576,67108864,67108864,39.986116,27.000527,0.006115,13.63,3,0.044686
processes,2,8,8,25,85,5704253440,67108864,67108864,40.486208,26.127615,0.005208,12.683,3,0.042139
processes,2,8,8,26,86,5771362304,67108864,67108864,40.262043,27.930299,0.005796,13.358,3,0.37122
processes,2,8,8,27,87,5838471168,67108864,67108864,40.974235,27.462691,0.006344,13.898,3,0.047869
processes,2,8,8,28,88,5905580032,67108864,67108864,44.657637,26.848718,0.006495,14.478,3,0.047674
processes,2,8,8,29,89,5972688896,67108864,67108864,30.608925,4.374389,4.19655,4.38,3,4.224812
processes,3,9,9,0,90,6039797760,67108864,67108864,60.549176,4.359919,13.675617,5.242,3,
processes,3,9,9,1,91,6106906624,67108864,67108864,44.033402,4.409001,3.84154,3.75,3,3.874121
processes,3,9,9,2,92,6174015488,67108864,67108864,47.737338,4.599747,2.161936,4.63,3,2.183401
processes,3,9,9,3,93,6241124352,67108864,67108864,46.012769,7.533503,0.003677,9.976,3,0.032045
processes,3,9,9,4,94,6308233216,67108864,67108864,45.120675,7.224566,0.004086,10.883,3,0.033701
processes,3,9,9,5,95,6375342080,67108864,67108864,40.438922,5.12952,0.00481,12.739,3,0.040901
processes,3,9,9,6,96,6442450944,67108864,67108864,40.976612,5.090634,0.003764,9.474,3,0.033325
processes,3,9,9,7,97,6509559808,67108864,67108864,38.852077,6.504117,0.004182,11.969,3,0.040706
processes,3,9,9,8,98,6576668672,67108864,67108864,44.987113,4.375412,2.327841,3.095,3,2.347277
processes,3,9,9,9,99,6643777536,67108864,67108864,49.891995,4.330621,3.688652,3.44,3,3.711011
processes,3,9,9,10,100,6710886400,67108864,67108864,42.463866,18.297491,0.005174,11.914,3,0.037219
processes,3,9,9,11,101,6777995264,67108864,67108864,39.466708,14.806667,0.003532,11.429,3,0.035025
processes,3,9,9,12,102,6845104128,67108864,67108864,38.051754,9.16291,0.004103,10.011,3,0.032708
processes,3,9,9,13,103,6912212992,67108864,67108864,39.882971,4.0437,1.06855,3.432,3,1.087378
processes,3,9,9,14,104,6979321856,67108864,67108864,40.030582,4.57295,3.499163,3.455,3,3.520785
processes,3,9,9,15,105,7046430720,67108864,67108864,40.150551,4.703266,2.161938,3.505,3,2.183343
processes,3,9,9,16,106,7113539584,67108864,67108864,39.848918,4.413808,2.149065,3.676,3,2.167298
processes,3,9,9,17,107,7180648448,67108864,67108864,40.089756,4.122722,1.073809,3.899,3,1.09482
processes,3,9,9,18,108,7247757312,67108864,67108864,38.672501,4.332453,2.705316,4.361,3,2.725249
processes,3,9,9,19,109,7314866176,67108864,67108864,37.648657,4.804811,2.186627,7.726,3,2.210752
processes,3,9,9,20,110,7381975040,67108864,67108864,37.921855,4.379902,2.11489,3.057,3,2.133142
processes,3,9,9,21,111,7449083904,67108864,67108864,37.465556,5.079172,3.328269,12.58,3,3.361179
processes,3,9,9,22,112,7516192768,67108864,67108864,41.04001,4.042568,1.064266,3.77,3,1.084765
processes,3,9,9,23,113,7583301632,67108864,67108864,38.323889,4.808656,3.288822,3.337,3,3.308595
processes,3,9,9,24,114,7650410496,67108864,67108864,37.458329,4.834054,2.188552,3.338,3,2.207695
processes,3,9,9,25,115,7717519360,67108864,67108864,38.358535,4.24063,2.143595,3.355,3,2.162113
processes,3,9,9,26,116,7784628224,67108864,67108864,38.847335,4.378664,1.831765,3.626,3,2.174915
processes,3,9,9,27,117,7851737088,67108864,67108864,51.440343,4.850824,2.208719,3.308,3,2.227599
processes,3,9,9,28,118,7918845952,67108864,67108864,43.373242,4.283827,2.463646,3.613,3,2.484955
processes,3,9,9,29,119,7985954816,59027232,59027232,20.651141,11.351514,0.005012,11.749,3,0.045232
processes,0,6,6,0,0,0,67108864,67108864,57.190743,4.842176,4.845434,9.404,1,
processes,0,6,6,1,1,67108864,67108864,67108864,39.50343,48.383516,0.008541,11.284,3,0.054273
processes,0,6,6,2,2,134217728,67108864,67108864,37.53012,23.014061,0.006495,11.926,3,0.042663
processes,0,6,6,3,3,201326592,67108864,67108864,37.991466,21.16802,0.005553,15.288,3,0.047501
processes,0,6,6,4,4,268435456,67108864,67108864,36.543132,22.965608,0.006113,13.986,3,0.046225
processes,0,6,6,5,5,335544320,67108864,67108864,41.042257,23.774355,0.004911,10.507,3,0.038754
processes,0,6,6,6,6,402653184,67108864,67108864,37.123469,26.743205,0.00673,13.354,3,0.045827
processes,0,6,6,7,7,469762048,67108864,67108864,37.051679,22.815712,0.006401,15.668,3,0.059825
processes,0,6,6,8,8,536870912,67108864,67108864,37.881234,24.706403,0.0047,11.858,3,0.041085
processes,0,6,6,9,9,603979776,67108864,67108864,47.254743,19.121564,0.004818,11.323,3,0.038498
processes,0,6,6,10,10,671088640,67108864,67108864,38.006092,14.22317,0.005799,11.997,3,0.04168
processes,0,6,6,11,11,738197504,67108864,67108864,34.819907,38.081899,0.004569,12.029,3,0.075807
processes,0,6,6,12,12,805306368,67108864,67108864,34.776353,34.862874,0.005698,13.113,3,0.042967
processes,0,6,6,13,13,872415232,67108864,67108864,35.96833,34.824971,0.005167,11.619,3,0.048618
processes,0,6,6,14,14,939524096,67108864,67108864,34.460273,36.015133,0.007033,15.646,3,0.046803
processes,0,6,6,15,15,1006632960,67108864,67108864,35.301167,34.503582,0.005702,12.307,3,0.043309
processes,0,6,6,16,16,1073741824,67108864,67108864,35.320045,35.345075,0.006175,11.752,3,0.043908
processes,0,6,6,17,17,1140850688,67108864,67108864,39.392655,35.365619,0.00432,17.8,3,0.045574
processes,0,6,6,18,18,1207959552,67108864,67108864,43.371686,39.446329,0.00549,12.667,3,0.053674
processes,0,6,6,19,19,1275068416,67108864,67108864,43.588656,14.163694,0.007184,14.274,3,0.058485
processes,0,6,6,20,20,1342177280,67108864,67108864,42.735369,19.013165,0.00739,15.841,3,0.052716
processes,0,6,6,21,21,1409286144,67108864,67108864,40.774492,12.565057,0.00618,15.166,3,0.048992
processes,0,6,6,22,22,1476395008,67108864,67108864,47.90512,6.182455,0.005638,12.372,3,0.051833
processes,0,6,6,23,23,1543503872,67108864,67108864,43.655449,4.57706,2.120411,16.356,3,2.193305
processes,0,6,6,24,24,1610612736,67108864,67108864,41.185487,4.254444,0.003371,9.553,3,0.032655
processes,0,6,6,25,25,1677721600,67108864,67108864,41.762782,4.359131,3.76212,6.782,3,3.790643
processes,0,6,6,26,26,1744830464,67108864,67108864,42.416294,5.57437,0.003706,10.812,3,0.048397
processes,0,6,6,27,27,1811939328,67108864,67108864,37.674151,6.276858,0.004277,10.246,3,0.035624
processes,0,6,6,28,28,1879048192,67108864,67108864,36.042322,29.10496,0.0074,14.08,3,0.0518
processes,0,6,6,29,29,1946157056,67108864,67108864,30.389448,23.471061,0.005102,11.589,3,0.042932
processes,1,7,7,0,30,2013265920,67108864,67108864,64.86856,4.37696,13.808469,4.457,3,
processes,1,7,7,1,31,2080374784,67108864,67108864,39.38566,6.213757,0.004376,11.13,3,0.046988
processes,1,7,7,2,32,2147483648,67108864,67108864,36.203035,16.409601,0.004594,10.295,3,0.038002
processes,1,7,7,3,33,2214592512,67108864,67108864,35.72767,15.072083,0.004877,10.98,3,0.037068
processes,1,7,7,4,34,2281701376,67108864,67108864,38.077715,12.807531,0.005955,13.711,3,0.045469
processes,1,7,7,5,35,2348810240,67108864,67108864,41.066461,14.344879,0.005163,11.232,3,0.041519
processes,1,7,7,6,36,2415919104,67108864,67108864,35.127055,14.367582,0.005742,12.795,3,0.044326
processes,1,7,7,7,37,2483027968,67108864,67108864,43.459117,12.386361,0.004249,11.811,3,0.075018
processes,1,7,7,8,38,2550136832,67108864,67108864,38.473075,18.798168,0.005381,13.367,3,0.045454
processes,1,7,7,9,39,2617245696,67108864,67108864,410.199852,19.405645,0.006667,14.4,3,0.054134
processes,1,7,7,10,40,2684354560,67108864,67108864,42.841378,4.778042,3.614015,6.293,3,3.640164
processes,1,7,7,11,41,2751463424,67108864,67108864,51.069226,5.073397,2.246199,4.176,3,2.266717
processes,1,7,7,12,42,2818572288,67108864,67108864,43.963918,5.647393,0.003683,9.427,3,0.030407
processes,1,7,7,13,43,2885681152,67108864,67108864,40.287583,7.710457,0.003606,9.634,3,0.038194
processes,1,7,7,14,44,2952790016,67108864,67108864,36.254331,8.243446,0.003274,8.433,3,0.028612
processes,1,7,7,15,45,3019898880,67108864,67108864,38.13554,4.44258,4.435997,2.827,3,4.450516
processes,1,7,7,16,46,3087007744,67108864,67108864,38.752622,4.614796,3.246353,2.72,3,3.261536
processes,1,7,7,17,47,3154116608,67108864,67108864,37.402939,4.593217,3.427179,2.976,3,3.44464
processes,1,7,7,18,48,3221225472,67108864,67108864,34.523898,8.327966,0.003768,9.457,3,0.029987
processes,1,7,7,19,49,3288334336,67108864,67108864,38.614401,6.791289,0.003051,6.999,3,0.024679
processes,1,7,7,20,50,3355443200,67108864,67108864,36.762361,27.204574,0.004823,10.876,2,0.038913
processes,1,7,7,21,51,3422552064,67108864,67108864,39.735643,27.339866,0.003685,10.062,2,0.033267
processes,1,7,7,22,52,3489660928,67108864,67108864,41.662431,19.357015,0.003761,8.447,2,0.029993
processes,1,7,7,23,53,3556769792,67108864,67108864,35.189503,18.994671,0.003501,6.904,2,0.025284
processes,1,7,7,24,54,3623878656,67108864,67108864,37.575211,10.675522,0.002883,6.746,2,0.023936
processes,1,7,7,25,55,3690987520,67108864,67108864,37.336599,8.485504,0.003126,7.555,2,0.025
processes,1,7,7,26,56,3758096384,67108864,67108864,37.094754,7.516226,0.003484,8.833,2,0.041705
processes,1,7,7,27,57,3825205248,67108864,67108864,36.687958,6.533482,0.003313,8.017,2,0.026438
processes,1,7,7,28,58,3892314112,67108864,67108864,37.025159,5.550424,0.003363,7.613,2,0.026427
processes,1,7,7,29,59,3959422976,67108864,67108864,28.304194,4.918061,0.00325,7.209,2,0.025382
processes,2,8,8,0,60,4026531840,67108864,67108864,732.066623,,0.06029,103.014,0,
processes,2,8,8,1,61,4093640704,67108864,67108864,38.681168,29.266477,0.00768,13.218,3,0.056116
processes,2,8,8,2,62,4160749568,67108864,67108864,49.177378,24.628207,0.022349,12.14,3,0.110733
processes,2,8,8,3,63,4227858432,67108864,67108864,47.171932,19.787091,0.009485,12.898,3,0.055091
processes,2,8,8,4,64,4294967296,67108864,67108864,51.661398,21.887923,0.005354,10.078,3,0.036995
processes,2,8,8,5,65,4362076160,67108864,67108864,43.969106,22.49211,0.012604,9.454,3,0.042422
processes,2,8,8,6,66,4429185024,67108864,67108864,44.836634,22.500718,0.005371,12.957,3,0.041614
processes,2,8,8,7,67,4496293888,67108864,67108864,40.582651,27.055966,0.003376,9.997,3,0.034809
processes,2,8,8,8,68,4563402752,67108864,67108864,41.72873,26.947059,0.001212,3.591,3,0.013289
processes,2,8,8,9,69,4630511616,67108864,67108864,182.706288,27.299413,0.001463,4.926,3,0.0207
processes,2,8,8,10,70,4697620480,67108864,67108864,42.019429,11.709827,0.003653,9.836,2,0.030627
processes,2,8,8,11,71,4764729344,67108864,67108864,43.50509,16.184713,0.00373,9.13,2,0.03063
processes,2,8,8,12,72,4831838208,67108864,67108864,39.753645,18.507719,0.003306,7.716,2,0.027498
processes,2,8,8,13,73,4898947072,67108864,67108864,38.316781,17.948611,0.002975,7.6,2,0.036584
processes,2,8,8,14,74,4966055936,67108864,67108864,38.074993,17.452791,0.002743,12.766,2,0.030801
processes,2,8,8,15,75,5033164800,67108864,67108864,37.667386,17.115323,0.004088,8.599,2,0.028943
processes,2,8,8,16,76,5100273664,67108864,67108864,37.655331,16.852561,0.003538,8.891,2,0.030057
processes,2,8,8,17,77,5167382528,67108864,67108864,37.215724,16.925001,0.003106,8.007,2,0.027573
processes,2,8,8,18,78,5234491392,67108864,67108864,35.936265,16.143153,0.027833,5.798,1,0.041475
processes,2,8,8,19,79,5301600256,67108864,67108864,36.189134,16.316326,0.001294,3.736,1,0.013055
processes,2,8,8,20,80,5368709120,67108864,67108864,40.316976,16.382763,0.002654,5.135,1,0.020544
processes,2,8,8,21,81,5435817984,67108864,67108864,33.318164,40.349923,0.004872,8.315,1,0.032947
processes,2,8,8,22,82,5502926848,67108864,67108864,33.048512,33.343902,0.00296,6.779,1,0.025738
processes,2,8,8,23,83,5570035712,67108864,67108864,33.510652,33.071109,0.003166,5.856,1,0.022597
processes,2,8,8,24,84,5637144576,67108864,67108864,33.705689,33.538441,0.00443,6.912,1,0.027789
processes,2,8,8,25,85,5704253440,67108864,67108864,33.29163,33.751315,0.005826,10.577,1,0.045626
processes,2,8,8,26,86,5771362304,67108864,67108864,33.335605,33.344546,0.005146,10.619,1,0.052916
processes,2,8,8,27,87,5838471168,67108864,67108864,33.290963,33.36315,0.004103,7.279,1,0.027545
processes,2,8,8,28,88,5905580032,67108864,67108864,33.42377,33.322153,0.004573,7.596,1,0.03119
processes,2,8,8,29,89,5972688896,67108864,67108864,25.783081,33.440229,0.002144,3.864,1,0.016459
processes,3,9,9,0,90,6039797760,67108864,67108864,63.018893,4.48454,9.346843,6.871,2,
processes,3,9,9,1,91,6106906624,67108864,67108864,327.740428,10.318275,0.005834,18.496,3,0.059858
processes,3,9,9,2,92,6174015488,67108864,67108864,395.330947,13.667608,0.005625,11.114,3,0.041715
processes,3,9,9,3,93,6241124352,67108864,67108864,44.77326,5.654171,0.007652,15.476,3,0.063419
processes,3,9,9,4,94,6308233216,67108864,67108864,50.489237,7.68255,0.004531,11.506,3,0.03948
processes,3,9,9,5,95,6375342080,67108864,67108864,41.885683,17.381862,0.004567,9.904,3,0.0364
processes,3,9,9,6,96,6442450944,67108864,67108864,39.75965,9.222485,0.004569,18.45,3,0.053365
processes,3,9,9,7,97,6509559808,67108864,67108864,41.207431,5.317587,0.001809,6.781,3,0.023556
processes,3,9,9,8,98,6576668672,67108864,67108864,39.835513,4.84717,3.277276,4.015,2,3.298282
processes,3,9,9,9,99,6643777536,67108864,67108864,39.424635,4.260851,1.372996,2.66,3,1.389347
processes,3,9,9,10,100,6710886400,67108864,67108864,43.972075,4.027774,2.775366,4.884,3,2.794206
processes,3,9,9,11,101,6777995264,67108864,67108864,41.684578,4.286227,2.321899,3.847,3,2.340295
processes,3,9,9,12,102,6845104128,67108864,67108864,36.623861,11.44874,0.00296,7.903,3,0.026512
processes,3,9,9,13,103,6912212992,67108864,67108864,36.015764,9.455762,0.00309,8.505,2,0.036475
processes,3,9,9,14,104,6979321856,67108864,67108864,37.548495,8.698794,0.002398,6.78,2,0.022896
processes,3,9,9,15,105,7046430720,67108864,67108864,41.182842,6.508331,0.002901,7.879,2,0.026678
processes,3,9,9,16,106,7113539584,67108864,67108864,40.321281,6.030198,0.002958,7.89,2,0.02674
processes,3,9,9,17,107,7180648448,67108864,67108864,38.814343,11.166096,0.003197,8.058,2,0.028056
processes,3,9,9,18,108,7247757312,67108864,67108864,38.414306,12.409287,0.00343,9.571,2,0.029059
processes,3,9,9,19,109,7314866176,67108864,67108864,37.932428,13.472387,0.003658,8.932,2,0.027098
processes,3,9,9,20,110,7381975040,67108864,67108864,37.584154,14.3114,0.003638,8.069,2,0.027777
processes,3,9,9,21,111,7449083904,67108864,67108864,38.012025,15.207479,0.003004,8.123,2,0.02631
processes,3,9,9,22,112,7516192768,67108864,67108864,35.745241,16.195985,0.00334,8.286,2,0.027022
processes,3,9,9,23,113,7583301632,67108864,67108864,36.104064,19.632994,0.00396,9.263,1,0.030906
processes,3,9,9,24,114,7650410496,67108864,67108864,2176.494171,19.826915,0.00541,11.14,1,0.039177
processes,3,9,9,25,115,7717519360,67108864,67108864,34.542323,1853.012432,0.006341,13.085,0,0.425792
processes,3,9,9,26,116,7784628224,67108864,67108864,33.841096,34.578881,0.001586,7.574,0,0.036558
processes,3,9,9,27,117,7851737088,67108864,67108864,33.719658,33.866626,0.002839,8.523,0,0.02553
processes,3,9,9,28,118,7918845952,67108864,67108864,33.466247,33.744126,0.003041,8.315,0,0.024468
processes,3,9,9,29,119,7985954816,59027232,59027232,21.51466,33.476768,0.000925,2.009,0,0.010521
processes,0,6,6,0,0,0,67108864,67108864,103.633988,3.977436,3.711647,8.752,1,
processes,0,6,6,1,1,67108864,67108864,67108864,106.25582,15.704526,0.008637,14.912,3,0.072723
processes,0,6,6,2,2,134217728,67108864,67108864,91.691607,20.260705,0.009348,12.079,3,0.047283
processes,0,6,6,3,3,201326592,67108864,67108864,61.430409,28.116221,0.005883,15.23,3,0.052791
processes,0,6,6,4,4,268435456,67108864,67108864,62.729646,7.506132,0.005103,13.819,3,0.047254
processes,0,6,6,5,5,335544320,67108864,67108864,96.48567,30.636588,0.007364,17.937,3,0.062633
processes,0,6,6,6,6,402653184,67108864,67108864,67.204187,18.469834,0.005669,12.968,3,0.045379
processes,0,6,6,7,7,469762048,67108864,67108864,58.863854,6.939153,0.006334,16.631,3,0.05878
processes,0,6,6,8,8,536870912,67108864,67108864,77.772014,4.238857,2.394782,7.605,3,2.424086
processes,0,6,6,9,9,603979776,67108864,67108864,81.396763,4.342605,3.972744,5.527,3,4.006036
processes,0,6,6,10,10,671088640,67108864,67108864,64.507936,21.671204,0.007141,14.992,3,0.052403
processes,0,6,6,11,11,738197504,67108864,67108864,69.854514,20.119128,0.004488,11.443,3,0.040599
processes,0,6,6,12,12,805306368,67108864,67108864,70.812144,8.290875,0.006599,14.066,3,0.05028
processes,0,6,6,13,13,872415232,67108864,67108864,60.410948,34.919485,0.005232,12.467,3,0.041877
processes,0,6,6,14,14,939524096,67108864,67108864,65.015534,27.584621,0.006678,14.384,3,0.053035
processes,0,6,6,15,15,1006632960,67108864,67108864,57.524711,30.764828,0.004991,11.951,3,0.040664
processes,0,6,6,16,16,1073741824,67108864,67108864,82.313578,13.72171,0.005864,14.874,3,0.052478
processes,0,6,6,17,17,1140850688,67108864,67108864,68.402146,4.794183,0.004145,10.906,3,0.037689
processes,0,6,6,18,18,1207959552,67108864,67108864,96.688409,12.049809,0.004627,11.603,3,0.037087
processes,0,6,6,19,19,1275068416,67108864,67108864,123.476965,17.396636,0.032718,11.319,3,0.067104
processes,0,6,6,20,20,1342177280,67108864,67108864,129.110829,14.346477,0.005146,11.345,3,0.041012
processes,0,6,6,21,21,1409286144,67108864,67108864,127.570952,17.9273,0.004788,11.864,3,0.041257
processes,0,6,6,22,22,1476395008,67108864,67108864,129.710355,16.418994,0.005389,12.297,3,0.045467
processes,0,6,6,23,23,1543503872,67108864,67108864,124.107142,19.026767,0.005771,13.026,3,0.043989
processes,0,6,6,24,24,1610612736,67108864,67108864,132.304315,17.447095,0.007186,15.204,3,0.053326
processes,0,6,6,25,25,1677721600,67108864,67108864,127.531428,18.182088,0.005531,13.882,3,0.045981
processes,0,6,6,26,26,1744830464,67108864,67108864,122.456795,21.634909,0.005242,13.408,3,0.045478
processes,0,6,6,27,27,1811939328,67108864,67108864,126.114601,13.85027,0.00407,11.409,3,0.036784
processes,0,6,6,28,28,1879048192,67108864,67108864,128.915619,16.101832,0.006626,16.315,3,0.055613
processes,0,6,6,29,29,1946157056,67108864,67108864,94.95947,18.308719,0.004657,12.135,2,0.03743
processes,1,7,7,0,30,2013265920,67108864,67108864,173.434871,4.39728,12.98372,5.852,3,
processes,1,7,7,1,31,2080374784,67108864,67108864,82.274314,20.27143,0.00656,12.738,3,0.062917
processes,1,7,7,2,32,2147483648,67108864,67108864,88.918983,4.214664,2.115781,5.5,3,2.14744
processes,1,7,7,3,33,2214592512,67108864,67108864,73.028235,18.705824,0.00667,14.113,3,0.050576
processes,1,7,7,4,34,2281701376,67108864,67108864,67.215382,4.097951,1.336795,5.316,3,1.368127
processes,1,7,7,5,35,2348810240,67108864,67108864,59.760561,33.666849,0.006331,14.701,3,0.052543
processes,1,7,7,6,36,2415919104,67108864,67108864,62.954969,29.525916,0.006137,12.765,3,0.049084
processes,1,7,7,7,37,2483027968,67108864,67108864,65.803922,18.971856,0.004772,13.245,3,0.051638
processes,1,7,7,8,38,2550136832,67108864,67108864,92.01531,21.25529,0.004565,12.464,3,0.044621
processes,1,7,7,9,39,2617245696,67108864,67108864,62.271412,45.23766,0.00469,11.681,3,0.051685
processes,1,7,7,10,40,2684354560,67108864,67108864,61.326109,26.102861,0.005192,11.314,3,0.042955
processes,1,7,7,11,41,2751463424,67108864,67108864,74.405609,22.923185,0.005271,12.992,3,0.04275
processes,1,7,7,12,42,2818572288,67108864,67108864,65.640443,27.500816,0.038629,12.269,3,0.076816
processes,1,7,7,13,43,2885681152,67108864,67108864,50.76978,22.33062,0.005972,11.9,3,0.043382
processes,1,7,7,14,44,2952790016,67108864,67108864,63.54502,12.676263,0.004544,10.991,3,0.039846
processes,1,7,7,15,45,3019898880,67108864,67108864,64.982876,11.209804,0.005675,11.705,3,0.044719
processes,1,7,7,16,46,3087007744,67108864,67108864,58.829749,18.655018,0.004416,10.634,3,0.039527
processes,1,7,7,17,47,3154116608,67108864,67108864,61.140653,34.465212,0.005728,12.077,3,0.072317
processes,1,7,7,18,48,3221225472,67108864,67108864,91.365272,23.258783,0.005445,12.641,3,0.042954
processes,1,7,7,19,49,3288334336,67108864,67108864,126.520253,43.157658,0.005338,11.985,3,0.043414
processes,1,7,7,20,50,3355443200,67108864,67108864,125.524876,47.408512,0.006358,13.424,3,0.047883
processes,1,7,7,21,51,3422552064,67108864,67108864,129.080756,46.663737,0.005555,12.742,3,0.046387
processes,1,7,7,22,52,3489660928,67108864,67108864,127.074252,47.71863,0.005303,11.64,3,0.043969
processes,1,7,7,23,53,3556769792,67108864,67108864,125.695267,45.51052,0.005464,12.431,3,0.072319
processes,1,7,7,24,54,3623878656,67108864,67108864,131.569747,46.85195,0.00526,12.375,3,0.044873
processes,1,7,7,25,55,3690987520,67108864,67108864,123.932538,49.505363,0.005577,11.962,3,0.045556
processes,1,7,7,26,56,3758096384,67108864,67108864,130.235257,46.57753,0.004951,13.165,3,0.191547
processes,1,7,7,27,57,3825205248,67108864,67108864,123.873363,44.038363,0.005305,11.086,3,0.042961
processes,1,7,7,28,58,3892314112,67108864,67108864,126.701413,47.292374,0.00525,12.896,3,0.045289
processes,1,7,7,29,59,3959422976,67108864,67108864,97.617629,62.533593,0.005228,12.121,2,0.044749
processes,2,8,8,0,60,4026531840,67108864,67108864,91.910555,,0.043951,125.638,0,
processes,2,8,8,1,61,4093640704,67108864,67108864,101.700939,79.165543,0.007999,14.458,3,0.069066
processes,2,8,8,2,62,4160749568,67108864,67108864,83.849493,7.414679,0.006748,11.92,3,0.045985
processes,2,8,8,3,63,4227858432,67108864,67108864,63.342198,6.881807,0.005647,11.313,3,0.039389
processes,2,8,8,4,64,4294967296,67108864,67108864,58.316056,22.647022,0.006041,11.029,3,0.03973
processes,2,8,8,5,65,4362076160,67108864,67108864,68.289673,12.722316,0.007913,12.365,3,0.051591
processes,2,8,8,6,66,4429185024,67108864,67108864,61.622692,22.330557,0.004877,12.48,3,0.045942
processes,2,8,8,7,67,4496293888,67108864,67108864,73.522654,5.118556,2.280908,16.551,3,2.327886
processes,2,8,8,8,68,4563402752,67108864,67108864,63.529157,11.416256,0.00398,10.84,3,0.038013
processes,2,8,8,9,69,4630511616,67108864,67108864,63.703915,13.693425,0.004092,9.866,3,0.035952
processes,2,8,8,10,70,4697620480,67108864,67108864,64.078826,13.222324,0.004435,12.225,3,0.038105
processes,2,8,8,11,71,4764729344,67108864,67108864,57.230102,10.141226,0.005642,12.426,3,0.041741
processes,2,8,8,12,72,4831838208,67108864,67108864,58.905664,9.51459,0.006517,18.066,3,0.058553
processes,2,8,8,13,73,4898947072,67108864,67108864,75.777103,7.094772,0.005259,12.786,3,0.043377
processes,2,8,8,14,74,4966055936,67108864,67108864,63.704377,8.43372,0.005983,13.095,3,0.04427
processes,2,8,8,15,75,5033164800,67108864,67108864,57.49639,4.336501,4.069551,3.813,3,4.09447
processes,2,8,8,16,76,5100273664,67108864,67108864,76.796075,17.2668,0.003609,9.007,3,0.031294
processes,2,8,8,17,77,5167382528,67108864,67108864,56.776939,4.435779,2.130066,10.265,3,2.172539
processes,2,8,8,18,78,5234491392,67108864,67108864,72.352356,7.436423,0.004399,11.757,3,0.036643
processes,2,8,8,19,79,5301600256,67108864,67108864,71.462713,6.935507,0.00447,11.601,3,0.03768
processes,2,8,8,20,80,5368709120,67108864,67108864,122.279314,12.796511,0.005387,12.694,3,0.047098
processes,2,8,8,21,81,5435817984,67108864,67108864,126.277804,10.442778,0.004704,11.419,3,0.037968
processes,2,8,8,22,82,5502926848,67108864,67108864,128.034112,15.51442,0.004717,11.091,3,0.038234
processes,2,8,8,23,83,5570035712,67108864,67108864,129.317637,11.053744,0.004492,10.72,3,0.03572
processes,2,8,8,24,84,5637144576,67108864,67108864,124.361034,12.591564,0.004236,11.398,3,0.037044
processes,2,8,8,25,85,5704253440,67108864,67108864,128.773427,12.074062,0.004573,10.975,3,0.037676
processes,2,8,8,26,86,5771362304,67108864,67108864,126.993455,15.627829,0.004141,11.095,3,0.188463
processes,2,8,8,27,87,5838471168,67108864,67108864,132.774892,16.150475,0.007828,16.518,3,0.058463
processes,2,8,8,28,88,5905580032,67108864,67108864,120.625008,18.909935,0.004833,13.51,3,0.042493
processes,2,8,8,29,89,5972688896,67108864,67108864,126.896669,13.810304,0.004829,11.888,3,0.039633
processes,3,9,9,0,90,6039797760,67108864,67108864,157.553081,4.439362,8.437494,5.94,2,
processes,3,9,9,1,91,6106906624,67108864,67108864,100.423193,58.356289,0.006923,17.321,3,0.070557
processes,3,9,9,2,92,6174015488,67108864,67108864,51.794682,52.531706,0.006478,14.356,3,0.055327
processes,3,9,9,3,93,6241124352,67108864,67108864,68.254203,12.618685,0.003802,10.13,3,0.036695
processes,3,9,9,4,94,6308233216,67108864,67108864,58.678546,19.433375,0.004847,12.475,3,0.03815
processes,3,9,9,5,95,6375342080,67108864,67108864,62.650619,11.270519,0.005785,12.435,3,0.048828
processes,3,9,9,6,96,6442450944,67108864,67108864,78.747349,6.695339,0.005239,12.261,3,0.042126
processes,3,9,9,7,97,6509559808,67108864,67108864,63.932912,25.679342,0.004945,12.632,3,0.046299
processes,3,9,9,8,98,6576668672,67108864,67108864,68.4164,26.660971,0.00729,16.282,3,0.055324
processes,3,9,9,9,99,6643777536,67108864,67108864,63.263363,29.264406,0.004382,10.43,3,0.035578
processes,3,9,9,10,100,6710886400,67108864,67108864,76.20261,4.399076,3.908701,6.467,3,3.938302
processes,3,9,9,11,101,6777995264,67108864,67108864,81.697317,8.811956,0.005641,11.547,3,0.039227
processes,3,9,9,12,102,6845104128,67108864,67108864,107.648538,31.595962,0.004729,10.235,3,0.03573
processes,3,9,9,13,103,6912212992,67108864,67108864,63.269787,6.212241,0.005179,10.654,3,0.039219
processes,3,9,9,14,104,6979321856,67108864,67108864,70.145787,4.348307,2.919053,3.672,3,2.942705
processes,3,9,9,15,105,7046430720,67108864,67108864,53.771002,28.209896,0.005725,10.395,3,0.038741
processes,3,9,9,16,106,7113539584,67108864,67108864,72.826436,17.000431,0.004761,11.246,3,0.041936
processes,3,9,9,17,107,7180648448,67108864,67108864,65.605625,26.195134,0.004728,11.769,3,0.064516
processes,3,9,9,18,108,7247757312,67108864,67108864,124.626603,23.404708,0.005713,12.917,3,0.043182
processes,3,9,9,19,109,7314866176,67108864,67108864,121.205431,51.32021,0.005798,12.727,3,0.044412
processes,3,9,9,20,110,7381975040,67108864,67108864,132.492106,49.046629,0.004985,11.6,3,0.038965
processes,3,9,9,21,111,7449083904,67108864,67108864,127.776145,52.425051,0.005254,12.672,3,0.038402
processes,3,9,9,22,112,7516192768,67108864,67108864,124.874399,52.625493,0.004752,12.233,3,0.040716
processes,3,9,9,23,113,7583301632,67108864,67108864,125.371527,47.787361,0.006368,11.387,3,0.041813
processes,3,9,9,24,114,7650410496,67108864,67108864,126.493896,49.035016,0.005018,10.699,3,0.036596
processes,3,9,9,25,115,7717519360,67108864,67108864,129.748294,43.213992,0.004001,10.451,3,0.035376
processes,3,9,9,26,116,7784628224,67108864,67108864,125.723695,45.695011,0.005927,11.661,3,0.309631
processes,3,9,9,27,117,7851737088,67108864,67108864,125.270463,48.965704,0.005386,10.965,3,0.040577
processes,3,9,9,28,118,7918845952,67108864,67108864,110.082184,48.110737,0.005942,13.747,3,0.044784
processes,3,9,9,29,119,7985954816,59027232,59027232,77.554328,29.276072,0.005066,9.579,2,0.0362
